user_id,timestamp,prompt_idx,day,ema,true_sigma,true_rho,true_expected_mssd,ema_diff_squared,observed_mssd,user_threshold,send_prompt,decision_reason
063ccc2d-5c76-4a56-898a-e8ce78dd170f,2026-06-01 00:00:00,0,0,2.0,0.3325756702740055,0.13830462120955636,0.19061835159573257,,,,False,missing or insufficient EMA data
063ccc2d-5c76-4a56-898a-e8ce78dd170f,2026-06-01 00:01:00,1,0,2.0,0.3325756702740055,0.13830462120955636,0.19061835159573257,0.0,0.0,,False,insufficient within-person history
063ccc2d-5c76-4a56-898a-e8ce78dd170f,2026-06-01 00:02:00,2,0,3.0,0.3325756702740055,0.13830462120955636,0.19061835159573257,1.0,0.5,,False,insufficient within-person history
063ccc2d-5c76-4a56-898a-e8ce78dd170f,2026-06-01 00:03:00,3,0,3.0,0.3325756702740055,0.13830462120955636,0.19061835159573257,0.0,0.3333333333333333,,False,insufficient within-person history
063ccc2d-5c76-4a56-898a-e8ce78dd170f,2026-06-01 00:04:00,4,0,3.0,0.3325756702740055,0.13830462120955636,0.19061835159573257,0.0,0.3333333333333333,0.43333333333333335,False,below within-person threshold
063ccc2d-5c76-4a56-898a-e8ce78dd170f,2026-06-01 00:05:00,5,1,3.0,0.3325756702740055,0.13830462120955636,0.19061835159573257,0.0,0.0,0.4,False,below within-person threshold
063ccc2d-5c76-4a56-898a-e8ce78dd170f,2026-06-01 00:06:00,6,1,3.0,0.3325756702740055,0.13830462120955636,0.19061835159573257,0.0,0.0,0.3666666666666667,False,below within-person threshold
063ccc2d-5c76-4a56-898a-e8ce78dd170f,2026-06-01 00:07:00,7,1,3.0,0.3325756702740055,0.13830462120955636,0.19061835159573257,0.0,0.0,0.3333333333333333,False,below within-person threshold
063ccc2d-5c76-4a56-898a-e8ce78dd170f,2026-06-01 00:08:00,8,1,,0.3325756702740055,0.13830462120955636,0.19061835159573257,,0.0,0.3333333333333333,False,below within-person threshold
063ccc2d-5c76-4a56-898a-e8ce78dd170f,2026-06-01 00:09:00,9,1,3.0,0.3325756702740055,0.13830462120955636,0.19061835159573257,,0.0,0.3333333333333333,False,below within-person threshold
063ccc2d-5c76-4a56-898a-e8ce78dd170f,2026-06-01 00:10:00,10,2,3.0,0.3325756702740055,0.13830462120955636,0.19061835159573257,0.0,0.0,0.3333333333333333,False,below within-person threshold
063ccc2d-5c76-4a56-898a-e8ce78dd170f,2026-06-01 00:11:00,11,2,3.0,0.3325756702740055,0.13830462120955636,0.19061835159573257,0.0,0.0,0.3333333333333333,False,below within-person threshold
063ccc2d-5c76-4a56-898a-e8ce78dd170f,2026-06-01 00:12:00,12,2,3.0,0.3325756702740055,0.13830462120955636,0.19061835159573257,0.0,0.0,0.3333333333333333,False,below within-person threshold
063ccc2d-5c76-4a56-898a-e8ce78dd170f,2026-06-01 00:13:00,13,2,3.0,0.3325756702740055,0.13830462120955636,0.19061835159573257,0.0,0.0,0.2666666666666669,False,below within-person threshold
063ccc2d-5c76-4a56-898a-e8ce78dd170f,2026-06-01 00:14:00,14,2,,0.3325756702740055,0.13830462120955636,0.19061835159573257,,0.0,0.20000000000000046,False,below within-person threshold
063ccc2d-5c76-4a56-898a-e8ce78dd170f,2026-06-01 00:15:00,15,3,3.0,0.3325756702740055,0.13830462120955636,0.19061835159573257,,0.0,0.13333333333333344,False,below within-person threshold
063ccc2d-5c76-4a56-898a-e8ce78dd170f,2026-06-01 00:16:00,16,3,,0.3325756702740055,0.13830462120955636,0.19061835159573257,,,0.06666666666666701,False,missing or insufficient EMA data
063ccc2d-5c76-4a56-898a-e8ce78dd170f,2026-06-01 00:17:00,17,3,3.0,0.3325756702740055,0.13830462120955636,0.19061835159573257,,,0.06666666666666701,False,missing or insufficient EMA data
063ccc2d-5c76-4a56-898a-e8ce78dd170f,2026-06-01 00:18:00,18,3,3.0,0.3325756702740055,0.13830462120955636,0.19061835159573257,0.0,0.0,0.06666666666666701,False,below within-person threshold
063ccc2d-5c76-4a56-898a-e8ce78dd170f,2026-06-01 00:19:00,19,3,3.0,0.3325756702740055,0.13830462120955636,0.19061835159573257,0.0,0.0,0.0,False,below within-person threshold
063ccc2d-5c76-4a56-898a-e8ce78dd170f,2026-06-01 00:20:00,20,4,,0.3325756702740055,0.13830462120955636,0.19061835159573257,,0.0,0.0,False,below within-person threshold
063ccc2d-5c76-4a56-898a-e8ce78dd170f,2026-06-01 00:21:00,21,4,,0.3325756702740055,0.13830462120955636,0.19061835159573257,,0.0,0.0,False,below within-person threshold
063ccc2d-5c76-4a56-898a-e8ce78dd170f,2026-06-01 00:22:00,22,4,,0.3325756702740055,0.13830462120955636,0.19061835159573257,,,0.0,False,missing or insufficient EMA data
063ccc2d-5c76-4a56-898a-e8ce78dd170f,2026-06-01 00:23:00,23,4,,0.3325756702740055,0.13830462120955636,0.19061835159573257,,,0.0,False,missing or insufficient EMA data
063ccc2d-5c76-4a56-898a-e8ce78dd170f,2026-06-01 00:24:00,24,4,,0.3325756702740055,0.13830462120955636,0.19061835159573257,,,0.0,False,missing or insufficient EMA data
063ccc2d-5c76-4a56-898a-e8ce78dd170f,2026-06-01 00:25:00,25,5,,0.3325756702740055,0.13830462120955636,0.19061835159573257,,,0.0,False,missing or insufficient EMA data
063ccc2d-5c76-4a56-898a-e8ce78dd170f,2026-06-01 00:26:00,26,5,,0.3325756702740055,0.13830462120955636,0.19061835159573257,,,0.0,False,missing or insufficient EMA data
063ccc2d-5c76-4a56-898a-e8ce78dd170f,2026-06-01 00:27:00,27,5,,0.3325756702740055,0.13830462120955636,0.19061835159573257,,,0.0,False,missing or insufficient EMA data
063ccc2d-5c76-4a56-898a-e8ce78dd170f,2026-06-01 00:28:00,28,5,3.0,0.3325756702740055,0.13830462120955636,0.19061835159573257,,,0.0,False,missing or insufficient EMA data
063ccc2d-5c76-4a56-898a-e8ce78dd170f,2026-06-01 00:29:00,29,5,3.0,0.3325756702740055,0.13830462120955636,0.19061835159573257,0.0,0.0,0.0,False,below within-person threshold
063ccc2d-5c76-4a56-898a-e8ce78dd170f,2026-06-01 00:30:00,30,6,3.0,0.3325756702740055,0.13830462120955636,0.19061835159573257,0.0,0.0,0.0,False,below within-person threshold
063ccc2d-5c76-4a56-898a-e8ce78dd170f,2026-06-01 00:31:00,31,6,3.0,0.3325756702740055,0.13830462120955636,0.19061835159573257,0.0,0.0,0.0,False,below within-person threshold
063ccc2d-5c76-4a56-898a-e8ce78dd170f,2026-06-01 00:32:00,32,6,3.0,0.3325756702740055,0.13830462120955636,0.19061835159573257,0.0,0.0,0.0,False,below within-person threshold
063ccc2d-5c76-4a56-898a-e8ce78dd170f,2026-06-01 00:33:00,33,6,2.0,0.3325756702740055,0.13830462120955636,0.19061835159573257,1.0,0.3333333333333333,0.0,True,prompt sent
063ccc2d-5c76-4a56-898a-e8ce78dd170f,2026-06-01 00:34:00,34,6,3.0,0.3325756702740055,0.13830462120955636,0.19061835159573257,1.0,0.6666666666666666,0.0,False,cooldown active
0c61232c-daa7-4a68-83f8-fda46ec0da2c,2026-06-01 00:00:00,0,0,,0.3525303883667959,0.11402071081195181,0.22021489182435994,,,,False,missing or insufficient EMA data
0c61232c-daa7-4a68-83f8-fda46ec0da2c,2026-06-01 00:01:00,1,0,,0.3525303883667959,0.11402071081195181,0.22021489182435994,,,,False,missing or insufficient EMA data
0c61232c-daa7-4a68-83f8-fda46ec0da2c,2026-06-01 00:02:00,2,0,,0.3525303883667959,0.11402071081195181,0.22021489182435994,,,,False,missing or insufficient EMA data
0c61232c-daa7-4a68-83f8-fda46ec0da2c,2026-06-01 00:03:00,3,0,3.0,0.3525303883667959,0.11402071081195181,0.22021489182435994,,,,False,missing or insufficient EMA data
0c61232c-daa7-4a68-83f8-fda46ec0da2c,2026-06-01 00:04:00,4,0,3.0,0.3525303883667959,0.11402071081195181,0.22021489182435994,0.0,0.0,,False,insufficient within-person history
0c61232c-daa7-4a68-83f8-fda46ec0da2c,2026-06-01 00:05:00,5,1,,0.3525303883667959,0.11402071081195181,0.22021489182435994,,0.0,,False,insufficient within-person history
0c61232c-daa7-4a68-83f8-fda46ec0da2c,2026-06-01 00:06:00,6,1,,0.3525303883667959,0.11402071081195181,0.22021489182435994,,0.0,,False,insufficient within-person history
0c61232c-daa7-4a68-83f8-fda46ec0da2c,2026-06-01 00:07:00,7,1,4.0,0.3525303883667959,0.11402071081195181,0.22021489182435994,,,0.0,False,missing or insufficient EMA data
0c61232c-daa7-4a68-83f8-fda46ec0da2c,2026-06-01 00:08:00,8,1,3.0,0.3525303883667959,0.11402071081195181,0.22021489182435994,1.0,1.0,0.0,True,prompt sent
0c61232c-daa7-4a68-83f8-fda46ec0da2c,2026-06-01 00:09:00,9,1,3.0,0.3525303883667959,0.11402071081195181,0.22021489182435994,0.0,0.5,0.40000000000000036,False,cooldown active
0c61232c-daa7-4a68-83f8-fda46ec0da2c,2026-06-01 00:10:00,10,2,3.0,0.3525303883667959,0.11402071081195181,0.22021489182435994,0.0,0.3333333333333333,0.6000000000000001,False,below within-person threshold
0c61232c-daa7-4a68-83f8-fda46ec0da2c,2026-06-01 00:11:00,11,2,,0.3525303883667959,0.11402071081195181,0.22021489182435994,,0.0,0.5,False,below within-person threshold
0c61232c-daa7-4a68-83f8-fda46ec0da2c,2026-06-01 00:12:00,12,2,3.0,0.3525303883667959,0.11402071081195181,0.22021489182435994,,0.0,0.4666666666666668,False,below within-person threshold
0c61232c-daa7-4a68-83f8-fda46ec0da2c,2026-06-01 00:13:00,13,2,3.0,0.3525303883667959,0.11402071081195181,0.22021489182435994,0.0,0.0,0.4333333333333334,False,below within-person threshold
0c61232c-daa7-4a68-83f8-fda46ec0da2c,2026-06-01 00:14:00,14,2,3.0,0.3525303883667959,0.11402071081195181,0.22021489182435994,0.0,0.0,0.4,False,below within-person threshold
0c61232c-daa7-4a68-83f8-fda46ec0da2c,2026-06-01 00:15:00,15,3,3.0,0.3525303883667959,0.11402071081195181,0.22021489182435994,0.0,0.0,0.3666666666666667,False,below within-person threshold
0c61232c-daa7-4a68-83f8-fda46ec0da2c,2026-06-01 00:16:00,16,3,,0.3525303883667959,0.11402071081195181,0.22021489182435994,,0.0,0.3333333333333333,False,below within-person threshold
0c61232c-daa7-4a68-83f8-fda46ec0da2c,2026-06-01 00:17:00,17,3,,0.3525303883667959,0.11402071081195181,0.22021489182435994,,0.0,0.2666666666666669,False,below within-person threshold
0c61232c-daa7-4a68-83f8-fda46ec0da2c,2026-06-01 00:18:00,18,3,,0.3525303883667959,0.11402071081195181,0.22021489182435994,,,0.20000000000000046,False,missing or insufficient EMA data
0c61232c-daa7-4a68-83f8-fda46ec0da2c,2026-06-01 00:19:00,19,3,,0.3525303883667959,0.11402071081195181,0.22021489182435994,,,0.20000000000000046,False,missing or insufficient EMA data
0c61232c-daa7-4a68-83f8-fda46ec0da2c,2026-06-01 00:20:00,20,4,,0.3525303883667959,0.11402071081195181,0.22021489182435994,,,0.20000000000000046,False,missing or insufficient EMA data
0c61232c-daa7-4a68-83f8-fda46ec0da2c,2026-06-01 00:21:00,21,4,,0.3525303883667959,0.11402071081195181,0.22021489182435994,,,0.20000000000000046,False,missing or insufficient EMA data
0c61232c-daa7-4a68-83f8-fda46ec0da2c,2026-06-01 00:22:00,22,4,,0.3525303883667959,0.11402071081195181,0.22021489182435994,,,0.20000000000000046,False,missing or insufficient EMA data
0c61232c-daa7-4a68-83f8-fda46ec0da2c,2026-06-01 00:23:00,23,4,4.0,0.3525303883667959,0.11402071081195181,0.22021489182435994,,,0.20000000000000046,False,missing or insufficient EMA data
0c61232c-daa7-4a68-83f8-fda46ec0da2c,2026-06-01 00:24:00,24,4,3.0,0.3525303883667959,0.11402071081195181,0.22021489182435994,1.0,1.0,0.20000000000000046,False,cooldown active
0c61232c-daa7-4a68-83f8-fda46ec0da2c,2026-06-01 00:25:00,25,5,,0.3525303883667959,0.11402071081195181,0.22021489182435994,,1.0,0.4,False,cooldown active
0c61232c-daa7-4a68-83f8-fda46ec0da2c,2026-06-01 00:26:00,26,5,,0.3525303883667959,0.11402071081195181,0.22021489182435994,,1.0,0.6000000000000005,False,cooldown active
0c61232c-daa7-4a68-83f8-fda46ec0da2c,2026-06-01 00:27:00,27,5,,0.3525303883667959,0.11402071081195181,0.22021489182435994,,,1.0,False,missing or insufficient EMA data
0c61232c-daa7-4a68-83f8-fda46ec0da2c,2026-06-01 00:28:00,28,5,,0.3525303883667959,0.11402071081195181,0.22021489182435994,,,1.0,False,missing or insufficient EMA data
0c61232c-daa7-4a68-83f8-fda46ec0da2c,2026-06-01 00:29:00,29,5,,0.3525303883667959,0.11402071081195181,0.22021489182435994,,,1.0,False,missing or insufficient EMA data
0c61232c-daa7-4a68-83f8-fda46ec0da2c,2026-06-01 00:30:00,30,6,,0.3525303883667959,0.11402071081195181,0.22021489182435994,,,1.0,False,missing or insufficient EMA data
0c61232c-daa7-4a68-83f8-fda46ec0da2c,2026-06-01 00:31:00,31,6,,0.3525303883667959,0.11402071081195181,0.22021489182435994,,,1.0,False,missing or insufficient EMA data
0c61232c-daa7-4a68-83f8-fda46ec0da2c,2026-06-01 00:32:00,32,6,3.0,0.3525303883667959,0.11402071081195181,0.22021489182435994,,,1.0,False,missing or insufficient EMA data
0c61232c-daa7-4a68-83f8-fda46ec0da2c,2026-06-01 00:33:00,33,6,3.0,0.3525303883667959,0.11402071081195181,0.22021489182435994,0.0,0.0,1.0,False,below within-person threshold
0c61232c-daa7-4a68-83f8-fda46ec0da2c,2026-06-01 00:34:00,34,6,3.0,0.3525303883667959,0.11402071081195181,0.22021489182435994,0.0,0.0,0.9000000000000004,False,below within-person threshold
0d9d528b-c1f4-450c-af1e-e30e3b7e38d5,2026-06-01 00:00:00,0,0,2.0,0.5031639611507611,0.45417502014878597,0.27637735611418307,,,,False,missing or insufficient EMA data
0d9d528b-c1f4-450c-af1e-e30e3b7e38d5,2026-06-01 00:01:00,1,0,2.0,0.5031639611507611,0.45417502014878597,0.27637735611418307,0.0,0.0,,False,insufficient within-person history
0d9d528b-c1f4-450c-af1e-e30e3b7e38d5,2026-06-01 00:02:00,2,0,3.0,0.5031639611507611,0.45417502014878597,0.27637735611418307,1.0,0.5,,False,insufficient within-person history
0d9d528b-c1f4-450c-af1e-e30e3b7e38d5,2026-06-01 00:03:00,3,0,3.0,0.5031639611507611,0.45417502014878597,0.27637735611418307,0.0,0.3333333333333333,,False,insufficient within-person history
0d9d528b-c1f4-450c-af1e-e30e3b7e38d5,2026-06-01 00:04:00,4,0,3.0,0.5031639611507611,0.45417502014878597,0.27637735611418307,0.0,0.3333333333333333,0.43333333333333335,False,below within-person threshold
0d9d528b-c1f4-450c-af1e-e30e3b7e38d5,2026-06-01 00:05:00,5,1,2.0,0.5031639611507611,0.45417502014878597,0.27637735611418307,1.0,0.3333333333333333,0.4,False,below within-person threshold
0d9d528b-c1f4-450c-af1e-e30e3b7e38d5,2026-06-01 00:06:00,6,1,2.0,0.5031639611507611,0.45417502014878597,0.27637735611418307,0.0,0.3333333333333333,0.3666666666666667,False,below within-person threshold
0d9d528b-c1f4-450c-af1e-e30e3b7e38d5,2026-06-01 00:07:00,7,1,2.0,0.5031639611507611,0.45417502014878597,0.27637735611418307,0.0,0.3333333333333333,0.3333333333333333,False,below within-person threshold
0d9d528b-c1f4-450c-af1e-e30e3b7e38d5,2026-06-01 00:08:00,8,1,2.0,0.5031639611507611,0.45417502014878597,0.27637735611418307,0.0,0.0,0.3333333333333333,False,below within-person threshold
0d9d528b-c1f4-450c-af1e-e30e3b7e38d5,2026-06-01 00:09:00,9,1,2.0,0.5031639611507611,0.45417502014878597,0.27637735611418307,0.0,0.0,0.3333333333333333,False,below within-person threshold
0d9d528b-c1f4-450c-af1e-e30e3b7e38d5,2026-06-01 00:10:00,10,2,2.0,0.5031639611507611,0.45417502014878597,0.27637735611418307,0.0,0.0,0.3333333333333333,False,below within-person threshold
0d9d528b-c1f4-450c-af1e-e30e3b7e38d5,2026-06-01 00:11:00,11,2,2.0,0.5031639611507611,0.45417502014878597,0.27637735611418307,0.0,0.0,0.3333333333333333,False,below within-person threshold
0d9d528b-c1f4-450c-af1e-e30e3b7e38d5,2026-06-01 00:12:00,12,2,2.0,0.5031639611507611,0.45417502014878597,0.27637735611418307,0.0,0.0,0.3333333333333333,False,below within-person threshold
0d9d528b-c1f4-450c-af1e-e30e3b7e38d5,2026-06-01 00:13:00,13,2,2.0,0.5031639611507611,0.45417502014878597,0.27637735611418307,0.0,0.0,0.3333333333333333,False,below within-person threshold
0d9d528b-c1f4-450c-af1e-e30e3b7e38d5,2026-06-01 00:14:00,14,2,3.0,0.5031639611507611,0.45417502014878597,0.27637735611418307,1.0,0.3333333333333333,0.3333333333333333,False,below within-person threshold
0d9d528b-c1f4-450c-af1e-e30e3b7e38d5,2026-06-01 00:15:00,15,3,1.0,0.5031639611507611,0.45417502014878597,0.27637735611418307,4.0,1.6666666666666667,0.3333333333333333,True,prompt sent
0d9d528b-c1f4-450c-af1e-e30e3b7e38d5,2026-06-01 00:16:00,16,3,,0.5031639611507611,0.45417502014878597,0.27637735611418307,,2.5,0.3333333333333333,False,cooldown active
0d9d528b-c1f4-450c-af1e-e30e3b7e38d5,2026-06-01 00:17:00,17,3,1.0,0.5031639611507611,0.45417502014878597,0.27637735611418307,,4.0,0.3333333333333333,False,cooldown active
0d9d528b-c1f4-450c-af1e-e30e3b7e38d5,2026-06-01 00:18:00,18,3,2.0,0.5031639611507611,0.45417502014878597,0.27637735611418307,1.0,1.0,0.4666666666666668,False,cooldown active
0d9d528b-c1f4-450c-af1e-e30e3b7e38d5,2026-06-01 00:19:00,19,3,1.0,0.5031639611507611,0.45417502014878597,0.27637735611418307,1.0,1.0,0.8000000000000007,False,cooldown active
0d9d528b-c1f4-450c-af1e-e30e3b7e38d5,2026-06-01 00:20:00,20,4,2.0,0.5031639611507611,0.45417502014878597,0.27637735611418307,1.0,1.0,1.0,False,below within-person threshold
0d9d528b-c1f4-450c-af1e-e30e3b7e38d5,2026-06-01 00:21:00,21,4,2.0,0.5031639611507611,0.45417502014878597,0.27637735611418307,0.0,0.6666666666666666,1.0,False,below within-person threshold
0d9d528b-c1f4-450c-af1e-e30e3b7e38d5,2026-06-01 00:22:00,22,4,3.0,0.5031639611507611,0.45417502014878597,0.27637735611418307,1.0,0.6666666666666666,1.0,False,below within-person threshold
0d9d528b-c1f4-450c-af1e-e30e3b7e38d5,2026-06-01 00:23:00,23,4,2.0,0.5031639611507611,0.45417502014878597,0.27637735611418307,1.0,0.6666666666666666,1.0,False,below within-person threshold
0d9d528b-c1f4-450c-af1e-e30e3b7e38d5,2026-06-01 00:24:00,24,4,3.0,0.5031639611507611,0.45417502014878597,0.27637735611418307,1.0,1.0,1.0,False,below within-person threshold
0d9d528b-c1f4-450c-af1e-e30e3b7e38d5,2026-06-01 00:25:00,25,5,,0.5031639611507611,0.45417502014878597,0.27637735611418307,,1.0,1.0,False,below within-person threshold
0d9d528b-c1f4-450c-af1e-e30e3b7e38d5,2026-06-01 00:26:00,26,5,,0.5031639611507611,0.45417502014878597,0.27637735611418307,,1.0,1.0,False,below within-person threshold
0d9d528b-c1f4-450c-af1e-e30e3b7e38d5,2026-06-01 00:27:00,27,5,,0.5031639611507611,0.45417502014878597,0.27637735611418307,,,1.0,False,missing or insufficient EMA data
0d9d528b-c1f4-450c-af1e-e30e3b7e38d5,2026-06-01 00:28:00,28,5,,0.5031639611507611,0.45417502014878597,0.27637735611418307,,,1.0,False,missing or insufficient EMA data
0d9d528b-c1f4-450c-af1e-e30e3b7e38d5,2026-06-01 00:29:00,29,5,3.0,0.5031639611507611,0.45417502014878597,0.27637735611418307,,,1.0,False,missing or insufficient EMA data
0d9d528b-c1f4-450c-af1e-e30e3b7e38d5,2026-06-01 00:30:00,30,6,3.0,0.5031639611507611,0.45417502014878597,0.27637735611418307,0.0,0.0,1.0,False,below within-person threshold
0d9d528b-c1f4-450c-af1e-e30e3b7e38d5,2026-06-01 00:31:00,31,6,3.0,0.5031639611507611,0.45417502014878597,0.27637735611418307,0.0,0.0,1.0,False,below within-person threshold
0d9d528b-c1f4-450c-af1e-e30e3b7e38d5,2026-06-01 00:32:00,32,6,3.0,0.5031639611507611,0.45417502014878597,0.27637735611418307,0.0,0.0,1.0,False,below within-person threshold
0d9d528b-c1f4-450c-af1e-e30e3b7e38d5,2026-06-01 00:33:00,33,6,2.0,0.5031639611507611,0.45417502014878597,0.27637735611418307,1.0,0.3333333333333333,1.0,False,below within-person threshold
0d9d528b-c1f4-450c-af1e-e30e3b7e38d5,2026-06-01 00:34:00,34,6,,0.5031639611507611,0.45417502014878597,0.27637735611418307,,0.5,1.0,False,below within-person threshold
0de476ef-fc31-4254-963d-be1e475d79ae,2026-06-01 00:00:00,0,0,3.0,1.246431653752965,0.6054311856231964,1.225997802351965,,,,False,missing or insufficient EMA data
0de476ef-fc31-4254-963d-be1e475d79ae,2026-06-01 00:01:00,1,0,3.0,1.246431653752965,0.6054311856231964,1.225997802351965,0.0,0.0,,False,insufficient within-person history
0de476ef-fc31-4254-963d-be1e475d79ae,2026-06-01 00:02:00,2,0,3.0,1.246431653752965,0.6054311856231964,1.225997802351965,0.0,0.0,,False,insufficient within-person history
0de476ef-fc31-4254-963d-be1e475d79ae,2026-06-01 00:03:00,3,0,3.0,1.246431653752965,0.6054311856231964,1.225997802351965,0.0,0.0,,False,insufficient within-person history
0de476ef-fc31-4254-963d-be1e475d79ae,2026-06-01 00:04:00,4,0,3.0,1.246431653752965,0.6054311856231964,1.225997802351965,0.0,0.0,0.0,False,below within-person threshold
0de476ef-fc31-4254-963d-be1e475d79ae,2026-06-01 00:05:00,5,1,2.0,1.246431653752965,0.6054311856231964,1.225997802351965,1.0,0.3333333333333333,0.0,True,prompt sent
0de476ef-fc31-4254-963d-be1e475d79ae,2026-06-01 00:06:00,6,1,1.0,1.246431653752965,0.6054311856231964,1.225997802351965,1.0,0.6666666666666666,0.06666666666666672,False,cooldown active
0de476ef-fc31-4254-963d-be1e475d79ae,2026-06-01 00:07:00,7,1,1.0,1.246431653752965,0.6054311856231964,1.225997802351965,0.0,0.6666666666666666,0.3333333333333333,False,cooldown active
0de476ef-fc31-4254-963d-be1e475d79ae,2026-06-01 00:08:00,8,1,1.0,1.246431653752965,0.6054311856231964,1.225997802351965,0.0,0.3333333333333333,0.6000000000000002,False,below within-person threshold
0de476ef-fc31-4254-963d-be1e475d79ae,2026-06-01 00:09:00,9,1,1.0,1.246431653752965,0.6054311856231964,1.225997802351965,0.0,0.0,0.5333333333333334,False,below within-person threshold
0de476ef-fc31-4254-963d-be1e475d79ae,2026-06-01 00:10:00,10,2,1.0,1.246431653752965,0.6054311856231964,1.225997802351965,0.0,0.0,0.4666666666666668,False,below within-person threshold
0de476ef-fc31-4254-963d-be1e475d79ae,2026-06-01 00:11:00,11,2,2.0,1.246431653752965,0.6054311856231964,1.225997802351965,1.0,0.3333333333333333,0.4,False,below within-person threshold
0de476ef-fc31-4254-963d-be1e475d79ae,2026-06-01 00:12:00,12,2,2.0,1.246431653752965,0.6054311856231964,1.225997802351965,0.0,0.3333333333333333,0.3333333333333333,False,below within-person threshold
0de476ef-fc31-4254-963d-be1e475d79ae,2026-06-01 00:13:00,13,2,2.0,1.246431653752965,0.6054311856231964,1.225997802351965,0.0,0.3333333333333333,0.3333333333333333,False,below within-person threshold
0de476ef-fc31-4254-963d-be1e475d79ae,2026-06-01 00:14:00,14,2,2.0,1.246431653752965,0.6054311856231964,1.225997802351965,0.0,0.0,0.3333333333333333,False,below within-person threshold
0de476ef-fc31-4254-963d-be1e475d79ae,2026-06-01 00:15:00,15,3,1.0,1.246431653752965,0.6054311856231964,1.225997802351965,1.0,0.3333333333333333,0.3333333333333333,False,below within-person threshold
0de476ef-fc31-4254-963d-be1e475d79ae,2026-06-01 00:16:00,16,3,1.0,1.246431653752965,0.6054311856231964,1.225997802351965,0.0,0.3333333333333333,0.3333333333333333,False,below within-person threshold
0de476ef-fc31-4254-963d-be1e475d79ae,2026-06-01 00:17:00,17,3,3.0,1.246431653752965,0.6054311856231964,1.225997802351965,4.0,1.6666666666666667,0.3333333333333333,False,cooldown active
0de476ef-fc31-4254-963d-be1e475d79ae,2026-06-01 00:18:00,18,3,3.0,1.246431653752965,0.6054311856231964,1.225997802351965,0.0,1.3333333333333333,0.3333333333333333,False,cooldown active
0de476ef-fc31-4254-963d-be1e475d79ae,2026-06-01 00:19:00,19,3,2.0,1.246431653752965,0.6054311856231964,1.225997802351965,1.0,1.6666666666666667,0.5333333333333338,False,cooldown active
0de476ef-fc31-4254-963d-be1e475d79ae,2026-06-01 00:20:00,20,4,3.0,1.246431653752965,0.6054311856231964,1.225997802351965,1.0,0.6666666666666666,0.6666666666666666,False,below within-person threshold
0de476ef-fc31-4254-963d-be1e475d79ae,2026-06-01 00:21:00,21,4,2.0,1.246431653752965,0.6054311856231964,1.225997802351965,1.0,1.0,0.6666666666666666,False,cooldown active
0de476ef-fc31-4254-963d-be1e475d79ae,2026-06-01 00:22:00,22,4,1.0,1.246431653752965,0.6054311856231964,1.225997802351965,1.0,1.0,0.6666666666666666,False,cooldown active
0de476ef-fc31-4254-963d-be1e475d79ae,2026-06-01 00:23:00,23,4,1.0,1.246431653752965,0.6054311856231964,1.225997802351965,0.0,0.6666666666666666,0.9333333333333336,False,below within-person threshold
0de476ef-fc31-4254-963d-be1e475d79ae,2026-06-01 00:24:00,24,4,2.0,1.246431653752965,0.6054311856231964,1.225997802351965,1.0,0.6666666666666666,0.8666666666666671,False,below within-person threshold
0de476ef-fc31-4254-963d-be1e475d79ae,2026-06-01 00:25:00,25,5,,1.246431653752965,0.6054311856231964,1.225997802351965,,0.5,0.8000000000000007,False,below within-person threshold
0de476ef-fc31-4254-963d-be1e475d79ae,2026-06-01 00:26:00,26,5,,1.246431653752965,0.6054311856231964,1.225997802351965,,1.0,0.7333333333333343,False,cooldown active
0de476ef-fc31-4254-963d-be1e475d79ae,2026-06-01 00:27:00,27,5,,1.246431653752965,0.6054311856231964,1.225997802351965,,,1.0,False,missing or insufficient EMA data
0de476ef-fc31-4254-963d-be1e475d79ae,2026-06-01 00:28:00,28,5,,1.246431653752965,0.6054311856231964,1.225997802351965,,,1.0,False,missing or insufficient EMA data
0de476ef-fc31-4254-963d-be1e475d79ae,2026-06-01 00:29:00,29,5,4.0,1.246431653752965,0.6054311856231964,1.225997802351965,,,1.0,False,missing or insufficient EMA data
0de476ef-fc31-4254-963d-be1e475d79ae,2026-06-01 00:30:00,30,6,4.0,1.246431653752965,0.6054311856231964,1.225997802351965,0.0,0.0,1.0,False,below within-person threshold
0de476ef-fc31-4254-963d-be1e475d79ae,2026-06-01 00:31:00,31,6,4.0,1.246431653752965,0.6054311856231964,1.225997802351965,0.0,0.0,0.9333333333333336,False,below within-person threshold
0de476ef-fc31-4254-963d-be1e475d79ae,2026-06-01 00:32:00,32,6,3.0,1.246431653752965,0.6054311856231964,1.225997802351965,1.0,0.3333333333333333,0.8666666666666671,False,below within-person threshold
0de476ef-fc31-4254-963d-be1e475d79ae,2026-06-01 00:33:00,33,6,3.0,1.246431653752965,0.6054311856231964,1.225997802351965,0.0,0.3333333333333333,0.8000000000000007,False,below within-person threshold
0de476ef-fc31-4254-963d-be1e475d79ae,2026-06-01 00:34:00,34,6,3.0,1.246431653752965,0.6054311856231964,1.225997802351965,0.0,0.3333333333333333,0.7333333333333343,False,below within-person threshold
118f54a4-cab5-44d2-a756-41db971f5808,2026-06-01 00:00:00,0,0,1.0,1.4250743001623187,0.2942879603028996,2.8663719057705044,,,,False,missing or insufficient EMA data
118f54a4-cab5-44d2-a756-41db971f5808,2026-06-01 00:01:00,1,0,4.0,1.4250743001623187,0.2942879603028996,2.8663719057705044,9.0,9.0,,False,insufficient within-person history
118f54a4-cab5-44d2-a756-41db971f5808,2026-06-01 00:02:00,2,0,3.0,1.4250743001623187,0.2942879603028996,2.8663719057705044,1.0,5.0,,False,insufficient within-person history
118f54a4-cab5-44d2-a756-41db971f5808,2026-06-01 00:03:00,3,0,,1.4250743001623187,0.2942879603028996,2.8663719057705044,,5.0,,False,insufficient within-person history
118f54a4-cab5-44d2-a756-41db971f5808,2026-06-01 00:04:00,4,0,,1.4250743001623187,0.2942879603028996,2.8663719057705044,,1.0,7.4,False,below within-person threshold
118f54a4-cab5-44d2-a756-41db971f5808,2026-06-01 00:05:00,5,1,,1.4250743001623187,0.2942879603028996,2.8663719057705044,,,6.600000000000001,False,missing or insufficient EMA data
118f54a4-cab5-44d2-a756-41db971f5808,2026-06-01 00:06:00,6,1,,1.4250743001623187,0.2942879603028996,2.8663719057705044,,,6.600000000000001,False,missing or insufficient EMA data
118f54a4-cab5-44d2-a756-41db971f5808,2026-06-01 00:07:00,7,1,2.0,1.4250743001623187,0.2942879603028996,2.8663719057705044,,,6.600000000000001,False,missing or insufficient EMA data
118f54a4-cab5-44d2-a756-41db971f5808,2026-06-01 00:08:00,8,1,3.0,1.4250743001623187,0.2942879603028996,2.8663719057705044,1.0,1.0,6.600000000000001,False,below within-person threshold
118f54a4-cab5-44d2-a756-41db971f5808,2026-06-01 00:09:00,9,1,4.0,1.4250743001623187,0.2942879603028996,2.8663719057705044,1.0,1.0,5.800000000000001,False,below within-person threshold
118f54a4-cab5-44d2-a756-41db971f5808,2026-06-01 00:10:00,10,2,5.0,1.4250743001623187,0.2942879603028996,2.8663719057705044,1.0,1.0,5.0,False,below within-person threshold
118f54a4-cab5-44d2-a756-41db971f5808,2026-06-01 00:11:00,11,2,3.0,1.4250743001623187,0.2942879603028996,2.8663719057705044,4.0,2.0,5.0,False,below within-person threshold
118f54a4-cab5-44d2-a756-41db971f5808,2026-06-01 00:12:00,12,2,2.0,1.4250743001623187,0.2942879603028996,2.8663719057705044,1.0,2.0,5.0,False,below within-person threshold
118f54a4-cab5-44d2-a756-41db971f5808,2026-06-01 00:13:00,13,2,,1.4250743001623187,0.2942879603028996,2.8663719057705044,,2.5,5.0,False,below within-person threshold
118f54a4-cab5-44d2-a756-41db971f5808,2026-06-01 00:14:00,14,2,,1.4250743001623187,0.2942879603028996,2.8663719057705044,,1.0,5.0,False,below within-person threshold
118f54a4-cab5-44d2-a756-41db971f5808,2026-06-01 00:15:00,15,3,,1.4250743001623187,0.2942879603028996,2.8663719057705044,,,5.0,False,missing or insufficient EMA data
118f54a4-cab5-44d2-a756-41db971f5808,2026-06-01 00:16:00,16,3,,1.4250743001623187,0.2942879603028996,2.8663719057705044,,,5.0,False,missing or insufficient EMA data
118f54a4-cab5-44d2-a756-41db971f5808,2026-06-01 00:17:00,17,3,2.0,1.4250743001623187,0.2942879603028996,2.8663719057705044,,,5.0,False,missing or insufficient EMA data
118f54a4-cab5-44d2-a756-41db971f5808,2026-06-01 00:18:00,18,3,5.0,1.4250743001623187,0.2942879603028996,2.8663719057705044,9.0,9.0,5.0,True,prompt sent
118f54a4-cab5-44d2-a756-41db971f5808,2026-06-01 00:19:00,19,3,5.0,1.4250743001623187,0.2942879603028996,2.8663719057705044,0.0,4.5,5.0,False,below within-person threshold
118f54a4-cab5-44d2-a756-41db971f5808,2026-06-01 00:20:00,20,4,4.0,1.4250743001623187,0.2942879603028996,2.8663719057705044,1.0,3.3333333333333335,5.0,False,below within-person threshold
118f54a4-cab5-44d2-a756-41db971f5808,2026-06-01 00:21:00,21,4,3.0,1.4250743001623187,0.2942879603028996,2.8663719057705044,1.0,0.6666666666666666,5.0,False,below within-person threshold
118f54a4-cab5-44d2-a756-41db971f5808,2026-06-01 00:22:00,22,4,4.0,1.4250743001623187,0.2942879603028996,2.8663719057705044,1.0,1.0,5.0,False,below within-person threshold
118f54a4-cab5-44d2-a756-41db971f5808,2026-06-01 00:23:00,23,4,5.0,1.4250743001623187,0.2942879603028996,2.8663719057705044,1.0,1.0,5.0,False,below within-person threshold
118f54a4-cab5-44d2-a756-41db971f5808,2026-06-01 00:24:00,24,4,5.0,1.4250743001623187,0.2942879603028996,2.8663719057705044,0.0,0.6666666666666666,4.9,False,below within-person threshold
118f54a4-cab5-44d2-a756-41db971f5808,2026-06-01 00:25:00,25,5,5.0,1.4250743001623187,0.2942879603028996,2.8663719057705044,0.0,0.3333333333333333,4.800000000000001,False,below within-person threshold
118f54a4-cab5-44d2-a756-41db971f5808,2026-06-01 00:26:00,26,5,4.0,1.4250743001623187,0.2942879603028996,2.8663719057705044,1.0,0.3333333333333333,4.7,False,below within-person threshold
118f54a4-cab5-44d2-a756-41db971f5808,2026-06-01 00:27:00,27,5,2.0,1.4250743001623187,0.2942879603028996,2.8663719057705044,4.0,1.6666666666666667,4.6000000000000005,False,below within-person threshold
118f54a4-cab5-44d2-a756-41db971f5808,2026-06-01 00:28:00,28,5,2.0,1.4250743001623187,0.2942879603028996,2.8663719057705044,0.0,1.6666666666666667,4.5,False,below within-person threshold
118f54a4-cab5-44d2-a756-41db971f5808,2026-06-01 00:29:00,29,5,3.0,1.4250743001623187,0.2942879603028996,2.8663719057705044,1.0,1.6666666666666667,4.2666666666666675,False,below within-person threshold
118f54a4-cab5-44d2-a756-41db971f5808,2026-06-01 00:30:00,30,6,5.0,1.4250743001623187,0.2942879603028996,2.8663719057705044,4.0,1.6666666666666667,4.033333333333335,False,below within-person threshold
118f54a4-cab5-44d2-a756-41db971f5808,2026-06-01 00:31:00,31,6,5.0,1.4250743001623187,0.2942879603028996,2.8663719057705044,0.0,1.6666666666666667,3.8000000000000025,False,below within-person threshold
118f54a4-cab5-44d2-a756-41db971f5808,2026-06-01 00:32:00,32,6,5.0,1.4250743001623187,0.2942879603028996,2.8663719057705044,0.0,1.3333333333333333,3.56666666666667,False,below within-person threshold
118f54a4-cab5-44d2-a756-41db971f5808,2026-06-01 00:33:00,33,6,5.0,1.4250743001623187,0.2942879603028996,2.8663719057705044,0.0,0.0,3.3333333333333335,False,below within-person threshold
118f54a4-cab5-44d2-a756-41db971f5808,2026-06-01 00:34:00,34,6,5.0,1.4250743001623187,0.2942879603028996,2.8663719057705044,0.0,0.0,3.1666666666666674,False,below within-person threshold
159fc037-bfb1-4509-835f-7b6f7b82622a,2026-06-01 00:00:00,0,0,,0.5107488013359024,0.3643091171713296,0.33165816272746224,,,,False,missing or insufficient EMA data
159fc037-bfb1-4509-835f-7b6f7b82622a,2026-06-01 00:01:00,1,0,,0.5107488013359024,0.3643091171713296,0.33165816272746224,,,,False,missing or insufficient EMA data
159fc037-bfb1-4509-835f-7b6f7b82622a,2026-06-01 00:02:00,2,0,,0.5107488013359024,0.3643091171713296,0.33165816272746224,,,,False,missing or insufficient EMA data
159fc037-bfb1-4509-835f-7b6f7b82622a,2026-06-01 00:03:00,3,0,,0.5107488013359024,0.3643091171713296,0.33165816272746224,,,,False,missing or insufficient EMA data
159fc037-bfb1-4509-835f-7b6f7b82622a,2026-06-01 00:04:00,4,0,4.0,0.5107488013359024,0.3643091171713296,0.33165816272746224,,,,False,missing or insufficient EMA data
159fc037-bfb1-4509-835f-7b6f7b82622a,2026-06-01 00:05:00,5,1,3.0,0.5107488013359024,0.3643091171713296,0.33165816272746224,1.0,1.0,,False,insufficient within-person history
159fc037-bfb1-4509-835f-7b6f7b82622a,2026-06-01 00:06:00,6,1,,0.5107488013359024,0.3643091171713296,0.33165816272746224,,1.0,,False,insufficient within-person history
159fc037-bfb1-4509-835f-7b6f7b82622a,2026-06-01 00:07:00,7,1,,0.5107488013359024,0.3643091171713296,0.33165816272746224,,1.0,,False,insufficient within-person history
159fc037-bfb1-4509-835f-7b6f7b82622a,2026-06-01 00:08:00,8,1,4.0,0.5107488013359024,0.3643091171713296,0.33165816272746224,,,1.0,False,missing or insufficient EMA data
159fc037-bfb1-4509-835f-7b6f7b82622a,2026-06-01 00:09:00,9,1,4.0,0.5107488013359024,0.3643091171713296,0.33165816272746224,0.0,0.0,1.0,False,below within-person threshold
159fc037-bfb1-4509-835f-7b6f7b82622a,2026-06-01 00:10:00,10,2,4.0,0.5107488013359024,0.3643091171713296,0.33165816272746224,0.0,0.0,1.0,False,below within-person threshold
159fc037-bfb1-4509-835f-7b6f7b82622a,2026-06-01 00:11:00,11,2,,0.5107488013359024,0.3643091171713296,0.33165816272746224,,0.0,1.0,False,below within-person threshold
159fc037-bfb1-4509-835f-7b6f7b82622a,2026-06-01 00:12:00,12,2,,0.5107488013359024,0.3643091171713296,0.33165816272746224,,0.0,1.0,False,below within-person threshold
159fc037-bfb1-4509-835f-7b6f7b82622a,2026-06-01 00:13:00,13,2,,0.5107488013359024,0.3643091171713296,0.33165816272746224,,,1.0,False,missing or insufficient EMA data
159fc037-bfb1-4509-835f-7b6f7b82622a,2026-06-01 00:14:00,14,2,3.0,0.5107488013359024,0.3643091171713296,0.33165816272746224,,,1.0,False,missing or insufficient EMA data
159fc037-bfb1-4509-835f-7b6f7b82622a,2026-06-01 00:15:00,15,3,4.0,0.5107488013359024,0.3643091171713296,0.33165816272746224,1.0,1.0,1.0,False,below within-person threshold
159fc037-bfb1-4509-835f-7b6f7b82622a,2026-06-01 00:16:00,16,3,3.0,0.5107488013359024,0.3643091171713296,0.33165816272746224,1.0,1.0,1.0,False,below within-person threshold
159fc037-bfb1-4509-835f-7b6f7b82622a,2026-06-01 00:17:00,17,3,3.0,0.5107488013359024,0.3643091171713296,0.33165816272746224,0.0,0.6666666666666666,1.0,False,below within-person threshold
159fc037-bfb1-4509-835f-7b6f7b82622a,2026-06-01 00:18:00,18,3,4.0,0.5107488013359024,0.3643091171713296,0.33165816272746224,1.0,0.6666666666666666,1.0,False,below within-person threshold
159fc037-bfb1-4509-835f-7b6f7b82622a,2026-06-01 00:19:00,19,3,4.0,0.5107488013359024,0.3643091171713296,0.33165816272746224,0.0,0.3333333333333333,1.0,False,below within-person threshold
159fc037-bfb1-4509-835f-7b6f7b82622a,2026-06-01 00:20:00,20,4,4.0,0.5107488013359024,0.3643091171713296,0.33165816272746224,0.0,0.3333333333333333,1.0,False,below within-person threshold
159fc037-bfb1-4509-835f-7b6f7b82622a,2026-06-01 00:21:00,21,4,3.0,0.5107488013359024,0.3643091171713296,0.33165816272746224,1.0,0.3333333333333333,1.0,False,below within-person threshold
159fc037-bfb1-4509-835f-7b6f7b82622a,2026-06-01 00:22:00,22,4,3.0,0.5107488013359024,0.3643091171713296,0.33165816272746224,0.0,0.3333333333333333,1.0,False,below within-person threshold
159fc037-bfb1-4509-835f-7b6f7b82622a,2026-06-01 00:23:00,23,4,4.0,0.5107488013359024,0.3643091171713296,0.33165816272746224,1.0,0.6666666666666666,1.0,False,below within-person threshold
159fc037-bfb1-4509-835f-7b6f7b82622a,2026-06-01 00:24:00,24,4,4.0,0.5107488013359024,0.3643091171713296,0.33165816272746224,0.0,0.3333333333333333,1.0,False,below within-person threshold
159fc037-bfb1-4509-835f-7b6f7b82622a,2026-06-01 00:25:00,25,5,4.0,0.5107488013359024,0.3643091171713296,0.33165816272746224,0.0,0.3333333333333333,1.0,False,below within-person threshold
159fc037-bfb1-4509-835f-7b6f7b82622a,2026-06-01 00:26:00,26,5,3.0,0.5107488013359024,0.3643091171713296,0.33165816272746224,1.0,0.3333333333333333,1.0,False,below within-person threshold
159fc037-bfb1-4509-835f-7b6f7b82622a,2026-06-01 00:27:00,27,5,,0.5107488013359024,0.3643091171713296,0.33165816272746224,,0.5,1.0,False,below within-person threshold
159fc037-bfb1-4509-835f-7b6f7b82622a,2026-06-01 00:28:00,28,5,,0.5107488013359024,0.3643091171713296,0.33165816272746224,,1.0,1.0,False,below within-person threshold
159fc037-bfb1-4509-835f-7b6f7b82622a,2026-06-01 00:29:00,29,5,,0.5107488013359024,0.3643091171713296,0.33165816272746224,,,1.0,False,missing or insufficient EMA data
159fc037-bfb1-4509-835f-7b6f7b82622a,2026-06-01 00:30:00,30,6,,0.5107488013359024,0.3643091171713296,0.33165816272746224,,,1.0,False,missing or insufficient EMA data
159fc037-bfb1-4509-835f-7b6f7b82622a,2026-06-01 00:31:00,31,6,,0.5107488013359024,0.3643091171713296,0.33165816272746224,,,1.0,False,missing or insufficient EMA data
159fc037-bfb1-4509-835f-7b6f7b82622a,2026-06-01 00:32:00,32,6,4.0,0.5107488013359024,0.3643091171713296,0.33165816272746224,,,1.0,False,missing or insufficient EMA data
159fc037-bfb1-4509-835f-7b6f7b82622a,2026-06-01 00:33:00,33,6,,0.5107488013359024,0.3643091171713296,0.33165816272746224,,,1.0,False,missing or insufficient EMA data
159fc037-bfb1-4509-835f-7b6f7b82622a,2026-06-01 00:34:00,34,6,,0.5107488013359024,0.3643091171713296,0.33165816272746224,,,1.0,False,missing or insufficient EMA data
15aac22e-f5e2-45f3-b9c3-6b112b39b639,2026-06-01 00:00:00,0,0,5.0,1.2402471718430839,0.220674395193329,2.3975376267622552,,,,False,missing or insufficient EMA data
15aac22e-f5e2-45f3-b9c3-6b112b39b639,2026-06-01 00:01:00,1,0,3.0,1.2402471718430839,0.220674395193329,2.3975376267622552,4.0,4.0,,False,insufficient within-person history
15aac22e-f5e2-45f3-b9c3-6b112b39b639,2026-06-01 00:02:00,2,0,,1.2402471718430839,0.220674395193329,2.3975376267622552,,4.0,,False,insufficient within-person history
15aac22e-f5e2-45f3-b9c3-6b112b39b639,2026-06-01 00:03:00,3,0,4.0,1.2402471718430839,0.220674395193329,2.3975376267622552,,4.0,,False,insufficient within-person history
15aac22e-f5e2-45f3-b9c3-6b112b39b639,2026-06-01 00:04:00,4,0,3.0,1.2402471718430839,0.220674395193329,2.3975376267622552,1.0,1.0,4.0,False,below within-person threshold
15aac22e-f5e2-45f3-b9c3-6b112b39b639,2026-06-01 00:05:00,5,1,5.0,1.2402471718430839,0.220674395193329,2.3975376267622552,4.0,2.5,4.0,False,below within-person threshold
15aac22e-f5e2-45f3-b9c3-6b112b39b639,2026-06-01 00:06:00,6,1,2.0,1.2402471718430839,0.220674395193329,2.3975376267622552,9.0,4.666666666666667,4.0,True,prompt sent
15aac22e-f5e2-45f3-b9c3-6b112b39b639,2026-06-01 00:07:00,7,1,2.0,1.2402471718430839,0.220674395193329,2.3975376267622552,0.0,4.333333333333333,4.0,False,cooldown active
15aac22e-f5e2-45f3-b9c3-6b112b39b639,2026-06-01 00:08:00,8,1,3.0,1.2402471718430839,0.220674395193329,2.3975376267622552,1.0,3.3333333333333335,4.266666666666667,False,below within-person threshold
15aac22e-f5e2-45f3-b9c3-6b112b39b639,2026-06-01 00:09:00,9,1,2.0,1.2402471718430839,0.220674395193329,2.3975376267622552,1.0,0.6666666666666666,4.2,False,below within-person threshold
15aac22e-f5e2-45f3-b9c3-6b112b39b639,2026-06-01 00:10:00,10,2,,1.2402471718430839,0.220674395193329,2.3975376267622552,,1.0,4.133333333333334,False,below within-person threshold
15aac22e-f5e2-45f3-b9c3-6b112b39b639,2026-06-01 00:11:00,11,2,,1.2402471718430839,0.220674395193329,2.3975376267622552,,1.0,4.066666666666666,False,below within-person threshold
15aac22e-f5e2-45f3-b9c3-6b112b39b639,2026-06-01 00:12:00,12,2,,1.2402471718430839,0.220674395193329,2.3975376267622552,,,4.0,False,missing or insufficient EMA data
15aac22e-f5e2-45f3-b9c3-6b112b39b639,2026-06-01 00:13:00,13,2,,1.2402471718430839,0.220674395193329,2.3975376267622552,,,4.0,False,missing or insufficient EMA data
15aac22e-f5e2-45f3-b9c3-6b112b39b639,2026-06-01 00:14:00,14,2,2.0,1.2402471718430839,0.220674395193329,2.3975376267622552,,,4.0,False,missing or insufficient EMA data
15aac22e-f5e2-45f3-b9c3-6b112b39b639,2026-06-01 00:15:00,15,3,4.0,1.2402471718430839,0.220674395193329,2.3975376267622552,4.0,4.0,4.0,False,below within-person threshold
15aac22e-f5e2-45f3-b9c3-6b112b39b639,2026-06-01 00:16:00,16,3,3.0,1.2402471718430839,0.220674395193329,2.3975376267622552,1.0,2.5,4.0,False,below within-person threshold
15aac22e-f5e2-45f3-b9c3-6b112b39b639,2026-06-01 00:17:00,17,3,2.0,1.2402471718430839,0.220674395193329,2.3975376267622552,1.0,2.0,4.0,False,below within-person threshold
15aac22e-f5e2-45f3-b9c3-6b112b39b639,2026-06-01 00:18:00,18,3,3.0,1.2402471718430839,0.220674395193329,2.3975376267622552,1.0,1.0,4.0,False,below within-person threshold
15aac22e-f5e2-45f3-b9c3-6b112b39b639,2026-06-01 00:19:00,19,3,1.0,1.2402471718430839,0.220674395193329,2.3975376267622552,4.0,2.0,4.0,False,below within-person threshold
15aac22e-f5e2-45f3-b9c3-6b112b39b639,2026-06-01 00:20:00,20,4,2.0,1.2402471718430839,0.220674395193329,2.3975376267622552,1.0,2.0,4.0,False,below within-person threshold
15aac22e-f5e2-45f3-b9c3-6b112b39b639,2026-06-01 00:21:00,21,4,1.0,1.2402471718430839,0.220674395193329,2.3975376267622552,1.0,2.0,4.0,False,below within-person threshold
15aac22e-f5e2-45f3-b9c3-6b112b39b639,2026-06-01 00:22:00,22,4,4.0,1.2402471718430839,0.220674395193329,2.3975376267622552,9.0,3.6666666666666665,4.0,False,below within-person threshold
15aac22e-f5e2-45f3-b9c3-6b112b39b639,2026-06-01 00:23:00,23,4,4.0,1.2402471718430839,0.220674395193329,2.3975376267622552,0.0,3.3333333333333335,4.0,False,below within-person threshold
15aac22e-f5e2-45f3-b9c3-6b112b39b639,2026-06-01 00:24:00,24,4,2.0,1.2402471718430839,0.220674395193329,2.3975376267622552,4.0,4.333333333333333,4.0,False,cooldown active
15aac22e-f5e2-45f3-b9c3-6b112b39b639,2026-06-01 00:25:00,25,5,2.0,1.2402471718430839,0.220674395193329,2.3975376267622552,0.0,1.3333333333333333,4.0,False,below within-person threshold
15aac22e-f5e2-45f3-b9c3-6b112b39b639,2026-06-01 00:26:00,26,5,3.0,1.2402471718430839,0.220674395193329,2.3975376267622552,1.0,1.6666666666666667,4.0,False,below within-person threshold
15aac22e-f5e2-45f3-b9c3-6b112b39b639,2026-06-01 00:27:00,27,5,4.0,1.2402471718430839,0.220674395193329,2.3975376267622552,1.0,0.6666666666666666,4.0,False,below within-person threshold
15aac22e-f5e2-45f3-b9c3-6b112b39b639,2026-06-01 00:28:00,28,5,3.0,1.2402471718430839,0.220674395193329,2.3975376267622552,1.0,1.0,4.0,False,below within-person threshold
15aac22e-f5e2-45f3-b9c3-6b112b39b639,2026-06-01 00:29:00,29,5,3.0,1.2402471718430839,0.220674395193329,2.3975376267622552,0.0,0.6666666666666666,4.0,False,below within-person threshold
15aac22e-f5e2-45f3-b9c3-6b112b39b639,2026-06-01 00:30:00,30,6,3.0,1.2402471718430839,0.220674395193329,2.3975376267622552,0.0,0.3333333333333333,4.0,False,below within-person threshold
15aac22e-f5e2-45f3-b9c3-6b112b39b639,2026-06-01 00:31:00,31,6,2.0,1.2402471718430839,0.220674395193329,2.3975376267622552,1.0,0.3333333333333333,4.0,False,below within-person threshold
15aac22e-f5e2-45f3-b9c3-6b112b39b639,2026-06-01 00:32:00,32,6,3.0,1.2402471718430839,0.220674395193329,2.3975376267622552,1.0,0.6666666666666666,4.0,False,below within-person threshold
15aac22e-f5e2-45f3-b9c3-6b112b39b639,2026-06-01 00:33:00,33,6,3.0,1.2402471718430839,0.220674395193329,2.3975376267622552,0.0,0.6666666666666666,4.0,False,below within-person threshold
15aac22e-f5e2-45f3-b9c3-6b112b39b639,2026-06-01 00:34:00,34,6,3.0,1.2402471718430839,0.220674395193329,2.3975376267622552,0.0,0.3333333333333333,4.0,False,below within-person threshold
1e1d25b0-22f4-4e5f-acaa-757e2f67a8b1,2026-06-01 00:00:00,0,0,3.0,1.4907106426315484,0.23768116344026557,3.388077616188288,,,,False,missing or insufficient EMA data
1e1d25b0-22f4-4e5f-acaa-757e2f67a8b1,2026-06-01 00:01:00,1,0,5.0,1.4907106426315484,0.23768116344026557,3.388077616188288,4.0,4.0,,False,insufficient within-person history
1e1d25b0-22f4-4e5f-acaa-757e2f67a8b1,2026-06-01 00:02:00,2,0,5.0,1.4907106426315484,0.23768116344026557,3.388077616188288,0.0,2.0,,False,insufficient within-person history
1e1d25b0-22f4-4e5f-acaa-757e2f67a8b1,2026-06-01 00:03:00,3,0,5.0,1.4907106426315484,0.23768116344026557,3.388077616188288,0.0,1.3333333333333333,,False,insufficient within-person history
1e1d25b0-22f4-4e5f-acaa-757e2f67a8b1,2026-06-01 00:04:00,4,0,4.0,1.4907106426315484,0.23768116344026557,3.388077616188288,1.0,0.3333333333333333,3.2,False,below within-person threshold
1e1d25b0-22f4-4e5f-acaa-757e2f67a8b1,2026-06-01 00:05:00,5,1,5.0,1.4907106426315484,0.23768116344026557,3.388077616188288,1.0,0.6666666666666666,2.8000000000000007,False,below within-person threshold
1e1d25b0-22f4-4e5f-acaa-757e2f67a8b1,2026-06-01 00:06:00,6,1,,1.4907106426315484,0.23768116344026557,3.388077616188288,,1.0,2.4000000000000004,False,below within-person threshold
1e1d25b0-22f4-4e5f-acaa-757e2f67a8b1,2026-06-01 00:07:00,7,1,5.0,1.4907106426315484,0.23768116344026557,3.388077616188288,,1.0,2.0,False,below within-person threshold
1e1d25b0-22f4-4e5f-acaa-757e2f67a8b1,2026-06-01 00:08:00,8,1,5.0,1.4907106426315484,0.23768116344026557,3.388077616188288,0.0,0.0,1.8666666666666671,False,below within-person threshold
1e1d25b0-22f4-4e5f-acaa-757e2f67a8b1,2026-06-01 00:09:00,9,1,3.0,1.4907106426315484,0.23768116344026557,3.388077616188288,4.0,2.0,1.7333333333333336,True,prompt sent
1e1d25b0-22f4-4e5f-acaa-757e2f67a8b1,2026-06-01 00:10:00,10,2,1.0,1.4907106426315484,0.23768116344026557,3.388077616188288,4.0,2.6666666666666665,2.0,False,cooldown active
1e1d25b0-22f4-4e5f-acaa-757e2f67a8b1,2026-06-01 00:11:00,11,2,2.0,1.4907106426315484,0.23768116344026557,3.388077616188288,1.0,3.0,2.1333333333333333,False,cooldown active
1e1d25b0-22f4-4e5f-acaa-757e2f67a8b1,2026-06-01 00:12:00,12,2,3.0,1.4907106426315484,0.23768116344026557,3.388077616188288,1.0,2.0,2.6666666666666665,False,below within-person threshold
1e1d25b0-22f4-4e5f-acaa-757e2f67a8b1,2026-06-01 00:13:00,13,2,5.0,1.4907106426315484,0.23768116344026557,3.388077616188288,4.0,2.0,2.5333333333333337,False,below within-person threshold
1e1d25b0-22f4-4e5f-acaa-757e2f67a8b1,2026-06-01 00:14:00,14,2,,1.4907106426315484,0.23768116344026557,3.388077616188288,,2.5,2.400000000000001,False,cooldown active
1e1d25b0-22f4-4e5f-acaa-757e2f67a8b1,2026-06-01 00:15:00,15,3,,1.4907106426315484,0.23768116344026557,3.388077616188288,,4.0,2.566666666666667,False,cooldown active
1e1d25b0-22f4-4e5f-acaa-757e2f67a8b1,2026-06-01 00:16:00,16,3,3.0,1.4907106426315484,0.23768116344026557,3.388077616188288,,,2.7333333333333334,False,missing or insufficient EMA data
1e1d25b0-22f4-4e5f-acaa-757e2f67a8b1,2026-06-01 00:17:00,17,3,5.0,1.4907106426315484,0.23768116344026557,3.388077616188288,4.0,4.0,2.7333333333333334,False,cooldown active
1e1d25b0-22f4-4e5f-acaa-757e2f67a8b1,2026-06-01 00:18:00,18,3,4.0,1.4907106426315484,0.23768116344026557,3.388077616188288,1.0,2.5,3.0,False,below within-person threshold
1e1d25b0-22f4-4e5f-acaa-757e2f67a8b1,2026-06-01 00:19:00,19,3,3.0,1.4907106426315484,0.23768116344026557,3.388077616188288,1.0,2.0,2.9333333333333336,False,below within-person threshold
1e1d25b0-22f4-4e5f-acaa-757e2f67a8b1,2026-06-01 00:20:00,20,4,3.0,1.4907106426315484,0.23768116344026557,3.388077616188288,0.0,0.6666666666666666,2.866666666666667,False,below within-person threshold
1e1d25b0-22f4-4e5f-acaa-757e2f67a8b1,2026-06-01 00:21:00,21,4,4.0,1.4907106426315484,0.23768116344026557,3.388077616188288,1.0,0.6666666666666666,2.8,False,below within-person threshold
1e1d25b0-22f4-4e5f-acaa-757e2f67a8b1,2026-06-01 00:22:00,22,4,,1.4907106426315484,0.23768116344026557,3.388077616188288,,0.5,2.7333333333333334,False,below within-person threshold
1e1d25b0-22f4-4e5f-acaa-757e2f67a8b1,2026-06-01 00:23:00,23,4,,1.4907106426315484,0.23768116344026557,3.388077616188288,,1.0,2.6666666666666665,False,below within-person threshold
1e1d25b0-22f4-4e5f-acaa-757e2f67a8b1,2026-06-01 00:24:00,24,4,,1.4907106426315484,0.23768116344026557,3.388077616188288,,,2.6333333333333333,False,missing or insufficient EMA data
1e1d25b0-22f4-4e5f-acaa-757e2f67a8b1,2026-06-01 00:25:00,25,5,,1.4907106426315484,0.23768116344026557,3.388077616188288,,,2.6333333333333333,False,missing or insufficient EMA data
1e1d25b0-22f4-4e5f-acaa-757e2f67a8b1,2026-06-01 00:26:00,26,5,,1.4907106426315484,0.23768116344026557,3.388077616188288,,,2.6333333333333333,False,missing or insufficient EMA data
1e1d25b0-22f4-4e5f-acaa-757e2f67a8b1,2026-06-01 00:27:00,27,5,5.0,1.4907106426315484,0.23768116344026557,3.388077616188288,,,2.6333333333333333,False,missing or insufficient EMA data
1e1d25b0-22f4-4e5f-acaa-757e2f67a8b1,2026-06-01 00:28:00,28,5,3.0,1.4907106426315484,0.23768116344026557,3.388077616188288,4.0,4.0,2.6333333333333333,False,cooldown active
1e1d25b0-22f4-4e5f-acaa-757e2f67a8b1,2026-06-01 00:29:00,29,5,1.0,1.4907106426315484,0.23768116344026557,3.388077616188288,4.0,4.0,2.866666666666667,False,cooldown active
1e1d25b0-22f4-4e5f-acaa-757e2f67a8b1,2026-06-01 00:30:00,30,6,2.0,1.4907106426315484,0.23768116344026557,3.388077616188288,1.0,3.0,3.400000000000002,False,below within-person threshold
1e1d25b0-22f4-4e5f-acaa-757e2f67a8b1,2026-06-01 00:31:00,31,6,2.0,1.4907106426315484,0.23768116344026557,3.388077616188288,0.0,1.6666666666666667,3.200000000000003,False,below within-person threshold
1e1d25b0-22f4-4e5f-acaa-757e2f67a8b1,2026-06-01 00:32:00,32,6,4.0,1.4907106426315484,0.23768116344026557,3.388077616188288,4.0,1.6666666666666667,3.0,False,below within-person threshold
1e1d25b0-22f4-4e5f-acaa-757e2f67a8b1,2026-06-01 00:33:00,33,6,2.0,1.4907106426315484,0.23768116344026557,3.388077616188288,4.0,2.6666666666666665,3.0,False,below within-person threshold
1e1d25b0-22f4-4e5f-acaa-757e2f67a8b1,2026-06-01 00:34:00,34,6,3.0,1.4907106426315484,0.23768116344026557,3.388077616188288,1.0,3.0,3.0,False,below within-person threshold
1fc2e9b9-c6e0-47a2-9e6a-793bc6836523,2026-06-01 00:00:00,0,0,,0.9936855783030918,0.19929034585119698,1.5812590863100167,,,,False,missing or insufficient EMA data
1fc2e9b9-c6e0-47a2-9e6a-793bc6836523,2026-06-01 00:01:00,1,0,,0.9936855783030918,0.19929034585119698,1.5812590863100167,,,,False,missing or insufficient EMA data
1fc2e9b9-c6e0-47a2-9e6a-793bc6836523,2026-06-01 00:02:00,2,0,,0.9936855783030918,0.19929034585119698,1.5812590863100167,,,,False,missing or insufficient EMA data
1fc2e9b9-c6e0-47a2-9e6a-793bc6836523,2026-06-01 00:03:00,3,0,3.0,0.9936855783030918,0.19929034585119698,1.5812590863100167,,,,False,missing or insufficient EMA data
1fc2e9b9-c6e0-47a2-9e6a-793bc6836523,2026-06-01 00:04:00,4,0,1.0,0.9936855783030918,0.19929034585119698,1.5812590863100167,4.0,4.0,,False,insufficient within-person history
1fc2e9b9-c6e0-47a2-9e6a-793bc6836523,2026-06-01 00:05:00,5,1,1.0,0.9936855783030918,0.19929034585119698,1.5812590863100167,0.0,2.0,,False,insufficient within-person history
1fc2e9b9-c6e0-47a2-9e6a-793bc6836523,2026-06-01 00:06:00,6,1,3.0,0.9936855783030918,0.19929034585119698,1.5812590863100167,4.0,2.6666666666666665,,False,insufficient within-person history
1fc2e9b9-c6e0-47a2-9e6a-793bc6836523,2026-06-01 00:07:00,7,1,4.0,0.9936855783030918,0.19929034585119698,1.5812590863100167,1.0,1.6666666666666667,3.466666666666667,False,below within-person threshold
1fc2e9b9-c6e0-47a2-9e6a-793bc6836523,2026-06-01 00:08:00,8,1,3.0,0.9936855783030918,0.19929034585119698,1.5812590863100167,1.0,2.0,3.2,False,below within-person threshold
1fc2e9b9-c6e0-47a2-9e6a-793bc6836523,2026-06-01 00:09:00,9,1,3.0,0.9936855783030918,0.19929034585119698,1.5812590863100167,0.0,0.6666666666666666,2.9333333333333336,False,below within-person threshold
1fc2e9b9-c6e0-47a2-9e6a-793bc6836523,2026-06-01 00:10:00,10,2,4.0,0.9936855783030918,0.19929034585119698,1.5812590863100167,1.0,0.6666666666666666,2.6666666666666665,False,below within-person threshold
1fc2e9b9-c6e0-47a2-9e6a-793bc6836523,2026-06-01 00:11:00,11,2,4.0,0.9936855783030918,0.19929034585119698,1.5812590863100167,0.0,0.3333333333333333,2.5333333333333337,False,below within-person threshold
1fc2e9b9-c6e0-47a2-9e6a-793bc6836523,2026-06-01 00:12:00,12,2,3.0,0.9936855783030918,0.19929034585119698,1.5812590863100167,1.0,0.6666666666666666,2.4000000000000004,False,below within-person threshold
1fc2e9b9-c6e0-47a2-9e6a-793bc6836523,2026-06-01 00:13:00,13,2,3.0,0.9936855783030918,0.19929034585119698,1.5812590863100167,0.0,0.3333333333333333,2.266666666666667,False,below within-person threshold
1fc2e9b9-c6e0-47a2-9e6a-793bc6836523,2026-06-01 00:14:00,14,2,4.0,0.9936855783030918,0.19929034585119698,1.5812590863100167,1.0,0.6666666666666666,2.1333333333333333,False,below within-person threshold
1fc2e9b9-c6e0-47a2-9e6a-793bc6836523,2026-06-01 00:15:00,15,3,4.0,0.9936855783030918,0.19929034585119698,1.5812590863100167,0.0,0.3333333333333333,2.0,False,below within-person threshold
1fc2e9b9-c6e0-47a2-9e6a-793bc6836523,2026-06-01 00:16:00,16,3,,0.9936855783030918,0.19929034585119698,1.5812590863100167,,0.5,2.0,False,below within-person threshold
1fc2e9b9-c6e0-47a2-9e6a-793bc6836523,2026-06-01 00:17:00,17,3,3.0,0.9936855783030918,0.19929034585119698,1.5812590863100167,,0.0,2.0,False,below within-person threshold
1fc2e9b9-c6e0-47a2-9e6a-793bc6836523,2026-06-01 00:18:00,18,3,3.0,0.9936855783030918,0.19929034585119698,1.5812590863100167,0.0,0.0,2.0,False,below within-person threshold
1fc2e9b9-c6e0-47a2-9e6a-793bc6836523,2026-06-01 00:19:00,19,3,2.0,0.9936855783030918,0.19929034585119698,1.5812590863100167,1.0,0.5,2.0,False,below within-person threshold
1fc2e9b9-c6e0-47a2-9e6a-793bc6836523,2026-06-01 00:20:00,20,4,2.0,0.9936855783030918,0.19929034585119698,1.5812590863100167,0.0,0.3333333333333333,2.0,False,below within-person threshold
1fc2e9b9-c6e0-47a2-9e6a-793bc6836523,2026-06-01 00:21:00,21,4,3.0,0.9936855783030918,0.19929034585119698,1.5812590863100167,1.0,0.6666666666666666,1.9333333333333336,False,below within-person threshold
1fc2e9b9-c6e0-47a2-9e6a-793bc6836523,2026-06-01 00:22:00,22,4,2.0,0.9936855783030918,0.19929034585119698,1.5812590863100167,1.0,0.6666666666666666,1.8666666666666671,False,below within-person threshold
1fc2e9b9-c6e0-47a2-9e6a-793bc6836523,2026-06-01 00:23:00,23,4,3.0,0.9936855783030918,0.19929034585119698,1.5812590863100167,1.0,1.0,1.8000000000000003,False,below within-person threshold
1fc2e9b9-c6e0-47a2-9e6a-793bc6836523,2026-06-01 00:24:00,24,4,3.0,0.9936855783030918,0.19929034585119698,1.5812590863100167,0.0,0.6666666666666666,1.7333333333333338,False,below within-person threshold
1fc2e9b9-c6e0-47a2-9e6a-793bc6836523,2026-06-01 00:25:00,25,5,4.0,0.9936855783030918,0.19929034585119698,1.5812590863100167,1.0,0.6666666666666666,1.6666666666666667,False,below within-person threshold
1fc2e9b9-c6e0-47a2-9e6a-793bc6836523,2026-06-01 00:26:00,26,5,1.0,0.9936855783030918,0.19929034585119698,1.5812590863100167,9.0,3.3333333333333335,1.5333333333333339,True,prompt sent
1fc2e9b9-c6e0-47a2-9e6a-793bc6836523,2026-06-01 00:27:00,27,5,,0.9936855783030918,0.19929034585119698,1.5812590863100167,,5.0,1.8666666666666671,False,cooldown active
1fc2e9b9-c6e0-47a2-9e6a-793bc6836523,2026-06-01 00:28:00,28,5,,0.9936855783030918,0.19929034585119698,1.5812590863100167,,9.0,2.0,False,cooldown active
1fc2e9b9-c6e0-47a2-9e6a-793bc6836523,2026-06-01 00:29:00,29,5,,0.9936855783030918,0.19929034585119698,1.5812590863100167,,,2.133333333333335,False,missing or insufficient EMA data
1fc2e9b9-c6e0-47a2-9e6a-793bc6836523,2026-06-01 00:30:00,30,6,,0.9936855783030918,0.19929034585119698,1.5812590863100167,,,2.133333333333335,False,missing or insufficient EMA data
1fc2e9b9-c6e0-47a2-9e6a-793bc6836523,2026-06-01 00:31:00,31,6,2.0,0.9936855783030918,0.19929034585119698,1.5812590863100167,,,2.133333333333335,False,missing or insufficient EMA data
1fc2e9b9-c6e0-47a2-9e6a-793bc6836523,2026-06-01 00:32:00,32,6,3.0,0.9936855783030918,0.19929034585119698,1.5812590863100167,1.0,1.0,2.133333333333335,False,below within-person threshold
1fc2e9b9-c6e0-47a2-9e6a-793bc6836523,2026-06-01 00:33:00,33,6,2.0,0.9936855783030918,0.19929034585119698,1.5812590863100167,1.0,1.0,2.0,False,below within-person threshold
1fc2e9b9-c6e0-47a2-9e6a-793bc6836523,2026-06-01 00:34:00,34,6,3.0,0.9936855783030918,0.19929034585119698,1.5812590863100167,1.0,1.0,2.0,False,below within-person threshold
2051183b-6b31-4b96-88da-7f1a3082a2cd,2026-06-01 00:00:00,0,0,4.0,0.9280075549688912,0.1459976562003308,1.4709302586627906,,,,False,missing or insufficient EMA data
2051183b-6b31-4b96-88da-7f1a3082a2cd,2026-06-01 00:01:00,1,0,5.0,0.9280075549688912,0.1459976562003308,1.4709302586627906,1.0,1.0,,False,insufficient within-person history
2051183b-6b31-4b96-88da-7f1a3082a2cd,2026-06-01 00:02:00,2,0,5.0,0.9280075549688912,0.1459976562003308,1.4709302586627906,0.0,0.5,,False,insufficient within-person history
2051183b-6b31-4b96-88da-7f1a3082a2cd,2026-06-01 00:03:00,3,0,3.0,0.9280075549688912,0.1459976562003308,1.4709302586627906,4.0,1.6666666666666667,,False,insufficient within-person history
2051183b-6b31-4b96-88da-7f1a3082a2cd,2026-06-01 00:04:00,4,0,4.0,0.9280075549688912,0.1459976562003308,1.4709302586627906,1.0,1.6666666666666667,1.4000000000000001,True,prompt sent
2051183b-6b31-4b96-88da-7f1a3082a2cd,2026-06-01 00:05:00,5,1,4.0,0.9280075549688912,0.1459976562003308,1.4709302586627906,0.0,1.6666666666666667,1.6666666666666667,False,below within-person threshold
2051183b-6b31-4b96-88da-7f1a3082a2cd,2026-06-01 00:06:00,6,1,,0.9280075549688912,0.1459976562003308,1.4709302586627906,,0.5,1.6666666666666667,False,below within-person threshold
2051183b-6b31-4b96-88da-7f1a3082a2cd,2026-06-01 00:07:00,7,1,,0.9280075549688912,0.1459976562003308,1.4709302586627906,,0.0,1.6666666666666667,False,below within-person threshold
2051183b-6b31-4b96-88da-7f1a3082a2cd,2026-06-01 00:08:00,8,1,,0.9280075549688912,0.1459976562003308,1.4709302586627906,,,1.6666666666666667,False,missing or insufficient EMA data
2051183b-6b31-4b96-88da-7f1a3082a2cd,2026-06-01 00:09:00,9,1,3.0,0.9280075549688912,0.1459976562003308,1.4709302586627906,,,1.6666666666666667,False,missing or insufficient EMA data
2051183b-6b31-4b96-88da-7f1a3082a2cd,2026-06-01 00:10:00,10,2,3.0,0.9280075549688912,0.1459976562003308,1.4709302586627906,0.0,0.0,1.6666666666666667,False,below within-person threshold
2051183b-6b31-4b96-88da-7f1a3082a2cd,2026-06-01 00:11:00,11,2,3.0,0.9280075549688912,0.1459976562003308,1.4709302586627906,0.0,0.0,1.6666666666666667,False,below within-person threshold
2051183b-6b31-4b96-88da-7f1a3082a2cd,2026-06-01 00:12:00,12,2,4.0,0.9280075549688912,0.1459976562003308,1.4709302586627906,1.0,0.3333333333333333,1.6666666666666667,False,below within-person threshold
2051183b-6b31-4b96-88da-7f1a3082a2cd,2026-06-01 00:13:00,13,2,4.0,0.9280075549688912,0.1459976562003308,1.4709302586627906,0.0,0.3333333333333333,1.6666666666666667,False,below within-person threshold
2051183b-6b31-4b96-88da-7f1a3082a2cd,2026-06-01 00:14:00,14,2,5.0,0.9280075549688912,0.1459976562003308,1.4709302586627906,1.0,0.6666666666666666,1.6666666666666667,False,below within-person threshold
2051183b-6b31-4b96-88da-7f1a3082a2cd,2026-06-01 00:15:00,15,3,4.0,0.9280075549688912,0.1459976562003308,1.4709302586627906,1.0,0.6666666666666666,1.5333333333333339,False,below within-person threshold
2051183b-6b31-4b96-88da-7f1a3082a2cd,2026-06-01 00:16:00,16,3,4.0,0.9280075549688912,0.1459976562003308,1.4709302586627906,0.0,0.6666666666666666,1.400000000000001,False,below within-person threshold
2051183b-6b31-4b96-88da-7f1a3082a2cd,2026-06-01 00:17:00,17,3,3.0,0.9280075549688912,0.1459976562003308,1.4709302586627906,1.0,0.6666666666666666,1.2666666666666668,False,below within-person threshold
2051183b-6b31-4b96-88da-7f1a3082a2cd,2026-06-01 00:18:00,18,3,3.0,0.9280075549688912,0.1459976562003308,1.4709302586627906,0.0,0.3333333333333333,1.133333333333334,False,below within-person threshold
2051183b-6b31-4b96-88da-7f1a3082a2cd,2026-06-01 00:19:00,19,3,5.0,0.9280075549688912,0.1459976562003308,1.4709302586627906,4.0,1.6666666666666667,1.0,False,cooldown active
2051183b-6b31-4b96-88da-7f1a3082a2cd,2026-06-01 00:20:00,20,4,5.0,0.9280075549688912,0.1459976562003308,1.4709302586627906,0.0,1.3333333333333333,1.5333333333333339,False,below within-person threshold
2051183b-6b31-4b96-88da-7f1a3082a2cd,2026-06-01 00:21:00,21,4,4.0,0.9280075549688912,0.1459976562003308,1.4709302586627906,1.0,1.6666666666666667,1.5333333333333339,False,cooldown active
2051183b-6b31-4b96-88da-7f1a3082a2cd,2026-06-01 00:22:00,22,4,4.0,0.9280075549688912,0.1459976562003308,1.4709302586627906,0.0,0.3333333333333333,1.6666666666666667,False,below within-person threshold
2051183b-6b31-4b96-88da-7f1a3082a2cd,2026-06-01 00:23:00,23,4,4.0,0.9280075549688912,0.1459976562003308,1.4709302586627906,0.0,0.3333333333333333,1.6666666666666667,False,below within-person threshold
2051183b-6b31-4b96-88da-7f1a3082a2cd,2026-06-01 00:24:00,24,4,3.0,0.9280075549688912,0.1459976562003308,1.4709302586627906,1.0,0.3333333333333333,1.6666666666666667,False,below within-person threshold
2051183b-6b31-4b96-88da-7f1a3082a2cd,2026-06-01 00:25:00,25,5,5.0,0.9280075549688912,0.1459976562003308,1.4709302586627906,4.0,1.6666666666666667,1.6000000000000003,False,cooldown active
2051183b-6b31-4b96-88da-7f1a3082a2cd,2026-06-01 00:26:00,26,5,,0.9280075549688912,0.1459976562003308,1.4709302586627906,,2.5,1.6666666666666667,False,cooldown active
2051183b-6b31-4b96-88da-7f1a3082a2cd,2026-06-01 00:27:00,27,5,,0.9280075549688912,0.1459976562003308,1.4709302586627906,,4.0,1.6666666666666667,False,cooldown active
2051183b-6b31-4b96-88da-7f1a3082a2cd,2026-06-01 00:28:00,28,5,,0.9280075549688912,0.1459976562003308,1.4709302586627906,,,1.6666666666666667,False,missing or insufficient EMA data
2051183b-6b31-4b96-88da-7f1a3082a2cd,2026-06-01 00:29:00,29,5,,0.9280075549688912,0.1459976562003308,1.4709302586627906,,,1.6666666666666667,False,missing or insufficient EMA data
2051183b-6b31-4b96-88da-7f1a3082a2cd,2026-06-01 00:30:00,30,6,4.0,0.9280075549688912,0.1459976562003308,1.4709302586627906,,,1.6666666666666667,False,missing or insufficient EMA data
2051183b-6b31-4b96-88da-7f1a3082a2cd,2026-06-01 00:31:00,31,6,5.0,0.9280075549688912,0.1459976562003308,1.4709302586627906,1.0,1.0,1.6666666666666667,False,below within-person threshold
2051183b-6b31-4b96-88da-7f1a3082a2cd,2026-06-01 00:32:00,32,6,5.0,0.9280075549688912,0.1459976562003308,1.4709302586627906,0.0,0.5,1.6666666666666667,False,below within-person threshold
2051183b-6b31-4b96-88da-7f1a3082a2cd,2026-06-01 00:33:00,33,6,5.0,0.9280075549688912,0.1459976562003308,1.4709302586627906,0.0,0.3333333333333333,1.6666666666666667,False,below within-person threshold
2051183b-6b31-4b96-88da-7f1a3082a2cd,2026-06-01 00:34:00,34,6,4.0,0.9280075549688912,0.1459976562003308,1.4709302586627906,1.0,0.3333333333333333,1.6666666666666667,False,below within-person threshold
2241165b-cc88-40b9-b53f-8d042a305149,2026-06-01 00:00:00,0,0,3.0,0.6574829685630773,0.6769821828081314,0.27927077382076876,,,,False,missing or insufficient EMA data
2241165b-cc88-40b9-b53f-8d042a305149,2026-06-01 00:01:00,1,0,3.0,0.6574829685630773,0.6769821828081314,0.27927077382076876,0.0,0.0,,False,insufficient within-person history
2241165b-cc88-40b9-b53f-8d042a305149,2026-06-01 00:02:00,2,0,4.0,0.6574829685630773,0.6769821828081314,0.27927077382076876,1.0,0.5,,False,insufficient within-person history
2241165b-cc88-40b9-b53f-8d042a305149,2026-06-01 00:03:00,3,0,4.0,0.6574829685630773,0.6769821828081314,0.27927077382076876,0.0,0.3333333333333333,,False,insufficient within-person history
2241165b-cc88-40b9-b53f-8d042a305149,2026-06-01 00:04:00,4,0,4.0,0.6574829685630773,0.6769821828081314,0.27927077382076876,0.0,0.3333333333333333,0.43333333333333335,False,below within-person threshold
2241165b-cc88-40b9-b53f-8d042a305149,2026-06-01 00:05:00,5,1,5.0,0.6574829685630773,0.6769821828081314,0.27927077382076876,1.0,0.3333333333333333,0.4,False,below within-person threshold
2241165b-cc88-40b9-b53f-8d042a305149,2026-06-01 00:06:00,6,1,4.0,0.6574829685630773,0.6769821828081314,0.27927077382076876,1.0,0.6666666666666666,0.3666666666666667,True,prompt sent
2241165b-cc88-40b9-b53f-8d042a305149,2026-06-01 00:07:00,7,1,4.0,0.6574829685630773,0.6769821828081314,0.27927077382076876,0.0,0.6666666666666666,0.5,False,cooldown active
2241165b-cc88-40b9-b53f-8d042a305149,2026-06-01 00:08:00,8,1,4.0,0.6574829685630773,0.6769821828081314,0.27927077382076876,0.0,0.3333333333333333,0.6333333333333334,False,below within-person threshold
2241165b-cc88-40b9-b53f-8d042a305149,2026-06-01 00:09:00,9,1,3.0,0.6574829685630773,0.6769821828081314,0.27927077382076876,1.0,0.3333333333333333,0.6000000000000001,False,below within-person threshold
2241165b-cc88-40b9-b53f-8d042a305149,2026-06-01 00:10:00,10,2,3.0,0.6574829685630773,0.6769821828081314,0.27927077382076876,0.0,0.3333333333333333,0.5666666666666668,False,below within-person threshold
2241165b-cc88-40b9-b53f-8d042a305149,2026-06-01 00:11:00,11,2,3.0,0.6574829685630773,0.6769821828081314,0.27927077382076876,0.0,0.3333333333333333,0.5333333333333333,False,below within-person threshold
2241165b-cc88-40b9-b53f-8d042a305149,2026-06-01 00:12:00,12,2,3.0,0.6574829685630773,0.6769821828081314,0.27927077382076876,0.0,0.0,0.5,False,below within-person threshold
2241165b-cc88-40b9-b53f-8d042a305149,2026-06-01 00:13:00,13,2,2.0,0.6574829685630773,0.6769821828081314,0.27927077382076876,1.0,0.3333333333333333,0.4666666666666668,False,below within-person threshold
2241165b-cc88-40b9-b53f-8d042a305149,2026-06-01 00:14:00,14,2,2.0,0.6574829685630773,0.6769821828081314,0.27927077382076876,0.0,0.3333333333333333,0.43333333333333357,False,below within-person threshold
2241165b-cc88-40b9-b53f-8d042a305149,2026-06-01 00:15:00,15,3,3.0,0.6574829685630773,0.6769821828081314,0.27927077382076876,1.0,0.6666666666666666,0.4,False,cooldown active
2241165b-cc88-40b9-b53f-8d042a305149,2026-06-01 00:16:00,16,3,3.0,0.6574829685630773,0.6769821828081314,0.27927077382076876,0.0,0.3333333333333333,0.5333333333333335,False,below within-person threshold
2241165b-cc88-40b9-b53f-8d042a305149,2026-06-01 00:17:00,17,3,4.0,0.6574829685630773,0.6769821828081314,0.27927077382076876,1.0,0.6666666666666666,0.5,False,cooldown active
2241165b-cc88-40b9-b53f-8d042a305149,2026-06-01 00:18:00,18,3,3.0,0.6574829685630773,0.6769821828081314,0.27927077382076876,1.0,0.6666666666666666,0.6333333333333334,False,cooldown active
2241165b-cc88-40b9-b53f-8d042a305149,2026-06-01 00:19:00,19,3,2.0,0.6574829685630773,0.6769821828081314,0.27927077382076876,1.0,1.0,0.6666666666666666,False,cooldown active
2241165b-cc88-40b9-b53f-8d042a305149,2026-06-01 00:20:00,20,4,2.0,0.6574829685630773,0.6769821828081314,0.27927077382076876,0.0,0.6666666666666666,0.6666666666666666,False,below within-person threshold
2241165b-cc88-40b9-b53f-8d042a305149,2026-06-01 00:21:00,21,4,,0.6574829685630773,0.6769821828081314,0.27927077382076876,,0.5,0.6666666666666666,False,below within-person threshold
2241165b-cc88-40b9-b53f-8d042a305149,2026-06-01 00:22:00,22,4,3.0,0.6574829685630773,0.6769821828081314,0.27927077382076876,,0.0,0.6666666666666666,False,below within-person threshold
2241165b-cc88-40b9-b53f-8d042a305149,2026-06-01 00:23:00,23,4,3.0,0.6574829685630773,0.6769821828081314,0.27927077382076876,0.0,0.0,0.6666666666666666,False,below within-person threshold
2241165b-cc88-40b9-b53f-8d042a305149,2026-06-01 00:24:00,24,4,3.0,0.6574829685630773,0.6769821828081314,0.27927077382076876,0.0,0.0,0.6666666666666666,False,below within-person threshold
2241165b-cc88-40b9-b53f-8d042a305149,2026-06-01 00:25:00,25,5,3.0,0.6574829685630773,0.6769821828081314,0.27927077382076876,0.0,0.0,0.6666666666666666,False,below within-person threshold
2241165b-cc88-40b9-b53f-8d042a305149,2026-06-01 00:26:00,26,5,,0.6574829685630773,0.6769821828081314,0.27927077382076876,,0.0,0.6666666666666666,False,below within-person threshold
2241165b-cc88-40b9-b53f-8d042a305149,2026-06-01 00:27:00,27,5,3.0,0.6574829685630773,0.6769821828081314,0.27927077382076876,,0.0,0.6666666666666666,False,below within-person threshold
2241165b-cc88-40b9-b53f-8d042a305149,2026-06-01 00:28:00,28,5,3.0,0.6574829685630773,0.6769821828081314,0.27927077382076876,0.0,0.0,0.6666666666666666,False,below within-person threshold
2241165b-cc88-40b9-b53f-8d042a305149,2026-06-01 00:29:00,29,5,3.0,0.6574829685630773,0.6769821828081314,0.27927077382076876,0.0,0.0,0.6666666666666666,False,below within-person threshold
2241165b-cc88-40b9-b53f-8d042a305149,2026-06-01 00:30:00,30,6,3.0,0.6574829685630773,0.6769821828081314,0.27927077382076876,0.0,0.0,0.6666666666666666,False,below within-person threshold
2241165b-cc88-40b9-b53f-8d042a305149,2026-06-01 00:31:00,31,6,3.0,0.6574829685630773,0.6769821828081314,0.27927077382076876,0.0,0.0,0.6666666666666666,False,below within-person threshold
2241165b-cc88-40b9-b53f-8d042a305149,2026-06-01 00:32:00,32,6,3.0,0.6574829685630773,0.6769821828081314,0.27927077382076876,0.0,0.0,0.6666666666666666,False,below within-person threshold
2241165b-cc88-40b9-b53f-8d042a305149,2026-06-01 00:33:00,33,6,3.0,0.6574829685630773,0.6769821828081314,0.27927077382076876,0.0,0.0,0.6333333333333334,False,below within-person threshold
2241165b-cc88-40b9-b53f-8d042a305149,2026-06-01 00:34:00,34,6,3.0,0.6574829685630773,0.6769821828081314,0.27927077382076876,0.0,0.0,0.6000000000000002,False,below within-person threshold
24495ab3-cee7-4d9d-9933-46530831788b,2026-06-01 00:00:00,0,0,,1.0031322178082727,0.6766857440279925,0.6506856185604138,,,,False,missing or insufficient EMA data
24495ab3-cee7-4d9d-9933-46530831788b,2026-06-01 00:01:00,1,0,,1.0031322178082727,0.6766857440279925,0.6506856185604138,,,,False,missing or insufficient EMA data
24495ab3-cee7-4d9d-9933-46530831788b,2026-06-01 00:02:00,2,0,,1.0031322178082727,0.6766857440279925,0.6506856185604138,,,,False,missing or insufficient EMA data
24495ab3-cee7-4d9d-9933-46530831788b,2026-06-01 00:03:00,3,0,2.0,1.0031322178082727,0.6766857440279925,0.6506856185604138,,,,False,missing or insufficient EMA data
24495ab3-cee7-4d9d-9933-46530831788b,2026-06-01 00:04:00,4,0,,1.0031322178082727,0.6766857440279925,0.6506856185604138,,,,False,missing or insufficient EMA data
24495ab3-cee7-4d9d-9933-46530831788b,2026-06-01 00:05:00,5,1,1.0,1.0031322178082727,0.6766857440279925,0.6506856185604138,,,,False,missing or insufficient EMA data
24495ab3-cee7-4d9d-9933-46530831788b,2026-06-01 00:06:00,6,1,3.0,1.0031322178082727,0.6766857440279925,0.6506856185604138,4.0,4.0,,False,insufficient within-person history
24495ab3-cee7-4d9d-9933-46530831788b,2026-06-01 00:07:00,7,1,4.0,1.0031322178082727,0.6766857440279925,0.6506856185604138,1.0,2.5,,False,insufficient within-person history
24495ab3-cee7-4d9d-9933-46530831788b,2026-06-01 00:08:00,8,1,3.0,1.0031322178082727,0.6766857440279925,0.6506856185604138,1.0,2.0,,False,insufficient within-person history
24495ab3-cee7-4d9d-9933-46530831788b,2026-06-01 00:09:00,9,1,2.0,1.0031322178082727,0.6766857440279925,0.6506856185604138,1.0,1.0,3.4000000000000004,False,below within-person threshold
24495ab3-cee7-4d9d-9933-46530831788b,2026-06-01 00:10:00,10,2,2.0,1.0031322178082727,0.6766857440279925,0.6506856185604138,0.0,0.6666666666666666,3.1000000000000005,False,below within-person threshold
24495ab3-cee7-4d9d-9933-46530831788b,2026-06-01 00:11:00,11,2,2.0,1.0031322178082727,0.6766857440279925,0.6506856185604138,0.0,0.3333333333333333,2.8000000000000003,False,below within-person threshold
24495ab3-cee7-4d9d-9933-46530831788b,2026-06-01 00:12:00,12,2,3.0,1.0031322178082727,0.6766857440279925,0.6506856185604138,1.0,0.3333333333333333,2.5,False,below within-person threshold
24495ab3-cee7-4d9d-9933-46530831788b,2026-06-01 00:13:00,13,2,2.0,1.0031322178082727,0.6766857440279925,0.6506856185604138,1.0,0.6666666666666666,2.4000000000000004,False,below within-person threshold
24495ab3-cee7-4d9d-9933-46530831788b,2026-06-01 00:14:00,14,2,2.0,1.0031322178082727,0.6766857440279925,0.6506856185604138,0.0,0.6666666666666666,2.3000000000000003,False,below within-person threshold
24495ab3-cee7-4d9d-9933-46530831788b,2026-06-01 00:15:00,15,3,2.0,1.0031322178082727,0.6766857440279925,0.6506856185604138,0.0,0.3333333333333333,2.2,False,below within-person threshold
24495ab3-cee7-4d9d-9933-46530831788b,2026-06-01 00:16:00,16,3,3.0,1.0031322178082727,0.6766857440279925,0.6506856185604138,1.0,0.3333333333333333,2.1,False,below within-person threshold
24495ab3-cee7-4d9d-9933-46530831788b,2026-06-01 00:17:00,17,3,3.0,1.0031322178082727,0.6766857440279925,0.6506856185604138,0.0,0.3333333333333333,2.0,False,below within-person threshold
24495ab3-cee7-4d9d-9933-46530831788b,2026-06-01 00:18:00,18,3,3.0,1.0031322178082727,0.6766857440279925,0.6506856185604138,0.0,0.3333333333333333,1.8000000000000007,False,below within-person threshold
24495ab3-cee7-4d9d-9933-46530831788b,2026-06-01 00:19:00,19,3,2.0,1.0031322178082727,0.6766857440279925,0.6506856185604138,1.0,0.3333333333333333,1.6000000000000014,False,below within-person threshold
24495ab3-cee7-4d9d-9933-46530831788b,2026-06-01 00:20:00,20,4,3.0,1.0031322178082727,0.6766857440279925,0.6506856185604138,1.0,0.6666666666666666,1.4000000000000004,False,below within-person threshold
24495ab3-cee7-4d9d-9933-46530831788b,2026-06-01 00:21:00,21,4,4.0,1.0031322178082727,0.6766857440279925,0.6506856185604138,1.0,1.0,1.200000000000001,False,below within-person threshold
24495ab3-cee7-4d9d-9933-46530831788b,2026-06-01 00:22:00,22,4,4.0,1.0031322178082727,0.6766857440279925,0.6506856185604138,0.0,0.6666666666666666,1.0,False,below within-person threshold
24495ab3-cee7-4d9d-9933-46530831788b,2026-06-01 00:23:00,23,4,4.0,1.0031322178082727,0.6766857440279925,0.6506856185604138,0.0,0.3333333333333333,1.0,False,below within-person threshold
24495ab3-cee7-4d9d-9933-46530831788b,2026-06-01 00:24:00,24,4,2.0,1.0031322178082727,0.6766857440279925,0.6506856185604138,4.0,1.3333333333333333,1.0,True,prompt sent
24495ab3-cee7-4d9d-9933-46530831788b,2026-06-01 00:25:00,25,5,2.0,1.0031322178082727,0.6766857440279925,0.6506856185604138,0.0,1.3333333333333333,1.1333333333333335,False,cooldown active
24495ab3-cee7-4d9d-9933-46530831788b,2026-06-01 00:26:00,26,5,1.0,1.0031322178082727,0.6766857440279925,0.6506856185604138,1.0,1.6666666666666667,1.3333333333333333,False,cooldown active
24495ab3-cee7-4d9d-9933-46530831788b,2026-06-01 00:27:00,27,5,2.0,1.0031322178082727,0.6766857440279925,0.6506856185604138,1.0,0.6666666666666666,1.3333333333333333,False,below within-person threshold
24495ab3-cee7-4d9d-9933-46530831788b,2026-06-01 00:28:00,28,5,3.0,1.0031322178082727,0.6766857440279925,0.6506856185604138,1.0,1.0,1.3333333333333333,False,below within-person threshold
24495ab3-cee7-4d9d-9933-46530831788b,2026-06-01 00:29:00,29,5,4.0,1.0031322178082727,0.6766857440279925,0.6506856185604138,1.0,1.0,1.3333333333333333,False,below within-person threshold
24495ab3-cee7-4d9d-9933-46530831788b,2026-06-01 00:30:00,30,6,4.0,1.0031322178082727,0.6766857440279925,0.6506856185604138,0.0,0.6666666666666666,1.3333333333333333,False,below within-person threshold
24495ab3-cee7-4d9d-9933-46530831788b,2026-06-01 00:31:00,31,6,4.0,1.0031322178082727,0.6766857440279925,0.6506856185604138,0.0,0.3333333333333333,1.3333333333333333,False,below within-person threshold
24495ab3-cee7-4d9d-9933-46530831788b,2026-06-01 00:32:00,32,6,3.0,1.0031322178082727,0.6766857440279925,0.6506856185604138,1.0,0.3333333333333333,1.3333333333333333,False,below within-person threshold
24495ab3-cee7-4d9d-9933-46530831788b,2026-06-01 00:33:00,33,6,,1.0031322178082727,0.6766857440279925,0.6506856185604138,,0.5,1.2666666666666668,False,below within-person threshold
24495ab3-cee7-4d9d-9933-46530831788b,2026-06-01 00:34:00,34,6,,1.0031322178082727,0.6766857440279925,0.6506856185604138,,1.0,1.2000000000000004,False,below within-person threshold
24562ef3-1f67-464b-a9e1-fc519b9cb530,2026-06-01 00:00:00,0,0,2.0,1.1685670210944052,0.32553252837218505,1.8420366047183785,,,,False,missing or insufficient EMA data
24562ef3-1f67-464b-a9e1-fc519b9cb530,2026-06-01 00:01:00,1,0,4.0,1.1685670210944052,0.32553252837218505,1.8420366047183785,4.0,4.0,,False,insufficient within-person history
24562ef3-1f67-464b-a9e1-fc519b9cb530,2026-06-01 00:02:00,2,0,2.0,1.1685670210944052,0.32553252837218505,1.8420366047183785,4.0,4.0,,False,insufficient within-person history
24562ef3-1f67-464b-a9e1-fc519b9cb530,2026-06-01 00:03:00,3,0,3.0,1.1685670210944052,0.32553252837218505,1.8420366047183785,1.0,3.0,,False,insufficient within-person history
24562ef3-1f67-464b-a9e1-fc519b9cb530,2026-06-01 00:04:00,4,0,3.0,1.1685670210944052,0.32553252837218505,1.8420366047183785,0.0,1.6666666666666667,4.0,False,below within-person threshold
24562ef3-1f67-464b-a9e1-fc519b9cb530,2026-06-01 00:05:00,5,1,4.0,1.1685670210944052,0.32553252837218505,1.8420366047183785,1.0,0.6666666666666666,4.0,False,below within-person threshold
24562ef3-1f67-464b-a9e1-fc519b9cb530,2026-06-01 00:06:00,6,1,2.0,1.1685670210944052,0.32553252837218505,1.8420366047183785,4.0,1.6666666666666667,4.0,False,below within-person threshold
24562ef3-1f67-464b-a9e1-fc519b9cb530,2026-06-01 00:07:00,7,1,3.0,1.1685670210944052,0.32553252837218505,1.8420366047183785,1.0,2.0,4.0,False,below within-person threshold
24562ef3-1f67-464b-a9e1-fc519b9cb530,2026-06-01 00:08:00,8,1,4.0,1.1685670210944052,0.32553252837218505,1.8420366047183785,1.0,2.0,3.8000000000000007,False,below within-person threshold
24562ef3-1f67-464b-a9e1-fc519b9cb530,2026-06-01 00:09:00,9,1,2.0,1.1685670210944052,0.32553252837218505,1.8420366047183785,4.0,2.0,3.6000000000000005,False,below within-person threshold
24562ef3-1f67-464b-a9e1-fc519b9cb530,2026-06-01 00:10:00,10,2,2.0,1.1685670210944052,0.32553252837218505,1.8420366047183785,0.0,1.6666666666666667,3.4000000000000004,False,below within-person threshold
24562ef3-1f67-464b-a9e1-fc519b9cb530,2026-06-01 00:11:00,11,2,4.0,1.1685670210944052,0.32553252837218505,1.8420366047183785,4.0,2.6666666666666665,3.2,False,below within-person threshold
24562ef3-1f67-464b-a9e1-fc519b9cb530,2026-06-01 00:12:00,12,2,2.0,1.1685670210944052,0.32553252837218505,1.8420366047183785,4.0,2.6666666666666665,3.0,False,below within-person threshold
24562ef3-1f67-464b-a9e1-fc519b9cb530,2026-06-01 00:13:00,13,2,,1.1685670210944052,0.32553252837218505,1.8420366047183785,,4.0,2.9333333333333336,True,prompt sent
24562ef3-1f67-464b-a9e1-fc519b9cb530,2026-06-01 00:14:00,14,2,3.0,1.1685670210944052,0.32553252837218505,1.8420366047183785,,4.0,3.6000000000000014,False,cooldown active
24562ef3-1f67-464b-a9e1-fc519b9cb530,2026-06-01 00:15:00,15,3,2.0,1.1685670210944052,0.32553252837218505,1.8420366047183785,1.0,1.0,4.0,False,below within-person threshold
24562ef3-1f67-464b-a9e1-fc519b9cb530,2026-06-01 00:16:00,16,3,4.0,1.1685670210944052,0.32553252837218505,1.8420366047183785,4.0,2.5,4.0,False,below within-person threshold
24562ef3-1f67-464b-a9e1-fc519b9cb530,2026-06-01 00:17:00,17,3,3.0,1.1685670210944052,0.32553252837218505,1.8420366047183785,1.0,2.0,4.0,False,below within-person threshold
24562ef3-1f67-464b-a9e1-fc519b9cb530,2026-06-01 00:18:00,18,3,4.0,1.1685670210944052,0.32553252837218505,1.8420366047183785,1.0,2.0,3.8000000000000007,False,below within-person threshold
24562ef3-1f67-464b-a9e1-fc519b9cb530,2026-06-01 00:19:00,19,3,,1.1685670210944052,0.32553252837218505,1.8420366047183785,,1.0,3.6000000000000014,False,below within-person threshold
24562ef3-1f67-464b-a9e1-fc519b9cb530,2026-06-01 00:20:00,20,4,,1.1685670210944052,0.32553252837218505,1.8420366047183785,,1.0,3.4000000000000004,False,below within-person threshold
24562ef3-1f67-464b-a9e1-fc519b9cb530,2026-06-01 00:21:00,21,4,4.0,1.1685670210944052,0.32553252837218505,1.8420366047183785,,,3.200000000000001,False,missing or insufficient EMA data
24562ef3-1f67-464b-a9e1-fc519b9cb530,2026-06-01 00:22:00,22,4,4.0,1.1685670210944052,0.32553252837218505,1.8420366047183785,0.0,0.0,3.200000000000001,False,below within-person threshold
24562ef3-1f67-464b-a9e1-fc519b9cb530,2026-06-01 00:23:00,23,4,4.0,1.1685670210944052,0.32553252837218505,1.8420366047183785,0.0,0.0,3.0,False,below within-person threshold
24562ef3-1f67-464b-a9e1-fc519b9cb530,2026-06-01 00:24:00,24,4,4.0,1.1685670210944052,0.32553252837218505,1.8420366047183785,0.0,0.0,2.9333333333333336,False,below within-person threshold
24562ef3-1f67-464b-a9e1-fc519b9cb530,2026-06-01 00:25:00,25,5,1.0,1.1685670210944052,0.32553252837218505,1.8420366047183785,9.0,3.0,2.866666666666667,False,cooldown active
24562ef3-1f67-464b-a9e1-fc519b9cb530,2026-06-01 00:26:00,26,5,2.0,1.1685670210944052,0.32553252837218505,1.8420366047183785,1.0,3.3333333333333335,3.0,False,cooldown active
24562ef3-1f67-464b-a9e1-fc519b9cb530,2026-06-01 00:27:00,27,5,3.0,1.1685670210944052,0.32553252837218505,1.8420366047183785,1.0,3.6666666666666665,3.0666666666666678,False,cooldown active
24562ef3-1f67-464b-a9e1-fc519b9cb530,2026-06-01 00:28:00,28,5,2.0,1.1685670210944052,0.32553252837218505,1.8420366047183785,1.0,1.0,3.3333333333333335,False,below within-person threshold
24562ef3-1f67-464b-a9e1-fc519b9cb530,2026-06-01 00:29:00,29,5,1.0,1.1685670210944052,0.32553252837218505,1.8420366047183785,1.0,1.0,3.266666666666667,False,below within-person threshold
24562ef3-1f67-464b-a9e1-fc519b9cb530,2026-06-01 00:30:00,30,6,2.0,1.1685670210944052,0.32553252837218505,1.8420366047183785,1.0,1.0,3.2000000000000006,False,below within-person threshold
24562ef3-1f67-464b-a9e1-fc519b9cb530,2026-06-01 00:31:00,31,6,3.0,1.1685670210944052,0.32553252837218505,1.8420366047183785,1.0,1.0,3.133333333333334,False,below within-person threshold
24562ef3-1f67-464b-a9e1-fc519b9cb530,2026-06-01 00:32:00,32,6,4.0,1.1685670210944052,0.32553252837218505,1.8420366047183785,1.0,1.0,3.0666666666666678,False,below within-person threshold
24562ef3-1f67-464b-a9e1-fc519b9cb530,2026-06-01 00:33:00,33,6,4.0,1.1685670210944052,0.32553252837218505,1.8420366047183785,0.0,0.6666666666666666,3.0,False,below within-person threshold
24562ef3-1f67-464b-a9e1-fc519b9cb530,2026-06-01 00:34:00,34,6,3.0,1.1685670210944052,0.32553252837218505,1.8420366047183785,1.0,0.6666666666666666,3.0,False,below within-person threshold
252ee416-922f-4450-85f1-f3e6d92f7b94,2026-06-01 00:00:00,0,0,3.0,1.380244395278202,0.6245022681023843,1.4307023758049213,,,,False,missing or insufficient EMA data
252ee416-922f-4450-85f1-f3e6d92f7b94,2026-06-01 00:01:00,1,0,4.0,1.380244395278202,0.6245022681023843,1.4307023758049213,1.0,1.0,,False,insufficient within-person history
252ee416-922f-4450-85f1-f3e6d92f7b94,2026-06-01 00:02:00,2,0,3.0,1.380244395278202,0.6245022681023843,1.4307023758049213,1.0,1.0,,False,insufficient within-person history
252ee416-922f-4450-85f1-f3e6d92f7b94,2026-06-01 00:03:00,3,0,3.0,1.380244395278202,0.6245022681023843,1.4307023758049213,0.0,0.6666666666666666,,False,insufficient within-person history
252ee416-922f-4450-85f1-f3e6d92f7b94,2026-06-01 00:04:00,4,0,4.0,1.380244395278202,0.6245022681023843,1.4307023758049213,1.0,0.6666666666666666,1.0,False,below within-person threshold
252ee416-922f-4450-85f1-f3e6d92f7b94,2026-06-01 00:05:00,5,1,4.0,1.380244395278202,0.6245022681023843,1.4307023758049213,0.0,0.3333333333333333,1.0,False,below within-person threshold
252ee416-922f-4450-85f1-f3e6d92f7b94,2026-06-01 00:06:00,6,1,3.0,1.380244395278202,0.6245022681023843,1.4307023758049213,1.0,0.6666666666666666,1.0,False,below within-person threshold
252ee416-922f-4450-85f1-f3e6d92f7b94,2026-06-01 00:07:00,7,1,4.0,1.380244395278202,0.6245022681023843,1.4307023758049213,1.0,0.6666666666666666,1.0,False,below within-person threshold
252ee416-922f-4450-85f1-f3e6d92f7b94,2026-06-01 00:08:00,8,1,4.0,1.380244395278202,0.6245022681023843,1.4307023758049213,0.0,0.6666666666666666,0.9333333333333336,False,below within-person threshold
252ee416-922f-4450-85f1-f3e6d92f7b94,2026-06-01 00:09:00,9,1,3.0,1.380244395278202,0.6245022681023843,1.4307023758049213,1.0,0.6666666666666666,0.8666666666666668,False,below within-person threshold
252ee416-922f-4450-85f1-f3e6d92f7b94,2026-06-01 00:10:00,10,2,2.0,1.380244395278202,0.6245022681023843,1.4307023758049213,1.0,0.6666666666666666,0.8,False,below within-person threshold
252ee416-922f-4450-85f1-f3e6d92f7b94,2026-06-01 00:11:00,11,2,,1.380244395278202,0.6245022681023843,1.4307023758049213,,1.0,0.7333333333333334,True,prompt sent
252ee416-922f-4450-85f1-f3e6d92f7b94,2026-06-01 00:12:00,12,2,,1.380244395278202,0.6245022681023843,1.4307023758049213,,1.0,1.0,False,below within-person threshold
252ee416-922f-4450-85f1-f3e6d92f7b94,2026-06-01 00:13:00,13,2,,1.380244395278202,0.6245022681023843,1.4307023758049213,,,1.0,False,missing or insufficient EMA data
252ee416-922f-4450-85f1-f3e6d92f7b94,2026-06-01 00:14:00,14,2,3.0,1.380244395278202,0.6245022681023843,1.4307023758049213,,,1.0,False,missing or insufficient EMA data
252ee416-922f-4450-85f1-f3e6d92f7b94,2026-06-01 00:15:00,15,3,1.0,1.380244395278202,0.6245022681023843,1.4307023758049213,4.0,4.0,1.0,False,cooldown active
252ee416-922f-4450-85f1-f3e6d92f7b94,2026-06-01 00:16:00,16,3,2.0,1.380244395278202,0.6245022681023843,1.4307023758049213,1.0,2.5,1.0,False,cooldown active
252ee416-922f-4450-85f1-f3e6d92f7b94,2026-06-01 00:17:00,17,3,4.0,1.380244395278202,0.6245022681023843,1.4307023758049213,4.0,3.0,1.0,False,cooldown active
252ee416-922f-4450-85f1-f3e6d92f7b94,2026-06-01 00:18:00,18,3,3.0,1.380244395278202,0.6245022681023843,1.4307023758049213,1.0,2.0,1.3000000000000016,False,cooldown active
252ee416-922f-4450-85f1-f3e6d92f7b94,2026-06-01 00:19:00,19,3,,1.380244395278202,0.6245022681023843,1.4307023758049213,,2.5,2.0,False,cooldown active
252ee416-922f-4450-85f1-f3e6d92f7b94,2026-06-01 00:20:00,20,4,,1.380244395278202,0.6245022681023843,1.4307023758049213,,1.0,2.4000000000000004,False,below within-person threshold
252ee416-922f-4450-85f1-f3e6d92f7b94,2026-06-01 00:21:00,21,4,4.0,1.380244395278202,0.6245022681023843,1.4307023758049213,,,2.3000000000000007,False,missing or insufficient EMA data
252ee416-922f-4450-85f1-f3e6d92f7b94,2026-06-01 00:22:00,22,4,5.0,1.380244395278202,0.6245022681023843,1.4307023758049213,1.0,1.0,2.3000000000000007,False,below within-person threshold
252ee416-922f-4450-85f1-f3e6d92f7b94,2026-06-01 00:23:00,23,4,5.0,1.380244395278202,0.6245022681023843,1.4307023758049213,0.0,0.5,2.2,False,below within-person threshold
252ee416-922f-4450-85f1-f3e6d92f7b94,2026-06-01 00:24:00,24,4,4.0,1.380244395278202,0.6245022681023843,1.4307023758049213,1.0,0.6666666666666666,2.1000000000000005,False,below within-person threshold
252ee416-922f-4450-85f1-f3e6d92f7b94,2026-06-01 00:25:00,25,5,4.0,1.380244395278202,0.6245022681023843,1.4307023758049213,0.0,0.3333333333333333,2.0,False,below within-person threshold
252ee416-922f-4450-85f1-f3e6d92f7b94,2026-06-01 00:26:00,26,5,2.0,1.380244395278202,0.6245022681023843,1.4307023758049213,4.0,1.6666666666666667,1.8000000000000007,False,below within-person threshold
252ee416-922f-4450-85f1-f3e6d92f7b94,2026-06-01 00:27:00,27,5,1.0,1.380244395278202,0.6245022681023843,1.4307023758049213,1.0,1.6666666666666667,1.8666666666666671,False,below within-person threshold
252ee416-922f-4450-85f1-f3e6d92f7b94,2026-06-01 00:28:00,28,5,2.0,1.380244395278202,0.6245022681023843,1.4307023758049213,1.0,2.0,1.8000000000000007,False,cooldown active
252ee416-922f-4450-85f1-f3e6d92f7b94,2026-06-01 00:29:00,29,5,3.0,1.380244395278202,0.6245022681023843,1.4307023758049213,1.0,1.0,2.0,False,below within-person threshold
252ee416-922f-4450-85f1-f3e6d92f7b94,2026-06-01 00:30:00,30,6,3.0,1.380244395278202,0.6245022681023843,1.4307023758049213,0.0,0.6666666666666666,2.0,False,below within-person threshold
252ee416-922f-4450-85f1-f3e6d92f7b94,2026-06-01 00:31:00,31,6,3.0,1.380244395278202,0.6245022681023843,1.4307023758049213,0.0,0.3333333333333333,1.9333333333333336,False,below within-person threshold
252ee416-922f-4450-85f1-f3e6d92f7b94,2026-06-01 00:32:00,32,6,4.0,1.380244395278202,0.6245022681023843,1.4307023758049213,1.0,0.3333333333333333,1.8666666666666671,False,below within-person threshold
252ee416-922f-4450-85f1-f3e6d92f7b94,2026-06-01 00:33:00,33,6,3.0,1.380244395278202,0.6245022681023843,1.4307023758049213,1.0,0.6666666666666666,1.8000000000000007,False,below within-person threshold
252ee416-922f-4450-85f1-f3e6d92f7b94,2026-06-01 00:34:00,34,6,4.0,1.380244395278202,0.6245022681023843,1.4307023758049213,1.0,1.0,1.7333333333333343,False,below within-person threshold
2688fc02-bde8-405c-b919-1e6b53ebf83a,2026-06-01 00:00:00,0,0,1.0,1.355800331076925,0.2701640165100483,2.683161036606775,,,,False,missing or insufficient EMA data
2688fc02-bde8-405c-b919-1e6b53ebf83a,2026-06-01 00:01:00,1,0,1.0,1.355800331076925,0.2701640165100483,2.683161036606775,0.0,0.0,,False,insufficient within-person history
2688fc02-bde8-405c-b919-1e6b53ebf83a,2026-06-01 00:02:00,2,0,2.0,1.355800331076925,0.2701640165100483,2.683161036606775,1.0,0.5,,False,insufficient within-person history
2688fc02-bde8-405c-b919-1e6b53ebf83a,2026-06-01 00:03:00,3,0,3.0,1.355800331076925,0.2701640165100483,2.683161036606775,1.0,0.6666666666666666,,False,insufficient within-person history
2688fc02-bde8-405c-b919-1e6b53ebf83a,2026-06-01 00:04:00,4,0,3.0,1.355800331076925,0.2701640165100483,2.683161036606775,0.0,0.6666666666666666,0.6,True,prompt sent
2688fc02-bde8-405c-b919-1e6b53ebf83a,2026-06-01 00:05:00,5,1,2.0,1.355800331076925,0.2701640165100483,2.683161036606775,1.0,0.6666666666666666,0.6666666666666666,False,below within-person threshold
2688fc02-bde8-405c-b919-1e6b53ebf83a,2026-06-01 00:06:00,6,1,2.0,1.355800331076925,0.2701640165100483,2.683161036606775,0.0,0.3333333333333333,0.6666666666666666,False,below within-person threshold
2688fc02-bde8-405c-b919-1e6b53ebf83a,2026-06-01 00:07:00,7,1,2.0,1.355800331076925,0.2701640165100483,2.683161036606775,0.0,0.3333333333333333,0.6666666666666666,False,below within-person threshold
2688fc02-bde8-405c-b919-1e6b53ebf83a,2026-06-01 00:08:00,8,1,2.0,1.355800331076925,0.2701640165100483,2.683161036606775,0.0,0.0,0.6666666666666666,False,below within-person threshold
2688fc02-bde8-405c-b919-1e6b53ebf83a,2026-06-01 00:09:00,9,1,1.0,1.355800331076925,0.2701640165100483,2.683161036606775,1.0,0.3333333333333333,0.6666666666666666,False,below within-person threshold
2688fc02-bde8-405c-b919-1e6b53ebf83a,2026-06-01 00:10:00,10,2,1.0,1.355800331076925,0.2701640165100483,2.683161036606775,0.0,0.3333333333333333,0.6666666666666666,False,below within-person threshold
2688fc02-bde8-405c-b919-1e6b53ebf83a,2026-06-01 00:11:00,11,2,2.0,1.355800331076925,0.2701640165100483,2.683161036606775,1.0,0.6666666666666666,0.6666666666666666,False,below within-person threshold
2688fc02-bde8-405c-b919-1e6b53ebf83a,2026-06-01 00:12:00,12,2,2.0,1.355800331076925,0.2701640165100483,2.683161036606775,0.0,0.3333333333333333,0.6666666666666666,False,below within-person threshold
2688fc02-bde8-405c-b919-1e6b53ebf83a,2026-06-01 00:13:00,13,2,1.0,1.355800331076925,0.2701640165100483,2.683161036606775,1.0,0.6666666666666666,0.6666666666666666,False,below within-person threshold
2688fc02-bde8-405c-b919-1e6b53ebf83a,2026-06-01 00:14:00,14,2,2.0,1.355800331076925,0.2701640165100483,2.683161036606775,1.0,0.6666666666666666,0.6666666666666666,False,below within-person threshold
2688fc02-bde8-405c-b919-1e6b53ebf83a,2026-06-01 00:15:00,15,3,,1.355800331076925,0.2701640165100483,2.683161036606775,,1.0,0.6666666666666666,False,cooldown active
2688fc02-bde8-405c-b919-1e6b53ebf83a,2026-06-01 00:16:00,16,3,2.0,1.355800331076925,0.2701640165100483,2.683161036606775,,1.0,0.6666666666666666,False,cooldown active
2688fc02-bde8-405c-b919-1e6b53ebf83a,2026-06-01 00:17:00,17,3,2.0,1.355800331076925,0.2701640165100483,2.683161036606775,0.0,0.0,0.6666666666666666,False,below within-person threshold
2688fc02-bde8-405c-b919-1e6b53ebf83a,2026-06-01 00:18:00,18,3,3.0,1.355800331076925,0.2701640165100483,2.683161036606775,1.0,0.5,0.6666666666666666,False,below within-person threshold
2688fc02-bde8-405c-b919-1e6b53ebf83a,2026-06-01 00:19:00,19,3,,1.355800331076925,0.2701640165100483,2.683161036606775,,0.5,0.6666666666666666,False,below within-person threshold
2688fc02-bde8-405c-b919-1e6b53ebf83a,2026-06-01 00:20:00,20,4,,1.355800331076925,0.2701640165100483,2.683161036606775,,1.0,0.6666666666666666,False,cooldown active
2688fc02-bde8-405c-b919-1e6b53ebf83a,2026-06-01 00:21:00,21,4,,1.355800331076925,0.2701640165100483,2.683161036606775,,,0.6666666666666666,False,missing or insufficient EMA data
2688fc02-bde8-405c-b919-1e6b53ebf83a,2026-06-01 00:22:00,22,4,5.0,1.355800331076925,0.2701640165100483,2.683161036606775,,,0.6666666666666666,False,missing or insufficient EMA data
2688fc02-bde8-405c-b919-1e6b53ebf83a,2026-06-01 00:23:00,23,4,3.0,1.355800331076925,0.2701640165100483,2.683161036606775,4.0,4.0,0.6666666666666666,False,cooldown active
2688fc02-bde8-405c-b919-1e6b53ebf83a,2026-06-01 00:24:00,24,4,1.0,1.355800331076925,0.2701640165100483,2.683161036606775,4.0,4.0,0.6666666666666666,False,cooldown active
2688fc02-bde8-405c-b919-1e6b53ebf83a,2026-06-01 00:25:00,25,5,3.0,1.355800331076925,0.2701640165100483,2.683161036606775,4.0,4.0,0.9333333333333336,False,cooldown active
2688fc02-bde8-405c-b919-1e6b53ebf83a,2026-06-01 00:26:00,26,5,3.0,1.355800331076925,0.2701640165100483,2.683161036606775,0.0,2.6666666666666665,1.0,False,cooldown active
2688fc02-bde8-405c-b919-1e6b53ebf83a,2026-06-01 00:27:00,27,5,4.0,1.355800331076925,0.2701640165100483,2.683161036606775,1.0,1.6666666666666667,1.0,False,cooldown active
2688fc02-bde8-405c-b919-1e6b53ebf83a,2026-06-01 00:28:00,28,5,3.0,1.355800331076925,0.2701640165100483,2.683161036606775,1.0,0.6666666666666666,1.1333333333333353,False,below within-person threshold
2688fc02-bde8-405c-b919-1e6b53ebf83a,2026-06-01 00:29:00,29,5,,1.355800331076925,0.2701640165100483,2.683161036606775,,1.0,1.0,False,below within-person threshold
2688fc02-bde8-405c-b919-1e6b53ebf83a,2026-06-01 00:30:00,30,6,,1.355800331076925,0.2701640165100483,2.683161036606775,,1.0,1.0,False,below within-person threshold
2688fc02-bde8-405c-b919-1e6b53ebf83a,2026-06-01 00:31:00,31,6,,1.355800331076925,0.2701640165100483,2.683161036606775,,,1.0,False,missing or insufficient EMA data
2688fc02-bde8-405c-b919-1e6b53ebf83a,2026-06-01 00:32:00,32,6,,1.355800331076925,0.2701640165100483,2.683161036606775,,,1.0,False,missing or insufficient EMA data
2688fc02-bde8-405c-b919-1e6b53ebf83a,2026-06-01 00:33:00,33,6,1.0,1.355800331076925,0.2701640165100483,2.683161036606775,,,1.0,False,missing or insufficient EMA data
2688fc02-bde8-405c-b919-1e6b53ebf83a,2026-06-01 00:34:00,34,6,3.0,1.355800331076925,0.2701640165100483,2.683161036606775,4.0,4.0,1.0,False,cooldown active
28024eda-e12b-40a4-aafd-d08657a4f216,2026-06-01 00:00:00,0,0,3.0,0.6097356897273276,0.3840395094747918,0.45800063967885846,,,,False,missing or insufficient EMA data
28024eda-e12b-40a4-aafd-d08657a4f216,2026-06-01 00:01:00,1,0,,0.6097356897273276,0.3840395094747918,0.45800063967885846,,,,False,missing or insufficient EMA data
28024eda-e12b-40a4-aafd-d08657a4f216,2026-06-01 00:02:00,2,0,,0.6097356897273276,0.3840395094747918,0.45800063967885846,,,,False,missing or insufficient EMA data
28024eda-e12b-40a4-aafd-d08657a4f216,2026-06-01 00:03:00,3,0,2.0,0.6097356897273276,0.3840395094747918,0.45800063967885846,,,,False,missing or insufficient EMA data
28024eda-e12b-40a4-aafd-d08657a4f216,2026-06-01 00:04:00,4,0,2.0,0.6097356897273276,0.3840395094747918,0.45800063967885846,0.0,0.0,,False,insufficient within-person history
28024eda-e12b-40a4-aafd-d08657a4f216,2026-06-01 00:05:00,5,1,2.0,0.6097356897273276,0.3840395094747918,0.45800063967885846,0.0,0.0,,False,insufficient within-person history
28024eda-e12b-40a4-aafd-d08657a4f216,2026-06-01 00:06:00,6,1,2.0,0.6097356897273276,0.3840395094747918,0.45800063967885846,0.0,0.0,,False,insufficient within-person history
28024eda-e12b-40a4-aafd-d08657a4f216,2026-06-01 00:07:00,7,1,3.0,0.6097356897273276,0.3840395094747918,0.45800063967885846,1.0,0.3333333333333333,0.0,True,prompt sent
28024eda-e12b-40a4-aafd-d08657a4f216,2026-06-01 00:08:00,8,1,3.0,0.6097356897273276,0.3840395094747918,0.45800063967885846,0.0,0.3333333333333333,0.13333333333333344,False,cooldown active
28024eda-e12b-40a4-aafd-d08657a4f216,2026-06-01 00:09:00,9,1,2.0,0.6097356897273276,0.3840395094747918,0.45800063967885846,1.0,0.6666666666666666,0.3333333333333333,False,cooldown active
28024eda-e12b-40a4-aafd-d08657a4f216,2026-06-01 00:10:00,10,2,2.0,0.6097356897273276,0.3840395094747918,0.45800063967885846,0.0,0.3333333333333333,0.3333333333333333,False,below within-person threshold
28024eda-e12b-40a4-aafd-d08657a4f216,2026-06-01 00:11:00,11,2,3.0,0.6097356897273276,0.3840395094747918,0.45800063967885846,1.0,0.6666666666666666,0.3333333333333333,False,cooldown active
28024eda-e12b-40a4-aafd-d08657a4f216,2026-06-01 00:12:00,12,2,3.0,0.6097356897273276,0.3840395094747918,0.45800063967885846,0.0,0.3333333333333333,0.5333333333333334,False,below within-person threshold
28024eda-e12b-40a4-aafd-d08657a4f216,2026-06-01 00:13:00,13,2,2.0,0.6097356897273276,0.3840395094747918,0.45800063967885846,1.0,0.6666666666666666,0.4666666666666668,False,cooldown active
28024eda-e12b-40a4-aafd-d08657a4f216,2026-06-01 00:14:00,14,2,2.0,0.6097356897273276,0.3840395094747918,0.45800063967885846,0.0,0.3333333333333333,0.6666666666666666,False,below within-person threshold
28024eda-e12b-40a4-aafd-d08657a4f216,2026-06-01 00:15:00,15,3,2.0,0.6097356897273276,0.3840395094747918,0.45800063967885846,0.0,0.3333333333333333,0.6666666666666666,False,below within-person threshold
28024eda-e12b-40a4-aafd-d08657a4f216,2026-06-01 00:16:00,16,3,3.0,0.6097356897273276,0.3840395094747918,0.45800063967885846,1.0,0.3333333333333333,0.6000000000000002,False,below within-person threshold
28024eda-e12b-40a4-aafd-d08657a4f216,2026-06-01 00:17:00,17,3,3.0,0.6097356897273276,0.3840395094747918,0.45800063967885846,0.0,0.3333333333333333,0.5333333333333338,False,below within-person threshold
28024eda-e12b-40a4-aafd-d08657a4f216,2026-06-01 00:18:00,18,3,2.0,0.6097356897273276,0.3840395094747918,0.45800063967885846,1.0,0.6666666666666666,0.4666666666666668,False,cooldown active
28024eda-e12b-40a4-aafd-d08657a4f216,2026-06-01 00:19:00,19,3,2.0,0.6097356897273276,0.3840395094747918,0.45800063967885846,0.0,0.3333333333333333,0.6666666666666666,False,below within-person threshold
28024eda-e12b-40a4-aafd-d08657a4f216,2026-06-01 00:20:00,20,4,2.0,0.6097356897273276,0.3840395094747918,0.45800063967885846,0.0,0.3333333333333333,0.6666666666666666,False,below within-person threshold
28024eda-e12b-40a4-aafd-d08657a4f216,2026-06-01 00:21:00,21,4,1.0,0.6097356897273276,0.3840395094747918,0.45800063967885846,1.0,0.3333333333333333,0.6000000000000002,False,below within-person threshold
28024eda-e12b-40a4-aafd-d08657a4f216,2026-06-01 00:22:00,22,4,2.0,0.6097356897273276,0.3840395094747918,0.45800063967885846,1.0,0.6666666666666666,0.5333333333333338,False,cooldown active
28024eda-e12b-40a4-aafd-d08657a4f216,2026-06-01 00:23:00,23,4,2.0,0.6097356897273276,0.3840395094747918,0.45800063967885846,0.0,0.6666666666666666,0.6666666666666666,False,below within-person threshold
28024eda-e12b-40a4-aafd-d08657a4f216,2026-06-01 00:24:00,24,4,2.0,0.6097356897273276,0.3840395094747918,0.45800063967885846,0.0,0.3333333333333333,0.6666666666666666,False,below within-person threshold
28024eda-e12b-40a4-aafd-d08657a4f216,2026-06-01 00:25:00,25,5,3.0,0.6097356897273276,0.3840395094747918,0.45800063967885846,1.0,0.3333333333333333,0.6666666666666666,False,below within-person threshold
28024eda-e12b-40a4-aafd-d08657a4f216,2026-06-01 00:26:00,26,5,2.0,0.6097356897273276,0.3840395094747918,0.45800063967885846,1.0,0.6666666666666666,0.6666666666666666,False,below within-person threshold
28024eda-e12b-40a4-aafd-d08657a4f216,2026-06-01 00:27:00,27,5,2.0,0.6097356897273276,0.3840395094747918,0.45800063967885846,0.0,0.6666666666666666,0.6666666666666666,False,below within-person threshold
28024eda-e12b-40a4-aafd-d08657a4f216,2026-06-01 00:28:00,28,5,2.0,0.6097356897273276,0.3840395094747918,0.45800063967885846,0.0,0.3333333333333333,0.6666666666666666,False,below within-person threshold
28024eda-e12b-40a4-aafd-d08657a4f216,2026-06-01 00:29:00,29,5,2.0,0.6097356897273276,0.3840395094747918,0.45800063967885846,0.0,0.0,0.6666666666666666,False,below within-person threshold
28024eda-e12b-40a4-aafd-d08657a4f216,2026-06-01 00:30:00,30,6,2.0,0.6097356897273276,0.3840395094747918,0.45800063967885846,0.0,0.0,0.6666666666666666,False,below within-person threshold
28024eda-e12b-40a4-aafd-d08657a4f216,2026-06-01 00:31:00,31,6,2.0,0.6097356897273276,0.3840395094747918,0.45800063967885846,0.0,0.0,0.6666666666666666,False,below within-person threshold
28024eda-e12b-40a4-aafd-d08657a4f216,2026-06-01 00:32:00,32,6,,0.6097356897273276,0.3840395094747918,0.45800063967885846,,0.0,0.6666666666666666,False,below within-person threshold
28024eda-e12b-40a4-aafd-d08657a4f216,2026-06-01 00:33:00,33,6,3.0,0.6097356897273276,0.3840395094747918,0.45800063967885846,,0.0,0.6666666666666666,False,below within-person threshold
28024eda-e12b-40a4-aafd-d08657a4f216,2026-06-01 00:34:00,34,6,3.0,0.6097356897273276,0.3840395094747918,0.45800063967885846,0.0,0.0,0.6666666666666666,False,below within-person threshold
290c1d4f-33d7-4e50-bcb1-6f22ef7be18d,2026-06-01 00:00:00,0,0,,0.9890715547623503,0.46368050543295003,1.049322542485332,,,,False,missing or insufficient EMA data
290c1d4f-33d7-4e50-bcb1-6f22ef7be18d,2026-06-01 00:01:00,1,0,3.0,0.9890715547623503,0.46368050543295003,1.049322542485332,,,,False,missing or insufficient EMA data
290c1d4f-33d7-4e50-bcb1-6f22ef7be18d,2026-06-01 00:02:00,2,0,4.0,0.9890715547623503,0.46368050543295003,1.049322542485332,1.0,1.0,,False,insufficient within-person history
290c1d4f-33d7-4e50-bcb1-6f22ef7be18d,2026-06-01 00:03:00,3,0,4.0,0.9890715547623503,0.46368050543295003,1.049322542485332,0.0,0.5,,False,insufficient within-person history
290c1d4f-33d7-4e50-bcb1-6f22ef7be18d,2026-06-01 00:04:00,4,0,4.0,0.9890715547623503,0.46368050543295003,1.049322542485332,0.0,0.3333333333333333,,False,insufficient within-person history
290c1d4f-33d7-4e50-bcb1-6f22ef7be18d,2026-06-01 00:05:00,5,1,2.0,0.9890715547623503,0.46368050543295003,1.049322542485332,4.0,1.3333333333333333,0.8,True,prompt sent
290c1d4f-33d7-4e50-bcb1-6f22ef7be18d,2026-06-01 00:06:00,6,1,3.0,0.9890715547623503,0.46368050543295003,1.049322542485332,1.0,1.6666666666666667,1.1333333333333335,False,cooldown active
290c1d4f-33d7-4e50-bcb1-6f22ef7be18d,2026-06-01 00:07:00,7,1,3.0,0.9890715547623503,0.46368050543295003,1.049322542485332,0.0,1.6666666666666667,1.4,False,cooldown active
290c1d4f-33d7-4e50-bcb1-6f22ef7be18d,2026-06-01 00:08:00,8,1,4.0,0.9890715547623503,0.46368050543295003,1.049322542485332,1.0,0.6666666666666666,1.6666666666666667,False,below within-person threshold
290c1d4f-33d7-4e50-bcb1-6f22ef7be18d,2026-06-01 00:09:00,9,1,5.0,0.9890715547623503,0.46368050543295003,1.049322542485332,1.0,0.6666666666666666,1.6000000000000003,False,below within-person threshold
290c1d4f-33d7-4e50-bcb1-6f22ef7be18d,2026-06-01 00:10:00,10,2,2.0,0.9890715547623503,0.46368050543295003,1.049322542485332,9.0,3.6666666666666665,1.5333333333333334,False,cooldown active
290c1d4f-33d7-4e50-bcb1-6f22ef7be18d,2026-06-01 00:11:00,11,2,4.0,0.9890715547623503,0.46368050543295003,1.049322542485332,4.0,4.666666666666667,1.6666666666666667,False,cooldown active
290c1d4f-33d7-4e50-bcb1-6f22ef7be18d,2026-06-01 00:12:00,12,2,3.0,0.9890715547623503,0.46368050543295003,1.049322542485332,1.0,4.666666666666667,2.066666666666667,False,cooldown active
290c1d4f-33d7-4e50-bcb1-6f22ef7be18d,2026-06-01 00:13:00,13,2,2.0,0.9890715547623503,0.46368050543295003,1.049322542485332,1.0,2.0,3.6666666666666665,False,below within-person threshold
290c1d4f-33d7-4e50-bcb1-6f22ef7be18d,2026-06-01 00:14:00,14,2,3.0,0.9890715547623503,0.46368050543295003,1.049322542485332,1.0,1.0,3.3333333333333344,False,below within-person threshold
290c1d4f-33d7-4e50-bcb1-6f22ef7be18d,2026-06-01 00:15:00,15,3,3.0,0.9890715547623503,0.46368050543295003,1.049322542485332,0.0,0.6666666666666666,3.000000000000002,False,below within-person threshold
290c1d4f-33d7-4e50-bcb1-6f22ef7be18d,2026-06-01 00:16:00,16,3,4.0,0.9890715547623503,0.46368050543295003,1.049322542485332,1.0,0.6666666666666666,2.6666666666666674,False,below within-person threshold
290c1d4f-33d7-4e50-bcb1-6f22ef7be18d,2026-06-01 00:17:00,17,3,5.0,0.9890715547623503,0.46368050543295003,1.049322542485332,1.0,0.6666666666666666,2.3333333333333353,False,below within-person threshold
290c1d4f-33d7-4e50-bcb1-6f22ef7be18d,2026-06-01 00:18:00,18,3,3.0,0.9890715547623503,0.46368050543295003,1.049322542485332,4.0,2.0,2.0,False,below within-person threshold
290c1d4f-33d7-4e50-bcb1-6f22ef7be18d,2026-06-01 00:19:00,19,3,3.0,0.9890715547623503,0.46368050543295003,1.049322542485332,0.0,1.6666666666666667,2.0,False,below within-person threshold
290c1d4f-33d7-4e50-bcb1-6f22ef7be18d,2026-06-01 00:20:00,20,4,3.0,0.9890715547623503,0.46368050543295003,1.049322542485332,0.0,1.3333333333333333,2.0,False,below within-person threshold
290c1d4f-33d7-4e50-bcb1-6f22ef7be18d,2026-06-01 00:21:00,21,4,,0.9890715547623503,0.46368050543295003,1.049322542485332,,0.0,2.0,False,below within-person threshold
290c1d4f-33d7-4e50-bcb1-6f22ef7be18d,2026-06-01 00:22:00,22,4,,0.9890715547623503,0.46368050543295003,1.049322542485332,,0.0,2.0,False,below within-person threshold
290c1d4f-33d7-4e50-bcb1-6f22ef7be18d,2026-06-01 00:23:00,23,4,,0.9890715547623503,0.46368050543295003,1.049322542485332,,,2.0,False,missing or insufficient EMA data
290c1d4f-33d7-4e50-bcb1-6f22ef7be18d,2026-06-01 00:24:00,24,4,,0.9890715547623503,0.46368050543295003,1.049322542485332,,,2.0,False,missing or insufficient EMA data
290c1d4f-33d7-4e50-bcb1-6f22ef7be18d,2026-06-01 00:25:00,25,5,3.0,0.9890715547623503,0.46368050543295003,1.049322542485332,,,2.0,False,missing or insufficient EMA data
290c1d4f-33d7-4e50-bcb1-6f22ef7be18d,2026-06-01 00:26:00,26,5,3.0,0.9890715547623503,0.46368050543295003,1.049322542485332,0.0,0.0,2.0,False,below within-person threshold
290c1d4f-33d7-4e50-bcb1-6f22ef7be18d,2026-06-01 00:27:00,27,5,4.0,0.9890715547623503,0.46368050543295003,1.049322542485332,1.0,0.5,1.9333333333333336,False,below within-person threshold
290c1d4f-33d7-4e50-bcb1-6f22ef7be18d,2026-06-01 00:28:00,28,5,4.0,0.9890715547623503,0.46368050543295003,1.049322542485332,0.0,0.3333333333333333,1.8666666666666671,False,below within-person threshold
290c1d4f-33d7-4e50-bcb1-6f22ef7be18d,2026-06-01 00:29:00,29,5,,0.9890715547623503,0.46368050543295003,1.049322542485332,,0.5,1.8000000000000007,False,below within-person threshold
290c1d4f-33d7-4e50-bcb1-6f22ef7be18d,2026-06-01 00:30:00,30,6,3.0,0.9890715547623503,0.46368050543295003,1.049322542485332,,0.0,1.7333333333333343,False,below within-person threshold
290c1d4f-33d7-4e50-bcb1-6f22ef7be18d,2026-06-01 00:31:00,31,6,1.0,0.9890715547623503,0.46368050543295003,1.049322542485332,4.0,4.0,1.6666666666666667,False,cooldown active
290c1d4f-33d7-4e50-bcb1-6f22ef7be18d,2026-06-01 00:32:00,32,6,3.0,0.9890715547623503,0.46368050543295003,1.049322542485332,4.0,4.0,1.9333333333333336,False,cooldown active
290c1d4f-33d7-4e50-bcb1-6f22ef7be18d,2026-06-01 00:33:00,33,6,3.0,0.9890715547623503,0.46368050543295003,1.049322542485332,0.0,2.6666666666666665,2.0,False,cooldown active
290c1d4f-33d7-4e50-bcb1-6f22ef7be18d,2026-06-01 00:34:00,34,6,4.0,0.9890715547623503,0.46368050543295003,1.049322542485332,1.0,1.6666666666666667,2.266666666666668,False,below within-person threshold
32d19eba-49f9-4375-aa7a-29d560847bc6,2026-06-01 00:00:00,0,0,4.0,0.3926721518540918,0.29079882914304644,0.21870546955728967,,,,False,missing or insufficient EMA data
32d19eba-49f9-4375-aa7a-29d560847bc6,2026-06-01 00:01:00,1,0,3.0,0.3926721518540918,0.29079882914304644,0.21870546955728967,1.0,1.0,,False,insufficient within-person history
32d19eba-49f9-4375-aa7a-29d560847bc6,2026-06-01 00:02:00,2,0,3.0,0.3926721518540918,0.29079882914304644,0.21870546955728967,0.0,0.5,,False,insufficient within-person history
32d19eba-49f9-4375-aa7a-29d560847bc6,2026-06-01 00:03:00,3,0,4.0,0.3926721518540918,0.29079882914304644,0.21870546955728967,1.0,0.6666666666666666,,False,insufficient within-person history
32d19eba-49f9-4375-aa7a-29d560847bc6,2026-06-01 00:04:00,4,0,4.0,0.3926721518540918,0.29079882914304644,0.21870546955728967,0.0,0.3333333333333333,0.8666666666666667,False,below within-person threshold
32d19eba-49f9-4375-aa7a-29d560847bc6,2026-06-01 00:05:00,5,1,4.0,0.3926721518540918,0.29079882914304644,0.21870546955728967,0.0,0.3333333333333333,0.8,False,below within-person threshold
32d19eba-49f9-4375-aa7a-29d560847bc6,2026-06-01 00:06:00,6,1,4.0,0.3926721518540918,0.29079882914304644,0.21870546955728967,0.0,0.0,0.7333333333333334,False,below within-person threshold
32d19eba-49f9-4375-aa7a-29d560847bc6,2026-06-01 00:07:00,7,1,4.0,0.3926721518540918,0.29079882914304644,0.21870546955728967,0.0,0.0,0.6666666666666666,False,below within-person threshold
32d19eba-49f9-4375-aa7a-29d560847bc6,2026-06-01 00:08:00,8,1,4.0,0.3926721518540918,0.29079882914304644,0.21870546955728967,0.0,0.0,0.6333333333333334,False,below within-person threshold
32d19eba-49f9-4375-aa7a-29d560847bc6,2026-06-01 00:09:00,9,1,3.0,0.3926721518540918,0.29079882914304644,0.21870546955728967,1.0,0.3333333333333333,0.6000000000000001,False,below within-person threshold
32d19eba-49f9-4375-aa7a-29d560847bc6,2026-06-01 00:10:00,10,2,3.0,0.3926721518540918,0.29079882914304644,0.21870546955728967,0.0,0.3333333333333333,0.5666666666666668,False,below within-person threshold
32d19eba-49f9-4375-aa7a-29d560847bc6,2026-06-01 00:11:00,11,2,4.0,0.3926721518540918,0.29079882914304644,0.21870546955728967,1.0,0.6666666666666666,0.5333333333333333,True,prompt sent
32d19eba-49f9-4375-aa7a-29d560847bc6,2026-06-01 00:12:00,12,2,4.0,0.3926721518540918,0.29079882914304644,0.21870546955728967,0.0,0.3333333333333333,0.6666666666666666,False,below within-person threshold
32d19eba-49f9-4375-aa7a-29d560847bc6,2026-06-01 00:13:00,13,2,4.0,0.3926721518540918,0.29079882914304644,0.21870546955728967,0.0,0.3333333333333333,0.6333333333333334,False,below within-person threshold
32d19eba-49f9-4375-aa7a-29d560847bc6,2026-06-01 00:14:00,14,2,3.0,0.3926721518540918,0.29079882914304644,0.21870546955728967,1.0,0.3333333333333333,0.6000000000000002,False,below within-person threshold
32d19eba-49f9-4375-aa7a-29d560847bc6,2026-06-01 00:15:00,15,3,4.0,0.3926721518540918,0.29079882914304644,0.21870546955728967,1.0,0.6666666666666666,0.5666666666666668,False,cooldown active
32d19eba-49f9-4375-aa7a-29d560847bc6,2026-06-01 00:16:00,16,3,4.0,0.3926721518540918,0.29079882914304644,0.21870546955728967,0.0,0.6666666666666666,0.6666666666666666,False,below within-person threshold
32d19eba-49f9-4375-aa7a-29d560847bc6,2026-06-01 00:17:00,17,3,4.0,0.3926721518540918,0.29079882914304644,0.21870546955728967,0.0,0.3333333333333333,0.6666666666666666,False,below within-person threshold
32d19eba-49f9-4375-aa7a-29d560847bc6,2026-06-01 00:18:00,18,3,3.0,0.3926721518540918,0.29079882914304644,0.21870546955728967,1.0,0.3333333333333333,0.6666666666666666,False,below within-person threshold
32d19eba-49f9-4375-aa7a-29d560847bc6,2026-06-01 00:19:00,19,3,4.0,0.3926721518540918,0.29079882914304644,0.21870546955728967,1.0,0.6666666666666666,0.6666666666666666,False,below within-person threshold
32d19eba-49f9-4375-aa7a-29d560847bc6,2026-06-01 00:20:00,20,4,4.0,0.3926721518540918,0.29079882914304644,0.21870546955728967,0.0,0.6666666666666666,0.6666666666666666,False,below within-person threshold
32d19eba-49f9-4375-aa7a-29d560847bc6,2026-06-01 00:21:00,21,4,4.0,0.3926721518540918,0.29079882914304644,0.21870546955728967,0.0,0.3333333333333333,0.6666666666666666,False,below within-person threshold
32d19eba-49f9-4375-aa7a-29d560847bc6,2026-06-01 00:22:00,22,4,3.0,0.3926721518540918,0.29079882914304644,0.21870546955728967,1.0,0.3333333333333333,0.6666666666666666,False,below within-person threshold
32d19eba-49f9-4375-aa7a-29d560847bc6,2026-06-01 00:23:00,23,4,3.0,0.3926721518540918,0.29079882914304644,0.21870546955728967,0.0,0.3333333333333333,0.6666666666666666,False,below within-person threshold
32d19eba-49f9-4375-aa7a-29d560847bc6,2026-06-01 00:24:00,24,4,4.0,0.3926721518540918,0.29079882914304644,0.21870546955728967,1.0,0.6666666666666666,0.6666666666666666,False,below within-person threshold
32d19eba-49f9-4375-aa7a-29d560847bc6,2026-06-01 00:25:00,25,5,5.0,0.3926721518540918,0.29079882914304644,0.21870546955728967,1.0,0.6666666666666666,0.6666666666666666,False,below within-person threshold
32d19eba-49f9-4375-aa7a-29d560847bc6,2026-06-01 00:26:00,26,5,4.0,0.3926721518540918,0.29079882914304644,0.21870546955728967,1.0,1.0,0.6666666666666666,False,cooldown active
32d19eba-49f9-4375-aa7a-29d560847bc6,2026-06-01 00:27:00,27,5,4.0,0.3926721518540918,0.29079882914304644,0.21870546955728967,0.0,0.6666666666666666,0.6666666666666666,False,below within-person threshold
32d19eba-49f9-4375-aa7a-29d560847bc6,2026-06-01 00:28:00,28,5,4.0,0.3926721518540918,0.29079882914304644,0.21870546955728967,0.0,0.3333333333333333,0.6666666666666666,False,below within-person threshold
32d19eba-49f9-4375-aa7a-29d560847bc6,2026-06-01 00:29:00,29,5,4.0,0.3926721518540918,0.29079882914304644,0.21870546955728967,0.0,0.0,0.6666666666666666,False,below within-person threshold
32d19eba-49f9-4375-aa7a-29d560847bc6,2026-06-01 00:30:00,30,6,4.0,0.3926721518540918,0.29079882914304644,0.21870546955728967,0.0,0.0,0.6666666666666666,False,below within-person threshold
32d19eba-49f9-4375-aa7a-29d560847bc6,2026-06-01 00:31:00,31,6,4.0,0.3926721518540918,0.29079882914304644,0.21870546955728967,0.0,0.0,0.6666666666666666,False,below within-person threshold
32d19eba-49f9-4375-aa7a-29d560847bc6,2026-06-01 00:32:00,32,6,4.0,0.3926721518540918,0.29079882914304644,0.21870546955728967,0.0,0.0,0.6666666666666666,False,below within-person threshold
32d19eba-49f9-4375-aa7a-29d560847bc6,2026-06-01 00:33:00,33,6,4.0,0.3926721518540918,0.29079882914304644,0.21870546955728967,0.0,0.0,0.6666666666666666,False,below within-person threshold
32d19eba-49f9-4375-aa7a-29d560847bc6,2026-06-01 00:34:00,34,6,4.0,0.3926721518540918,0.29079882914304644,0.21870546955728967,0.0,0.0,0.6666666666666666,False,below within-person threshold
33ac80b1-85c1-42a3-8522-a9903f0a5118,2026-06-01 00:00:00,0,0,2.0,1.2430312290314538,0.7783952122659967,0.6848149205398607,,,,False,missing or insufficient EMA data
33ac80b1-85c1-42a3-8522-a9903f0a5118,2026-06-01 00:01:00,1,0,3.0,1.2430312290314538,0.7783952122659967,0.6848149205398607,1.0,1.0,,False,insufficient within-person history
33ac80b1-85c1-42a3-8522-a9903f0a5118,2026-06-01 00:02:00,2,0,4.0,1.2430312290314538,0.7783952122659967,0.6848149205398607,1.0,1.0,,False,insufficient within-person history
33ac80b1-85c1-42a3-8522-a9903f0a5118,2026-06-01 00:03:00,3,0,3.0,1.2430312290314538,0.7783952122659967,0.6848149205398607,1.0,1.0,,False,insufficient within-person history
33ac80b1-85c1-42a3-8522-a9903f0a5118,2026-06-01 00:04:00,4,0,4.0,1.2430312290314538,0.7783952122659967,0.6848149205398607,1.0,1.0,1.0,False,below within-person threshold
33ac80b1-85c1-42a3-8522-a9903f0a5118,2026-06-01 00:05:00,5,1,3.0,1.2430312290314538,0.7783952122659967,0.6848149205398607,1.0,1.0,1.0,False,below within-person threshold
33ac80b1-85c1-42a3-8522-a9903f0a5118,2026-06-01 00:06:00,6,1,4.0,1.2430312290314538,0.7783952122659967,0.6848149205398607,1.0,1.0,1.0,False,below within-person threshold
33ac80b1-85c1-42a3-8522-a9903f0a5118,2026-06-01 00:07:00,7,1,3.0,1.2430312290314538,0.7783952122659967,0.6848149205398607,1.0,1.0,1.0,False,below within-person threshold
33ac80b1-85c1-42a3-8522-a9903f0a5118,2026-06-01 00:08:00,8,1,3.0,1.2430312290314538,0.7783952122659967,0.6848149205398607,0.0,0.6666666666666666,1.0,False,below within-person threshold
33ac80b1-85c1-42a3-8522-a9903f0a5118,2026-06-01 00:09:00,9,1,2.0,1.2430312290314538,0.7783952122659967,0.6848149205398607,1.0,0.6666666666666666,1.0,False,below within-person threshold
33ac80b1-85c1-42a3-8522-a9903f0a5118,2026-06-01 00:10:00,10,2,2.0,1.2430312290314538,0.7783952122659967,0.6848149205398607,0.0,0.3333333333333333,1.0,False,below within-person threshold
33ac80b1-85c1-42a3-8522-a9903f0a5118,2026-06-01 00:11:00,11,2,3.0,1.2430312290314538,0.7783952122659967,0.6848149205398607,1.0,0.6666666666666666,1.0,False,below within-person threshold
33ac80b1-85c1-42a3-8522-a9903f0a5118,2026-06-01 00:12:00,12,2,,1.2430312290314538,0.7783952122659967,0.6848149205398607,,0.5,1.0,False,below within-person threshold
33ac80b1-85c1-42a3-8522-a9903f0a5118,2026-06-01 00:13:00,13,2,3.0,1.2430312290314538,0.7783952122659967,0.6848149205398607,,1.0,1.0,False,below within-person threshold
33ac80b1-85c1-42a3-8522-a9903f0a5118,2026-06-01 00:14:00,14,2,4.0,1.2430312290314538,0.7783952122659967,0.6848149205398607,1.0,1.0,1.0,False,below within-person threshold
33ac80b1-85c1-42a3-8522-a9903f0a5118,2026-06-01 00:15:00,15,3,4.0,1.2430312290314538,0.7783952122659967,0.6848149205398607,0.0,0.5,1.0,False,below within-person threshold
33ac80b1-85c1-42a3-8522-a9903f0a5118,2026-06-01 00:16:00,16,3,,1.2430312290314538,0.7783952122659967,0.6848149205398607,,0.5,1.0,False,below within-person threshold
33ac80b1-85c1-42a3-8522-a9903f0a5118,2026-06-01 00:17:00,17,3,,1.2430312290314538,0.7783952122659967,0.6848149205398607,,0.0,1.0,False,below within-person threshold
33ac80b1-85c1-42a3-8522-a9903f0a5118,2026-06-01 00:18:00,18,3,,1.2430312290314538,0.7783952122659967,0.6848149205398607,,,1.0,False,missing or insufficient EMA data
33ac80b1-85c1-42a3-8522-a9903f0a5118,2026-06-01 00:19:00,19,3,,1.2430312290314538,0.7783952122659967,0.6848149205398607,,,1.0,False,missing or insufficient EMA data
33ac80b1-85c1-42a3-8522-a9903f0a5118,2026-06-01 00:20:00,20,4,,1.2430312290314538,0.7783952122659967,0.6848149205398607,,,1.0,False,missing or insufficient EMA data
33ac80b1-85c1-42a3-8522-a9903f0a5118,2026-06-01 00:21:00,21,4,,1.2430312290314538,0.7783952122659967,0.6848149205398607,,,1.0,False,missing or insufficient EMA data
33ac80b1-85c1-42a3-8522-a9903f0a5118,2026-06-01 00:22:00,22,4,,1.2430312290314538,0.7783952122659967,0.6848149205398607,,,1.0,False,missing or insufficient EMA data
33ac80b1-85c1-42a3-8522-a9903f0a5118,2026-06-01 00:23:00,23,4,,1.2430312290314538,0.7783952122659967,0.6848149205398607,,,1.0,False,missing or insufficient EMA data
33ac80b1-85c1-42a3-8522-a9903f0a5118,2026-06-01 00:24:00,24,4,2.0,1.2430312290314538,0.7783952122659967,0.6848149205398607,,,1.0,False,missing or insufficient EMA data
33ac80b1-85c1-42a3-8522-a9903f0a5118,2026-06-01 00:25:00,25,5,2.0,1.2430312290314538,0.7783952122659967,0.6848149205398607,0.0,0.0,1.0,False,below within-person threshold
33ac80b1-85c1-42a3-8522-a9903f0a5118,2026-06-01 00:26:00,26,5,1.0,1.2430312290314538,0.7783952122659967,0.6848149205398607,1.0,0.5,1.0,False,below within-person threshold
33ac80b1-85c1-42a3-8522-a9903f0a5118,2026-06-01 00:27:00,27,5,1.0,1.2430312290314538,0.7783952122659967,0.6848149205398607,0.0,0.3333333333333333,1.0,False,below within-person threshold
33ac80b1-85c1-42a3-8522-a9903f0a5118,2026-06-01 00:28:00,28,5,,1.2430312290314538,0.7783952122659967,0.6848149205398607,,0.5,1.0,False,below within-person threshold
33ac80b1-85c1-42a3-8522-a9903f0a5118,2026-06-01 00:29:00,29,5,,1.2430312290314538,0.7783952122659967,0.6848149205398607,,0.0,1.0,False,below within-person threshold
33ac80b1-85c1-42a3-8522-a9903f0a5118,2026-06-01 00:30:00,30,6,,1.2430312290314538,0.7783952122659967,0.6848149205398607,,,1.0,False,missing or insufficient EMA data
33ac80b1-85c1-42a3-8522-a9903f0a5118,2026-06-01 00:31:00,31,6,,1.2430312290314538,0.7783952122659967,0.6848149205398607,,,1.0,False,missing or insufficient EMA data
33ac80b1-85c1-42a3-8522-a9903f0a5118,2026-06-01 00:32:00,32,6,,1.2430312290314538,0.7783952122659967,0.6848149205398607,,,1.0,False,missing or insufficient EMA data
33ac80b1-85c1-42a3-8522-a9903f0a5118,2026-06-01 00:33:00,33,6,,1.2430312290314538,0.7783952122659967,0.6848149205398607,,,1.0,False,missing or insufficient EMA data
33ac80b1-85c1-42a3-8522-a9903f0a5118,2026-06-01 00:34:00,34,6,,1.2430312290314538,0.7783952122659967,0.6848149205398607,,,1.0,False,missing or insufficient EMA data
3b0be2c8-f676-41bd-ae94-94910a2ca1c5,2026-06-01 00:00:00,0,0,,0.9341893742042433,0.6345551678613482,0.6378545631414013,,,,False,missing or insufficient EMA data
3b0be2c8-f676-41bd-ae94-94910a2ca1c5,2026-06-01 00:01:00,1,0,,0.9341893742042433,0.6345551678613482,0.6378545631414013,,,,False,missing or insufficient EMA data
3b0be2c8-f676-41bd-ae94-94910a2ca1c5,2026-06-01 00:02:00,2,0,,0.9341893742042433,0.6345551678613482,0.6378545631414013,,,,False,missing or insufficient EMA data
3b0be2c8-f676-41bd-ae94-94910a2ca1c5,2026-06-01 00:03:00,3,0,,0.9341893742042433,0.6345551678613482,0.6378545631414013,,,,False,missing or insufficient EMA data
3b0be2c8-f676-41bd-ae94-94910a2ca1c5,2026-06-01 00:04:00,4,0,4.0,0.9341893742042433,0.6345551678613482,0.6378545631414013,,,,False,missing or insufficient EMA data
3b0be2c8-f676-41bd-ae94-94910a2ca1c5,2026-06-01 00:05:00,5,1,,0.9341893742042433,0.6345551678613482,0.6378545631414013,,,,False,missing or insufficient EMA data
3b0be2c8-f676-41bd-ae94-94910a2ca1c5,2026-06-01 00:06:00,6,1,,0.9341893742042433,0.6345551678613482,0.6378545631414013,,,,False,missing or insufficient EMA data
3b0be2c8-f676-41bd-ae94-94910a2ca1c5,2026-06-01 00:07:00,7,1,,0.9341893742042433,0.6345551678613482,0.6378545631414013,,,,False,missing or insufficient EMA data
3b0be2c8-f676-41bd-ae94-94910a2ca1c5,2026-06-01 00:08:00,8,1,,0.9341893742042433,0.6345551678613482,0.6378545631414013,,,,False,missing or insufficient EMA data
3b0be2c8-f676-41bd-ae94-94910a2ca1c5,2026-06-01 00:09:00,9,1,,0.9341893742042433,0.6345551678613482,0.6378545631414013,,,,False,missing or insufficient EMA data
3b0be2c8-f676-41bd-ae94-94910a2ca1c5,2026-06-01 00:10:00,10,2,3.0,0.9341893742042433,0.6345551678613482,0.6378545631414013,,,,False,missing or insufficient EMA data
3b0be2c8-f676-41bd-ae94-94910a2ca1c5,2026-06-01 00:11:00,11,2,2.0,0.9341893742042433,0.6345551678613482,0.6378545631414013,1.0,1.0,,False,insufficient within-person history
3b0be2c8-f676-41bd-ae94-94910a2ca1c5,2026-06-01 00:12:00,12,2,1.0,0.9341893742042433,0.6345551678613482,0.6378545631414013,1.0,1.0,,False,insufficient within-person history
3b0be2c8-f676-41bd-ae94-94910a2ca1c5,2026-06-01 00:13:00,13,2,2.0,0.9341893742042433,0.6345551678613482,0.6378545631414013,1.0,1.0,,False,insufficient within-person history
3b0be2c8-f676-41bd-ae94-94910a2ca1c5,2026-06-01 00:14:00,14,2,3.0,0.9341893742042433,0.6345551678613482,0.6378545631414013,1.0,1.0,1.0,False,below within-person threshold
3b0be2c8-f676-41bd-ae94-94910a2ca1c5,2026-06-01 00:15:00,15,3,3.0,0.9341893742042433,0.6345551678613482,0.6378545631414013,0.0,0.6666666666666666,1.0,False,below within-person threshold
3b0be2c8-f676-41bd-ae94-94910a2ca1c5,2026-06-01 00:16:00,16,3,4.0,0.9341893742042433,0.6345551678613482,0.6378545631414013,1.0,0.6666666666666666,1.0,False,below within-person threshold
3b0be2c8-f676-41bd-ae94-94910a2ca1c5,2026-06-01 00:17:00,17,3,3.0,0.9341893742042433,0.6345551678613482,0.6378545631414013,1.0,0.6666666666666666,1.0,False,below within-person threshold
3b0be2c8-f676-41bd-ae94-94910a2ca1c5,2026-06-01 00:18:00,18,3,2.0,0.9341893742042433,0.6345551678613482,0.6378545631414013,1.0,1.0,1.0,False,below within-person threshold
3b0be2c8-f676-41bd-ae94-94910a2ca1c5,2026-06-01 00:19:00,19,3,2.0,0.9341893742042433,0.6345551678613482,0.6378545631414013,0.0,0.6666666666666666,1.0,False,below within-person threshold
3b0be2c8-f676-41bd-ae94-94910a2ca1c5,2026-06-01 00:20:00,20,4,2.0,0.9341893742042433,0.6345551678613482,0.6378545631414013,0.0,0.3333333333333333,1.0,False,below within-person threshold
3b0be2c8-f676-41bd-ae94-94910a2ca1c5,2026-06-01 00:21:00,21,4,3.0,0.9341893742042433,0.6345551678613482,0.6378545631414013,1.0,0.3333333333333333,1.0,False,below within-person threshold
3b0be2c8-f676-41bd-ae94-94910a2ca1c5,2026-06-01 00:22:00,22,4,,0.9341893742042433,0.6345551678613482,0.6378545631414013,,0.5,1.0,False,below within-person threshold
3b0be2c8-f676-41bd-ae94-94910a2ca1c5,2026-06-01 00:23:00,23,4,,0.9341893742042433,0.6345551678613482,0.6378545631414013,,1.0,1.0,False,below within-person threshold
3b0be2c8-f676-41bd-ae94-94910a2ca1c5,2026-06-01 00:24:00,24,4,,0.9341893742042433,0.6345551678613482,0.6378545631414013,,,1.0,False,missing or insufficient EMA data
3b0be2c8-f676-41bd-ae94-94910a2ca1c5,2026-06-01 00:25:00,25,5,2.0,0.9341893742042433,0.6345551678613482,0.6378545631414013,,,1.0,False,missing or insufficient EMA data
3b0be2c8-f676-41bd-ae94-94910a2ca1c5,2026-06-01 00:26:00,26,5,2.0,0.9341893742042433,0.6345551678613482,0.6378545631414013,0.0,0.0,1.0,False,below within-person threshold
3b0be2c8-f676-41bd-ae94-94910a2ca1c5,2026-06-01 00:27:00,27,5,2.0,0.9341893742042433,0.6345551678613482,0.6378545631414013,0.0,0.0,1.0,False,below within-person threshold
3b0be2c8-f676-41bd-ae94-94910a2ca1c5,2026-06-01 00:28:00,28,5,2.0,0.9341893742042433,0.6345551678613482,0.6378545631414013,0.0,0.0,1.0,False,below within-person threshold
3b0be2c8-f676-41bd-ae94-94910a2ca1c5,2026-06-01 00:29:00,29,5,2.0,0.9341893742042433,0.6345551678613482,0.6378545631414013,0.0,0.0,1.0,False,below within-person threshold
3b0be2c8-f676-41bd-ae94-94910a2ca1c5,2026-06-01 00:30:00,30,6,1.0,0.9341893742042433,0.6345551678613482,0.6378545631414013,1.0,0.3333333333333333,1.0,False,below within-person threshold
3b0be2c8-f676-41bd-ae94-94910a2ca1c5,2026-06-01 00:31:00,31,6,,0.9341893742042433,0.6345551678613482,0.6378545631414013,,0.5,1.0,False,below within-person threshold
3b0be2c8-f676-41bd-ae94-94910a2ca1c5,2026-06-01 00:32:00,32,6,2.0,0.9341893742042433,0.6345551678613482,0.6378545631414013,,1.0,1.0,False,below within-person threshold
3b0be2c8-f676-41bd-ae94-94910a2ca1c5,2026-06-01 00:33:00,33,6,3.0,0.9341893742042433,0.6345551678613482,0.6378545631414013,1.0,1.0,1.0,False,below within-person threshold
3b0be2c8-f676-41bd-ae94-94910a2ca1c5,2026-06-01 00:34:00,34,6,3.0,0.9341893742042433,0.6345551678613482,0.6378545631414013,0.0,0.5,1.0,False,below within-person threshold
3c62fa27-db73-4b89-ad9b-fe58a81e310f,2026-06-01 00:00:00,0,0,,1.0213786992169391,0.472633860970976,1.1003119504131809,,,,False,missing or insufficient EMA data
3c62fa27-db73-4b89-ad9b-fe58a81e310f,2026-06-01 00:01:00,1,0,,1.0213786992169391,0.472633860970976,1.1003119504131809,,,,False,missing or insufficient EMA data
3c62fa27-db73-4b89-ad9b-fe58a81e310f,2026-06-01 00:02:00,2,0,,1.0213786992169391,0.472633860970976,1.1003119504131809,,,,False,missing or insufficient EMA data
3c62fa27-db73-4b89-ad9b-fe58a81e310f,2026-06-01 00:03:00,3,0,,1.0213786992169391,0.472633860970976,1.1003119504131809,,,,False,missing or insufficient EMA data
3c62fa27-db73-4b89-ad9b-fe58a81e310f,2026-06-01 00:04:00,4,0,,1.0213786992169391,0.472633860970976,1.1003119504131809,,,,False,missing or insufficient EMA data
3c62fa27-db73-4b89-ad9b-fe58a81e310f,2026-06-01 00:05:00,5,1,4.0,1.0213786992169391,0.472633860970976,1.1003119504131809,,,,False,missing or insufficient EMA data
3c62fa27-db73-4b89-ad9b-fe58a81e310f,2026-06-01 00:06:00,6,1,4.0,1.0213786992169391,0.472633860970976,1.1003119504131809,0.0,0.0,,False,insufficient within-person history
3c62fa27-db73-4b89-ad9b-fe58a81e310f,2026-06-01 00:07:00,7,1,,1.0213786992169391,0.472633860970976,1.1003119504131809,,0.0,,False,insufficient within-person history
3c62fa27-db73-4b89-ad9b-fe58a81e310f,2026-06-01 00:08:00,8,1,,1.0213786992169391,0.472633860970976,1.1003119504131809,,0.0,,False,insufficient within-person history
3c62fa27-db73-4b89-ad9b-fe58a81e310f,2026-06-01 00:09:00,9,1,2.0,1.0213786992169391,0.472633860970976,1.1003119504131809,,,0.0,False,missing or insufficient EMA data
3c62fa27-db73-4b89-ad9b-fe58a81e310f,2026-06-01 00:10:00,10,2,2.0,1.0213786992169391,0.472633860970976,1.1003119504131809,0.0,0.0,0.0,False,below within-person threshold
3c62fa27-db73-4b89-ad9b-fe58a81e310f,2026-06-01 00:11:00,11,2,5.0,1.0213786992169391,0.472633860970976,1.1003119504131809,9.0,4.5,0.0,True,prompt sent
3c62fa27-db73-4b89-ad9b-fe58a81e310f,2026-06-01 00:12:00,12,2,5.0,1.0213786992169391,0.472633860970976,1.1003119504131809,0.0,3.0,0.9000000000000008,False,cooldown active
3c62fa27-db73-4b89-ad9b-fe58a81e310f,2026-06-01 00:13:00,13,2,4.0,1.0213786992169391,0.472633860970976,1.1003119504131809,1.0,3.3333333333333335,3.0,False,cooldown active
3c62fa27-db73-4b89-ad9b-fe58a81e310f,2026-06-01 00:14:00,14,2,1.0,1.0213786992169391,0.472633860970976,1.1003119504131809,9.0,3.3333333333333335,3.266666666666667,False,cooldown active
3c62fa27-db73-4b89-ad9b-fe58a81e310f,2026-06-01 00:15:00,15,3,4.0,1.0213786992169391,0.472633860970976,1.1003119504131809,9.0,6.333333333333333,3.3333333333333335,False,cooldown active
3c62fa27-db73-4b89-ad9b-fe58a81e310f,2026-06-01 00:16:00,16,3,3.0,1.0213786992169391,0.472633860970976,1.1003119504131809,1.0,6.333333333333333,3.8000000000000007,False,cooldown active
3c62fa27-db73-4b89-ad9b-fe58a81e310f,2026-06-01 00:17:00,17,3,4.0,1.0213786992169391,0.472633860970976,1.1003119504131809,1.0,3.6666666666666665,4.866666666666667,False,below within-person threshold
3c62fa27-db73-4b89-ad9b-fe58a81e310f,2026-06-01 00:18:00,18,3,3.0,1.0213786992169391,0.472633860970976,1.1003119504131809,1.0,1.0,4.5,False,below within-person threshold
3c62fa27-db73-4b89-ad9b-fe58a81e310f,2026-06-01 00:19:00,19,3,4.0,1.0213786992169391,0.472633860970976,1.1003119504131809,1.0,1.0,4.333333333333334,False,below within-person threshold
3c62fa27-db73-4b89-ad9b-fe58a81e310f,2026-06-01 00:20:00,20,4,3.0,1.0213786992169391,0.472633860970976,1.1003119504131809,1.0,1.0,4.166666666666668,False,below within-person threshold
3c62fa27-db73-4b89-ad9b-fe58a81e310f,2026-06-01 00:21:00,21,4,4.0,1.0213786992169391,0.472633860970976,1.1003119504131809,1.0,1.0,4.0,False,below within-person threshold
3c62fa27-db73-4b89-ad9b-fe58a81e310f,2026-06-01 00:22:00,22,4,3.0,1.0213786992169391,0.472633860970976,1.1003119504131809,1.0,1.0,3.833333333333334,False,below within-person threshold
3c62fa27-db73-4b89-ad9b-fe58a81e310f,2026-06-01 00:23:00,23,4,3.0,1.0213786992169391,0.472633860970976,1.1003119504131809,0.0,0.6666666666666666,3.6666666666666665,False,below within-person threshold
3c62fa27-db73-4b89-ad9b-fe58a81e310f,2026-06-01 00:24:00,24,4,4.0,1.0213786992169391,0.472633860970976,1.1003119504131809,1.0,0.6666666666666666,3.6,False,below within-person threshold
3c62fa27-db73-4b89-ad9b-fe58a81e310f,2026-06-01 00:25:00,25,5,4.0,1.0213786992169391,0.472633860970976,1.1003119504131809,0.0,0.3333333333333333,3.5333333333333337,False,below within-person threshold
3c62fa27-db73-4b89-ad9b-fe58a81e310f,2026-06-01 00:26:00,26,5,5.0,1.0213786992169391,0.472633860970976,1.1003119504131809,1.0,0.6666666666666666,3.466666666666667,False,below within-person threshold
3c62fa27-db73-4b89-ad9b-fe58a81e310f,2026-06-01 00:27:00,27,5,5.0,1.0213786992169391,0.472633860970976,1.1003119504131809,0.0,0.3333333333333333,3.4000000000000004,False,below within-person threshold
3c62fa27-db73-4b89-ad9b-fe58a81e310f,2026-06-01 00:28:00,28,5,5.0,1.0213786992169391,0.472633860970976,1.1003119504131809,0.0,0.3333333333333333,3.3333333333333335,False,below within-person threshold
3c62fa27-db73-4b89-ad9b-fe58a81e310f,2026-06-01 00:29:00,29,5,3.0,1.0213786992169391,0.472633860970976,1.1003119504131809,4.0,1.3333333333333333,3.3333333333333335,False,below within-person threshold
3c62fa27-db73-4b89-ad9b-fe58a81e310f,2026-06-01 00:30:00,30,6,3.0,1.0213786992169391,0.472633860970976,1.1003119504131809,0.0,1.3333333333333333,3.3333333333333335,False,below within-person threshold
3c62fa27-db73-4b89-ad9b-fe58a81e310f,2026-06-01 00:31:00,31,6,3.0,1.0213786992169391,0.472633860970976,1.1003119504131809,0.0,1.3333333333333333,3.3333333333333335,False,below within-person threshold
3c62fa27-db73-4b89-ad9b-fe58a81e310f,2026-06-01 00:32:00,32,6,,1.0213786992169391,0.472633860970976,1.1003119504131809,,0.0,3.3333333333333335,False,below within-person threshold
3c62fa27-db73-4b89-ad9b-fe58a81e310f,2026-06-01 00:33:00,33,6,3.0,1.0213786992169391,0.472633860970976,1.1003119504131809,,0.0,3.3333333333333335,False,below within-person threshold
3c62fa27-db73-4b89-ad9b-fe58a81e310f,2026-06-01 00:34:00,34,6,3.0,1.0213786992169391,0.472633860970976,1.1003119504131809,0.0,0.0,3.266666666666667,False,below within-person threshold
3c6477ac-702c-4f50-9104-d65e62b31821,2026-06-01 00:00:00,0,0,5.0,0.4894571828480799,0.5228427981777073,0.2286235116421531,,,,False,missing or insufficient EMA data
3c6477ac-702c-4f50-9104-d65e62b31821,2026-06-01 00:01:00,1,0,4.0,0.4894571828480799,0.5228427981777073,0.2286235116421531,1.0,1.0,,False,insufficient within-person history
3c6477ac-702c-4f50-9104-d65e62b31821,2026-06-01 00:02:00,2,0,,0.4894571828480799,0.5228427981777073,0.2286235116421531,,1.0,,False,insufficient within-person history
3c6477ac-702c-4f50-9104-d65e62b31821,2026-06-01 00:03:00,3,0,,0.4894571828480799,0.5228427981777073,0.2286235116421531,,1.0,,False,insufficient within-person history
3c6477ac-702c-4f50-9104-d65e62b31821,2026-06-01 00:04:00,4,0,4.0,0.4894571828480799,0.5228427981777073,0.2286235116421531,,,1.0,False,missing or insufficient EMA data
3c6477ac-702c-4f50-9104-d65e62b31821,2026-06-01 00:05:00,5,1,4.0,0.4894571828480799,0.5228427981777073,0.2286235116421531,0.0,0.0,1.0,False,below within-person threshold
3c6477ac-702c-4f50-9104-d65e62b31821,2026-06-01 00:06:00,6,1,4.0,0.4894571828480799,0.5228427981777073,0.2286235116421531,0.0,0.0,1.0,False,below within-person threshold
3c6477ac-702c-4f50-9104-d65e62b31821,2026-06-01 00:07:00,7,1,3.0,0.4894571828480799,0.5228427981777073,0.2286235116421531,1.0,0.3333333333333333,1.0,False,below within-person threshold
3c6477ac-702c-4f50-9104-d65e62b31821,2026-06-01 00:08:00,8,1,4.0,0.4894571828480799,0.5228427981777073,0.2286235116421531,1.0,0.6666666666666666,1.0,False,below within-person threshold
3c6477ac-702c-4f50-9104-d65e62b31821,2026-06-01 00:09:00,9,1,4.0,0.4894571828480799,0.5228427981777073,0.2286235116421531,0.0,0.6666666666666666,1.0,False,below within-person threshold
3c6477ac-702c-4f50-9104-d65e62b31821,2026-06-01 00:10:00,10,2,4.0,0.4894571828480799,0.5228427981777073,0.2286235116421531,0.0,0.3333333333333333,1.0,False,below within-person threshold
3c6477ac-702c-4f50-9104-d65e62b31821,2026-06-01 00:11:00,11,2,4.0,0.4894571828480799,0.5228427981777073,0.2286235116421531,0.0,0.0,1.0,False,below within-person threshold
3c6477ac-702c-4f50-9104-d65e62b31821,2026-06-01 00:12:00,12,2,4.0,0.4894571828480799,0.5228427981777073,0.2286235116421531,0.0,0.0,1.0,False,below within-person threshold
3c6477ac-702c-4f50-9104-d65e62b31821,2026-06-01 00:13:00,13,2,4.0,0.4894571828480799,0.5228427981777073,0.2286235116421531,0.0,0.0,1.0,False,below within-person threshold
3c6477ac-702c-4f50-9104-d65e62b31821,2026-06-01 00:14:00,14,2,3.0,0.4894571828480799,0.5228427981777073,0.2286235116421531,1.0,0.3333333333333333,0.9333333333333336,False,below within-person threshold
3c6477ac-702c-4f50-9104-d65e62b31821,2026-06-01 00:15:00,15,3,,0.4894571828480799,0.5228427981777073,0.2286235116421531,,0.5,0.8666666666666671,False,below within-person threshold
3c6477ac-702c-4f50-9104-d65e62b31821,2026-06-01 00:16:00,16,3,4.0,0.4894571828480799,0.5228427981777073,0.2286235116421531,,1.0,0.8,True,prompt sent
3c6477ac-702c-4f50-9104-d65e62b31821,2026-06-01 00:17:00,17,3,4.0,0.4894571828480799,0.5228427981777073,0.2286235116421531,0.0,0.0,1.0,False,below within-person threshold
3c6477ac-702c-4f50-9104-d65e62b31821,2026-06-01 00:18:00,18,3,4.0,0.4894571828480799,0.5228427981777073,0.2286235116421531,0.0,0.0,1.0,False,below within-person threshold
3c6477ac-702c-4f50-9104-d65e62b31821,2026-06-01 00:19:00,19,3,4.0,0.4894571828480799,0.5228427981777073,0.2286235116421531,0.0,0.0,0.9333333333333336,False,below within-person threshold
3c6477ac-702c-4f50-9104-d65e62b31821,2026-06-01 00:20:00,20,4,4.0,0.4894571828480799,0.5228427981777073,0.2286235116421531,0.0,0.0,0.8666666666666671,False,below within-person threshold
3c6477ac-702c-4f50-9104-d65e62b31821,2026-06-01 00:21:00,21,4,3.0,0.4894571828480799,0.5228427981777073,0.2286235116421531,1.0,0.3333333333333333,0.8,False,below within-person threshold
3c6477ac-702c-4f50-9104-d65e62b31821,2026-06-01 00:22:00,22,4,3.0,0.4894571828480799,0.5228427981777073,0.2286235116421531,0.0,0.3333333333333333,0.7333333333333336,False,below within-person threshold
3c6477ac-702c-4f50-9104-d65e62b31821,2026-06-01 00:23:00,23,4,4.0,0.4894571828480799,0.5228427981777073,0.2286235116421531,1.0,0.6666666666666666,0.6666666666666666,False,below within-person threshold
3c6477ac-702c-4f50-9104-d65e62b31821,2026-06-01 00:24:00,24,4,3.0,0.4894571828480799,0.5228427981777073,0.2286235116421531,1.0,0.6666666666666666,0.6666666666666666,False,below within-person threshold
3c6477ac-702c-4f50-9104-d65e62b31821,2026-06-01 00:25:00,25,5,4.0,0.4894571828480799,0.5228427981777073,0.2286235116421531,1.0,1.0,0.6666666666666666,False,cooldown active
3c6477ac-702c-4f50-9104-d65e62b31821,2026-06-01 00:26:00,26,5,4.0,0.4894571828480799,0.5228427981777073,0.2286235116421531,0.0,0.6666666666666666,0.8000000000000007,False,below within-person threshold
3c6477ac-702c-4f50-9104-d65e62b31821,2026-06-01 00:27:00,27,5,4.0,0.4894571828480799,0.5228427981777073,0.2286235116421531,0.0,0.3333333333333333,0.7333333333333343,False,below within-person threshold
3c6477ac-702c-4f50-9104-d65e62b31821,2026-06-01 00:28:00,28,5,4.0,0.4894571828480799,0.5228427981777073,0.2286235116421531,0.0,0.0,0.6666666666666666,False,below within-person threshold
3c6477ac-702c-4f50-9104-d65e62b31821,2026-06-01 00:29:00,29,5,4.0,0.4894571828480799,0.5228427981777073,0.2286235116421531,0.0,0.0,0.6666666666666666,False,below within-person threshold
3c6477ac-702c-4f50-9104-d65e62b31821,2026-06-01 00:30:00,30,6,4.0,0.4894571828480799,0.5228427981777073,0.2286235116421531,0.0,0.0,0.6666666666666666,False,below within-person threshold
3c6477ac-702c-4f50-9104-d65e62b31821,2026-06-01 00:31:00,31,6,4.0,0.4894571828480799,0.5228427981777073,0.2286235116421531,0.0,0.0,0.6666666666666666,False,below within-person threshold
3c6477ac-702c-4f50-9104-d65e62b31821,2026-06-01 00:32:00,32,6,3.0,0.4894571828480799,0.5228427981777073,0.2286235116421531,1.0,0.3333333333333333,0.6666666666666666,False,below within-person threshold
3c6477ac-702c-4f50-9104-d65e62b31821,2026-06-01 00:33:00,33,6,5.0,0.4894571828480799,0.5228427981777073,0.2286235116421531,4.0,1.6666666666666667,0.6666666666666666,False,cooldown active
3c6477ac-702c-4f50-9104-d65e62b31821,2026-06-01 00:34:00,34,6,4.0,0.4894571828480799,0.5228427981777073,0.2286235116421531,1.0,2.0,0.6666666666666666,False,cooldown active
3d6e11d0-e9de-4351-a4c5-00798cc90812,2026-06-01 00:00:00,0,0,4.0,1.2239266075895827,0.6117834487250574,1.163093946469122,,,,False,missing or insufficient EMA data
3d6e11d0-e9de-4351-a4c5-00798cc90812,2026-06-01 00:01:00,1,0,4.0,1.2239266075895827,0.6117834487250574,1.163093946469122,0.0,0.0,,False,insufficient within-person history
3d6e11d0-e9de-4351-a4c5-00798cc90812,2026-06-01 00:02:00,2,0,4.0,1.2239266075895827,0.6117834487250574,1.163093946469122,0.0,0.0,,False,insufficient within-person history
3d6e11d0-e9de-4351-a4c5-00798cc90812,2026-06-01 00:03:00,3,0,4.0,1.2239266075895827,0.6117834487250574,1.163093946469122,0.0,0.0,,False,insufficient within-person history
3d6e11d0-e9de-4351-a4c5-00798cc90812,2026-06-01 00:04:00,4,0,4.0,1.2239266075895827,0.6117834487250574,1.163093946469122,0.0,0.0,0.0,False,below within-person threshold
3d6e11d0-e9de-4351-a4c5-00798cc90812,2026-06-01 00:05:00,5,1,4.0,1.2239266075895827,0.6117834487250574,1.163093946469122,0.0,0.0,0.0,False,below within-person threshold
3d6e11d0-e9de-4351-a4c5-00798cc90812,2026-06-01 00:06:00,6,1,3.0,1.2239266075895827,0.6117834487250574,1.163093946469122,1.0,0.3333333333333333,0.0,True,prompt sent
3d6e11d0-e9de-4351-a4c5-00798cc90812,2026-06-01 00:07:00,7,1,4.0,1.2239266075895827,0.6117834487250574,1.163093946469122,1.0,0.6666666666666666,0.0,False,cooldown active
3d6e11d0-e9de-4351-a4c5-00798cc90812,2026-06-01 00:08:00,8,1,3.0,1.2239266075895827,0.6117834487250574,1.163093946469122,1.0,1.0,0.2666666666666669,False,cooldown active
3d6e11d0-e9de-4351-a4c5-00798cc90812,2026-06-01 00:09:00,9,1,3.0,1.2239266075895827,0.6117834487250574,1.163093946469122,0.0,0.6666666666666666,0.5333333333333334,False,cooldown active
3d6e11d0-e9de-4351-a4c5-00798cc90812,2026-06-01 00:10:00,10,2,3.0,1.2239266075895827,0.6117834487250574,1.163093946469122,0.0,0.3333333333333333,0.6666666666666666,False,below within-person threshold
3d6e11d0-e9de-4351-a4c5-00798cc90812,2026-06-01 00:11:00,11,2,3.0,1.2239266075895827,0.6117834487250574,1.163093946469122,0.0,0.0,0.6666666666666666,False,below within-person threshold
3d6e11d0-e9de-4351-a4c5-00798cc90812,2026-06-01 00:12:00,12,2,3.0,1.2239266075895827,0.6117834487250574,1.163093946469122,0.0,0.0,0.6666666666666666,False,below within-person threshold
3d6e11d0-e9de-4351-a4c5-00798cc90812,2026-06-01 00:13:00,13,2,1.0,1.2239266075895827,0.6117834487250574,1.163093946469122,4.0,1.3333333333333333,0.6000000000000002,False,cooldown active
3d6e11d0-e9de-4351-a4c5-00798cc90812,2026-06-01 00:14:00,14,2,1.0,1.2239266075895827,0.6117834487250574,1.163093946469122,0.0,1.3333333333333333,0.6666666666666666,False,cooldown active
3d6e11d0-e9de-4351-a4c5-00798cc90812,2026-06-01 00:15:00,15,3,2.0,1.2239266075895827,0.6117834487250574,1.163093946469122,1.0,1.6666666666666667,0.8,False,cooldown active
3d6e11d0-e9de-4351-a4c5-00798cc90812,2026-06-01 00:16:00,16,3,3.0,1.2239266075895827,0.6117834487250574,1.163093946469122,1.0,0.6666666666666666,1.066666666666667,False,below within-person threshold
3d6e11d0-e9de-4351-a4c5-00798cc90812,2026-06-01 00:17:00,17,3,4.0,1.2239266075895827,0.6117834487250574,1.163093946469122,1.0,1.0,1.0,False,below within-person threshold
3d6e11d0-e9de-4351-a4c5-00798cc90812,2026-06-01 00:18:00,18,3,,1.2239266075895827,0.6117834487250574,1.163093946469122,,1.0,1.0,False,below within-person threshold
3d6e11d0-e9de-4351-a4c5-00798cc90812,2026-06-01 00:19:00,19,3,,1.2239266075895827,0.6117834487250574,1.163093946469122,,1.0,1.0,False,below within-person threshold
3d6e11d0-e9de-4351-a4c5-00798cc90812,2026-06-01 00:20:00,20,4,3.0,1.2239266075895827,0.6117834487250574,1.163093946469122,,,1.0,False,missing or insufficient EMA data
3d6e11d0-e9de-4351-a4c5-00798cc90812,2026-06-01 00:21:00,21,4,4.0,1.2239266075895827,0.6117834487250574,1.163093946469122,1.0,1.0,1.0,False,below within-person threshold
3d6e11d0-e9de-4351-a4c5-00798cc90812,2026-06-01 00:22:00,22,4,4.0,1.2239266075895827,0.6117834487250574,1.163093946469122,0.0,0.5,1.0,False,below within-person threshold
3d6e11d0-e9de-4351-a4c5-00798cc90812,2026-06-01 00:23:00,23,4,4.0,1.2239266075895827,0.6117834487250574,1.163093946469122,0.0,0.3333333333333333,1.0,False,below within-person threshold
3d6e11d0-e9de-4351-a4c5-00798cc90812,2026-06-01 00:24:00,24,4,4.0,1.2239266075895827,0.6117834487250574,1.163093946469122,0.0,0.0,1.0,False,below within-person threshold
3d6e11d0-e9de-4351-a4c5-00798cc90812,2026-06-01 00:25:00,25,5,3.0,1.2239266075895827,0.6117834487250574,1.163093946469122,1.0,0.3333333333333333,1.0,False,below within-person threshold
3d6e11d0-e9de-4351-a4c5-00798cc90812,2026-06-01 00:26:00,26,5,1.0,1.2239266075895827,0.6117834487250574,1.163093946469122,4.0,1.6666666666666667,1.0,False,cooldown active
3d6e11d0-e9de-4351-a4c5-00798cc90812,2026-06-01 00:27:00,27,5,2.0,1.2239266075895827,0.6117834487250574,1.163093946469122,1.0,2.0,1.0,False,cooldown active
3d6e11d0-e9de-4351-a4c5-00798cc90812,2026-06-01 00:28:00,28,5,2.0,1.2239266075895827,0.6117834487250574,1.163093946469122,0.0,1.6666666666666667,1.0,False,cooldown active
3d6e11d0-e9de-4351-a4c5-00798cc90812,2026-06-01 00:29:00,29,5,1.0,1.2239266075895827,0.6117834487250574,1.163093946469122,1.0,0.6666666666666666,1.2666666666666668,False,below within-person threshold
3d6e11d0-e9de-4351-a4c5-00798cc90812,2026-06-01 00:30:00,30,6,1.0,1.2239266075895827,0.6117834487250574,1.163093946469122,0.0,0.3333333333333333,1.2000000000000004,False,below within-person threshold
3d6e11d0-e9de-4351-a4c5-00798cc90812,2026-06-01 00:31:00,31,6,1.0,1.2239266075895827,0.6117834487250574,1.163093946469122,0.0,0.3333333333333333,1.133333333333334,False,below within-person threshold
3d6e11d0-e9de-4351-a4c5-00798cc90812,2026-06-01 00:32:00,32,6,2.0,1.2239266075895827,0.6117834487250574,1.163093946469122,1.0,0.3333333333333333,1.0666666666666675,False,below within-person threshold
3d6e11d0-e9de-4351-a4c5-00798cc90812,2026-06-01 00:33:00,33,6,2.0,1.2239266075895827,0.6117834487250574,1.163093946469122,0.0,0.3333333333333333,1.0,False,below within-person threshold
3d6e11d0-e9de-4351-a4c5-00798cc90812,2026-06-01 00:34:00,34,6,3.0,1.2239266075895827,0.6117834487250574,1.163093946469122,1.0,0.6666666666666666,1.0,False,below within-person threshold
3f46753b-0b01-472d-a58f-f5979d4777a8,2026-06-01 00:00:00,0,0,4.0,1.1305777783528164,0.25126217975877724,1.9140825175912763,,,,False,missing or insufficient EMA data
3f46753b-0b01-472d-a58f-f5979d4777a8,2026-06-01 00:01:00,1,0,4.0,1.1305777783528164,0.25126217975877724,1.9140825175912763,0.0,0.0,,False,insufficient within-person history
3f46753b-0b01-472d-a58f-f5979d4777a8,2026-06-01 00:02:00,2,0,4.0,1.1305777783528164,0.25126217975877724,1.9140825175912763,0.0,0.0,,False,insufficient within-person history
3f46753b-0b01-472d-a58f-f5979d4777a8,2026-06-01 00:03:00,3,0,5.0,1.1305777783528164,0.25126217975877724,1.9140825175912763,1.0,0.3333333333333333,,False,insufficient within-person history
3f46753b-0b01-472d-a58f-f5979d4777a8,2026-06-01 00:04:00,4,0,4.0,1.1305777783528164,0.25126217975877724,1.9140825175912763,1.0,0.6666666666666666,0.2,True,prompt sent
3f46753b-0b01-472d-a58f-f5979d4777a8,2026-06-01 00:05:00,5,1,3.0,1.1305777783528164,0.25126217975877724,1.9140825175912763,1.0,1.0,0.4666666666666668,False,cooldown active
3f46753b-0b01-472d-a58f-f5979d4777a8,2026-06-01 00:06:00,6,1,3.0,1.1305777783528164,0.25126217975877724,1.9140825175912763,0.0,0.6666666666666666,0.7333333333333334,False,below within-person threshold
3f46753b-0b01-472d-a58f-f5979d4777a8,2026-06-01 00:07:00,7,1,5.0,1.1305777783528164,0.25126217975877724,1.9140825175912763,4.0,1.6666666666666667,0.6666666666666666,False,cooldown active
3f46753b-0b01-472d-a58f-f5979d4777a8,2026-06-01 00:08:00,8,1,3.0,1.1305777783528164,0.25126217975877724,1.9140825175912763,4.0,2.6666666666666665,0.9333333333333336,False,cooldown active
3f46753b-0b01-472d-a58f-f5979d4777a8,2026-06-01 00:09:00,9,1,4.0,1.1305777783528164,0.25126217975877724,1.9140825175912763,1.0,3.0,1.4000000000000004,False,cooldown active
3f46753b-0b01-472d-a58f-f5979d4777a8,2026-06-01 00:10:00,10,2,5.0,1.1305777783528164,0.25126217975877724,1.9140825175912763,1.0,2.0,2.066666666666667,False,below within-person threshold
3f46753b-0b01-472d-a58f-f5979d4777a8,2026-06-01 00:11:00,11,2,5.0,1.1305777783528164,0.25126217975877724,1.9140825175912763,0.0,0.6666666666666666,2.1333333333333333,False,below within-person threshold
3f46753b-0b01-472d-a58f-f5979d4777a8,2026-06-01 00:12:00,12,2,3.0,1.1305777783528164,0.25126217975877724,1.9140825175912763,4.0,1.6666666666666667,2.0,False,below within-person threshold
3f46753b-0b01-472d-a58f-f5979d4777a8,2026-06-01 00:13:00,13,2,5.0,1.1305777783528164,0.25126217975877724,1.9140825175912763,4.0,2.6666666666666665,1.9333333333333336,False,cooldown active
3f46753b-0b01-472d-a58f-f5979d4777a8,2026-06-01 00:14:00,14,2,4.0,1.1305777783528164,0.25126217975877724,1.9140825175912763,1.0,3.0,2.400000000000001,False,cooldown active
3f46753b-0b01-472d-a58f-f5979d4777a8,2026-06-01 00:15:00,15,3,5.0,1.1305777783528164,0.25126217975877724,1.9140825175912763,1.0,2.0,2.6666666666666665,False,below within-person threshold
3f46753b-0b01-472d-a58f-f5979d4777a8,2026-06-01 00:16:00,16,3,4.0,1.1305777783528164,0.25126217975877724,1.9140825175912763,1.0,1.0,2.6666666666666665,False,below within-person threshold
3f46753b-0b01-472d-a58f-f5979d4777a8,2026-06-01 00:17:00,17,3,5.0,1.1305777783528164,0.25126217975877724,1.9140825175912763,1.0,1.0,2.6666666666666665,False,below within-person threshold
3f46753b-0b01-472d-a58f-f5979d4777a8,2026-06-01 00:18:00,18,3,4.0,1.1305777783528164,0.25126217975877724,1.9140825175912763,1.0,1.0,2.5333333333333337,False,below within-person threshold
3f46753b-0b01-472d-a58f-f5979d4777a8,2026-06-01 00:19:00,19,3,3.0,1.1305777783528164,0.25126217975877724,1.9140825175912763,1.0,1.0,2.400000000000001,False,below within-person threshold
3f46753b-0b01-472d-a58f-f5979d4777a8,2026-06-01 00:20:00,20,4,4.0,1.1305777783528164,0.25126217975877724,1.9140825175912763,1.0,1.0,2.266666666666667,False,below within-person threshold
3f46753b-0b01-472d-a58f-f5979d4777a8,2026-06-01 00:21:00,21,4,5.0,1.1305777783528164,0.25126217975877724,1.9140825175912763,1.0,1.0,2.133333333333334,False,below within-person threshold
3f46753b-0b01-472d-a58f-f5979d4777a8,2026-06-01 00:22:00,22,4,4.0,1.1305777783528164,0.25126217975877724,1.9140825175912763,1.0,1.0,2.0,False,below within-person threshold
3f46753b-0b01-472d-a58f-f5979d4777a8,2026-06-01 00:23:00,23,4,5.0,1.1305777783528164,0.25126217975877724,1.9140825175912763,1.0,1.0,2.0,False,below within-person threshold
3f46753b-0b01-472d-a58f-f5979d4777a8,2026-06-01 00:24:00,24,4,5.0,1.1305777783528164,0.25126217975877724,1.9140825175912763,0.0,0.6666666666666666,2.0,False,below within-person threshold
3f46753b-0b01-472d-a58f-f5979d4777a8,2026-06-01 00:25:00,25,5,3.0,1.1305777783528164,0.25126217975877724,1.9140825175912763,4.0,1.6666666666666667,2.0,False,below within-person threshold
3f46753b-0b01-472d-a58f-f5979d4777a8,2026-06-01 00:26:00,26,5,5.0,1.1305777783528164,0.25126217975877724,1.9140825175912763,4.0,2.6666666666666665,2.0,False,cooldown active
3f46753b-0b01-472d-a58f-f5979d4777a8,2026-06-01 00:27:00,27,5,5.0,1.1305777783528164,0.25126217975877724,1.9140825175912763,0.0,2.6666666666666665,2.0,False,cooldown active
3f46753b-0b01-472d-a58f-f5979d4777a8,2026-06-01 00:28:00,28,5,4.0,1.1305777783528164,0.25126217975877724,1.9140825175912763,1.0,1.6666666666666667,2.5333333333333337,False,below within-person threshold
3f46753b-0b01-472d-a58f-f5979d4777a8,2026-06-01 00:29:00,29,5,4.0,1.1305777783528164,0.25126217975877724,1.9140825175912763,0.0,0.3333333333333333,2.400000000000001,False,below within-person threshold
3f46753b-0b01-472d-a58f-f5979d4777a8,2026-06-01 00:30:00,30,6,3.0,1.1305777783528164,0.25126217975877724,1.9140825175912763,1.0,0.6666666666666666,2.266666666666668,False,below within-person threshold
3f46753b-0b01-472d-a58f-f5979d4777a8,2026-06-01 00:31:00,31,6,4.0,1.1305777783528164,0.25126217975877724,1.9140825175912763,1.0,0.6666666666666666,2.133333333333335,False,below within-person threshold
3f46753b-0b01-472d-a58f-f5979d4777a8,2026-06-01 00:32:00,32,6,3.0,1.1305777783528164,0.25126217975877724,1.9140825175912763,1.0,1.0,2.0,False,below within-person threshold
3f46753b-0b01-472d-a58f-f5979d4777a8,2026-06-01 00:33:00,33,6,4.0,1.1305777783528164,0.25126217975877724,1.9140825175912763,1.0,1.0,2.0,False,below within-person threshold
3f46753b-0b01-472d-a58f-f5979d4777a8,2026-06-01 00:34:00,34,6,5.0,1.1305777783528164,0.25126217975877724,1.9140825175912763,1.0,1.0,2.0,False,below within-person threshold
411a416b-7640-4986-b16b-4eeabf355646,2026-06-01 00:00:00,0,0,2.0,0.5691818671512571,0.22740680966601362,0.5005909381177568,,,,False,missing or insufficient EMA data
411a416b-7640-4986-b16b-4eeabf355646,2026-06-01 00:01:00,1,0,3.0,0.5691818671512571,0.22740680966601362,0.5005909381177568,1.0,1.0,,False,insufficient within-person history
411a416b-7640-4986-b16b-4eeabf355646,2026-06-01 00:02:00,2,0,2.0,0.5691818671512571,0.22740680966601362,0.5005909381177568,1.0,1.0,,False,insufficient within-person history
411a416b-7640-4986-b16b-4eeabf355646,2026-06-01 00:03:00,3,0,2.0,0.5691818671512571,0.22740680966601362,0.5005909381177568,0.0,0.6666666666666666,,False,insufficient within-person history
411a416b-7640-4986-b16b-4eeabf355646,2026-06-01 00:04:00,4,0,2.0,0.5691818671512571,0.22740680966601362,0.5005909381177568,0.0,0.3333333333333333,1.0,False,below within-person threshold
411a416b-7640-4986-b16b-4eeabf355646,2026-06-01 00:05:00,5,1,1.0,0.5691818671512571,0.22740680966601362,0.5005909381177568,1.0,0.3333333333333333,1.0,False,below within-person threshold
411a416b-7640-4986-b16b-4eeabf355646,2026-06-01 00:06:00,6,1,3.0,0.5691818671512571,0.22740680966601362,0.5005909381177568,4.0,1.6666666666666667,1.0,True,prompt sent
411a416b-7640-4986-b16b-4eeabf355646,2026-06-01 00:07:00,7,1,2.0,0.5691818671512571,0.22740680966601362,0.5005909381177568,1.0,2.0,1.0,False,cooldown active
411a416b-7640-4986-b16b-4eeabf355646,2026-06-01 00:08:00,8,1,2.0,0.5691818671512571,0.22740680966601362,0.5005909381177568,0.0,1.6666666666666667,1.5333333333333339,False,cooldown active
411a416b-7640-4986-b16b-4eeabf355646,2026-06-01 00:09:00,9,1,2.0,0.5691818671512571,0.22740680966601362,0.5005909381177568,0.0,0.3333333333333333,1.6666666666666667,False,below within-person threshold
411a416b-7640-4986-b16b-4eeabf355646,2026-06-01 00:10:00,10,2,3.0,0.5691818671512571,0.22740680966601362,0.5005909381177568,1.0,0.3333333333333333,1.6666666666666667,False,below within-person threshold
411a416b-7640-4986-b16b-4eeabf355646,2026-06-01 00:11:00,11,2,,0.5691818671512571,0.22740680966601362,0.5005909381177568,,0.5,1.6666666666666667,False,below within-person threshold
411a416b-7640-4986-b16b-4eeabf355646,2026-06-01 00:12:00,12,2,,0.5691818671512571,0.22740680966601362,0.5005909381177568,,1.0,1.6666666666666667,False,below within-person threshold
411a416b-7640-4986-b16b-4eeabf355646,2026-06-01 00:13:00,13,2,,0.5691818671512571,0.22740680966601362,0.5005909381177568,,,1.5333333333333339,False,missing or insufficient EMA data
411a416b-7640-4986-b16b-4eeabf355646,2026-06-01 00:14:00,14,2,,0.5691818671512571,0.22740680966601362,0.5005909381177568,,,1.5333333333333339,False,missing or insufficient EMA data
411a416b-7640-4986-b16b-4eeabf355646,2026-06-01 00:15:00,15,3,3.0,0.5691818671512571,0.22740680966601362,0.5005909381177568,,,1.5333333333333339,False,missing or insufficient EMA data
411a416b-7640-4986-b16b-4eeabf355646,2026-06-01 00:16:00,16,3,3.0,0.5691818671512571,0.22740680966601362,0.5005909381177568,0.0,0.0,1.5333333333333339,False,below within-person threshold
411a416b-7640-4986-b16b-4eeabf355646,2026-06-01 00:17:00,17,3,2.0,0.5691818671512571,0.22740680966601362,0.5005909381177568,1.0,0.5,1.400000000000001,False,below within-person threshold
411a416b-7640-4986-b16b-4eeabf355646,2026-06-01 00:18:00,18,3,2.0,0.5691818671512571,0.22740680966601362,0.5005909381177568,0.0,0.3333333333333333,1.2666666666666668,False,below within-person threshold
411a416b-7640-4986-b16b-4eeabf355646,2026-06-01 00:19:00,19,3,3.0,0.5691818671512571,0.22740680966601362,0.5005909381177568,1.0,0.6666666666666666,1.133333333333334,False,below within-person threshold
411a416b-7640-4986-b16b-4eeabf355646,2026-06-01 00:20:00,20,4,3.0,0.5691818671512571,0.22740680966601362,0.5005909381177568,0.0,0.3333333333333333,1.0,False,below within-person threshold
411a416b-7640-4986-b16b-4eeabf355646,2026-06-01 00:21:00,21,4,3.0,0.5691818671512571,0.22740680966601362,0.5005909381177568,0.0,0.3333333333333333,1.0,False,below within-person threshold
411a416b-7640-4986-b16b-4eeabf355646,2026-06-01 00:22:00,22,4,3.0,0.5691818671512571,0.22740680966601362,0.5005909381177568,0.0,0.0,1.0,False,below within-person threshold
411a416b-7640-4986-b16b-4eeabf355646,2026-06-01 00:23:00,23,4,1.0,0.5691818671512571,0.22740680966601362,0.5005909381177568,4.0,1.3333333333333333,1.0,False,cooldown active
411a416b-7640-4986-b16b-4eeabf355646,2026-06-01 00:24:00,24,4,2.0,0.5691818671512571,0.22740680966601362,0.5005909381177568,1.0,1.6666666666666667,1.066666666666667,False,cooldown active
411a416b-7640-4986-b16b-4eeabf355646,2026-06-01 00:25:00,25,5,3.0,0.5691818671512571,0.22740680966601362,0.5005909381177568,1.0,2.0,1.3333333333333333,False,cooldown active
411a416b-7640-4986-b16b-4eeabf355646,2026-06-01 00:26:00,26,5,4.0,0.5691818671512571,0.22740680966601362,0.5005909381177568,1.0,1.0,1.6000000000000003,False,below within-person threshold
411a416b-7640-4986-b16b-4eeabf355646,2026-06-01 00:27:00,27,5,4.0,0.5691818671512571,0.22740680966601362,0.5005909381177568,0.0,0.6666666666666666,1.5333333333333339,False,below within-person threshold
411a416b-7640-4986-b16b-4eeabf355646,2026-06-01 00:28:00,28,5,3.0,0.5691818671512571,0.22740680966601362,0.5005909381177568,1.0,0.6666666666666666,1.4666666666666675,False,below within-person threshold
411a416b-7640-4986-b16b-4eeabf355646,2026-06-01 00:29:00,29,5,3.0,0.5691818671512571,0.22740680966601362,0.5005909381177568,0.0,0.3333333333333333,1.4000000000000008,False,below within-person threshold
411a416b-7640-4986-b16b-4eeabf355646,2026-06-01 00:30:00,30,6,3.0,0.5691818671512571,0.22740680966601362,0.5005909381177568,0.0,0.3333333333333333,1.3333333333333333,False,below within-person threshold
411a416b-7640-4986-b16b-4eeabf355646,2026-06-01 00:31:00,31,6,2.0,0.5691818671512571,0.22740680966601362,0.5005909381177568,1.0,0.3333333333333333,1.2666666666666668,False,below within-person threshold
411a416b-7640-4986-b16b-4eeabf355646,2026-06-01 00:32:00,32,6,3.0,0.5691818671512571,0.22740680966601362,0.5005909381177568,1.0,0.6666666666666666,1.2000000000000004,False,below within-person threshold
411a416b-7640-4986-b16b-4eeabf355646,2026-06-01 00:33:00,33,6,2.0,0.5691818671512571,0.22740680966601362,0.5005909381177568,1.0,1.0,1.133333333333334,False,below within-person threshold
411a416b-7640-4986-b16b-4eeabf355646,2026-06-01 00:34:00,34,6,3.0,0.5691818671512571,0.22740680966601362,0.5005909381177568,1.0,1.0,1.0666666666666675,False,below within-person threshold
41a62e40-fd7a-4264-8759-d1dfeb693f52,2026-06-01 00:00:00,0,0,2.0,1.242504732604738,0.49233406823778336,1.5674876175894121,,,,False,missing or insufficient EMA data
41a62e40-fd7a-4264-8759-d1dfeb693f52,2026-06-01 00:01:00,1,0,1.0,1.242504732604738,0.49233406823778336,1.5674876175894121,1.0,1.0,,False,insufficient within-person history
41a62e40-fd7a-4264-8759-d1dfeb693f52,2026-06-01 00:02:00,2,0,3.0,1.242504732604738,0.49233406823778336,1.5674876175894121,4.0,2.5,,False,insufficient within-person history
41a62e40-fd7a-4264-8759-d1dfeb693f52,2026-06-01 00:03:00,3,0,3.0,1.242504732604738,0.49233406823778336,1.5674876175894121,0.0,1.6666666666666667,,False,insufficient within-person history
41a62e40-fd7a-4264-8759-d1dfeb693f52,2026-06-01 00:04:00,4,0,3.0,1.242504732604738,0.49233406823778336,1.5674876175894121,0.0,1.3333333333333333,2.166666666666667,False,below within-person threshold
41a62e40-fd7a-4264-8759-d1dfeb693f52,2026-06-01 00:05:00,5,1,2.0,1.242504732604738,0.49233406823778336,1.5674876175894121,1.0,0.3333333333333333,2.0000000000000004,False,below within-person threshold
41a62e40-fd7a-4264-8759-d1dfeb693f52,2026-06-01 00:06:00,6,1,2.0,1.242504732604738,0.49233406823778336,1.5674876175894121,0.0,0.3333333333333333,1.8333333333333335,False,below within-person threshold
41a62e40-fd7a-4264-8759-d1dfeb693f52,2026-06-01 00:07:00,7,1,4.0,1.242504732604738,0.49233406823778336,1.5674876175894121,4.0,1.6666666666666667,1.6666666666666667,False,below within-person threshold
41a62e40-fd7a-4264-8759-d1dfeb693f52,2026-06-01 00:08:00,8,1,4.0,1.242504732604738,0.49233406823778336,1.5674876175894121,0.0,1.3333333333333333,1.6666666666666667,False,below within-person threshold
41a62e40-fd7a-4264-8759-d1dfeb693f52,2026-06-01 00:09:00,9,1,,1.242504732604738,0.49233406823778336,1.5674876175894121,,2.0,1.6666666666666667,True,prompt sent
41a62e40-fd7a-4264-8759-d1dfeb693f52,2026-06-01 00:10:00,10,2,,1.242504732604738,0.49233406823778336,1.5674876175894121,,0.0,1.8000000000000003,False,below within-person threshold
41a62e40-fd7a-4264-8759-d1dfeb693f52,2026-06-01 00:11:00,11,2,,1.242504732604738,0.49233406823778336,1.5674876175894121,,,1.7333333333333334,False,missing or insufficient EMA data
41a62e40-fd7a-4264-8759-d1dfeb693f52,2026-06-01 00:12:00,12,2,,1.242504732604738,0.49233406823778336,1.5674876175894121,,,1.7333333333333334,False,missing or insufficient EMA data
41a62e40-fd7a-4264-8759-d1dfeb693f52,2026-06-01 00:13:00,13,2,2.0,1.242504732604738,0.49233406823778336,1.5674876175894121,,,1.7333333333333334,False,missing or insufficient EMA data
41a62e40-fd7a-4264-8759-d1dfeb693f52,2026-06-01 00:14:00,14,2,,1.242504732604738,0.49233406823778336,1.5674876175894121,,,1.7333333333333334,False,missing or insufficient EMA data
41a62e40-fd7a-4264-8759-d1dfeb693f52,2026-06-01 00:15:00,15,3,,1.242504732604738,0.49233406823778336,1.5674876175894121,,,1.7333333333333334,False,missing or insufficient EMA data
41a62e40-fd7a-4264-8759-d1dfeb693f52,2026-06-01 00:16:00,16,3,4.0,1.242504732604738,0.49233406823778336,1.5674876175894121,,,1.7333333333333334,False,missing or insufficient EMA data
41a62e40-fd7a-4264-8759-d1dfeb693f52,2026-06-01 00:17:00,17,3,3.0,1.242504732604738,0.49233406823778336,1.5674876175894121,1.0,1.0,1.7333333333333334,False,below within-person threshold
41a62e40-fd7a-4264-8759-d1dfeb693f52,2026-06-01 00:18:00,18,3,2.0,1.242504732604738,0.49233406823778336,1.5674876175894121,1.0,1.0,1.6666666666666667,False,below within-person threshold
41a62e40-fd7a-4264-8759-d1dfeb693f52,2026-06-01 00:19:00,19,3,,1.242504732604738,0.49233406823778336,1.5674876175894121,,1.0,1.6666666666666667,False,below within-person threshold
41a62e40-fd7a-4264-8759-d1dfeb693f52,2026-06-01 00:20:00,20,4,,1.242504732604738,0.49233406823778336,1.5674876175894121,,1.0,1.6666666666666667,False,below within-person threshold
41a62e40-fd7a-4264-8759-d1dfeb693f52,2026-06-01 00:21:00,21,4,,1.242504732604738,0.49233406823778336,1.5674876175894121,,,1.6666666666666667,False,missing or insufficient EMA data
41a62e40-fd7a-4264-8759-d1dfeb693f52,2026-06-01 00:22:00,22,4,,1.242504732604738,0.49233406823778336,1.5674876175894121,,,1.6666666666666667,False,missing or insufficient EMA data
41a62e40-fd7a-4264-8759-d1dfeb693f52,2026-06-01 00:23:00,23,4,,1.242504732604738,0.49233406823778336,1.5674876175894121,,,1.6666666666666667,False,missing or insufficient EMA data
41a62e40-fd7a-4264-8759-d1dfeb693f52,2026-06-01 00:24:00,24,4,,1.242504732604738,0.49233406823778336,1.5674876175894121,,,1.6666666666666667,False,missing or insufficient EMA data
41a62e40-fd7a-4264-8759-d1dfeb693f52,2026-06-01 00:25:00,25,5,3.0,1.242504732604738,0.49233406823778336,1.5674876175894121,,,1.6666666666666667,False,missing or insufficient EMA data
41a62e40-fd7a-4264-8759-d1dfeb693f52,2026-06-01 00:26:00,26,5,3.0,1.242504732604738,0.49233406823778336,1.5674876175894121,0.0,0.0,1.6666666666666667,False,below within-person threshold
41a62e40-fd7a-4264-8759-d1dfeb693f52,2026-06-01 00:27:00,27,5,5.0,1.242504732604738,0.49233406823778336,1.5674876175894121,4.0,2.0,1.6666666666666667,False,cooldown active
41a62e40-fd7a-4264-8759-d1dfeb693f52,2026-06-01 00:28:00,28,5,3.0,1.242504732604738,0.49233406823778336,1.5674876175894121,4.0,2.6666666666666665,1.6666666666666667,False,cooldown active
41a62e40-fd7a-4264-8759-d1dfeb693f52,2026-06-01 00:29:00,29,5,3.0,1.242504732604738,0.49233406823778336,1.5674876175894121,0.0,2.6666666666666665,1.9333333333333336,False,cooldown active
41a62e40-fd7a-4264-8759-d1dfeb693f52,2026-06-01 00:30:00,30,6,4.0,1.242504732604738,0.49233406823778336,1.5674876175894121,1.0,1.6666666666666667,2.0,False,below within-person threshold
41a62e40-fd7a-4264-8759-d1dfeb693f52,2026-06-01 00:31:00,31,6,4.0,1.242504732604738,0.49233406823778336,1.5674876175894121,0.0,0.3333333333333333,2.0,False,below within-person threshold
41a62e40-fd7a-4264-8759-d1dfeb693f52,2026-06-01 00:32:00,32,6,,1.242504732604738,0.49233406823778336,1.5674876175894121,,0.5,2.0,False,below within-person threshold
41a62e40-fd7a-4264-8759-d1dfeb693f52,2026-06-01 00:33:00,33,6,,1.242504732604738,0.49233406823778336,1.5674876175894121,,0.0,2.0,False,below within-person threshold
41a62e40-fd7a-4264-8759-d1dfeb693f52,2026-06-01 00:34:00,34,6,4.0,1.242504732604738,0.49233406823778336,1.5674876175894121,,,1.9333333333333336,False,missing or insufficient EMA data
434a3e13-a8ae-489a-8f9a-f54c50baba8a,2026-06-01 00:00:00,0,0,4.0,1.0158648323614647,0.3022042691838425,1.4402243712704594,,,,False,missing or insufficient EMA data
434a3e13-a8ae-489a-8f9a-f54c50baba8a,2026-06-01 00:01:00,1,0,3.0,1.0158648323614647,0.3022042691838425,1.4402243712704594,1.0,1.0,,False,insufficient within-person history
434a3e13-a8ae-489a-8f9a-f54c50baba8a,2026-06-01 00:02:00,2,0,4.0,1.0158648323614647,0.3022042691838425,1.4402243712704594,1.0,1.0,,False,insufficient within-person history
434a3e13-a8ae-489a-8f9a-f54c50baba8a,2026-06-01 00:03:00,3,0,5.0,1.0158648323614647,0.3022042691838425,1.4402243712704594,1.0,1.0,,False,insufficient within-person history
434a3e13-a8ae-489a-8f9a-f54c50baba8a,2026-06-01 00:04:00,4,0,5.0,1.0158648323614647,0.3022042691838425,1.4402243712704594,0.0,0.6666666666666666,1.0,False,below within-person threshold
434a3e13-a8ae-489a-8f9a-f54c50baba8a,2026-06-01 00:05:00,5,1,5.0,1.0158648323614647,0.3022042691838425,1.4402243712704594,0.0,0.3333333333333333,1.0,False,below within-person threshold
434a3e13-a8ae-489a-8f9a-f54c50baba8a,2026-06-01 00:06:00,6,1,5.0,1.0158648323614647,0.3022042691838425,1.4402243712704594,0.0,0.0,1.0,False,below within-person threshold
434a3e13-a8ae-489a-8f9a-f54c50baba8a,2026-06-01 00:07:00,7,1,5.0,1.0158648323614647,0.3022042691838425,1.4402243712704594,0.0,0.0,1.0,False,below within-person threshold
434a3e13-a8ae-489a-8f9a-f54c50baba8a,2026-06-01 00:08:00,8,1,,1.0158648323614647,0.3022042691838425,1.4402243712704594,,0.0,1.0,False,below within-person threshold
434a3e13-a8ae-489a-8f9a-f54c50baba8a,2026-06-01 00:09:00,9,1,,1.0158648323614647,0.3022042691838425,1.4402243712704594,,0.0,1.0,False,below within-person threshold
434a3e13-a8ae-489a-8f9a-f54c50baba8a,2026-06-01 00:10:00,10,2,,1.0158648323614647,0.3022042691838425,1.4402243712704594,,,1.0,False,missing or insufficient EMA data
434a3e13-a8ae-489a-8f9a-f54c50baba8a,2026-06-01 00:11:00,11,2,,1.0158648323614647,0.3022042691838425,1.4402243712704594,,,1.0,False,missing or insufficient EMA data
434a3e13-a8ae-489a-8f9a-f54c50baba8a,2026-06-01 00:12:00,12,2,,1.0158648323614647,0.3022042691838425,1.4402243712704594,,,1.0,False,missing or insufficient EMA data
434a3e13-a8ae-489a-8f9a-f54c50baba8a,2026-06-01 00:13:00,13,2,3.0,1.0158648323614647,0.3022042691838425,1.4402243712704594,,,1.0,False,missing or insufficient EMA data
434a3e13-a8ae-489a-8f9a-f54c50baba8a,2026-06-01 00:14:00,14,2,3.0,1.0158648323614647,0.3022042691838425,1.4402243712704594,0.0,0.0,1.0,False,below within-person threshold
434a3e13-a8ae-489a-8f9a-f54c50baba8a,2026-06-01 00:15:00,15,3,4.0,1.0158648323614647,0.3022042691838425,1.4402243712704594,1.0,0.5,1.0,False,below within-person threshold
434a3e13-a8ae-489a-8f9a-f54c50baba8a,2026-06-01 00:16:00,16,3,2.0,1.0158648323614647,0.3022042691838425,1.4402243712704594,4.0,1.6666666666666667,1.0,True,prompt sent
434a3e13-a8ae-489a-8f9a-f54c50baba8a,2026-06-01 00:17:00,17,3,2.0,1.0158648323614647,0.3022042691838425,1.4402243712704594,0.0,1.6666666666666667,1.0,False,cooldown active
434a3e13-a8ae-489a-8f9a-f54c50baba8a,2026-06-01 00:18:00,18,3,2.0,1.0158648323614647,0.3022042691838425,1.4402243712704594,0.0,1.3333333333333333,1.0,False,cooldown active
434a3e13-a8ae-489a-8f9a-f54c50baba8a,2026-06-01 00:19:00,19,3,,1.0158648323614647,0.3022042691838425,1.4402243712704594,,0.0,1.1333333333333335,False,below within-person threshold
434a3e13-a8ae-489a-8f9a-f54c50baba8a,2026-06-01 00:20:00,20,4,3.0,1.0158648323614647,0.3022042691838425,1.4402243712704594,,0.0,1.066666666666667,False,below within-person threshold
434a3e13-a8ae-489a-8f9a-f54c50baba8a,2026-06-01 00:21:00,21,4,,1.0158648323614647,0.3022042691838425,1.4402243712704594,,,1.0,False,missing or insufficient EMA data
434a3e13-a8ae-489a-8f9a-f54c50baba8a,2026-06-01 00:22:00,22,4,,1.0158648323614647,0.3022042691838425,1.4402243712704594,,,1.0,False,missing or insufficient EMA data
434a3e13-a8ae-489a-8f9a-f54c50baba8a,2026-06-01 00:23:00,23,4,,1.0158648323614647,0.3022042691838425,1.4402243712704594,,,1.0,False,missing or insufficient EMA data
434a3e13-a8ae-489a-8f9a-f54c50baba8a,2026-06-01 00:24:00,24,4,,1.0158648323614647,0.3022042691838425,1.4402243712704594,,,1.0,False,missing or insufficient EMA data
434a3e13-a8ae-489a-8f9a-f54c50baba8a,2026-06-01 00:25:00,25,5,4.0,1.0158648323614647,0.3022042691838425,1.4402243712704594,,,1.0,False,missing or insufficient EMA data
434a3e13-a8ae-489a-8f9a-f54c50baba8a,2026-06-01 00:26:00,26,5,4.0,1.0158648323614647,0.3022042691838425,1.4402243712704594,0.0,0.0,1.0,False,below within-person threshold
434a3e13-a8ae-489a-8f9a-f54c50baba8a,2026-06-01 00:27:00,27,5,4.0,1.0158648323614647,0.3022042691838425,1.4402243712704594,0.0,0.0,1.0,False,below within-person threshold
434a3e13-a8ae-489a-8f9a-f54c50baba8a,2026-06-01 00:28:00,28,5,3.0,1.0158648323614647,0.3022042691838425,1.4402243712704594,1.0,0.3333333333333333,1.0,False,below within-person threshold
434a3e13-a8ae-489a-8f9a-f54c50baba8a,2026-06-01 00:29:00,29,5,4.0,1.0158648323614647,0.3022042691838425,1.4402243712704594,1.0,0.6666666666666666,1.0,False,below within-person threshold
434a3e13-a8ae-489a-8f9a-f54c50baba8a,2026-06-01 00:30:00,30,6,4.0,1.0158648323614647,0.3022042691838425,1.4402243712704594,0.0,0.6666666666666666,1.0,False,below within-person threshold
434a3e13-a8ae-489a-8f9a-f54c50baba8a,2026-06-01 00:31:00,31,6,4.0,1.0158648323614647,0.3022042691838425,1.4402243712704594,0.0,0.3333333333333333,1.0,False,below within-person threshold
434a3e13-a8ae-489a-8f9a-f54c50baba8a,2026-06-01 00:32:00,32,6,4.0,1.0158648323614647,0.3022042691838425,1.4402243712704594,0.0,0.0,1.0,False,below within-person threshold
434a3e13-a8ae-489a-8f9a-f54c50baba8a,2026-06-01 00:33:00,33,6,3.0,1.0158648323614647,0.3022042691838425,1.4402243712704594,1.0,0.3333333333333333,1.0,False,below within-person threshold
434a3e13-a8ae-489a-8f9a-f54c50baba8a,2026-06-01 00:34:00,34,6,3.0,1.0158648323614647,0.3022042691838425,1.4402243712704594,0.0,0.3333333333333333,1.0,False,below within-person threshold
44bc46cf-4671-4556-8039-2b14ef029985,2026-06-01 00:00:00,0,0,4.0,0.8665395016978242,0.40349685261628276,0.8958173413296128,,,,False,missing or insufficient EMA data
44bc46cf-4671-4556-8039-2b14ef029985,2026-06-01 00:01:00,1,0,5.0,0.8665395016978242,0.40349685261628276,0.8958173413296128,1.0,1.0,,False,insufficient within-person history
44bc46cf-4671-4556-8039-2b14ef029985,2026-06-01 00:02:00,2,0,4.0,0.8665395016978242,0.40349685261628276,0.8958173413296128,1.0,1.0,,False,insufficient within-person history
44bc46cf-4671-4556-8039-2b14ef029985,2026-06-01 00:03:00,3,0,4.0,0.8665395016978242,0.40349685261628276,0.8958173413296128,0.0,0.6666666666666666,,False,insufficient within-person history
44bc46cf-4671-4556-8039-2b14ef029985,2026-06-01 00:04:00,4,0,5.0,0.8665395016978242,0.40349685261628276,0.8958173413296128,1.0,0.6666666666666666,1.0,False,below within-person threshold
44bc46cf-4671-4556-8039-2b14ef029985,2026-06-01 00:05:00,5,1,,0.8665395016978242,0.40349685261628276,0.8958173413296128,,0.5,1.0,False,below within-person threshold
44bc46cf-4671-4556-8039-2b14ef029985,2026-06-01 00:06:00,6,1,,0.8665395016978242,0.40349685261628276,0.8958173413296128,,1.0,1.0,False,below within-person threshold
44bc46cf-4671-4556-8039-2b14ef029985,2026-06-01 00:07:00,7,1,,0.8665395016978242,0.40349685261628276,0.8958173413296128,,,1.0,False,missing or insufficient EMA data
44bc46cf-4671-4556-8039-2b14ef029985,2026-06-01 00:08:00,8,1,,0.8665395016978242,0.40349685261628276,0.8958173413296128,,,1.0,False,missing or insufficient EMA data
44bc46cf-4671-4556-8039-2b14ef029985,2026-06-01 00:09:00,9,1,,0.8665395016978242,0.40349685261628276,0.8958173413296128,,,1.0,False,missing or insufficient EMA data
44bc46cf-4671-4556-8039-2b14ef029985,2026-06-01 00:10:00,10,2,3.0,0.8665395016978242,0.40349685261628276,0.8958173413296128,,,1.0,False,missing or insufficient EMA data
44bc46cf-4671-4556-8039-2b14ef029985,2026-06-01 00:11:00,11,2,2.0,0.8665395016978242,0.40349685261628276,0.8958173413296128,1.0,1.0,1.0,False,below within-person threshold
44bc46cf-4671-4556-8039-2b14ef029985,2026-06-01 00:12:00,12,2,3.0,0.8665395016978242,0.40349685261628276,0.8958173413296128,1.0,1.0,1.0,False,below within-person threshold
44bc46cf-4671-4556-8039-2b14ef029985,2026-06-01 00:13:00,13,2,2.0,0.8665395016978242,0.40349685261628276,0.8958173413296128,1.0,1.0,1.0,False,below within-person threshold
44bc46cf-4671-4556-8039-2b14ef029985,2026-06-01 00:14:00,14,2,4.0,0.8665395016978242,0.40349685261628276,0.8958173413296128,4.0,2.0,1.0,True,prompt sent
44bc46cf-4671-4556-8039-2b14ef029985,2026-06-01 00:15:00,15,3,3.0,0.8665395016978242,0.40349685261628276,0.8958173413296128,1.0,2.0,1.0,False,cooldown active
44bc46cf-4671-4556-8039-2b14ef029985,2026-06-01 00:16:00,16,3,3.0,0.8665395016978242,0.40349685261628276,0.8958173413296128,0.0,1.6666666666666667,1.0,False,cooldown active
44bc46cf-4671-4556-8039-2b14ef029985,2026-06-01 00:17:00,17,3,3.0,0.8665395016978242,0.40349685261628276,0.8958173413296128,0.0,0.3333333333333333,1.5333333333333339,False,below within-person threshold
44bc46cf-4671-4556-8039-2b14ef029985,2026-06-01 00:18:00,18,3,4.0,0.8665395016978242,0.40349685261628276,0.8958173413296128,1.0,0.3333333333333333,1.400000000000001,False,below within-person threshold
44bc46cf-4671-4556-8039-2b14ef029985,2026-06-01 00:19:00,19,3,4.0,0.8665395016978242,0.40349685261628276,0.8958173413296128,0.0,0.3333333333333333,1.2666666666666668,False,below within-person threshold
44bc46cf-4671-4556-8039-2b14ef029985,2026-06-01 00:20:00,20,4,4.0,0.8665395016978242,0.40349685261628276,0.8958173413296128,0.0,0.3333333333333333,1.133333333333334,False,below within-person threshold
44bc46cf-4671-4556-8039-2b14ef029985,2026-06-01 00:21:00,21,4,4.0,0.8665395016978242,0.40349685261628276,0.8958173413296128,0.0,0.0,1.0,False,below within-person threshold
44bc46cf-4671-4556-8039-2b14ef029985,2026-06-01 00:22:00,22,4,3.0,0.8665395016978242,0.40349685261628276,0.8958173413296128,1.0,0.3333333333333333,1.0,False,below within-person threshold
44bc46cf-4671-4556-8039-2b14ef029985,2026-06-01 00:23:00,23,4,2.0,0.8665395016978242,0.40349685261628276,0.8958173413296128,1.0,0.6666666666666666,1.0,False,below within-person threshold
44bc46cf-4671-4556-8039-2b14ef029985,2026-06-01 00:24:00,24,4,4.0,0.8665395016978242,0.40349685261628276,0.8958173413296128,4.0,2.0,1.0,False,cooldown active
44bc46cf-4671-4556-8039-2b14ef029985,2026-06-01 00:25:00,25,5,4.0,0.8665395016978242,0.40349685261628276,0.8958173413296128,0.0,1.6666666666666667,1.133333333333334,False,cooldown active
44bc46cf-4671-4556-8039-2b14ef029985,2026-06-01 00:26:00,26,5,4.0,0.8665395016978242,0.40349685261628276,0.8958173413296128,0.0,1.3333333333333333,1.6666666666666667,False,below within-person threshold
44bc46cf-4671-4556-8039-2b14ef029985,2026-06-01 00:27:00,27,5,,0.8665395016978242,0.40349685261628276,0.8958173413296128,,0.0,1.6000000000000003,False,below within-person threshold
44bc46cf-4671-4556-8039-2b14ef029985,2026-06-01 00:28:00,28,5,3.0,0.8665395016978242,0.40349685261628276,0.8958173413296128,,0.0,1.5333333333333339,False,below within-person threshold
44bc46cf-4671-4556-8039-2b14ef029985,2026-06-01 00:29:00,29,5,3.0,0.8665395016978242,0.40349685261628276,0.8958173413296128,0.0,0.0,1.4666666666666675,False,below within-person threshold
44bc46cf-4671-4556-8039-2b14ef029985,2026-06-01 00:30:00,30,6,3.0,0.8665395016978242,0.40349685261628276,0.8958173413296128,0.0,0.0,1.4000000000000008,False,below within-person threshold
44bc46cf-4671-4556-8039-2b14ef029985,2026-06-01 00:31:00,31,6,3.0,0.8665395016978242,0.40349685261628276,0.8958173413296128,0.0,0.0,1.3333333333333333,False,below within-person threshold
44bc46cf-4671-4556-8039-2b14ef029985,2026-06-01 00:32:00,32,6,3.0,0.8665395016978242,0.40349685261628276,0.8958173413296128,0.0,0.0,1.2666666666666668,False,below within-person threshold
44bc46cf-4671-4556-8039-2b14ef029985,2026-06-01 00:33:00,33,6,3.0,0.8665395016978242,0.40349685261628276,0.8958173413296128,0.0,0.0,1.2000000000000004,False,below within-person threshold
44bc46cf-4671-4556-8039-2b14ef029985,2026-06-01 00:34:00,34,6,4.0,0.8665395016978242,0.40349685261628276,0.8958173413296128,1.0,0.3333333333333333,1.133333333333334,False,below within-person threshold
499b021c-ea64-49c1-9178-f3c27e7e3c15,2026-06-01 00:00:00,0,0,1.0,1.0118607122036787,0.37436514837493096,1.2811276271638774,,,,False,missing or insufficient EMA data
499b021c-ea64-49c1-9178-f3c27e7e3c15,2026-06-01 00:01:00,1,0,2.0,1.0118607122036787,0.37436514837493096,1.2811276271638774,1.0,1.0,,False,insufficient within-person history
499b021c-ea64-49c1-9178-f3c27e7e3c15,2026-06-01 00:02:00,2,0,3.0,1.0118607122036787,0.37436514837493096,1.2811276271638774,1.0,1.0,,False,insufficient within-person history
499b021c-ea64-49c1-9178-f3c27e7e3c15,2026-06-01 00:03:00,3,0,2.0,1.0118607122036787,0.37436514837493096,1.2811276271638774,1.0,1.0,,False,insufficient within-person history
499b021c-ea64-49c1-9178-f3c27e7e3c15,2026-06-01 00:04:00,4,0,1.0,1.0118607122036787,0.37436514837493096,1.2811276271638774,1.0,1.0,1.0,False,below within-person threshold
499b021c-ea64-49c1-9178-f3c27e7e3c15,2026-06-01 00:05:00,5,1,2.0,1.0118607122036787,0.37436514837493096,1.2811276271638774,1.0,1.0,1.0,False,below within-person threshold
499b021c-ea64-49c1-9178-f3c27e7e3c15,2026-06-01 00:06:00,6,1,1.0,1.0118607122036787,0.37436514837493096,1.2811276271638774,1.0,1.0,1.0,False,below within-person threshold
499b021c-ea64-49c1-9178-f3c27e7e3c15,2026-06-01 00:07:00,7,1,2.0,1.0118607122036787,0.37436514837493096,1.2811276271638774,1.0,1.0,1.0,False,below within-person threshold
499b021c-ea64-49c1-9178-f3c27e7e3c15,2026-06-01 00:08:00,8,1,2.0,1.0118607122036787,0.37436514837493096,1.2811276271638774,0.0,0.6666666666666666,1.0,False,below within-person threshold
499b021c-ea64-49c1-9178-f3c27e7e3c15,2026-06-01 00:09:00,9,1,5.0,1.0118607122036787,0.37436514837493096,1.2811276271638774,9.0,3.3333333333333335,1.0,True,prompt sent
499b021c-ea64-49c1-9178-f3c27e7e3c15,2026-06-01 00:10:00,10,2,5.0,1.0118607122036787,0.37436514837493096,1.2811276271638774,0.0,3.0,1.0,False,cooldown active
499b021c-ea64-49c1-9178-f3c27e7e3c15,2026-06-01 00:11:00,11,2,4.0,1.0118607122036787,0.37436514837493096,1.2811276271638774,1.0,3.3333333333333335,1.4000000000000004,False,cooldown active
499b021c-ea64-49c1-9178-f3c27e7e3c15,2026-06-01 00:12:00,12,2,4.0,1.0118607122036787,0.37436514837493096,1.2811276271638774,0.0,0.3333333333333333,3.0,False,below within-person threshold
499b021c-ea64-49c1-9178-f3c27e7e3c15,2026-06-01 00:13:00,13,2,3.0,1.0118607122036787,0.37436514837493096,1.2811276271638774,1.0,0.6666666666666666,2.6000000000000014,False,below within-person threshold
499b021c-ea64-49c1-9178-f3c27e7e3c15,2026-06-01 00:14:00,14,2,3.0,1.0118607122036787,0.37436514837493096,1.2811276271638774,0.0,0.3333333333333333,2.200000000000003,False,below within-person threshold
499b021c-ea64-49c1-9178-f3c27e7e3c15,2026-06-01 00:15:00,15,3,2.0,1.0118607122036787,0.37436514837493096,1.2811276271638774,1.0,0.6666666666666666,1.8000000000000007,False,below within-person threshold
499b021c-ea64-49c1-9178-f3c27e7e3c15,2026-06-01 00:16:00,16,3,3.0,1.0118607122036787,0.37436514837493096,1.2811276271638774,1.0,0.6666666666666666,1.4000000000000021,False,below within-person threshold
499b021c-ea64-49c1-9178-f3c27e7e3c15,2026-06-01 00:17:00,17,3,4.0,1.0118607122036787,0.37436514837493096,1.2811276271638774,1.0,1.0,1.0,False,below within-person threshold
499b021c-ea64-49c1-9178-f3c27e7e3c15,2026-06-01 00:18:00,18,3,3.0,1.0118607122036787,0.37436514837493096,1.2811276271638774,1.0,1.0,1.0,False,below within-person threshold
499b021c-ea64-49c1-9178-f3c27e7e3c15,2026-06-01 00:19:00,19,3,3.0,1.0118607122036787,0.37436514837493096,1.2811276271638774,0.0,0.6666666666666666,1.0,False,below within-person threshold
499b021c-ea64-49c1-9178-f3c27e7e3c15,2026-06-01 00:20:00,20,4,3.0,1.0118607122036787,0.37436514837493096,1.2811276271638774,0.0,0.3333333333333333,1.0,False,below within-person threshold
499b021c-ea64-49c1-9178-f3c27e7e3c15,2026-06-01 00:21:00,21,4,4.0,1.0118607122036787,0.37436514837493096,1.2811276271638774,1.0,0.3333333333333333,1.0,False,below within-person threshold
499b021c-ea64-49c1-9178-f3c27e7e3c15,2026-06-01 00:22:00,22,4,5.0,1.0118607122036787,0.37436514837493096,1.2811276271638774,1.0,0.6666666666666666,1.0,False,below within-person threshold
499b021c-ea64-49c1-9178-f3c27e7e3c15,2026-06-01 00:23:00,23,4,5.0,1.0118607122036787,0.37436514837493096,1.2811276271638774,0.0,0.6666666666666666,1.0,False,below within-person threshold
499b021c-ea64-49c1-9178-f3c27e7e3c15,2026-06-01 00:24:00,24,4,4.0,1.0118607122036787,0.37436514837493096,1.2811276271638774,1.0,0.6666666666666666,1.0,False,below within-person threshold
499b021c-ea64-49c1-9178-f3c27e7e3c15,2026-06-01 00:25:00,25,5,4.0,1.0118607122036787,0.37436514837493096,1.2811276271638774,0.0,0.3333333333333333,1.0,False,below within-person threshold
499b021c-ea64-49c1-9178-f3c27e7e3c15,2026-06-01 00:26:00,26,5,4.0,1.0118607122036787,0.37436514837493096,1.2811276271638774,0.0,0.3333333333333333,1.0,False,below within-person threshold
499b021c-ea64-49c1-9178-f3c27e7e3c15,2026-06-01 00:27:00,27,5,3.0,1.0118607122036787,0.37436514837493096,1.2811276271638774,1.0,0.3333333333333333,1.0,False,below within-person threshold
499b021c-ea64-49c1-9178-f3c27e7e3c15,2026-06-01 00:28:00,28,5,4.0,1.0118607122036787,0.37436514837493096,1.2811276271638774,1.0,0.6666666666666666,1.0,False,below within-person threshold
499b021c-ea64-49c1-9178-f3c27e7e3c15,2026-06-01 00:29:00,29,5,3.0,1.0118607122036787,0.37436514837493096,1.2811276271638774,1.0,1.0,1.0,False,below within-person threshold
499b021c-ea64-49c1-9178-f3c27e7e3c15,2026-06-01 00:30:00,30,6,4.0,1.0118607122036787,0.37436514837493096,1.2811276271638774,1.0,1.0,1.0,False,below within-person threshold
499b021c-ea64-49c1-9178-f3c27e7e3c15,2026-06-01 00:31:00,31,6,3.0,1.0118607122036787,0.37436514837493096,1.2811276271638774,1.0,1.0,1.0,False,below within-person threshold
499b021c-ea64-49c1-9178-f3c27e7e3c15,2026-06-01 00:32:00,32,6,3.0,1.0118607122036787,0.37436514837493096,1.2811276271638774,0.0,0.6666666666666666,1.0,False,below within-person threshold
499b021c-ea64-49c1-9178-f3c27e7e3c15,2026-06-01 00:33:00,33,6,2.0,1.0118607122036787,0.37436514837493096,1.2811276271638774,1.0,0.6666666666666666,1.0,False,below within-person threshold
499b021c-ea64-49c1-9178-f3c27e7e3c15,2026-06-01 00:34:00,34,6,4.0,1.0118607122036787,0.37436514837493096,1.2811276271638774,4.0,1.6666666666666667,1.0,False,cooldown active
4a7ffd59-7249-4cdb-a7b9-c068dc9043cb,2026-06-01 00:00:00,0,0,3.0,1.4897517305775099,0.1677106188126366,3.6942998862050356,,,,False,missing or insufficient EMA data
4a7ffd59-7249-4cdb-a7b9-c068dc9043cb,2026-06-01 00:01:00,1,0,3.0,1.4897517305775099,0.1677106188126366,3.6942998862050356,0.0,0.0,,False,insufficient within-person history
4a7ffd59-7249-4cdb-a7b9-c068dc9043cb,2026-06-01 00:02:00,2,0,5.0,1.4897517305775099,0.1677106188126366,3.6942998862050356,4.0,2.0,,False,insufficient within-person history
4a7ffd59-7249-4cdb-a7b9-c068dc9043cb,2026-06-01 00:03:00,3,0,4.0,1.4897517305775099,0.1677106188126366,3.6942998862050356,1.0,1.6666666666666667,,False,insufficient within-person history
4a7ffd59-7249-4cdb-a7b9-c068dc9043cb,2026-06-01 00:04:00,4,0,5.0,1.4897517305775099,0.1677106188126366,3.6942998862050356,1.0,2.0,1.8666666666666667,True,prompt sent
4a7ffd59-7249-4cdb-a7b9-c068dc9043cb,2026-06-01 00:05:00,5,1,5.0,1.4897517305775099,0.1677106188126366,3.6942998862050356,0.0,0.6666666666666666,2.0,False,below within-person threshold
4a7ffd59-7249-4cdb-a7b9-c068dc9043cb,2026-06-01 00:06:00,6,1,5.0,1.4897517305775099,0.1677106188126366,3.6942998862050356,0.0,0.3333333333333333,2.0,False,below within-person threshold
4a7ffd59-7249-4cdb-a7b9-c068dc9043cb,2026-06-01 00:07:00,7,1,5.0,1.4897517305775099,0.1677106188126366,3.6942998862050356,0.0,0.0,2.0,False,below within-person threshold
4a7ffd59-7249-4cdb-a7b9-c068dc9043cb,2026-06-01 00:08:00,8,1,1.0,1.4897517305775099,0.1677106188126366,3.6942998862050356,16.0,5.333333333333333,1.9333333333333336,False,cooldown active
4a7ffd59-7249-4cdb-a7b9-c068dc9043cb,2026-06-01 00:09:00,9,1,4.0,1.4897517305775099,0.1677106188126366,3.6942998862050356,9.0,8.333333333333334,2.0,False,cooldown active
4a7ffd59-7249-4cdb-a7b9-c068dc9043cb,2026-06-01 00:10:00,10,2,3.0,1.4897517305775099,0.1677106188126366,3.6942998862050356,1.0,8.666666666666666,3.3333333333333344,False,cooldown active
4a7ffd59-7249-4cdb-a7b9-c068dc9043cb,2026-06-01 00:11:00,11,2,2.0,1.4897517305775099,0.1677106188126366,3.6942998862050356,1.0,3.6666666666666665,5.933333333333334,False,below within-person threshold
4a7ffd59-7249-4cdb-a7b9-c068dc9043cb,2026-06-01 00:12:00,12,2,3.0,1.4897517305775099,0.1677106188126366,3.6942998862050356,1.0,1.0,5.333333333333333,False,below within-person threshold
4a7ffd59-7249-4cdb-a7b9-c068dc9043cb,2026-06-01 00:13:00,13,2,1.0,1.4897517305775099,0.1677106188126366,3.6942998862050356,4.0,2.0,5.000000000000001,False,below within-person threshold
4a7ffd59-7249-4cdb-a7b9-c068dc9043cb,2026-06-01 00:14:00,14,2,1.0,1.4897517305775099,0.1677106188126366,3.6942998862050356,0.0,1.6666666666666667,4.666666666666669,False,below within-person threshold
4a7ffd59-7249-4cdb-a7b9-c068dc9043cb,2026-06-01 00:15:00,15,3,1.0,1.4897517305775099,0.1677106188126366,3.6942998862050356,0.0,1.3333333333333333,4.333333333333334,False,below within-person threshold
4a7ffd59-7249-4cdb-a7b9-c068dc9043cb,2026-06-01 00:16:00,16,3,2.0,1.4897517305775099,0.1677106188126366,3.6942998862050356,1.0,0.3333333333333333,4.000000000000002,False,below within-person threshold
4a7ffd59-7249-4cdb-a7b9-c068dc9043cb,2026-06-01 00:17:00,17,3,1.0,1.4897517305775099,0.1677106188126366,3.6942998862050356,1.0,0.6666666666666666,3.6666666666666665,False,below within-person threshold
4a7ffd59-7249-4cdb-a7b9-c068dc9043cb,2026-06-01 00:18:00,18,3,2.0,1.4897517305775099,0.1677106188126366,3.6942998862050356,1.0,1.0,3.3333333333333344,False,below within-person threshold
4a7ffd59-7249-4cdb-a7b9-c068dc9043cb,2026-06-01 00:19:00,19,3,4.0,1.4897517305775099,0.1677106188126366,3.6942998862050356,4.0,2.0,3.000000000000002,False,below within-person threshold
4a7ffd59-7249-4cdb-a7b9-c068dc9043cb,2026-06-01 00:20:00,20,4,4.0,1.4897517305775099,0.1677106188126366,3.6942998862050356,0.0,1.6666666666666667,2.6666666666666674,False,below within-person threshold
4a7ffd59-7249-4cdb-a7b9-c068dc9043cb,2026-06-01 00:21:00,21,4,1.0,1.4897517305775099,0.1677106188126366,3.6942998862050356,9.0,4.333333333333333,2.3333333333333353,False,cooldown active
4a7ffd59-7249-4cdb-a7b9-c068dc9043cb,2026-06-01 00:22:00,22,4,4.0,1.4897517305775099,0.1677106188126366,3.6942998862050356,9.0,6.0,3.6666666666666665,False,cooldown active
4a7ffd59-7249-4cdb-a7b9-c068dc9043cb,2026-06-01 00:23:00,23,4,5.0,1.4897517305775099,0.1677106188126366,3.6942998862050356,1.0,6.333333333333333,4.2,False,cooldown active
4a7ffd59-7249-4cdb-a7b9-c068dc9043cb,2026-06-01 00:24:00,24,4,4.0,1.4897517305775099,0.1677106188126366,3.6942998862050356,1.0,3.6666666666666665,4.9333333333333345,False,below within-person threshold
4a7ffd59-7249-4cdb-a7b9-c068dc9043cb,2026-06-01 00:25:00,25,5,3.0,1.4897517305775099,0.1677106188126366,3.6942998862050356,1.0,1.0,4.733333333333335,False,below within-person threshold
4a7ffd59-7249-4cdb-a7b9-c068dc9043cb,2026-06-01 00:26:00,26,5,3.0,1.4897517305775099,0.1677106188126366,3.6942998862050356,0.0,0.6666666666666666,4.533333333333336,False,below within-person threshold
4a7ffd59-7249-4cdb-a7b9-c068dc9043cb,2026-06-01 00:27:00,27,5,2.0,1.4897517305775099,0.1677106188126366,3.6942998862050356,1.0,0.6666666666666666,4.333333333333333,False,below within-person threshold
4a7ffd59-7249-4cdb-a7b9-c068dc9043cb,2026-06-01 00:28:00,28,5,,1.4897517305775099,0.1677106188126366,3.6942998862050356,,0.5,4.2,False,below within-person threshold
4a7ffd59-7249-4cdb-a7b9-c068dc9043cb,2026-06-01 00:29:00,29,5,4.0,1.4897517305775099,0.1677106188126366,3.6942998862050356,,1.0,4.066666666666667,False,below within-person threshold
4a7ffd59-7249-4cdb-a7b9-c068dc9043cb,2026-06-01 00:30:00,30,6,3.0,1.4897517305775099,0.1677106188126366,3.6942998862050356,1.0,1.0,3.9333333333333345,False,below within-person threshold
4a7ffd59-7249-4cdb-a7b9-c068dc9043cb,2026-06-01 00:31:00,31,6,3.0,1.4897517305775099,0.1677106188126366,3.6942998862050356,0.0,0.5,3.8000000000000016,False,below within-person threshold
4a7ffd59-7249-4cdb-a7b9-c068dc9043cb,2026-06-01 00:32:00,32,6,3.0,1.4897517305775099,0.1677106188126366,3.6942998862050356,0.0,0.3333333333333333,3.6666666666666665,False,below within-person threshold
4a7ffd59-7249-4cdb-a7b9-c068dc9043cb,2026-06-01 00:33:00,33,6,5.0,1.4897517305775099,0.1677106188126366,3.6942998862050356,4.0,1.3333333333333333,3.6666666666666665,False,below within-person threshold
4a7ffd59-7249-4cdb-a7b9-c068dc9043cb,2026-06-01 00:34:00,34,6,,1.4897517305775099,0.1677106188126366,3.6942998862050356,,2.0,3.6666666666666665,False,below within-person threshold
4b20abbc-ae64-4d50-8e0d-bfeeae433423,2026-06-01 00:00:00,0,0,3.0,0.3842693314755739,0.18153661109970903,0.2417133863837546,,,,False,missing or insufficient EMA data
4b20abbc-ae64-4d50-8e0d-bfeeae433423,2026-06-01 00:01:00,1,0,3.0,0.3842693314755739,0.18153661109970903,0.2417133863837546,0.0,0.0,,False,insufficient within-person history
4b20abbc-ae64-4d50-8e0d-bfeeae433423,2026-06-01 00:02:00,2,0,2.0,0.3842693314755739,0.18153661109970903,0.2417133863837546,1.0,0.5,,False,insufficient within-person history
4b20abbc-ae64-4d50-8e0d-bfeeae433423,2026-06-01 00:03:00,3,0,2.0,0.3842693314755739,0.18153661109970903,0.2417133863837546,0.0,0.3333333333333333,,False,insufficient within-person history
4b20abbc-ae64-4d50-8e0d-bfeeae433423,2026-06-01 00:04:00,4,0,3.0,0.3842693314755739,0.18153661109970903,0.2417133863837546,1.0,0.6666666666666666,0.43333333333333335,True,prompt sent
4b20abbc-ae64-4d50-8e0d-bfeeae433423,2026-06-01 00:05:00,5,1,3.0,0.3842693314755739,0.18153661109970903,0.2417133863837546,0.0,0.3333333333333333,0.5666666666666668,False,below within-person threshold
4b20abbc-ae64-4d50-8e0d-bfeeae433423,2026-06-01 00:06:00,6,1,2.0,0.3842693314755739,0.18153661109970903,0.2417133863837546,1.0,0.6666666666666666,0.5333333333333333,False,cooldown active
4b20abbc-ae64-4d50-8e0d-bfeeae433423,2026-06-01 00:07:00,7,1,2.0,0.3842693314755739,0.18153661109970903,0.2417133863837546,0.0,0.3333333333333333,0.6666666666666666,False,below within-person threshold
4b20abbc-ae64-4d50-8e0d-bfeeae433423,2026-06-01 00:08:00,8,1,2.0,0.3842693314755739,0.18153661109970903,0.2417133863837546,0.0,0.3333333333333333,0.6333333333333334,False,below within-person threshold
4b20abbc-ae64-4d50-8e0d-bfeeae433423,2026-06-01 00:09:00,9,1,2.0,0.3842693314755739,0.18153661109970903,0.2417133863837546,0.0,0.0,0.6000000000000001,False,below within-person threshold
4b20abbc-ae64-4d50-8e0d-bfeeae433423,2026-06-01 00:10:00,10,2,3.0,0.3842693314755739,0.18153661109970903,0.2417133863837546,1.0,0.3333333333333333,0.5666666666666668,False,below within-person threshold
4b20abbc-ae64-4d50-8e0d-bfeeae433423,2026-06-01 00:11:00,11,2,2.0,0.3842693314755739,0.18153661109970903,0.2417133863837546,1.0,0.6666666666666666,0.5333333333333333,False,cooldown active
4b20abbc-ae64-4d50-8e0d-bfeeae433423,2026-06-01 00:12:00,12,2,2.0,0.3842693314755739,0.18153661109970903,0.2417133863837546,0.0,0.6666666666666666,0.6666666666666666,False,below within-person threshold
4b20abbc-ae64-4d50-8e0d-bfeeae433423,2026-06-01 00:13:00,13,2,2.0,0.3842693314755739,0.18153661109970903,0.2417133863837546,0.0,0.3333333333333333,0.6666666666666666,False,below within-person threshold
4b20abbc-ae64-4d50-8e0d-bfeeae433423,2026-06-01 00:14:00,14,2,2.0,0.3842693314755739,0.18153661109970903,0.2417133863837546,0.0,0.0,0.6666666666666666,False,below within-person threshold
4b20abbc-ae64-4d50-8e0d-bfeeae433423,2026-06-01 00:15:00,15,3,2.0,0.3842693314755739,0.18153661109970903,0.2417133863837546,0.0,0.0,0.6666666666666666,False,below within-person threshold
4b20abbc-ae64-4d50-8e0d-bfeeae433423,2026-06-01 00:16:00,16,3,3.0,0.3842693314755739,0.18153661109970903,0.2417133863837546,1.0,0.3333333333333333,0.6666666666666666,False,below within-person threshold
4b20abbc-ae64-4d50-8e0d-bfeeae433423,2026-06-01 00:17:00,17,3,2.0,0.3842693314755739,0.18153661109970903,0.2417133863837546,1.0,0.6666666666666666,0.6666666666666666,False,below within-person threshold
4b20abbc-ae64-4d50-8e0d-bfeeae433423,2026-06-01 00:18:00,18,3,2.0,0.3842693314755739,0.18153661109970903,0.2417133863837546,0.0,0.6666666666666666,0.6666666666666666,False,below within-person threshold
4b20abbc-ae64-4d50-8e0d-bfeeae433423,2026-06-01 00:19:00,19,3,2.0,0.3842693314755739,0.18153661109970903,0.2417133863837546,0.0,0.3333333333333333,0.6666666666666666,False,below within-person threshold
4b20abbc-ae64-4d50-8e0d-bfeeae433423,2026-06-01 00:20:00,20,4,2.0,0.3842693314755739,0.18153661109970903,0.2417133863837546,0.0,0.0,0.6666666666666666,False,below within-person threshold
4b20abbc-ae64-4d50-8e0d-bfeeae433423,2026-06-01 00:21:00,21,4,3.0,0.3842693314755739,0.18153661109970903,0.2417133863837546,1.0,0.3333333333333333,0.6666666666666666,False,below within-person threshold
4b20abbc-ae64-4d50-8e0d-bfeeae433423,2026-06-01 00:22:00,22,4,2.0,0.3842693314755739,0.18153661109970903,0.2417133863837546,1.0,0.6666666666666666,0.6666666666666666,False,below within-person threshold
4b20abbc-ae64-4d50-8e0d-bfeeae433423,2026-06-01 00:23:00,23,4,2.0,0.3842693314755739,0.18153661109970903,0.2417133863837546,0.0,0.6666666666666666,0.6666666666666666,False,below within-person threshold
4b20abbc-ae64-4d50-8e0d-bfeeae433423,2026-06-01 00:24:00,24,4,3.0,0.3842693314755739,0.18153661109970903,0.2417133863837546,1.0,0.6666666666666666,0.6666666666666666,False,below within-person threshold
4b20abbc-ae64-4d50-8e0d-bfeeae433423,2026-06-01 00:25:00,25,5,2.0,0.3842693314755739,0.18153661109970903,0.2417133863837546,1.0,0.6666666666666666,0.6666666666666666,False,below within-person threshold
4b20abbc-ae64-4d50-8e0d-bfeeae433423,2026-06-01 00:26:00,26,5,2.0,0.3842693314755739,0.18153661109970903,0.2417133863837546,0.0,0.6666666666666666,0.6666666666666666,False,below within-person threshold
4b20abbc-ae64-4d50-8e0d-bfeeae433423,2026-06-01 00:27:00,27,5,2.0,0.3842693314755739,0.18153661109970903,0.2417133863837546,0.0,0.3333333333333333,0.6666666666666666,False,below within-person threshold
4b20abbc-ae64-4d50-8e0d-bfeeae433423,2026-06-01 00:28:00,28,5,2.0,0.3842693314755739,0.18153661109970903,0.2417133863837546,0.0,0.0,0.6666666666666666,False,below within-person threshold
4b20abbc-ae64-4d50-8e0d-bfeeae433423,2026-06-01 00:29:00,29,5,2.0,0.3842693314755739,0.18153661109970903,0.2417133863837546,0.0,0.0,0.6666666666666666,False,below within-person threshold
4b20abbc-ae64-4d50-8e0d-bfeeae433423,2026-06-01 00:30:00,30,6,2.0,0.3842693314755739,0.18153661109970903,0.2417133863837546,0.0,0.0,0.6666666666666666,False,below within-person threshold
4b20abbc-ae64-4d50-8e0d-bfeeae433423,2026-06-01 00:31:00,31,6,3.0,0.3842693314755739,0.18153661109970903,0.2417133863837546,1.0,0.3333333333333333,0.6666666666666666,False,below within-person threshold
4b20abbc-ae64-4d50-8e0d-bfeeae433423,2026-06-01 00:32:00,32,6,2.0,0.3842693314755739,0.18153661109970903,0.2417133863837546,1.0,0.6666666666666666,0.6666666666666666,False,below within-person threshold
4b20abbc-ae64-4d50-8e0d-bfeeae433423,2026-06-01 00:33:00,33,6,3.0,0.3842693314755739,0.18153661109970903,0.2417133863837546,1.0,1.0,0.6666666666666666,False,cooldown active
4b20abbc-ae64-4d50-8e0d-bfeeae433423,2026-06-01 00:34:00,34,6,2.0,0.3842693314755739,0.18153661109970903,0.2417133863837546,1.0,1.0,0.6666666666666666,False,cooldown active
4bccb05d-cc51-4b6b-b0c6-bb287e5e41b3,2026-06-01 00:00:00,0,0,4.0,0.9149253374808752,0.5987663313656792,0.67173607787185,,,,False,missing or insufficient EMA data
4bccb05d-cc51-4b6b-b0c6-bb287e5e41b3,2026-06-01 00:01:00,1,0,3.0,0.9149253374808752,0.5987663313656792,0.67173607787185,1.0,1.0,,False,insufficient within-person history
4bccb05d-cc51-4b6b-b0c6-bb287e5e41b3,2026-06-01 00:02:00,2,0,3.0,0.9149253374808752,0.5987663313656792,0.67173607787185,0.0,0.5,,False,insufficient within-person history
4bccb05d-cc51-4b6b-b0c6-bb287e5e41b3,2026-06-01 00:03:00,3,0,4.0,0.9149253374808752,0.5987663313656792,0.67173607787185,1.0,0.6666666666666666,,False,insufficient within-person history
4bccb05d-cc51-4b6b-b0c6-bb287e5e41b3,2026-06-01 00:04:00,4,0,5.0,0.9149253374808752,0.5987663313656792,0.67173607787185,1.0,0.6666666666666666,0.8666666666666667,False,below within-person threshold
4bccb05d-cc51-4b6b-b0c6-bb287e5e41b3,2026-06-01 00:05:00,5,1,5.0,0.9149253374808752,0.5987663313656792,0.67173607787185,0.0,0.6666666666666666,0.8,False,below within-person threshold
4bccb05d-cc51-4b6b-b0c6-bb287e5e41b3,2026-06-01 00:06:00,6,1,4.0,0.9149253374808752,0.5987663313656792,0.67173607787185,1.0,0.6666666666666666,0.7333333333333334,False,below within-person threshold
4bccb05d-cc51-4b6b-b0c6-bb287e5e41b3,2026-06-01 00:07:00,7,1,4.0,0.9149253374808752,0.5987663313656792,0.67173607787185,0.0,0.3333333333333333,0.6666666666666666,False,below within-person threshold
4bccb05d-cc51-4b6b-b0c6-bb287e5e41b3,2026-06-01 00:08:00,8,1,4.0,0.9149253374808752,0.5987663313656792,0.67173607787185,0.0,0.3333333333333333,0.6666666666666666,False,below within-person threshold
4bccb05d-cc51-4b6b-b0c6-bb287e5e41b3,2026-06-01 00:09:00,9,1,4.0,0.9149253374808752,0.5987663313656792,0.67173607787185,0.0,0.0,0.6666666666666666,False,below within-person threshold
4bccb05d-cc51-4b6b-b0c6-bb287e5e41b3,2026-06-01 00:10:00,10,2,4.0,0.9149253374808752,0.5987663313656792,0.67173607787185,0.0,0.0,0.6666666666666666,False,below within-person threshold
4bccb05d-cc51-4b6b-b0c6-bb287e5e41b3,2026-06-01 00:11:00,11,2,4.0,0.9149253374808752,0.5987663313656792,0.67173607787185,0.0,0.0,0.6666666666666666,False,below within-person threshold
4bccb05d-cc51-4b6b-b0c6-bb287e5e41b3,2026-06-01 00:12:00,12,2,3.0,0.9149253374808752,0.5987663313656792,0.67173607787185,1.0,0.3333333333333333,0.6666666666666666,False,below within-person threshold
4bccb05d-cc51-4b6b-b0c6-bb287e5e41b3,2026-06-01 00:13:00,13,2,3.0,0.9149253374808752,0.5987663313656792,0.67173607787185,0.0,0.3333333333333333,0.6666666666666666,False,below within-person threshold
4bccb05d-cc51-4b6b-b0c6-bb287e5e41b3,2026-06-01 00:14:00,14,2,3.0,0.9149253374808752,0.5987663313656792,0.67173607787185,0.0,0.3333333333333333,0.6666666666666666,False,below within-person threshold
4bccb05d-cc51-4b6b-b0c6-bb287e5e41b3,2026-06-01 00:15:00,15,3,3.0,0.9149253374808752,0.5987663313656792,0.67173607787185,0.0,0.0,0.6666666666666666,False,below within-person threshold
4bccb05d-cc51-4b6b-b0c6-bb287e5e41b3,2026-06-01 00:16:00,16,3,4.0,0.9149253374808752,0.5987663313656792,0.67173607787185,1.0,0.3333333333333333,0.6666666666666666,False,below within-person threshold
4bccb05d-cc51-4b6b-b0c6-bb287e5e41b3,2026-06-01 00:17:00,17,3,3.0,0.9149253374808752,0.5987663313656792,0.67173607787185,1.0,0.6666666666666666,0.6666666666666666,False,below within-person threshold
4bccb05d-cc51-4b6b-b0c6-bb287e5e41b3,2026-06-01 00:18:00,18,3,2.0,0.9149253374808752,0.5987663313656792,0.67173607787185,1.0,1.0,0.6666666666666666,True,prompt sent
4bccb05d-cc51-4b6b-b0c6-bb287e5e41b3,2026-06-01 00:19:00,19,3,4.0,0.9149253374808752,0.5987663313656792,0.67173607787185,4.0,2.0,0.6666666666666666,False,cooldown active
4bccb05d-cc51-4b6b-b0c6-bb287e5e41b3,2026-06-01 00:20:00,20,4,5.0,0.9149253374808752,0.5987663313656792,0.67173607787185,1.0,2.0,0.6666666666666666,False,cooldown active
4bccb05d-cc51-4b6b-b0c6-bb287e5e41b3,2026-06-01 00:21:00,21,4,4.0,0.9149253374808752,0.5987663313656792,0.67173607787185,1.0,2.0,0.7333333333333336,False,cooldown active
4bccb05d-cc51-4b6b-b0c6-bb287e5e41b3,2026-06-01 00:22:00,22,4,4.0,0.9149253374808752,0.5987663313656792,0.67173607787185,0.0,0.6666666666666666,1.0,False,below within-person threshold
4bccb05d-cc51-4b6b-b0c6-bb287e5e41b3,2026-06-01 00:23:00,23,4,5.0,0.9149253374808752,0.5987663313656792,0.67173607787185,1.0,0.6666666666666666,0.9333333333333336,False,below within-person threshold
4bccb05d-cc51-4b6b-b0c6-bb287e5e41b3,2026-06-01 00:24:00,24,4,5.0,0.9149253374808752,0.5987663313656792,0.67173607787185,0.0,0.3333333333333333,0.8666666666666671,False,below within-person threshold
4bccb05d-cc51-4b6b-b0c6-bb287e5e41b3,2026-06-01 00:25:00,25,5,5.0,0.9149253374808752,0.5987663313656792,0.67173607787185,0.0,0.3333333333333333,0.8000000000000007,False,below within-person threshold
4bccb05d-cc51-4b6b-b0c6-bb287e5e41b3,2026-06-01 00:26:00,26,5,5.0,0.9149253374808752,0.5987663313656792,0.67173607787185,0.0,0.0,0.7333333333333343,False,below within-person threshold
4bccb05d-cc51-4b6b-b0c6-bb287e5e41b3,2026-06-01 00:27:00,27,5,5.0,0.9149253374808752,0.5987663313656792,0.67173607787185,0.0,0.0,0.6666666666666666,False,below within-person threshold
4bccb05d-cc51-4b6b-b0c6-bb287e5e41b3,2026-06-01 00:28:00,28,5,3.0,0.9149253374808752,0.5987663313656792,0.67173607787185,4.0,1.3333333333333333,0.6666666666666666,False,cooldown active
4bccb05d-cc51-4b6b-b0c6-bb287e5e41b3,2026-06-01 00:29:00,29,5,4.0,0.9149253374808752,0.5987663313656792,0.67173607787185,1.0,1.6666666666666667,0.8666666666666671,False,cooldown active
4bccb05d-cc51-4b6b-b0c6-bb287e5e41b3,2026-06-01 00:30:00,30,6,4.0,0.9149253374808752,0.5987663313656792,0.67173607787185,0.0,1.6666666666666667,1.0,False,cooldown active
4bccb05d-cc51-4b6b-b0c6-bb287e5e41b3,2026-06-01 00:31:00,31,6,2.0,0.9149253374808752,0.5987663313656792,0.67173607787185,4.0,1.6666666666666667,1.0666666666666675,False,cooldown active
4bccb05d-cc51-4b6b-b0c6-bb287e5e41b3,2026-06-01 00:32:00,32,6,4.0,0.9149253374808752,0.5987663313656792,0.67173607787185,4.0,2.6666666666666665,1.3333333333333333,False,cooldown active
4bccb05d-cc51-4b6b-b0c6-bb287e5e41b3,2026-06-01 00:33:00,33,6,,0.9149253374808752,0.5987663313656792,0.67173607787185,,4.0,1.6000000000000003,False,cooldown active
4bccb05d-cc51-4b6b-b0c6-bb287e5e41b3,2026-06-01 00:34:00,34,6,4.0,0.9149253374808752,0.5987663313656792,0.67173607787185,,4.0,1.6666666666666667,False,cooldown active
4c8f02c9-0634-4988-ae77-a1ccd5feba84,2026-06-01 00:00:00,0,0,3.0,0.6640410454337162,0.28799744684265716,0.6279157779015457,,,,False,missing or insufficient EMA data
4c8f02c9-0634-4988-ae77-a1ccd5feba84,2026-06-01 00:01:00,1,0,3.0,0.6640410454337162,0.28799744684265716,0.6279157779015457,0.0,0.0,,False,insufficient within-person history
4c8f02c9-0634-4988-ae77-a1ccd5feba84,2026-06-01 00:02:00,2,0,2.0,0.6640410454337162,0.28799744684265716,0.6279157779015457,1.0,0.5,,False,insufficient within-person history
4c8f02c9-0634-4988-ae77-a1ccd5feba84,2026-06-01 00:03:00,3,0,3.0,0.6640410454337162,0.28799744684265716,0.6279157779015457,1.0,0.6666666666666666,,False,insufficient within-person history
4c8f02c9-0634-4988-ae77-a1ccd5feba84,2026-06-01 00:04:00,4,0,2.0,0.6640410454337162,0.28799744684265716,0.6279157779015457,1.0,1.0,0.6,True,prompt sent
4c8f02c9-0634-4988-ae77-a1ccd5feba84,2026-06-01 00:05:00,5,1,2.0,0.6640410454337162,0.28799744684265716,0.6279157779015457,0.0,0.6666666666666666,0.8,False,below within-person threshold
4c8f02c9-0634-4988-ae77-a1ccd5feba84,2026-06-01 00:06:00,6,1,3.0,0.6640410454337162,0.28799744684265716,0.6279157779015457,1.0,0.6666666666666666,0.7333333333333334,False,below within-person threshold
4c8f02c9-0634-4988-ae77-a1ccd5feba84,2026-06-01 00:07:00,7,1,2.0,0.6640410454337162,0.28799744684265716,0.6279157779015457,1.0,0.6666666666666666,0.6666666666666666,False,below within-person threshold
4c8f02c9-0634-4988-ae77-a1ccd5feba84,2026-06-01 00:08:00,8,1,2.0,0.6640410454337162,0.28799744684265716,0.6279157779015457,0.0,0.6666666666666666,0.6666666666666666,False,below within-person threshold
4c8f02c9-0634-4988-ae77-a1ccd5feba84,2026-06-01 00:09:00,9,1,2.0,0.6640410454337162,0.28799744684265716,0.6279157779015457,0.0,0.3333333333333333,0.6666666666666666,False,below within-person threshold
4c8f02c9-0634-4988-ae77-a1ccd5feba84,2026-06-01 00:10:00,10,2,4.0,0.6640410454337162,0.28799744684265716,0.6279157779015457,4.0,1.3333333333333333,0.6666666666666666,False,cooldown active
4c8f02c9-0634-4988-ae77-a1ccd5feba84,2026-06-01 00:11:00,11,2,4.0,0.6640410454337162,0.28799744684265716,0.6279157779015457,0.0,1.3333333333333333,0.7333333333333334,False,cooldown active
4c8f02c9-0634-4988-ae77-a1ccd5feba84,2026-06-01 00:12:00,12,2,3.0,0.6640410454337162,0.28799744684265716,0.6279157779015457,1.0,1.6666666666666667,1.0,False,cooldown active
4c8f02c9-0634-4988-ae77-a1ccd5feba84,2026-06-01 00:13:00,13,2,4.0,0.6640410454337162,0.28799744684265716,0.6279157779015457,1.0,0.6666666666666666,1.2666666666666668,False,below within-person threshold
4c8f02c9-0634-4988-ae77-a1ccd5feba84,2026-06-01 00:14:00,14,2,3.0,0.6640410454337162,0.28799744684265716,0.6279157779015457,1.0,1.0,1.2000000000000004,False,below within-person threshold
4c8f02c9-0634-4988-ae77-a1ccd5feba84,2026-06-01 00:15:00,15,3,2.0,0.6640410454337162,0.28799744684265716,0.6279157779015457,1.0,1.0,1.1333333333333335,False,below within-person threshold
4c8f02c9-0634-4988-ae77-a1ccd5feba84,2026-06-01 00:16:00,16,3,3.0,0.6640410454337162,0.28799744684265716,0.6279157779015457,1.0,1.0,1.066666666666667,False,below within-person threshold
4c8f02c9-0634-4988-ae77-a1ccd5feba84,2026-06-01 00:17:00,17,3,3.0,0.6640410454337162,0.28799744684265716,0.6279157779015457,0.0,0.6666666666666666,1.0,False,below within-person threshold
4c8f02c9-0634-4988-ae77-a1ccd5feba84,2026-06-01 00:18:00,18,3,3.0,0.6640410454337162,0.28799744684265716,0.6279157779015457,0.0,0.3333333333333333,1.0,False,below within-person threshold
4c8f02c9-0634-4988-ae77-a1ccd5feba84,2026-06-01 00:19:00,19,3,2.0,0.6640410454337162,0.28799744684265716,0.6279157779015457,1.0,0.3333333333333333,1.0,False,below within-person threshold
4c8f02c9-0634-4988-ae77-a1ccd5feba84,2026-06-01 00:20:00,20,4,3.0,0.6640410454337162,0.28799744684265716,0.6279157779015457,1.0,0.6666666666666666,1.0,False,below within-person threshold
4c8f02c9-0634-4988-ae77-a1ccd5feba84,2026-06-01 00:21:00,21,4,3.0,0.6640410454337162,0.28799744684265716,0.6279157779015457,0.0,0.6666666666666666,1.0,False,below within-person threshold
4c8f02c9-0634-4988-ae77-a1ccd5feba84,2026-06-01 00:22:00,22,4,2.0,0.6640410454337162,0.28799744684265716,0.6279157779015457,1.0,0.6666666666666666,1.0,False,below within-person threshold
4c8f02c9-0634-4988-ae77-a1ccd5feba84,2026-06-01 00:23:00,23,4,3.0,0.6640410454337162,0.28799744684265716,0.6279157779015457,1.0,0.6666666666666666,1.0,False,below within-person threshold
4c8f02c9-0634-4988-ae77-a1ccd5feba84,2026-06-01 00:24:00,24,4,3.0,0.6640410454337162,0.28799744684265716,0.6279157779015457,0.0,0.6666666666666666,1.0,False,below within-person threshold
4c8f02c9-0634-4988-ae77-a1ccd5feba84,2026-06-01 00:25:00,25,5,4.0,0.6640410454337162,0.28799744684265716,0.6279157779015457,1.0,0.6666666666666666,1.0,False,below within-person threshold
4c8f02c9-0634-4988-ae77-a1ccd5feba84,2026-06-01 00:26:00,26,5,3.0,0.6640410454337162,0.28799744684265716,0.6279157779015457,1.0,0.6666666666666666,1.0,False,below within-person threshold
4c8f02c9-0634-4988-ae77-a1ccd5feba84,2026-06-01 00:27:00,27,5,3.0,0.6640410454337162,0.28799744684265716,0.6279157779015457,0.0,0.6666666666666666,1.0,False,below within-person threshold
4c8f02c9-0634-4988-ae77-a1ccd5feba84,2026-06-01 00:28:00,28,5,4.0,0.6640410454337162,0.28799744684265716,0.6279157779015457,1.0,0.6666666666666666,1.0,False,below within-person threshold
4c8f02c9-0634-4988-ae77-a1ccd5feba84,2026-06-01 00:29:00,29,5,2.0,0.6640410454337162,0.28799744684265716,0.6279157779015457,4.0,1.6666666666666667,1.0,False,cooldown active
4c8f02c9-0634-4988-ae77-a1ccd5feba84,2026-06-01 00:30:00,30,6,2.0,0.6640410454337162,0.28799744684265716,0.6279157779015457,0.0,1.6666666666666667,1.0,False,cooldown active
4c8f02c9-0634-4988-ae77-a1ccd5feba84,2026-06-01 00:31:00,31,6,2.0,0.6640410454337162,0.28799744684265716,0.6279157779015457,0.0,1.3333333333333333,1.0,False,cooldown active
4c8f02c9-0634-4988-ae77-a1ccd5feba84,2026-06-01 00:32:00,32,6,2.0,0.6640410454337162,0.28799744684265716,0.6279157779015457,0.0,0.0,1.0,False,below within-person threshold
4c8f02c9-0634-4988-ae77-a1ccd5feba84,2026-06-01 00:33:00,33,6,4.0,0.6640410454337162,0.28799744684265716,0.6279157779015457,4.0,1.3333333333333333,1.0,False,cooldown active
4c8f02c9-0634-4988-ae77-a1ccd5feba84,2026-06-01 00:34:00,34,6,4.0,0.6640410454337162,0.28799744684265716,0.6279157779015457,0.0,1.3333333333333333,1.2000000000000004,False,cooldown active
515b82ff-cf12-470a-8f41-5135ad7a4605,2026-06-01 00:00:00,0,0,2.0,1.2655990083217834,0.6216288304211397,1.2121051174513773,,,,False,missing or insufficient EMA data
515b82ff-cf12-470a-8f41-5135ad7a4605,2026-06-01 00:01:00,1,0,3.0,1.2655990083217834,0.6216288304211397,1.2121051174513773,1.0,1.0,,False,insufficient within-person history
515b82ff-cf12-470a-8f41-5135ad7a4605,2026-06-01 00:02:00,2,0,2.0,1.2655990083217834,0.6216288304211397,1.2121051174513773,1.0,1.0,,False,insufficient within-person history
515b82ff-cf12-470a-8f41-5135ad7a4605,2026-06-01 00:03:00,3,0,3.0,1.2655990083217834,0.6216288304211397,1.2121051174513773,1.0,1.0,,False,insufficient within-person history
515b82ff-cf12-470a-8f41-5135ad7a4605,2026-06-01 00:04:00,4,0,1.0,1.2655990083217834,0.6216288304211397,1.2121051174513773,4.0,2.0,1.0,True,prompt sent
515b82ff-cf12-470a-8f41-5135ad7a4605,2026-06-01 00:05:00,5,1,1.0,1.2655990083217834,0.6216288304211397,1.2121051174513773,0.0,1.6666666666666667,1.4000000000000004,False,cooldown active
515b82ff-cf12-470a-8f41-5135ad7a4605,2026-06-01 00:06:00,6,1,2.0,1.2655990083217834,0.6216288304211397,1.2121051174513773,1.0,1.6666666666666667,1.7333333333333334,False,below within-person threshold
515b82ff-cf12-470a-8f41-5135ad7a4605,2026-06-01 00:07:00,7,1,1.0,1.2655990083217834,0.6216288304211397,1.2121051174513773,1.0,0.6666666666666666,1.6666666666666667,False,below within-person threshold
515b82ff-cf12-470a-8f41-5135ad7a4605,2026-06-01 00:08:00,8,1,1.0,1.2655990083217834,0.6216288304211397,1.2121051174513773,0.0,0.6666666666666666,1.6666666666666667,False,below within-person threshold
515b82ff-cf12-470a-8f41-5135ad7a4605,2026-06-01 00:09:00,9,1,,1.2655990083217834,0.6216288304211397,1.2121051174513773,,0.5,1.6666666666666667,False,below within-person threshold
515b82ff-cf12-470a-8f41-5135ad7a4605,2026-06-01 00:10:00,10,2,,1.2655990083217834,0.6216288304211397,1.2121051174513773,,0.0,1.6666666666666667,False,below within-person threshold
515b82ff-cf12-470a-8f41-5135ad7a4605,2026-06-01 00:11:00,11,2,,1.2655990083217834,0.6216288304211397,1.2121051174513773,,,1.6666666666666667,False,missing or insufficient EMA data
515b82ff-cf12-470a-8f41-5135ad7a4605,2026-06-01 00:12:00,12,2,1.0,1.2655990083217834,0.6216288304211397,1.2121051174513773,,,1.6666666666666667,False,missing or insufficient EMA data
515b82ff-cf12-470a-8f41-5135ad7a4605,2026-06-01 00:13:00,13,2,1.0,1.2655990083217834,0.6216288304211397,1.2121051174513773,0.0,0.0,1.6666666666666667,False,below within-person threshold
515b82ff-cf12-470a-8f41-5135ad7a4605,2026-06-01 00:14:00,14,2,2.0,1.2655990083217834,0.6216288304211397,1.2121051174513773,1.0,0.5,1.6666666666666667,False,below within-person threshold
515b82ff-cf12-470a-8f41-5135ad7a4605,2026-06-01 00:15:00,15,3,1.0,1.2655990083217834,0.6216288304211397,1.2121051174513773,1.0,0.6666666666666666,1.5333333333333339,False,below within-person threshold
515b82ff-cf12-470a-8f41-5135ad7a4605,2026-06-01 00:16:00,16,3,1.0,1.2655990083217834,0.6216288304211397,1.2121051174513773,0.0,0.6666666666666666,1.400000000000001,False,below within-person threshold
515b82ff-cf12-470a-8f41-5135ad7a4605,2026-06-01 00:17:00,17,3,2.0,1.2655990083217834,0.6216288304211397,1.2121051174513773,1.0,0.6666666666666666,1.2666666666666668,False,below within-person threshold
515b82ff-cf12-470a-8f41-5135ad7a4605,2026-06-01 00:18:00,18,3,3.0,1.2655990083217834,0.6216288304211397,1.2121051174513773,1.0,0.6666666666666666,1.133333333333334,False,below within-person threshold
515b82ff-cf12-470a-8f41-5135ad7a4605,2026-06-01 00:19:00,19,3,3.0,1.2655990083217834,0.6216288304211397,1.2121051174513773,0.0,0.6666666666666666,1.0,False,below within-person threshold
515b82ff-cf12-470a-8f41-5135ad7a4605,2026-06-01 00:20:00,20,4,3.0,1.2655990083217834,0.6216288304211397,1.2121051174513773,0.0,0.3333333333333333,1.0,False,below within-person threshold
515b82ff-cf12-470a-8f41-5135ad7a4605,2026-06-01 00:21:00,21,4,2.0,1.2655990083217834,0.6216288304211397,1.2121051174513773,1.0,0.3333333333333333,1.0,False,below within-person threshold
515b82ff-cf12-470a-8f41-5135ad7a4605,2026-06-01 00:22:00,22,4,3.0,1.2655990083217834,0.6216288304211397,1.2121051174513773,1.0,0.6666666666666666,1.0,False,below within-person threshold
515b82ff-cf12-470a-8f41-5135ad7a4605,2026-06-01 00:23:00,23,4,3.0,1.2655990083217834,0.6216288304211397,1.2121051174513773,0.0,0.6666666666666666,1.0,False,below within-person threshold
515b82ff-cf12-470a-8f41-5135ad7a4605,2026-06-01 00:24:00,24,4,2.0,1.2655990083217834,0.6216288304211397,1.2121051174513773,1.0,0.6666666666666666,1.0,False,below within-person threshold
515b82ff-cf12-470a-8f41-5135ad7a4605,2026-06-01 00:25:00,25,5,1.0,1.2655990083217834,0.6216288304211397,1.2121051174513773,1.0,0.6666666666666666,1.0,False,below within-person threshold
515b82ff-cf12-470a-8f41-5135ad7a4605,2026-06-01 00:26:00,26,5,2.0,1.2655990083217834,0.6216288304211397,1.2121051174513773,1.0,1.0,1.0,False,below within-person threshold
515b82ff-cf12-470a-8f41-5135ad7a4605,2026-06-01 00:27:00,27,5,2.0,1.2655990083217834,0.6216288304211397,1.2121051174513773,0.0,0.6666666666666666,1.0,False,below within-person threshold
515b82ff-cf12-470a-8f41-5135ad7a4605,2026-06-01 00:28:00,28,5,1.0,1.2655990083217834,0.6216288304211397,1.2121051174513773,1.0,0.6666666666666666,1.0,False,below within-person threshold
515b82ff-cf12-470a-8f41-5135ad7a4605,2026-06-01 00:29:00,29,5,2.0,1.2655990083217834,0.6216288304211397,1.2121051174513773,1.0,0.6666666666666666,1.0,False,below within-person threshold
515b82ff-cf12-470a-8f41-5135ad7a4605,2026-06-01 00:30:00,30,6,3.0,1.2655990083217834,0.6216288304211397,1.2121051174513773,1.0,1.0,1.0,False,below within-person threshold
515b82ff-cf12-470a-8f41-5135ad7a4605,2026-06-01 00:31:00,31,6,2.0,1.2655990083217834,0.6216288304211397,1.2121051174513773,1.0,1.0,1.0,False,below within-person threshold
515b82ff-cf12-470a-8f41-5135ad7a4605,2026-06-01 00:32:00,32,6,2.0,1.2655990083217834,0.6216288304211397,1.2121051174513773,0.0,0.6666666666666666,1.0,False,below within-person threshold
515b82ff-cf12-470a-8f41-5135ad7a4605,2026-06-01 00:33:00,33,6,3.0,1.2655990083217834,0.6216288304211397,1.2121051174513773,1.0,0.6666666666666666,1.0,False,below within-person threshold
515b82ff-cf12-470a-8f41-5135ad7a4605,2026-06-01 00:34:00,34,6,3.0,1.2655990083217834,0.6216288304211397,1.2121051174513773,0.0,0.3333333333333333,1.0,False,below within-person threshold
53106302-1b2c-4b42-a6e5-71898da40c62,2026-06-01 00:00:00,0,0,4.0,0.5104250922382838,0.5309092920739551,0.24442794570645107,,,,False,missing or insufficient EMA data
53106302-1b2c-4b42-a6e5-71898da40c62,2026-06-01 00:01:00,1,0,,0.5104250922382838,0.5309092920739551,0.24442794570645107,,,,False,missing or insufficient EMA data
53106302-1b2c-4b42-a6e5-71898da40c62,2026-06-01 00:02:00,2,0,3.0,0.5104250922382838,0.5309092920739551,0.24442794570645107,,,,False,missing or insufficient EMA data
53106302-1b2c-4b42-a6e5-71898da40c62,2026-06-01 00:03:00,3,0,3.0,0.5104250922382838,0.5309092920739551,0.24442794570645107,0.0,0.0,,False,insufficient within-person history
53106302-1b2c-4b42-a6e5-71898da40c62,2026-06-01 00:04:00,4,0,3.0,0.5104250922382838,0.5309092920739551,0.24442794570645107,0.0,0.0,,False,insufficient within-person history
53106302-1b2c-4b42-a6e5-71898da40c62,2026-06-01 00:05:00,5,1,3.0,0.5104250922382838,0.5309092920739551,0.24442794570645107,0.0,0.0,,False,insufficient within-person history
53106302-1b2c-4b42-a6e5-71898da40c62,2026-06-01 00:06:00,6,1,3.0,0.5104250922382838,0.5309092920739551,0.24442794570645107,0.0,0.0,0.0,False,below within-person threshold
53106302-1b2c-4b42-a6e5-71898da40c62,2026-06-01 00:07:00,7,1,3.0,0.5104250922382838,0.5309092920739551,0.24442794570645107,0.0,0.0,0.0,False,below within-person threshold
53106302-1b2c-4b42-a6e5-71898da40c62,2026-06-01 00:08:00,8,1,3.0,0.5104250922382838,0.5309092920739551,0.24442794570645107,0.0,0.0,0.0,False,below within-person threshold
53106302-1b2c-4b42-a6e5-71898da40c62,2026-06-01 00:09:00,9,1,4.0,0.5104250922382838,0.5309092920739551,0.24442794570645107,1.0,0.3333333333333333,0.0,True,prompt sent
53106302-1b2c-4b42-a6e5-71898da40c62,2026-06-01 00:10:00,10,2,4.0,0.5104250922382838,0.5309092920739551,0.24442794570645107,0.0,0.3333333333333333,0.0,False,cooldown active
53106302-1b2c-4b42-a6e5-71898da40c62,2026-06-01 00:11:00,11,2,2.0,0.5104250922382838,0.5309092920739551,0.24442794570645107,4.0,1.6666666666666667,0.20000000000000018,False,cooldown active
53106302-1b2c-4b42-a6e5-71898da40c62,2026-06-01 00:12:00,12,2,3.0,0.5104250922382838,0.5309092920739551,0.24442794570645107,1.0,1.6666666666666667,0.3333333333333333,False,cooldown active
53106302-1b2c-4b42-a6e5-71898da40c62,2026-06-01 00:13:00,13,2,4.0,0.5104250922382838,0.5309092920739551,0.24442794570645107,1.0,2.0,0.6000000000000002,False,cooldown active
53106302-1b2c-4b42-a6e5-71898da40c62,2026-06-01 00:14:00,14,2,4.0,0.5104250922382838,0.5309092920739551,0.24442794570645107,0.0,0.6666666666666666,1.6666666666666667,False,below within-person threshold
53106302-1b2c-4b42-a6e5-71898da40c62,2026-06-01 00:15:00,15,3,,0.5104250922382838,0.5309092920739551,0.24442794570645107,,0.5,1.4666666666666672,False,below within-person threshold
53106302-1b2c-4b42-a6e5-71898da40c62,2026-06-01 00:16:00,16,3,,0.5104250922382838,0.5309092920739551,0.24442794570645107,,0.0,1.266666666666668,False,below within-person threshold
53106302-1b2c-4b42-a6e5-71898da40c62,2026-06-01 00:17:00,17,3,4.0,0.5104250922382838,0.5309092920739551,0.24442794570645107,,,1.0666666666666669,False,missing or insufficient EMA data
53106302-1b2c-4b42-a6e5-71898da40c62,2026-06-01 00:18:00,18,3,,0.5104250922382838,0.5309092920739551,0.24442794570645107,,,1.0666666666666669,False,missing or insufficient EMA data
53106302-1b2c-4b42-a6e5-71898da40c62,2026-06-01 00:19:00,19,3,,0.5104250922382838,0.5309092920739551,0.24442794570645107,,,1.0666666666666669,False,missing or insufficient EMA data
53106302-1b2c-4b42-a6e5-71898da40c62,2026-06-01 00:20:00,20,4,3.0,0.5104250922382838,0.5309092920739551,0.24442794570645107,,,1.0666666666666669,False,missing or insufficient EMA data
53106302-1b2c-4b42-a6e5-71898da40c62,2026-06-01 00:21:00,21,4,3.0,0.5104250922382838,0.5309092920739551,0.24442794570645107,0.0,0.0,1.0666666666666669,False,below within-person threshold
53106302-1b2c-4b42-a6e5-71898da40c62,2026-06-01 00:22:00,22,4,3.0,0.5104250922382838,0.5309092920739551,0.24442794570645107,0.0,0.0,0.8666666666666677,False,below within-person threshold
53106302-1b2c-4b42-a6e5-71898da40c62,2026-06-01 00:23:00,23,4,3.0,0.5104250922382838,0.5309092920739551,0.24442794570645107,0.0,0.0,0.6666666666666666,False,below within-person threshold
53106302-1b2c-4b42-a6e5-71898da40c62,2026-06-01 00:24:00,24,4,3.0,0.5104250922382838,0.5309092920739551,0.24442794570645107,0.0,0.0,0.6333333333333334,False,below within-person threshold
53106302-1b2c-4b42-a6e5-71898da40c62,2026-06-01 00:25:00,25,5,3.0,0.5104250922382838,0.5309092920739551,0.24442794570645107,0.0,0.0,0.6000000000000002,False,below within-person threshold
53106302-1b2c-4b42-a6e5-71898da40c62,2026-06-01 00:26:00,26,5,4.0,0.5104250922382838,0.5309092920739551,0.24442794570645107,1.0,0.3333333333333333,0.5666666666666668,False,below within-person threshold
53106302-1b2c-4b42-a6e5-71898da40c62,2026-06-01 00:27:00,27,5,4.0,0.5104250922382838,0.5309092920739551,0.24442794570645107,0.0,0.3333333333333333,0.5333333333333335,False,below within-person threshold
53106302-1b2c-4b42-a6e5-71898da40c62,2026-06-01 00:28:00,28,5,3.0,0.5104250922382838,0.5309092920739551,0.24442794570645107,1.0,0.6666666666666666,0.5,False,cooldown active
53106302-1b2c-4b42-a6e5-71898da40c62,2026-06-01 00:29:00,29,5,4.0,0.5104250922382838,0.5309092920739551,0.24442794570645107,1.0,0.6666666666666666,0.6333333333333334,False,cooldown active
53106302-1b2c-4b42-a6e5-71898da40c62,2026-06-01 00:30:00,30,6,4.0,0.5104250922382838,0.5309092920739551,0.24442794570645107,0.0,0.6666666666666666,0.6666666666666666,False,below within-person threshold
53106302-1b2c-4b42-a6e5-71898da40c62,2026-06-01 00:31:00,31,6,3.0,0.5104250922382838,0.5309092920739551,0.24442794570645107,1.0,0.6666666666666666,0.6666666666666666,False,below within-person threshold
53106302-1b2c-4b42-a6e5-71898da40c62,2026-06-01 00:32:00,32,6,4.0,0.5104250922382838,0.5309092920739551,0.24442794570645107,1.0,0.6666666666666666,0.6666666666666666,False,below within-person threshold
53106302-1b2c-4b42-a6e5-71898da40c62,2026-06-01 00:33:00,33,6,3.0,0.5104250922382838,0.5309092920739551,0.24442794570645107,1.0,1.0,0.6666666666666666,False,cooldown active
53106302-1b2c-4b42-a6e5-71898da40c62,2026-06-01 00:34:00,34,6,3.0,0.5104250922382838,0.5309092920739551,0.24442794570645107,0.0,0.6666666666666666,0.6666666666666666,False,below within-person threshold
5744b919-f978-45ab-ad48-b827f5a1019d,2026-06-01 00:00:00,0,0,3.0,1.1438250655137732,0.5819566497067021,1.0938821459756165,,,,False,missing or insufficient EMA data
5744b919-f978-45ab-ad48-b827f5a1019d,2026-06-01 00:01:00,1,0,2.0,1.1438250655137732,0.5819566497067021,1.0938821459756165,1.0,1.0,,False,insufficient within-person history
5744b919-f978-45ab-ad48-b827f5a1019d,2026-06-01 00:02:00,2,0,3.0,1.1438250655137732,0.5819566497067021,1.0938821459756165,1.0,1.0,,False,insufficient within-person history
5744b919-f978-45ab-ad48-b827f5a1019d,2026-06-01 00:03:00,3,0,4.0,1.1438250655137732,0.5819566497067021,1.0938821459756165,1.0,1.0,,False,insufficient within-person history
5744b919-f978-45ab-ad48-b827f5a1019d,2026-06-01 00:04:00,4,0,3.0,1.1438250655137732,0.5819566497067021,1.0938821459756165,1.0,1.0,1.0,False,below within-person threshold
5744b919-f978-45ab-ad48-b827f5a1019d,2026-06-01 00:05:00,5,1,4.0,1.1438250655137732,0.5819566497067021,1.0938821459756165,1.0,1.0,1.0,False,below within-person threshold
5744b919-f978-45ab-ad48-b827f5a1019d,2026-06-01 00:06:00,6,1,2.0,1.1438250655137732,0.5819566497067021,1.0938821459756165,4.0,2.0,1.0,True,prompt sent
5744b919-f978-45ab-ad48-b827f5a1019d,2026-06-01 00:07:00,7,1,1.0,1.1438250655137732,0.5819566497067021,1.0938821459756165,1.0,2.0,1.0,False,cooldown active
5744b919-f978-45ab-ad48-b827f5a1019d,2026-06-01 00:08:00,8,1,1.0,1.1438250655137732,0.5819566497067021,1.0938821459756165,0.0,1.6666666666666667,1.8000000000000007,False,below within-person threshold
5744b919-f978-45ab-ad48-b827f5a1019d,2026-06-01 00:09:00,9,1,1.0,1.1438250655137732,0.5819566497067021,1.0938821459756165,0.0,0.3333333333333333,1.866666666666667,False,below within-person threshold
5744b919-f978-45ab-ad48-b827f5a1019d,2026-06-01 00:10:00,10,2,2.0,1.1438250655137732,0.5819566497067021,1.0938821459756165,1.0,0.3333333333333333,1.8000000000000003,False,below within-person threshold
5744b919-f978-45ab-ad48-b827f5a1019d,2026-06-01 00:11:00,11,2,4.0,1.1438250655137732,0.5819566497067021,1.0938821459756165,4.0,1.6666666666666667,1.7333333333333334,False,below within-person threshold
5744b919-f978-45ab-ad48-b827f5a1019d,2026-06-01 00:12:00,12,2,3.0,1.1438250655137732,0.5819566497067021,1.0938821459756165,1.0,2.0,1.6666666666666667,False,cooldown active
5744b919-f978-45ab-ad48-b827f5a1019d,2026-06-01 00:13:00,13,2,3.0,1.1438250655137732,0.5819566497067021,1.0938821459756165,0.0,1.6666666666666667,1.9333333333333336,False,below within-person threshold
5744b919-f978-45ab-ad48-b827f5a1019d,2026-06-01 00:14:00,14,2,3.0,1.1438250655137732,0.5819566497067021,1.0938821459756165,0.0,0.3333333333333333,1.8666666666666671,False,below within-person threshold
5744b919-f978-45ab-ad48-b827f5a1019d,2026-06-01 00:15:00,15,3,4.0,1.1438250655137732,0.5819566497067021,1.0938821459756165,1.0,0.3333333333333333,1.8000000000000003,False,below within-person threshold
5744b919-f978-45ab-ad48-b827f5a1019d,2026-06-01 00:16:00,16,3,4.0,1.1438250655137732,0.5819566497067021,1.0938821459756165,0.0,0.3333333333333333,1.7333333333333338,False,below within-person threshold
5744b919-f978-45ab-ad48-b827f5a1019d,2026-06-01 00:17:00,17,3,4.0,1.1438250655137732,0.5819566497067021,1.0938821459756165,0.0,0.3333333333333333,1.6666666666666667,False,below within-person threshold
5744b919-f978-45ab-ad48-b827f5a1019d,2026-06-01 00:18:00,18,3,3.0,1.1438250655137732,0.5819566497067021,1.0938821459756165,1.0,0.3333333333333333,1.6666666666666667,False,below within-person threshold
5744b919-f978-45ab-ad48-b827f5a1019d,2026-06-01 00:19:00,19,3,3.0,1.1438250655137732,0.5819566497067021,1.0938821459756165,0.0,0.3333333333333333,1.6666666666666667,False,below within-person threshold
5744b919-f978-45ab-ad48-b827f5a1019d,2026-06-01 00:20:00,20,4,2.0,1.1438250655137732,0.5819566497067021,1.0938821459756165,1.0,0.6666666666666666,1.6666666666666667,False,below within-person threshold
5744b919-f978-45ab-ad48-b827f5a1019d,2026-06-01 00:21:00,21,4,3.0,1.1438250655137732,0.5819566497067021,1.0938821459756165,1.0,0.6666666666666666,1.6666666666666667,False,below within-person threshold
5744b919-f978-45ab-ad48-b827f5a1019d,2026-06-01 00:22:00,22,4,2.0,1.1438250655137732,0.5819566497067021,1.0938821459756165,1.0,1.0,1.6666666666666667,False,below within-person threshold
5744b919-f978-45ab-ad48-b827f5a1019d,2026-06-01 00:23:00,23,4,2.0,1.1438250655137732,0.5819566497067021,1.0938821459756165,0.0,0.6666666666666666,1.6666666666666667,False,below within-person threshold
5744b919-f978-45ab-ad48-b827f5a1019d,2026-06-01 00:24:00,24,4,1.0,1.1438250655137732,0.5819566497067021,1.0938821459756165,1.0,0.6666666666666666,1.6666666666666667,False,below within-person threshold
5744b919-f978-45ab-ad48-b827f5a1019d,2026-06-01 00:25:00,25,5,1.0,1.1438250655137732,0.5819566497067021,1.0938821459756165,0.0,0.3333333333333333,1.6666666666666667,False,below within-person threshold
5744b919-f978-45ab-ad48-b827f5a1019d,2026-06-01 00:26:00,26,5,1.0,1.1438250655137732,0.5819566497067021,1.0938821459756165,0.0,0.3333333333333333,1.6666666666666667,False,below within-person threshold
5744b919-f978-45ab-ad48-b827f5a1019d,2026-06-01 00:27:00,27,5,3.0,1.1438250655137732,0.5819566497067021,1.0938821459756165,4.0,1.3333333333333333,1.6666666666666667,False,below within-person threshold
5744b919-f978-45ab-ad48-b827f5a1019d,2026-06-01 00:28:00,28,5,2.0,1.1438250655137732,0.5819566497067021,1.0938821459756165,1.0,1.6666666666666667,1.6000000000000003,False,cooldown active
5744b919-f978-45ab-ad48-b827f5a1019d,2026-06-01 00:29:00,29,5,3.0,1.1438250655137732,0.5819566497067021,1.0938821459756165,1.0,2.0,1.6666666666666667,False,cooldown active
5744b919-f978-45ab-ad48-b827f5a1019d,2026-06-01 00:30:00,30,6,2.0,1.1438250655137732,0.5819566497067021,1.0938821459756165,1.0,1.0,1.6666666666666667,False,below within-person threshold
5744b919-f978-45ab-ad48-b827f5a1019d,2026-06-01 00:31:00,31,6,3.0,1.1438250655137732,0.5819566497067021,1.0938821459756165,1.0,1.0,1.6666666666666667,False,below within-person threshold
5744b919-f978-45ab-ad48-b827f5a1019d,2026-06-01 00:32:00,32,6,5.0,1.1438250655137732,0.5819566497067021,1.0938821459756165,4.0,2.0,1.6666666666666667,False,cooldown active
5744b919-f978-45ab-ad48-b827f5a1019d,2026-06-01 00:33:00,33,6,3.0,1.1438250655137732,0.5819566497067021,1.0938821459756165,4.0,3.0,1.6666666666666667,False,cooldown active
5744b919-f978-45ab-ad48-b827f5a1019d,2026-06-01 00:34:00,34,6,4.0,1.1438250655137732,0.5819566497067021,1.0938821459756165,1.0,3.0,1.6666666666666667,False,cooldown active
5852cb2d-cd92-40ab-b8f8-a83ca0a8d3a2,2026-06-01 00:00:00,0,0,2.0,0.9330466027757109,0.6326905911253061,0.6395414846643154,,,,False,missing or insufficient EMA data
5852cb2d-cd92-40ab-b8f8-a83ca0a8d3a2,2026-06-01 00:01:00,1,0,3.0,0.9330466027757109,0.6326905911253061,0.6395414846643154,1.0,1.0,,False,insufficient within-person history
5852cb2d-cd92-40ab-b8f8-a83ca0a8d3a2,2026-06-01 00:02:00,2,0,3.0,0.9330466027757109,0.6326905911253061,0.6395414846643154,0.0,0.5,,False,insufficient within-person history
5852cb2d-cd92-40ab-b8f8-a83ca0a8d3a2,2026-06-01 00:03:00,3,0,3.0,0.9330466027757109,0.6326905911253061,0.6395414846643154,0.0,0.3333333333333333,,False,insufficient within-person history
5852cb2d-cd92-40ab-b8f8-a83ca0a8d3a2,2026-06-01 00:04:00,4,0,2.0,0.9330466027757109,0.6326905911253061,0.6395414846643154,1.0,0.3333333333333333,0.8,False,below within-person threshold
5852cb2d-cd92-40ab-b8f8-a83ca0a8d3a2,2026-06-01 00:05:00,5,1,2.0,0.9330466027757109,0.6326905911253061,0.6395414846643154,0.0,0.3333333333333333,0.7000000000000002,False,below within-person threshold
5852cb2d-cd92-40ab-b8f8-a83ca0a8d3a2,2026-06-01 00:06:00,6,1,2.0,0.9330466027757109,0.6326905911253061,0.6395414846643154,0.0,0.3333333333333333,0.6000000000000001,False,below within-person threshold
5852cb2d-cd92-40ab-b8f8-a83ca0a8d3a2,2026-06-01 00:07:00,7,1,3.0,0.9330466027757109,0.6326905911253061,0.6395414846643154,1.0,0.3333333333333333,0.5,False,below within-person threshold
5852cb2d-cd92-40ab-b8f8-a83ca0a8d3a2,2026-06-01 00:08:00,8,1,3.0,0.9330466027757109,0.6326905911253061,0.6395414846643154,0.0,0.3333333333333333,0.4666666666666668,False,below within-person threshold
5852cb2d-cd92-40ab-b8f8-a83ca0a8d3a2,2026-06-01 00:09:00,9,1,2.0,0.9330466027757109,0.6326905911253061,0.6395414846643154,1.0,0.6666666666666666,0.4333333333333334,True,prompt sent
5852cb2d-cd92-40ab-b8f8-a83ca0a8d3a2,2026-06-01 00:10:00,10,2,,0.9330466027757109,0.6326905911253061,0.6395414846643154,,0.5,0.5666666666666668,False,below within-person threshold
5852cb2d-cd92-40ab-b8f8-a83ca0a8d3a2,2026-06-01 00:11:00,11,2,,0.9330466027757109,0.6326905911253061,0.6395414846643154,,1.0,0.5333333333333333,False,cooldown active
5852cb2d-cd92-40ab-b8f8-a83ca0a8d3a2,2026-06-01 00:12:00,12,2,,0.9330466027757109,0.6326905911253061,0.6395414846643154,,,0.6666666666666666,False,missing or insufficient EMA data
5852cb2d-cd92-40ab-b8f8-a83ca0a8d3a2,2026-06-01 00:13:00,13,2,,0.9330466027757109,0.6326905911253061,0.6395414846643154,,,0.6666666666666666,False,missing or insufficient EMA data
5852cb2d-cd92-40ab-b8f8-a83ca0a8d3a2,2026-06-01 00:14:00,14,2,,0.9330466027757109,0.6326905911253061,0.6395414846643154,,,0.6666666666666666,False,missing or insufficient EMA data
5852cb2d-cd92-40ab-b8f8-a83ca0a8d3a2,2026-06-01 00:15:00,15,3,,0.9330466027757109,0.6326905911253061,0.6395414846643154,,,0.6666666666666666,False,missing or insufficient EMA data
5852cb2d-cd92-40ab-b8f8-a83ca0a8d3a2,2026-06-01 00:16:00,16,3,,0.9330466027757109,0.6326905911253061,0.6395414846643154,,,0.6666666666666666,False,missing or insufficient EMA data
5852cb2d-cd92-40ab-b8f8-a83ca0a8d3a2,2026-06-01 00:17:00,17,3,2.0,0.9330466027757109,0.6326905911253061,0.6395414846643154,,,0.6666666666666666,False,missing or insufficient EMA data
5852cb2d-cd92-40ab-b8f8-a83ca0a8d3a2,2026-06-01 00:18:00,18,3,3.0,0.9330466027757109,0.6326905911253061,0.6395414846643154,1.0,1.0,0.6666666666666666,False,cooldown active
5852cb2d-cd92-40ab-b8f8-a83ca0a8d3a2,2026-06-01 00:19:00,19,3,2.0,0.9330466027757109,0.6326905911253061,0.6395414846643154,1.0,1.0,0.9333333333333336,False,cooldown active
5852cb2d-cd92-40ab-b8f8-a83ca0a8d3a2,2026-06-01 00:20:00,20,4,3.0,0.9330466027757109,0.6326905911253061,0.6395414846643154,1.0,1.0,1.0,False,below within-person threshold
5852cb2d-cd92-40ab-b8f8-a83ca0a8d3a2,2026-06-01 00:21:00,21,4,3.0,0.9330466027757109,0.6326905911253061,0.6395414846643154,0.0,0.6666666666666666,1.0,False,below within-person threshold
5852cb2d-cd92-40ab-b8f8-a83ca0a8d3a2,2026-06-01 00:22:00,22,4,3.0,0.9330466027757109,0.6326905911253061,0.6395414846643154,0.0,0.3333333333333333,1.0,False,below within-person threshold
5852cb2d-cd92-40ab-b8f8-a83ca0a8d3a2,2026-06-01 00:23:00,23,4,,0.9330466027757109,0.6326905911253061,0.6395414846643154,,0.0,1.0,False,below within-person threshold
5852cb2d-cd92-40ab-b8f8-a83ca0a8d3a2,2026-06-01 00:24:00,24,4,,0.9330466027757109,0.6326905911253061,0.6395414846643154,,0.0,1.0,False,below within-person threshold
5852cb2d-cd92-40ab-b8f8-a83ca0a8d3a2,2026-06-01 00:25:00,25,5,2.0,0.9330466027757109,0.6326905911253061,0.6395414846643154,,,1.0,False,missing or insufficient EMA data
5852cb2d-cd92-40ab-b8f8-a83ca0a8d3a2,2026-06-01 00:26:00,26,5,2.0,0.9330466027757109,0.6326905911253061,0.6395414846643154,0.0,0.0,1.0,False,below within-person threshold
5852cb2d-cd92-40ab-b8f8-a83ca0a8d3a2,2026-06-01 00:27:00,27,5,2.0,0.9330466027757109,0.6326905911253061,0.6395414846643154,0.0,0.0,1.0,False,below within-person threshold
5852cb2d-cd92-40ab-b8f8-a83ca0a8d3a2,2026-06-01 00:28:00,28,5,2.0,0.9330466027757109,0.6326905911253061,0.6395414846643154,0.0,0.0,1.0,False,below within-person threshold
5852cb2d-cd92-40ab-b8f8-a83ca0a8d3a2,2026-06-01 00:29:00,29,5,,0.9330466027757109,0.6326905911253061,0.6395414846643154,,0.0,1.0,False,below within-person threshold
5852cb2d-cd92-40ab-b8f8-a83ca0a8d3a2,2026-06-01 00:30:00,30,6,,0.9330466027757109,0.6326905911253061,0.6395414846643154,,0.0,0.9333333333333336,False,below within-person threshold
5852cb2d-cd92-40ab-b8f8-a83ca0a8d3a2,2026-06-01 00:31:00,31,6,3.0,0.9330466027757109,0.6326905911253061,0.6395414846643154,,,0.8666666666666671,False,missing or insufficient EMA data
5852cb2d-cd92-40ab-b8f8-a83ca0a8d3a2,2026-06-01 00:32:00,32,6,3.0,0.9330466027757109,0.6326905911253061,0.6395414846643154,0.0,0.0,0.8666666666666671,False,below within-person threshold
5852cb2d-cd92-40ab-b8f8-a83ca0a8d3a2,2026-06-01 00:33:00,33,6,3.0,0.9330466027757109,0.6326905911253061,0.6395414846643154,0.0,0.0,0.8000000000000007,False,below within-person threshold
5852cb2d-cd92-40ab-b8f8-a83ca0a8d3a2,2026-06-01 00:34:00,34,6,4.0,0.9330466027757109,0.6326905911253061,0.6395414846643154,1.0,0.3333333333333333,0.7333333333333343,False,below within-person threshold
585e4216-3f67-4520-aa52-b59ea9798a58,2026-06-01 00:00:00,0,0,3.0,0.9146463800333973,0.35259435727840926,1.0832106362115062,,,,False,missing or insufficient EMA data
585e4216-3f67-4520-aa52-b59ea9798a58,2026-06-01 00:01:00,1,0,5.0,0.9146463800333973,0.35259435727840926,1.0832106362115062,4.0,4.0,,False,insufficient within-person history
585e4216-3f67-4520-aa52-b59ea9798a58,2026-06-01 00:02:00,2,0,5.0,0.9146463800333973,0.35259435727840926,1.0832106362115062,0.0,2.0,,False,insufficient within-person history
585e4216-3f67-4520-aa52-b59ea9798a58,2026-06-01 00:03:00,3,0,3.0,0.9146463800333973,0.35259435727840926,1.0832106362115062,4.0,2.6666666666666665,,False,insufficient within-person history
585e4216-3f67-4520-aa52-b59ea9798a58,2026-06-01 00:04:00,4,0,2.0,0.9146463800333973,0.35259435727840926,1.0832106362115062,1.0,1.6666666666666667,3.466666666666667,False,below within-person threshold
585e4216-3f67-4520-aa52-b59ea9798a58,2026-06-01 00:05:00,5,1,4.0,0.9146463800333973,0.35259435727840926,1.0832106362115062,4.0,3.0,3.2,False,below within-person threshold
585e4216-3f67-4520-aa52-b59ea9798a58,2026-06-01 00:06:00,6,1,5.0,0.9146463800333973,0.35259435727840926,1.0832106362115062,1.0,2.0,3.2,False,below within-person threshold
585e4216-3f67-4520-aa52-b59ea9798a58,2026-06-01 00:07:00,7,1,4.0,0.9146463800333973,0.35259435727840926,1.0832106362115062,1.0,2.0,3.0,False,below within-person threshold
585e4216-3f67-4520-aa52-b59ea9798a58,2026-06-01 00:08:00,8,1,4.0,0.9146463800333973,0.35259435727840926,1.0832106362115062,0.0,0.6666666666666666,2.9333333333333336,False,below within-person threshold
585e4216-3f67-4520-aa52-b59ea9798a58,2026-06-01 00:09:00,9,1,5.0,0.9146463800333973,0.35259435727840926,1.0832106362115062,1.0,0.6666666666666666,2.8666666666666667,False,below within-person threshold
585e4216-3f67-4520-aa52-b59ea9798a58,2026-06-01 00:10:00,10,2,5.0,0.9146463800333973,0.35259435727840926,1.0832106362115062,0.0,0.3333333333333333,2.8,False,below within-person threshold
585e4216-3f67-4520-aa52-b59ea9798a58,2026-06-01 00:11:00,11,2,5.0,0.9146463800333973,0.35259435727840926,1.0832106362115062,0.0,0.3333333333333333,2.7333333333333334,False,below within-person threshold
585e4216-3f67-4520-aa52-b59ea9798a58,2026-06-01 00:12:00,12,2,5.0,0.9146463800333973,0.35259435727840926,1.0832106362115062,0.0,0.0,2.6666666666666665,False,below within-person threshold
585e4216-3f67-4520-aa52-b59ea9798a58,2026-06-01 00:13:00,13,2,5.0,0.9146463800333973,0.35259435727840926,1.0832106362115062,0.0,0.0,2.5333333333333337,False,below within-person threshold
585e4216-3f67-4520-aa52-b59ea9798a58,2026-06-01 00:14:00,14,2,3.0,0.9146463800333973,0.35259435727840926,1.0832106362115062,4.0,1.3333333333333333,2.400000000000001,False,below within-person threshold
585e4216-3f67-4520-aa52-b59ea9798a58,2026-06-01 00:15:00,15,3,1.0,0.9146463800333973,0.35259435727840926,1.0832106362115062,4.0,2.6666666666666665,2.266666666666667,True,prompt sent
585e4216-3f67-4520-aa52-b59ea9798a58,2026-06-01 00:16:00,16,3,3.0,0.9146463800333973,0.35259435727840926,1.0832106362115062,4.0,4.0,2.6666666666666665,False,cooldown active
585e4216-3f67-4520-aa52-b59ea9798a58,2026-06-01 00:17:00,17,3,4.0,0.9146463800333973,0.35259435727840926,1.0832106362115062,1.0,3.0,2.6666666666666665,False,cooldown active
585e4216-3f67-4520-aa52-b59ea9798a58,2026-06-01 00:18:00,18,3,5.0,0.9146463800333973,0.35259435727840926,1.0832106362115062,1.0,2.0,2.9333333333333336,False,below within-person threshold
585e4216-3f67-4520-aa52-b59ea9798a58,2026-06-01 00:19:00,19,3,5.0,0.9146463800333973,0.35259435727840926,1.0832106362115062,0.0,0.6666666666666666,2.866666666666667,False,below within-person threshold
585e4216-3f67-4520-aa52-b59ea9798a58,2026-06-01 00:20:00,20,4,5.0,0.9146463800333973,0.35259435727840926,1.0832106362115062,0.0,0.3333333333333333,2.8,False,below within-person threshold
585e4216-3f67-4520-aa52-b59ea9798a58,2026-06-01 00:21:00,21,4,5.0,0.9146463800333973,0.35259435727840926,1.0832106362115062,0.0,0.0,2.7333333333333334,False,below within-person threshold
585e4216-3f67-4520-aa52-b59ea9798a58,2026-06-01 00:22:00,22,4,,0.9146463800333973,0.35259435727840926,1.0832106362115062,,0.0,2.6666666666666665,False,below within-person threshold
585e4216-3f67-4520-aa52-b59ea9798a58,2026-06-01 00:23:00,23,4,3.0,0.9146463800333973,0.35259435727840926,1.0832106362115062,,0.0,2.6666666666666665,False,below within-person threshold
585e4216-3f67-4520-aa52-b59ea9798a58,2026-06-01 00:24:00,24,4,4.0,0.9146463800333973,0.35259435727840926,1.0832106362115062,1.0,1.0,2.6666666666666665,False,below within-person threshold
585e4216-3f67-4520-aa52-b59ea9798a58,2026-06-01 00:25:00,25,5,2.0,0.9146463800333973,0.35259435727840926,1.0832106362115062,4.0,2.5,2.6666666666666665,False,below within-person threshold
585e4216-3f67-4520-aa52-b59ea9798a58,2026-06-01 00:26:00,26,5,4.0,0.9146463800333973,0.35259435727840926,1.0832106362115062,4.0,3.0,2.6666666666666665,False,cooldown active
585e4216-3f67-4520-aa52-b59ea9798a58,2026-06-01 00:27:00,27,5,4.0,0.9146463800333973,0.35259435727840926,1.0832106362115062,0.0,2.6666666666666665,2.6666666666666665,False,below within-person threshold
585e4216-3f67-4520-aa52-b59ea9798a58,2026-06-01 00:28:00,28,5,3.0,0.9146463800333973,0.35259435727840926,1.0832106362115062,1.0,1.6666666666666667,2.6666666666666665,False,below within-person threshold
585e4216-3f67-4520-aa52-b59ea9798a58,2026-06-01 00:29:00,29,5,4.0,0.9146463800333973,0.35259435727840926,1.0832106362115062,1.0,0.6666666666666666,2.6666666666666665,False,below within-person threshold
585e4216-3f67-4520-aa52-b59ea9798a58,2026-06-01 00:30:00,30,6,4.0,0.9146463800333973,0.35259435727840926,1.0832106362115062,0.0,0.6666666666666666,2.6666666666666665,False,below within-person threshold
585e4216-3f67-4520-aa52-b59ea9798a58,2026-06-01 00:31:00,31,6,4.0,0.9146463800333973,0.35259435727840926,1.0832106362115062,0.0,0.3333333333333333,2.6666666666666665,False,below within-person threshold
585e4216-3f67-4520-aa52-b59ea9798a58,2026-06-01 00:32:00,32,6,4.0,0.9146463800333973,0.35259435727840926,1.0832106362115062,0.0,0.0,2.6666666666666665,False,below within-person threshold
585e4216-3f67-4520-aa52-b59ea9798a58,2026-06-01 00:33:00,33,6,4.0,0.9146463800333973,0.35259435727840926,1.0832106362115062,0.0,0.0,2.6666666666666665,False,below within-person threshold
585e4216-3f67-4520-aa52-b59ea9798a58,2026-06-01 00:34:00,34,6,4.0,0.9146463800333973,0.35259435727840926,1.0832106362115062,0.0,0.0,2.6666666666666665,False,below within-person threshold
5c44094d-1fdb-497e-8d78-456a2f093ed0,2026-06-01 00:00:00,0,0,5.0,0.9218666130475041,0.36240099435990597,1.0837117941415664,,,,False,missing or insufficient EMA data
5c44094d-1fdb-497e-8d78-456a2f093ed0,2026-06-01 00:01:00,1,0,4.0,0.9218666130475041,0.36240099435990597,1.0837117941415664,1.0,1.0,,False,insufficient within-person history
5c44094d-1fdb-497e-8d78-456a2f093ed0,2026-06-01 00:02:00,2,0,1.0,0.9218666130475041,0.36240099435990597,1.0837117941415664,9.0,5.0,,False,insufficient within-person history
5c44094d-1fdb-497e-8d78-456a2f093ed0,2026-06-01 00:03:00,3,0,1.0,0.9218666130475041,0.36240099435990597,1.0837117941415664,0.0,3.3333333333333335,,False,insufficient within-person history
5c44094d-1fdb-497e-8d78-456a2f093ed0,2026-06-01 00:04:00,4,0,1.0,0.9218666130475041,0.36240099435990597,1.0837117941415664,0.0,3.0,4.333333333333334,False,below within-person threshold
5c44094d-1fdb-497e-8d78-456a2f093ed0,2026-06-01 00:05:00,5,1,2.0,0.9218666130475041,0.36240099435990597,1.0837117941415664,1.0,0.3333333333333333,4.000000000000001,False,below within-person threshold
5c44094d-1fdb-497e-8d78-456a2f093ed0,2026-06-01 00:06:00,6,1,2.0,0.9218666130475041,0.36240099435990597,1.0837117941415664,0.0,0.3333333333333333,3.666666666666667,False,below within-person threshold
5c44094d-1fdb-497e-8d78-456a2f093ed0,2026-06-01 00:07:00,7,1,1.0,0.9218666130475041,0.36240099435990597,1.0837117941415664,1.0,0.6666666666666666,3.3333333333333335,False,below within-person threshold
5c44094d-1fdb-497e-8d78-456a2f093ed0,2026-06-01 00:08:00,8,1,2.0,0.9218666130475041,0.36240099435990597,1.0837117941415664,1.0,0.6666666666666666,3.266666666666667,False,below within-person threshold
5c44094d-1fdb-497e-8d78-456a2f093ed0,2026-06-01 00:09:00,9,1,3.0,0.9218666130475041,0.36240099435990597,1.0837117941415664,1.0,1.0,3.2,False,below within-person threshold
5c44094d-1fdb-497e-8d78-456a2f093ed0,2026-06-01 00:10:00,10,2,4.0,0.9218666130475041,0.36240099435990597,1.0837117941415664,1.0,1.0,3.1333333333333333,False,below within-person threshold
5c44094d-1fdb-497e-8d78-456a2f093ed0,2026-06-01 00:11:00,11,2,3.0,0.9218666130475041,0.36240099435990597,1.0837117941415664,1.0,1.0,3.066666666666667,False,below within-person threshold
5c44094d-1fdb-497e-8d78-456a2f093ed0,2026-06-01 00:12:00,12,2,3.0,0.9218666130475041,0.36240099435990597,1.0837117941415664,0.0,0.6666666666666666,3.0,False,below within-person threshold
5c44094d-1fdb-497e-8d78-456a2f093ed0,2026-06-01 00:13:00,13,2,2.0,0.9218666130475041,0.36240099435990597,1.0837117941415664,1.0,0.6666666666666666,2.6000000000000014,False,below within-person threshold
5c44094d-1fdb-497e-8d78-456a2f093ed0,2026-06-01 00:14:00,14,2,,0.9218666130475041,0.36240099435990597,1.0837117941415664,,0.5,2.200000000000003,False,below within-person threshold
5c44094d-1fdb-497e-8d78-456a2f093ed0,2026-06-01 00:15:00,15,3,2.0,0.9218666130475041,0.36240099435990597,1.0837117941415664,,1.0,1.8000000000000007,False,below within-person threshold
5c44094d-1fdb-497e-8d78-456a2f093ed0,2026-06-01 00:16:00,16,3,1.0,0.9218666130475041,0.36240099435990597,1.0837117941415664,1.0,1.0,1.4000000000000021,False,below within-person threshold
5c44094d-1fdb-497e-8d78-456a2f093ed0,2026-06-01 00:17:00,17,3,,0.9218666130475041,0.36240099435990597,1.0837117941415664,,1.0,1.0,False,below within-person threshold
5c44094d-1fdb-497e-8d78-456a2f093ed0,2026-06-01 00:18:00,18,3,,0.9218666130475041,0.36240099435990597,1.0837117941415664,,1.0,1.0,False,below within-person threshold
5c44094d-1fdb-497e-8d78-456a2f093ed0,2026-06-01 00:19:00,19,3,,0.9218666130475041,0.36240099435990597,1.0837117941415664,,,1.0,False,missing or insufficient EMA data
5c44094d-1fdb-497e-8d78-456a2f093ed0,2026-06-01 00:20:00,20,4,,0.9218666130475041,0.36240099435990597,1.0837117941415664,,,1.0,False,missing or insufficient EMA data
5c44094d-1fdb-497e-8d78-456a2f093ed0,2026-06-01 00:21:00,21,4,2.0,0.9218666130475041,0.36240099435990597,1.0837117941415664,,,1.0,False,missing or insufficient EMA data
5c44094d-1fdb-497e-8d78-456a2f093ed0,2026-06-01 00:22:00,22,4,2.0,0.9218666130475041,0.36240099435990597,1.0837117941415664,0.0,0.0,1.0,False,below within-person threshold
5c44094d-1fdb-497e-8d78-456a2f093ed0,2026-06-01 00:23:00,23,4,3.0,0.9218666130475041,0.36240099435990597,1.0837117941415664,1.0,0.5,1.0,False,below within-person threshold
5c44094d-1fdb-497e-8d78-456a2f093ed0,2026-06-01 00:24:00,24,4,4.0,0.9218666130475041,0.36240099435990597,1.0837117941415664,1.0,0.6666666666666666,1.0,False,below within-person threshold
5c44094d-1fdb-497e-8d78-456a2f093ed0,2026-06-01 00:25:00,25,5,3.0,0.9218666130475041,0.36240099435990597,1.0837117941415664,1.0,1.0,1.0,False,below within-person threshold
5c44094d-1fdb-497e-8d78-456a2f093ed0,2026-06-01 00:26:00,26,5,1.0,0.9218666130475041,0.36240099435990597,1.0837117941415664,4.0,2.0,1.0,True,prompt sent
5c44094d-1fdb-497e-8d78-456a2f093ed0,2026-06-01 00:27:00,27,5,1.0,0.9218666130475041,0.36240099435990597,1.0837117941415664,0.0,1.6666666666666667,1.0,False,cooldown active
5c44094d-1fdb-497e-8d78-456a2f093ed0,2026-06-01 00:28:00,28,5,2.0,0.9218666130475041,0.36240099435990597,1.0837117941415664,1.0,1.6666666666666667,1.2666666666666682,False,cooldown active
5c44094d-1fdb-497e-8d78-456a2f093ed0,2026-06-01 00:29:00,29,5,1.0,0.9218666130475041,0.36240099435990597,1.0837117941415664,1.0,0.6666666666666666,1.6666666666666667,False,below within-person threshold
5c44094d-1fdb-497e-8d78-456a2f093ed0,2026-06-01 00:30:00,30,6,3.0,0.9218666130475041,0.36240099435990597,1.0837117941415664,4.0,2.0,1.6666666666666667,False,cooldown active
5c44094d-1fdb-497e-8d78-456a2f093ed0,2026-06-01 00:31:00,31,6,5.0,0.9218666130475041,0.36240099435990597,1.0837117941415664,4.0,3.0,1.6666666666666667,False,cooldown active
5c44094d-1fdb-497e-8d78-456a2f093ed0,2026-06-01 00:32:00,32,6,3.0,0.9218666130475041,0.36240099435990597,1.0837117941415664,4.0,4.0,1.8666666666666671,False,cooldown active
5c44094d-1fdb-497e-8d78-456a2f093ed0,2026-06-01 00:33:00,33,6,3.0,0.9218666130475041,0.36240099435990597,1.0837117941415664,0.0,2.6666666666666665,2.0,False,cooldown active
5c44094d-1fdb-497e-8d78-456a2f093ed0,2026-06-01 00:34:00,34,6,3.0,0.9218666130475041,0.36240099435990597,1.0837117941415664,0.0,1.3333333333333333,2.133333333333335,False,below within-person threshold
60f2c7a9-1a61-4afc-8aed-e31d6b00f1df,2026-06-01 00:00:00,0,0,4.0,0.9222959650595444,0.15575778036248678,1.4362752605211928,,,,False,missing or insufficient EMA data
60f2c7a9-1a61-4afc-8aed-e31d6b00f1df,2026-06-01 00:01:00,1,0,2.0,0.9222959650595444,0.15575778036248678,1.4362752605211928,4.0,4.0,,False,insufficient within-person history
60f2c7a9-1a61-4afc-8aed-e31d6b00f1df,2026-06-01 00:02:00,2,0,4.0,0.9222959650595444,0.15575778036248678,1.4362752605211928,4.0,4.0,,False,insufficient within-person history
60f2c7a9-1a61-4afc-8aed-e31d6b00f1df,2026-06-01 00:03:00,3,0,2.0,0.9222959650595444,0.15575778036248678,1.4362752605211928,4.0,4.0,,False,insufficient within-person history
60f2c7a9-1a61-4afc-8aed-e31d6b00f1df,2026-06-01 00:04:00,4,0,2.0,0.9222959650595444,0.15575778036248678,1.4362752605211928,0.0,2.6666666666666665,4.0,False,below within-person threshold
60f2c7a9-1a61-4afc-8aed-e31d6b00f1df,2026-06-01 00:05:00,5,1,3.0,0.9222959650595444,0.15575778036248678,1.4362752605211928,1.0,1.6666666666666667,4.0,False,below within-person threshold
60f2c7a9-1a61-4afc-8aed-e31d6b00f1df,2026-06-01 00:06:00,6,1,2.0,0.9222959650595444,0.15575778036248678,1.4362752605211928,1.0,0.6666666666666666,4.0,False,below within-person threshold
60f2c7a9-1a61-4afc-8aed-e31d6b00f1df,2026-06-01 00:07:00,7,1,5.0,0.9222959650595444,0.15575778036248678,1.4362752605211928,9.0,3.6666666666666665,4.0,False,below within-person threshold
60f2c7a9-1a61-4afc-8aed-e31d6b00f1df,2026-06-01 00:08:00,8,1,1.0,0.9222959650595444,0.15575778036248678,1.4362752605211928,16.0,8.666666666666666,4.0,True,prompt sent
60f2c7a9-1a61-4afc-8aed-e31d6b00f1df,2026-06-01 00:09:00,9,1,2.0,0.9222959650595444,0.15575778036248678,1.4362752605211928,1.0,8.666666666666666,4.0,False,cooldown active
60f2c7a9-1a61-4afc-8aed-e31d6b00f1df,2026-06-01 00:10:00,10,2,2.0,0.9222959650595444,0.15575778036248678,1.4362752605211928,0.0,5.666666666666667,5.866666666666668,False,below within-person threshold
60f2c7a9-1a61-4afc-8aed-e31d6b00f1df,2026-06-01 00:11:00,11,2,2.0,0.9222959650595444,0.15575778036248678,1.4362752605211928,0.0,0.3333333333333333,6.2666666666666675,False,below within-person threshold
60f2c7a9-1a61-4afc-8aed-e31d6b00f1df,2026-06-01 00:12:00,12,2,2.0,0.9222959650595444,0.15575778036248678,1.4362752605211928,0.0,0.0,5.666666666666667,False,below within-person threshold
60f2c7a9-1a61-4afc-8aed-e31d6b00f1df,2026-06-01 00:13:00,13,2,1.0,0.9222959650595444,0.15575778036248678,1.4362752605211928,1.0,0.3333333333333333,5.333333333333335,False,below within-person threshold
60f2c7a9-1a61-4afc-8aed-e31d6b00f1df,2026-06-01 00:14:00,14,2,3.0,0.9222959650595444,0.15575778036248678,1.4362752605211928,4.0,1.6666666666666667,5.000000000000003,False,below within-person threshold
60f2c7a9-1a61-4afc-8aed-e31d6b00f1df,2026-06-01 00:15:00,15,3,,0.9222959650595444,0.15575778036248678,1.4362752605211928,,2.5,4.666666666666667,False,below within-person threshold
60f2c7a9-1a61-4afc-8aed-e31d6b00f1df,2026-06-01 00:16:00,16,3,3.0,0.9222959650595444,0.15575778036248678,1.4362752605211928,,4.0,4.333333333333335,False,below within-person threshold
60f2c7a9-1a61-4afc-8aed-e31d6b00f1df,2026-06-01 00:17:00,17,3,3.0,0.9222959650595444,0.15575778036248678,1.4362752605211928,0.0,0.0,4.0,False,below within-person threshold
60f2c7a9-1a61-4afc-8aed-e31d6b00f1df,2026-06-01 00:18:00,18,3,2.0,0.9222959650595444,0.15575778036248678,1.4362752605211928,1.0,0.5,4.0,False,below within-person threshold
60f2c7a9-1a61-4afc-8aed-e31d6b00f1df,2026-06-01 00:19:00,19,3,3.0,0.9222959650595444,0.15575778036248678,1.4362752605211928,1.0,0.6666666666666666,4.0,False,below within-person threshold
60f2c7a9-1a61-4afc-8aed-e31d6b00f1df,2026-06-01 00:20:00,20,4,3.0,0.9222959650595444,0.15575778036248678,1.4362752605211928,0.0,0.6666666666666666,4.0,False,below within-person threshold
60f2c7a9-1a61-4afc-8aed-e31d6b00f1df,2026-06-01 00:21:00,21,4,2.0,0.9222959650595444,0.15575778036248678,1.4362752605211928,1.0,0.6666666666666666,4.0,False,below within-person threshold
60f2c7a9-1a61-4afc-8aed-e31d6b00f1df,2026-06-01 00:22:00,22,4,3.0,0.9222959650595444,0.15575778036248678,1.4362752605211928,1.0,0.6666666666666666,4.0,False,below within-person threshold
60f2c7a9-1a61-4afc-8aed-e31d6b00f1df,2026-06-01 00:23:00,23,4,4.0,0.9222959650595444,0.15575778036248678,1.4362752605211928,1.0,1.0,4.0,False,below within-person threshold
60f2c7a9-1a61-4afc-8aed-e31d6b00f1df,2026-06-01 00:24:00,24,4,4.0,0.9222959650595444,0.15575778036248678,1.4362752605211928,0.0,0.6666666666666666,4.0,False,below within-person threshold
60f2c7a9-1a61-4afc-8aed-e31d6b00f1df,2026-06-01 00:25:00,25,5,3.0,0.9222959650595444,0.15575778036248678,1.4362752605211928,1.0,0.6666666666666666,4.0,False,below within-person threshold
60f2c7a9-1a61-4afc-8aed-e31d6b00f1df,2026-06-01 00:26:00,26,5,2.0,0.9222959650595444,0.15575778036248678,1.4362752605211928,1.0,0.6666666666666666,4.0,False,below within-person threshold
60f2c7a9-1a61-4afc-8aed-e31d6b00f1df,2026-06-01 00:27:00,27,5,2.0,0.9222959650595444,0.15575778036248678,1.4362752605211928,0.0,0.6666666666666666,4.0,False,below within-person threshold
60f2c7a9-1a61-4afc-8aed-e31d6b00f1df,2026-06-01 00:28:00,28,5,3.0,0.9222959650595444,0.15575778036248678,1.4362752605211928,1.0,0.6666666666666666,4.0,False,below within-person threshold
60f2c7a9-1a61-4afc-8aed-e31d6b00f1df,2026-06-01 00:29:00,29,5,3.0,0.9222959650595444,0.15575778036248678,1.4362752605211928,0.0,0.3333333333333333,4.0,False,below within-person threshold
60f2c7a9-1a61-4afc-8aed-e31d6b00f1df,2026-06-01 00:30:00,30,6,2.0,0.9222959650595444,0.15575778036248678,1.4362752605211928,1.0,0.6666666666666666,4.0,False,below within-person threshold
60f2c7a9-1a61-4afc-8aed-e31d6b00f1df,2026-06-01 00:31:00,31,6,2.0,0.9222959650595444,0.15575778036248678,1.4362752605211928,0.0,0.3333333333333333,4.0,False,below within-person threshold
60f2c7a9-1a61-4afc-8aed-e31d6b00f1df,2026-06-01 00:32:00,32,6,1.0,0.9222959650595444,0.15575778036248678,1.4362752605211928,1.0,0.6666666666666666,4.0,False,below within-person threshold
60f2c7a9-1a61-4afc-8aed-e31d6b00f1df,2026-06-01 00:33:00,33,6,2.0,0.9222959650595444,0.15575778036248678,1.4362752605211928,1.0,0.6666666666666666,3.9333333333333336,False,below within-person threshold
60f2c7a9-1a61-4afc-8aed-e31d6b00f1df,2026-06-01 00:34:00,34,6,3.0,0.9222959650595444,0.15575778036248678,1.4362752605211928,1.0,1.0,3.866666666666667,False,below within-person threshold
638a833d-5b92-45cd-a138-376398dc6186,2026-06-01 00:00:00,0,0,4.0,0.38594712816781734,0.7461569478015321,0.075622477978563,,,,False,missing or insufficient EMA data
638a833d-5b92-45cd-a138-376398dc6186,2026-06-01 00:01:00,1,0,4.0,0.38594712816781734,0.7461569478015321,0.075622477978563,0.0,0.0,,False,insufficient within-person history
638a833d-5b92-45cd-a138-376398dc6186,2026-06-01 00:02:00,2,0,4.0,0.38594712816781734,0.7461569478015321,0.075622477978563,0.0,0.0,,False,insufficient within-person history
638a833d-5b92-45cd-a138-376398dc6186,2026-06-01 00:03:00,3,0,,0.38594712816781734,0.7461569478015321,0.075622477978563,,0.0,,False,insufficient within-person history
638a833d-5b92-45cd-a138-376398dc6186,2026-06-01 00:04:00,4,0,,0.38594712816781734,0.7461569478015321,0.075622477978563,,0.0,0.0,False,below within-person threshold
638a833d-5b92-45cd-a138-376398dc6186,2026-06-01 00:05:00,5,1,,0.38594712816781734,0.7461569478015321,0.075622477978563,,,0.0,False,missing or insufficient EMA data
638a833d-5b92-45cd-a138-376398dc6186,2026-06-01 00:06:00,6,1,,0.38594712816781734,0.7461569478015321,0.075622477978563,,,0.0,False,missing or insufficient EMA data
638a833d-5b92-45cd-a138-376398dc6186,2026-06-01 00:07:00,7,1,,0.38594712816781734,0.7461569478015321,0.075622477978563,,,0.0,False,missing or insufficient EMA data
638a833d-5b92-45cd-a138-376398dc6186,2026-06-01 00:08:00,8,1,4.0,0.38594712816781734,0.7461569478015321,0.075622477978563,,,0.0,False,missing or insufficient EMA data
638a833d-5b92-45cd-a138-376398dc6186,2026-06-01 00:09:00,9,1,4.0,0.38594712816781734,0.7461569478015321,0.075622477978563,0.0,0.0,0.0,False,below within-person threshold
638a833d-5b92-45cd-a138-376398dc6186,2026-06-01 00:10:00,10,2,4.0,0.38594712816781734,0.7461569478015321,0.075622477978563,0.0,0.0,0.0,False,below within-person threshold
638a833d-5b92-45cd-a138-376398dc6186,2026-06-01 00:11:00,11,2,4.0,0.38594712816781734,0.7461569478015321,0.075622477978563,0.0,0.0,0.0,False,below within-person threshold
638a833d-5b92-45cd-a138-376398dc6186,2026-06-01 00:12:00,12,2,4.0,0.38594712816781734,0.7461569478015321,0.075622477978563,0.0,0.0,0.0,False,below within-person threshold
638a833d-5b92-45cd-a138-376398dc6186,2026-06-01 00:13:00,13,2,4.0,0.38594712816781734,0.7461569478015321,0.075622477978563,0.0,0.0,0.0,False,below within-person threshold
638a833d-5b92-45cd-a138-376398dc6186,2026-06-01 00:14:00,14,2,,0.38594712816781734,0.7461569478015321,0.075622477978563,,0.0,0.0,False,below within-person threshold
638a833d-5b92-45cd-a138-376398dc6186,2026-06-01 00:15:00,15,3,,0.38594712816781734,0.7461569478015321,0.075622477978563,,0.0,0.0,False,below within-person threshold
638a833d-5b92-45cd-a138-376398dc6186,2026-06-01 00:16:00,16,3,,0.38594712816781734,0.7461569478015321,0.075622477978563,,,0.0,False,missing or insufficient EMA data
638a833d-5b92-45cd-a138-376398dc6186,2026-06-01 00:17:00,17,3,,0.38594712816781734,0.7461569478015321,0.075622477978563,,,0.0,False,missing or insufficient EMA data
638a833d-5b92-45cd-a138-376398dc6186,2026-06-01 00:18:00,18,3,,0.38594712816781734,0.7461569478015321,0.075622477978563,,,0.0,False,missing or insufficient EMA data
638a833d-5b92-45cd-a138-376398dc6186,2026-06-01 00:19:00,19,3,,0.38594712816781734,0.7461569478015321,0.075622477978563,,,0.0,False,missing or insufficient EMA data
638a833d-5b92-45cd-a138-376398dc6186,2026-06-01 00:20:00,20,4,,0.38594712816781734,0.7461569478015321,0.075622477978563,,,0.0,False,missing or insufficient EMA data
638a833d-5b92-45cd-a138-376398dc6186,2026-06-01 00:21:00,21,4,,0.38594712816781734,0.7461569478015321,0.075622477978563,,,0.0,False,missing or insufficient EMA data
638a833d-5b92-45cd-a138-376398dc6186,2026-06-01 00:22:00,22,4,3.0,0.38594712816781734,0.7461569478015321,0.075622477978563,,,0.0,False,missing or insufficient EMA data
638a833d-5b92-45cd-a138-376398dc6186,2026-06-01 00:23:00,23,4,4.0,0.38594712816781734,0.7461569478015321,0.075622477978563,1.0,1.0,0.0,True,prompt sent
638a833d-5b92-45cd-a138-376398dc6186,2026-06-01 00:24:00,24,4,4.0,0.38594712816781734,0.7461569478015321,0.075622477978563,0.0,0.5,0.0,False,cooldown active
638a833d-5b92-45cd-a138-376398dc6186,2026-06-01 00:25:00,25,5,4.0,0.38594712816781734,0.7461569478015321,0.075622477978563,0.0,0.3333333333333333,0.0,False,cooldown active
638a833d-5b92-45cd-a138-376398dc6186,2026-06-01 00:26:00,26,5,4.0,0.38594712816781734,0.7461569478015321,0.075622477978563,0.0,0.0,0.13333333333333344,False,below within-person threshold
638a833d-5b92-45cd-a138-376398dc6186,2026-06-01 00:27:00,27,5,4.0,0.38594712816781734,0.7461569478015321,0.075622477978563,0.0,0.0,0.06666666666666701,False,below within-person threshold
638a833d-5b92-45cd-a138-376398dc6186,2026-06-01 00:28:00,28,5,4.0,0.38594712816781734,0.7461569478015321,0.075622477978563,0.0,0.0,0.0,False,below within-person threshold
638a833d-5b92-45cd-a138-376398dc6186,2026-06-01 00:29:00,29,5,4.0,0.38594712816781734,0.7461569478015321,0.075622477978563,0.0,0.0,0.0,False,below within-person threshold
638a833d-5b92-45cd-a138-376398dc6186,2026-06-01 00:30:00,30,6,4.0,0.38594712816781734,0.7461569478015321,0.075622477978563,0.0,0.0,0.0,False,below within-person threshold
638a833d-5b92-45cd-a138-376398dc6186,2026-06-01 00:31:00,31,6,4.0,0.38594712816781734,0.7461569478015321,0.075622477978563,0.0,0.0,0.0,False,below within-person threshold
638a833d-5b92-45cd-a138-376398dc6186,2026-06-01 00:32:00,32,6,4.0,0.38594712816781734,0.7461569478015321,0.075622477978563,0.0,0.0,0.0,False,below within-person threshold
638a833d-5b92-45cd-a138-376398dc6186,2026-06-01 00:33:00,33,6,4.0,0.38594712816781734,0.7461569478015321,0.075622477978563,0.0,0.0,0.0,False,below within-person threshold
638a833d-5b92-45cd-a138-376398dc6186,2026-06-01 00:34:00,34,6,4.0,0.38594712816781734,0.7461569478015321,0.075622477978563,0.0,0.0,0.0,False,below within-person threshold
63dee8ee-f332-48f1-a202-458cba075817,2026-06-01 00:00:00,0,0,3.0,1.312984287582885,0.6590713970272597,1.1754725516661506,,,,False,missing or insufficient EMA data
63dee8ee-f332-48f1-a202-458cba075817,2026-06-01 00:01:00,1,0,1.0,1.312984287582885,0.6590713970272597,1.1754725516661506,4.0,4.0,,False,insufficient within-person history
63dee8ee-f332-48f1-a202-458cba075817,2026-06-01 00:02:00,2,0,4.0,1.312984287582885,0.6590713970272597,1.1754725516661506,9.0,6.5,,False,insufficient within-person history
63dee8ee-f332-48f1-a202-458cba075817,2026-06-01 00:03:00,3,0,2.0,1.312984287582885,0.6590713970272597,1.1754725516661506,4.0,5.666666666666667,,False,insufficient within-person history
63dee8ee-f332-48f1-a202-458cba075817,2026-06-01 00:04:00,4,0,3.0,1.312984287582885,0.6590713970272597,1.1754725516661506,1.0,4.666666666666667,6.166666666666667,False,below within-person threshold
63dee8ee-f332-48f1-a202-458cba075817,2026-06-01 00:05:00,5,1,2.0,1.312984287582885,0.6590713970272597,1.1754725516661506,1.0,2.0,6.000000000000001,False,below within-person threshold
63dee8ee-f332-48f1-a202-458cba075817,2026-06-01 00:06:00,6,1,4.0,1.312984287582885,0.6590713970272597,1.1754725516661506,4.0,2.0,5.833333333333334,False,below within-person threshold
63dee8ee-f332-48f1-a202-458cba075817,2026-06-01 00:07:00,7,1,4.0,1.312984287582885,0.6590713970272597,1.1754725516661506,0.0,1.6666666666666667,5.666666666666667,False,below within-person threshold
63dee8ee-f332-48f1-a202-458cba075817,2026-06-01 00:08:00,8,1,2.0,1.312984287582885,0.6590713970272597,1.1754725516661506,4.0,2.6666666666666665,5.466666666666668,False,below within-person threshold
63dee8ee-f332-48f1-a202-458cba075817,2026-06-01 00:09:00,9,1,2.0,1.312984287582885,0.6590713970272597,1.1754725516661506,0.0,1.3333333333333333,5.2666666666666675,False,below within-person threshold
63dee8ee-f332-48f1-a202-458cba075817,2026-06-01 00:10:00,10,2,1.0,1.312984287582885,0.6590713970272597,1.1754725516661506,1.0,1.6666666666666667,5.066666666666667,False,below within-person threshold
63dee8ee-f332-48f1-a202-458cba075817,2026-06-01 00:11:00,11,2,1.0,1.312984287582885,0.6590713970272597,1.1754725516661506,0.0,0.3333333333333333,4.866666666666667,False,below within-person threshold
63dee8ee-f332-48f1-a202-458cba075817,2026-06-01 00:12:00,12,2,1.0,1.312984287582885,0.6590713970272597,1.1754725516661506,0.0,0.3333333333333333,4.666666666666667,False,below within-person threshold
63dee8ee-f332-48f1-a202-458cba075817,2026-06-01 00:13:00,13,2,1.0,1.312984287582885,0.6590713970272597,1.1754725516661506,0.0,0.0,4.533333333333334,False,below within-person threshold
63dee8ee-f332-48f1-a202-458cba075817,2026-06-01 00:14:00,14,2,2.0,1.312984287582885,0.6590713970272597,1.1754725516661506,1.0,0.3333333333333333,4.400000000000001,False,below within-person threshold
63dee8ee-f332-48f1-a202-458cba075817,2026-06-01 00:15:00,15,3,1.0,1.312984287582885,0.6590713970272597,1.1754725516661506,1.0,0.6666666666666666,4.266666666666667,False,below within-person threshold
63dee8ee-f332-48f1-a202-458cba075817,2026-06-01 00:16:00,16,3,1.0,1.312984287582885,0.6590713970272597,1.1754725516661506,0.0,0.6666666666666666,4.133333333333334,False,below within-person threshold
63dee8ee-f332-48f1-a202-458cba075817,2026-06-01 00:17:00,17,3,2.0,1.312984287582885,0.6590713970272597,1.1754725516661506,1.0,0.6666666666666666,4.0,False,below within-person threshold
63dee8ee-f332-48f1-a202-458cba075817,2026-06-01 00:18:00,18,3,3.0,1.312984287582885,0.6590713970272597,1.1754725516661506,1.0,0.6666666666666666,3.7333333333333343,False,below within-person threshold
63dee8ee-f332-48f1-a202-458cba075817,2026-06-01 00:19:00,19,3,4.0,1.312984287582885,0.6590713970272597,1.1754725516661506,1.0,1.0,3.4666666666666686,False,below within-person threshold
63dee8ee-f332-48f1-a202-458cba075817,2026-06-01 00:20:00,20,4,4.0,1.312984287582885,0.6590713970272597,1.1754725516661506,0.0,0.6666666666666666,3.2,False,below within-person threshold
63dee8ee-f332-48f1-a202-458cba075817,2026-06-01 00:21:00,21,4,4.0,1.312984287582885,0.6590713970272597,1.1754725516661506,0.0,0.3333333333333333,2.9333333333333345,False,below within-person threshold
63dee8ee-f332-48f1-a202-458cba075817,2026-06-01 00:22:00,22,4,3.0,1.312984287582885,0.6590713970272597,1.1754725516661506,1.0,0.3333333333333333,2.6666666666666665,False,below within-person threshold
63dee8ee-f332-48f1-a202-458cba075817,2026-06-01 00:23:00,23,4,5.0,1.312984287582885,0.6590713970272597,1.1754725516661506,4.0,1.6666666666666667,2.5333333333333337,False,below within-person threshold
63dee8ee-f332-48f1-a202-458cba075817,2026-06-01 00:24:00,24,4,1.0,1.312984287582885,0.6590713970272597,1.1754725516661506,16.0,7.0,2.400000000000001,True,prompt sent
63dee8ee-f332-48f1-a202-458cba075817,2026-06-01 00:25:00,25,5,2.0,1.312984287582885,0.6590713970272597,1.1754725516661506,1.0,7.0,3.200000000000003,False,cooldown active
63dee8ee-f332-48f1-a202-458cba075817,2026-06-01 00:26:00,26,5,1.0,1.312984287582885,0.6590713970272597,1.1754725516661506,1.0,6.0,4.1333333333333355,False,cooldown active
63dee8ee-f332-48f1-a202-458cba075817,2026-06-01 00:27:00,27,5,2.0,1.312984287582885,0.6590713970272597,1.1754725516661506,1.0,1.0,4.666666666666667,False,below within-person threshold
63dee8ee-f332-48f1-a202-458cba075817,2026-06-01 00:28:00,28,5,1.0,1.312984287582885,0.6590713970272597,1.1754725516661506,1.0,1.0,4.533333333333334,False,below within-person threshold
63dee8ee-f332-48f1-a202-458cba075817,2026-06-01 00:29:00,29,5,2.0,1.312984287582885,0.6590713970272597,1.1754725516661506,1.0,1.0,4.400000000000001,False,below within-person threshold
63dee8ee-f332-48f1-a202-458cba075817,2026-06-01 00:30:00,30,6,2.0,1.312984287582885,0.6590713970272597,1.1754725516661506,0.0,0.6666666666666666,4.266666666666668,False,below within-person threshold
63dee8ee-f332-48f1-a202-458cba075817,2026-06-01 00:31:00,31,6,1.0,1.312984287582885,0.6590713970272597,1.1754725516661506,1.0,0.6666666666666666,4.1333333333333355,False,below within-person threshold
63dee8ee-f332-48f1-a202-458cba075817,2026-06-01 00:32:00,32,6,2.0,1.312984287582885,0.6590713970272597,1.1754725516661506,1.0,0.6666666666666666,4.0,False,below within-person threshold
63dee8ee-f332-48f1-a202-458cba075817,2026-06-01 00:33:00,33,6,3.0,1.312984287582885,0.6590713970272597,1.1754725516661506,1.0,1.0,3.7333333333333343,False,below within-person threshold
63dee8ee-f332-48f1-a202-458cba075817,2026-06-01 00:34:00,34,6,2.0,1.312984287582885,0.6590713970272597,1.1754725516661506,1.0,1.0,3.4666666666666686,False,below within-person threshold
65e568d1-341c-4be6-a315-39cfa4946f81,2026-06-01 00:00:00,0,0,4.0,0.9051154638847446,0.48092980321678974,0.8504799102593107,,,,False,missing or insufficient EMA data
65e568d1-341c-4be6-a315-39cfa4946f81,2026-06-01 00:01:00,1,0,3.0,0.9051154638847446,0.48092980321678974,0.8504799102593107,1.0,1.0,,False,insufficient within-person history
65e568d1-341c-4be6-a315-39cfa4946f81,2026-06-01 00:02:00,2,0,3.0,0.9051154638847446,0.48092980321678974,0.8504799102593107,0.0,0.5,,False,insufficient within-person history
65e568d1-341c-4be6-a315-39cfa4946f81,2026-06-01 00:03:00,3,0,3.0,0.9051154638847446,0.48092980321678974,0.8504799102593107,0.0,0.3333333333333333,,False,insufficient within-person history
65e568d1-341c-4be6-a315-39cfa4946f81,2026-06-01 00:04:00,4,0,,0.9051154638847446,0.48092980321678974,0.8504799102593107,,0.0,0.8,False,below within-person threshold
65e568d1-341c-4be6-a315-39cfa4946f81,2026-06-01 00:05:00,5,1,,0.9051154638847446,0.48092980321678974,0.8504799102593107,,0.0,0.7000000000000002,False,below within-person threshold
65e568d1-341c-4be6-a315-39cfa4946f81,2026-06-01 00:06:00,6,1,4.0,0.9051154638847446,0.48092980321678974,0.8504799102593107,,,0.6000000000000001,False,missing or insufficient EMA data
65e568d1-341c-4be6-a315-39cfa4946f81,2026-06-01 00:07:00,7,1,3.0,0.9051154638847446,0.48092980321678974,0.8504799102593107,1.0,1.0,0.6000000000000001,True,prompt sent
65e568d1-341c-4be6-a315-39cfa4946f81,2026-06-01 00:08:00,8,1,2.0,0.9051154638847446,0.48092980321678974,0.8504799102593107,1.0,1.0,1.0,False,below within-person threshold
65e568d1-341c-4be6-a315-39cfa4946f81,2026-06-01 00:09:00,9,1,2.0,0.9051154638847446,0.48092980321678974,0.8504799102593107,0.0,0.6666666666666666,1.0,False,below within-person threshold
65e568d1-341c-4be6-a315-39cfa4946f81,2026-06-01 00:10:00,10,2,3.0,0.9051154638847446,0.48092980321678974,0.8504799102593107,1.0,0.6666666666666666,1.0,False,below within-person threshold
65e568d1-341c-4be6-a315-39cfa4946f81,2026-06-01 00:11:00,11,2,4.0,0.9051154638847446,0.48092980321678974,0.8504799102593107,1.0,0.6666666666666666,1.0,False,below within-person threshold
65e568d1-341c-4be6-a315-39cfa4946f81,2026-06-01 00:12:00,12,2,4.0,0.9051154638847446,0.48092980321678974,0.8504799102593107,0.0,0.6666666666666666,1.0,False,below within-person threshold
65e568d1-341c-4be6-a315-39cfa4946f81,2026-06-01 00:13:00,13,2,4.0,0.9051154638847446,0.48092980321678974,0.8504799102593107,0.0,0.3333333333333333,1.0,False,below within-person threshold
65e568d1-341c-4be6-a315-39cfa4946f81,2026-06-01 00:14:00,14,2,3.0,0.9051154638847446,0.48092980321678974,0.8504799102593107,1.0,0.3333333333333333,0.9333333333333336,False,below within-person threshold
65e568d1-341c-4be6-a315-39cfa4946f81,2026-06-01 00:15:00,15,3,5.0,0.9051154638847446,0.48092980321678974,0.8504799102593107,4.0,1.6666666666666667,0.8666666666666671,False,cooldown active
65e568d1-341c-4be6-a315-39cfa4946f81,2026-06-01 00:16:00,16,3,4.0,0.9051154638847446,0.48092980321678974,0.8504799102593107,1.0,2.0,1.0,False,cooldown active
65e568d1-341c-4be6-a315-39cfa4946f81,2026-06-01 00:17:00,17,3,4.0,0.9051154638847446,0.48092980321678974,0.8504799102593107,0.0,1.6666666666666667,1.0,False,cooldown active
65e568d1-341c-4be6-a315-39cfa4946f81,2026-06-01 00:18:00,18,3,5.0,0.9051154638847446,0.48092980321678974,0.8504799102593107,1.0,0.6666666666666666,1.0,False,below within-person threshold
65e568d1-341c-4be6-a315-39cfa4946f81,2026-06-01 00:19:00,19,3,,0.9051154638847446,0.48092980321678974,0.8504799102593107,,0.5,1.0,False,below within-person threshold
65e568d1-341c-4be6-a315-39cfa4946f81,2026-06-01 00:20:00,20,4,4.0,0.9051154638847446,0.48092980321678974,0.8504799102593107,,1.0,1.0,False,below within-person threshold
65e568d1-341c-4be6-a315-39cfa4946f81,2026-06-01 00:21:00,21,4,3.0,0.9051154638847446,0.48092980321678974,0.8504799102593107,1.0,1.0,1.0,False,below within-person threshold
65e568d1-341c-4be6-a315-39cfa4946f81,2026-06-01 00:22:00,22,4,3.0,0.9051154638847446,0.48092980321678974,0.8504799102593107,0.0,0.5,1.0,False,below within-person threshold
65e568d1-341c-4be6-a315-39cfa4946f81,2026-06-01 00:23:00,23,4,4.0,0.9051154638847446,0.48092980321678974,0.8504799102593107,1.0,0.6666666666666666,1.0,False,below within-person threshold
65e568d1-341c-4be6-a315-39cfa4946f81,2026-06-01 00:24:00,24,4,3.0,0.9051154638847446,0.48092980321678974,0.8504799102593107,1.0,0.6666666666666666,1.0,False,below within-person threshold
65e568d1-341c-4be6-a315-39cfa4946f81,2026-06-01 00:25:00,25,5,2.0,0.9051154638847446,0.48092980321678974,0.8504799102593107,1.0,1.0,1.0,False,below within-person threshold
65e568d1-341c-4be6-a315-39cfa4946f81,2026-06-01 00:26:00,26,5,3.0,0.9051154638847446,0.48092980321678974,0.8504799102593107,1.0,1.0,1.0,False,below within-person threshold
65e568d1-341c-4be6-a315-39cfa4946f81,2026-06-01 00:27:00,27,5,2.0,0.9051154638847446,0.48092980321678974,0.8504799102593107,1.0,1.0,1.0,False,below within-person threshold
65e568d1-341c-4be6-a315-39cfa4946f81,2026-06-01 00:28:00,28,5,3.0,0.9051154638847446,0.48092980321678974,0.8504799102593107,1.0,1.0,1.0,False,below within-person threshold
65e568d1-341c-4be6-a315-39cfa4946f81,2026-06-01 00:29:00,29,5,5.0,0.9051154638847446,0.48092980321678974,0.8504799102593107,4.0,2.0,1.0,False,cooldown active
65e568d1-341c-4be6-a315-39cfa4946f81,2026-06-01 00:30:00,30,6,4.0,0.9051154638847446,0.48092980321678974,0.8504799102593107,1.0,2.0,1.0,False,cooldown active
65e568d1-341c-4be6-a315-39cfa4946f81,2026-06-01 00:31:00,31,6,4.0,0.9051154638847446,0.48092980321678974,0.8504799102593107,0.0,1.6666666666666667,1.0,False,cooldown active
65e568d1-341c-4be6-a315-39cfa4946f81,2026-06-01 00:32:00,32,6,4.0,0.9051154638847446,0.48092980321678974,0.8504799102593107,0.0,0.3333333333333333,1.1333333333333353,False,below within-person threshold
65e568d1-341c-4be6-a315-39cfa4946f81,2026-06-01 00:33:00,33,6,3.0,0.9051154638847446,0.48092980321678974,0.8504799102593107,1.0,0.3333333333333333,1.0,False,below within-person threshold
65e568d1-341c-4be6-a315-39cfa4946f81,2026-06-01 00:34:00,34,6,3.0,0.9051154638847446,0.48092980321678974,0.8504799102593107,0.0,0.3333333333333333,1.0,False,below within-person threshold
6d4dfe43-a152-4cd3-b41b-3b73d2592fdc,2026-06-01 00:00:00,0,0,1.0,0.8661227945974769,0.42403384215577367,0.8641435623585001,,,,False,missing or insufficient EMA data
6d4dfe43-a152-4cd3-b41b-3b73d2592fdc,2026-06-01 00:01:00,1,0,,0.8661227945974769,0.42403384215577367,0.8641435623585001,,,,False,missing or insufficient EMA data
6d4dfe43-a152-4cd3-b41b-3b73d2592fdc,2026-06-01 00:02:00,2,0,2.0,0.8661227945974769,0.42403384215577367,0.8641435623585001,,,,False,missing or insufficient EMA data
6d4dfe43-a152-4cd3-b41b-3b73d2592fdc,2026-06-01 00:03:00,3,0,2.0,0.8661227945974769,0.42403384215577367,0.8641435623585001,0.0,0.0,,False,insufficient within-person history
6d4dfe43-a152-4cd3-b41b-3b73d2592fdc,2026-06-01 00:04:00,4,0,2.0,0.8661227945974769,0.42403384215577367,0.8641435623585001,0.0,0.0,,False,insufficient within-person history
6d4dfe43-a152-4cd3-b41b-3b73d2592fdc,2026-06-01 00:05:00,5,1,2.0,0.8661227945974769,0.42403384215577367,0.8641435623585001,0.0,0.0,,False,insufficient within-person history
6d4dfe43-a152-4cd3-b41b-3b73d2592fdc,2026-06-01 00:06:00,6,1,2.0,0.8661227945974769,0.42403384215577367,0.8641435623585001,0.0,0.0,0.0,False,below within-person threshold
6d4dfe43-a152-4cd3-b41b-3b73d2592fdc,2026-06-01 00:07:00,7,1,2.0,0.8661227945974769,0.42403384215577367,0.8641435623585001,0.0,0.0,0.0,False,below within-person threshold
6d4dfe43-a152-4cd3-b41b-3b73d2592fdc,2026-06-01 00:08:00,8,1,2.0,0.8661227945974769,0.42403384215577367,0.8641435623585001,0.0,0.0,0.0,False,below within-person threshold
6d4dfe43-a152-4cd3-b41b-3b73d2592fdc,2026-06-01 00:09:00,9,1,1.0,0.8661227945974769,0.42403384215577367,0.8641435623585001,1.0,0.3333333333333333,0.0,True,prompt sent
6d4dfe43-a152-4cd3-b41b-3b73d2592fdc,2026-06-01 00:10:00,10,2,3.0,0.8661227945974769,0.42403384215577367,0.8641435623585001,4.0,1.6666666666666667,0.0,False,cooldown active
6d4dfe43-a152-4cd3-b41b-3b73d2592fdc,2026-06-01 00:11:00,11,2,2.0,0.8661227945974769,0.42403384215577367,0.8641435623585001,1.0,2.0,0.20000000000000018,False,cooldown active
6d4dfe43-a152-4cd3-b41b-3b73d2592fdc,2026-06-01 00:12:00,12,2,1.0,0.8661227945974769,0.42403384215577367,0.8641435623585001,1.0,2.0,0.8666666666666671,False,cooldown active
6d4dfe43-a152-4cd3-b41b-3b73d2592fdc,2026-06-01 00:13:00,13,2,1.0,0.8661227945974769,0.42403384215577367,0.8641435623585001,0.0,0.6666666666666666,1.7333333333333334,False,below within-person threshold
6d4dfe43-a152-4cd3-b41b-3b73d2592fdc,2026-06-01 00:14:00,14,2,1.0,0.8661227945974769,0.42403384215577367,0.8641435623585001,0.0,0.3333333333333333,1.6666666666666667,False,below within-person threshold
6d4dfe43-a152-4cd3-b41b-3b73d2592fdc,2026-06-01 00:15:00,15,3,1.0,0.8661227945974769,0.42403384215577367,0.8641435623585001,0.0,0.0,1.4666666666666672,False,below within-person threshold
6d4dfe43-a152-4cd3-b41b-3b73d2592fdc,2026-06-01 00:16:00,16,3,1.0,0.8661227945974769,0.42403384215577367,0.8641435623585001,0.0,0.0,1.266666666666668,False,below within-person threshold
6d4dfe43-a152-4cd3-b41b-3b73d2592fdc,2026-06-01 00:17:00,17,3,2.0,0.8661227945974769,0.42403384215577367,0.8641435623585001,1.0,0.3333333333333333,1.0666666666666669,False,below within-person threshold
6d4dfe43-a152-4cd3-b41b-3b73d2592fdc,2026-06-01 00:18:00,18,3,1.0,0.8661227945974769,0.42403384215577367,0.8641435623585001,1.0,0.6666666666666666,0.8666666666666677,False,below within-person threshold
6d4dfe43-a152-4cd3-b41b-3b73d2592fdc,2026-06-01 00:19:00,19,3,1.0,0.8661227945974769,0.42403384215577367,0.8641435623585001,0.0,0.6666666666666666,0.6666666666666666,False,below within-person threshold
6d4dfe43-a152-4cd3-b41b-3b73d2592fdc,2026-06-01 00:20:00,20,4,2.0,0.8661227945974769,0.42403384215577367,0.8641435623585001,1.0,0.6666666666666666,0.6666666666666666,False,below within-person threshold
6d4dfe43-a152-4cd3-b41b-3b73d2592fdc,2026-06-01 00:21:00,21,4,3.0,0.8661227945974769,0.42403384215577367,0.8641435623585001,1.0,0.6666666666666666,0.6666666666666666,False,below within-person threshold
6d4dfe43-a152-4cd3-b41b-3b73d2592fdc,2026-06-01 00:22:00,22,4,2.0,0.8661227945974769,0.42403384215577367,0.8641435623585001,1.0,1.0,0.6666666666666666,False,cooldown active
6d4dfe43-a152-4cd3-b41b-3b73d2592fdc,2026-06-01 00:23:00,23,4,3.0,0.8661227945974769,0.42403384215577367,0.8641435623585001,1.0,1.0,0.7333333333333336,False,cooldown active
6d4dfe43-a152-4cd3-b41b-3b73d2592fdc,2026-06-01 00:24:00,24,4,2.0,0.8661227945974769,0.42403384215577367,0.8641435623585001,1.0,1.0,1.0,False,below within-person threshold
6d4dfe43-a152-4cd3-b41b-3b73d2592fdc,2026-06-01 00:25:00,25,5,1.0,0.8661227945974769,0.42403384215577367,0.8641435623585001,1.0,1.0,1.0,False,below within-person threshold
6d4dfe43-a152-4cd3-b41b-3b73d2592fdc,2026-06-01 00:26:00,26,5,1.0,0.8661227945974769,0.42403384215577367,0.8641435623585001,0.0,0.6666666666666666,1.0,False,below within-person threshold
6d4dfe43-a152-4cd3-b41b-3b73d2592fdc,2026-06-01 00:27:00,27,5,2.0,0.8661227945974769,0.42403384215577367,0.8641435623585001,1.0,0.6666666666666666,1.0,False,below within-person threshold
6d4dfe43-a152-4cd3-b41b-3b73d2592fdc,2026-06-01 00:28:00,28,5,2.0,0.8661227945974769,0.42403384215577367,0.8641435623585001,0.0,0.3333333333333333,1.0,False,below within-person threshold
6d4dfe43-a152-4cd3-b41b-3b73d2592fdc,2026-06-01 00:29:00,29,5,3.0,0.8661227945974769,0.42403384215577367,0.8641435623585001,1.0,0.6666666666666666,1.0,False,below within-person threshold
6d4dfe43-a152-4cd3-b41b-3b73d2592fdc,2026-06-01 00:30:00,30,6,2.0,0.8661227945974769,0.42403384215577367,0.8641435623585001,1.0,0.6666666666666666,1.0,False,below within-person threshold
6d4dfe43-a152-4cd3-b41b-3b73d2592fdc,2026-06-01 00:31:00,31,6,2.0,0.8661227945974769,0.42403384215577367,0.8641435623585001,0.0,0.6666666666666666,1.0,False,below within-person threshold
6d4dfe43-a152-4cd3-b41b-3b73d2592fdc,2026-06-01 00:32:00,32,6,,0.8661227945974769,0.42403384215577367,0.8641435623585001,,0.5,1.0,False,below within-person threshold
6d4dfe43-a152-4cd3-b41b-3b73d2592fdc,2026-06-01 00:33:00,33,6,,0.8661227945974769,0.42403384215577367,0.8641435623585001,,0.0,1.0,False,below within-person threshold
6d4dfe43-a152-4cd3-b41b-3b73d2592fdc,2026-06-01 00:34:00,34,6,2.0,0.8661227945974769,0.42403384215577367,0.8641435623585001,,,1.0,False,missing or insufficient EMA data
7472f58b-bfeb-48a3-87e8-feea303444f5,2026-06-01 00:00:00,0,0,3.0,0.48375485619594316,0.564975316766889,0.20360787465630212,,,,False,missing or insufficient EMA data
7472f58b-bfeb-48a3-87e8-feea303444f5,2026-06-01 00:01:00,1,0,,0.48375485619594316,0.564975316766889,0.20360787465630212,,,,False,missing or insufficient EMA data
7472f58b-bfeb-48a3-87e8-feea303444f5,2026-06-01 00:02:00,2,0,,0.48375485619594316,0.564975316766889,0.20360787465630212,,,,False,missing or insufficient EMA data
7472f58b-bfeb-48a3-87e8-feea303444f5,2026-06-01 00:03:00,3,0,,0.48375485619594316,0.564975316766889,0.20360787465630212,,,,False,missing or insufficient EMA data
7472f58b-bfeb-48a3-87e8-feea303444f5,2026-06-01 00:04:00,4,0,,0.48375485619594316,0.564975316766889,0.20360787465630212,,,,False,missing or insufficient EMA data
7472f58b-bfeb-48a3-87e8-feea303444f5,2026-06-01 00:05:00,5,1,,0.48375485619594316,0.564975316766889,0.20360787465630212,,,,False,missing or insufficient EMA data
7472f58b-bfeb-48a3-87e8-feea303444f5,2026-06-01 00:06:00,6,1,3.0,0.48375485619594316,0.564975316766889,0.20360787465630212,,,,False,missing or insufficient EMA data
7472f58b-bfeb-48a3-87e8-feea303444f5,2026-06-01 00:07:00,7,1,,0.48375485619594316,0.564975316766889,0.20360787465630212,,,,False,missing or insufficient EMA data
7472f58b-bfeb-48a3-87e8-feea303444f5,2026-06-01 00:08:00,8,1,,0.48375485619594316,0.564975316766889,0.20360787465630212,,,,False,missing or insufficient EMA data
7472f58b-bfeb-48a3-87e8-feea303444f5,2026-06-01 00:09:00,9,1,,0.48375485619594316,0.564975316766889,0.20360787465630212,,,,False,missing or insufficient EMA data
7472f58b-bfeb-48a3-87e8-feea303444f5,2026-06-01 00:10:00,10,2,,0.48375485619594316,0.564975316766889,0.20360787465630212,,,,False,missing or insufficient EMA data
7472f58b-bfeb-48a3-87e8-feea303444f5,2026-06-01 00:11:00,11,2,,0.48375485619594316,0.564975316766889,0.20360787465630212,,,,False,missing or insufficient EMA data
7472f58b-bfeb-48a3-87e8-feea303444f5,2026-06-01 00:12:00,12,2,,0.48375485619594316,0.564975316766889,0.20360787465630212,,,,False,missing or insufficient EMA data
7472f58b-bfeb-48a3-87e8-feea303444f5,2026-06-01 00:13:00,13,2,,0.48375485619594316,0.564975316766889,0.20360787465630212,,,,False,missing or insufficient EMA data
7472f58b-bfeb-48a3-87e8-feea303444f5,2026-06-01 00:14:00,14,2,,0.48375485619594316,0.564975316766889,0.20360787465630212,,,,False,missing or insufficient EMA data
7472f58b-bfeb-48a3-87e8-feea303444f5,2026-06-01 00:15:00,15,3,,0.48375485619594316,0.564975316766889,0.20360787465630212,,,,False,missing or insufficient EMA data
7472f58b-bfeb-48a3-87e8-feea303444f5,2026-06-01 00:16:00,16,3,,0.48375485619594316,0.564975316766889,0.20360787465630212,,,,False,missing or insufficient EMA data
7472f58b-bfeb-48a3-87e8-feea303444f5,2026-06-01 00:17:00,17,3,,0.48375485619594316,0.564975316766889,0.20360787465630212,,,,False,missing or insufficient EMA data
7472f58b-bfeb-48a3-87e8-feea303444f5,2026-06-01 00:18:00,18,3,,0.48375485619594316,0.564975316766889,0.20360787465630212,,,,False,missing or insufficient EMA data
7472f58b-bfeb-48a3-87e8-feea303444f5,2026-06-01 00:19:00,19,3,,0.48375485619594316,0.564975316766889,0.20360787465630212,,,,False,missing or insufficient EMA data
7472f58b-bfeb-48a3-87e8-feea303444f5,2026-06-01 00:20:00,20,4,3.0,0.48375485619594316,0.564975316766889,0.20360787465630212,,,,False,missing or insufficient EMA data
7472f58b-bfeb-48a3-87e8-feea303444f5,2026-06-01 00:21:00,21,4,,0.48375485619594316,0.564975316766889,0.20360787465630212,,,,False,missing or insufficient EMA data
7472f58b-bfeb-48a3-87e8-feea303444f5,2026-06-01 00:22:00,22,4,,0.48375485619594316,0.564975316766889,0.20360787465630212,,,,False,missing or insufficient EMA data
7472f58b-bfeb-48a3-87e8-feea303444f5,2026-06-01 00:23:00,23,4,,0.48375485619594316,0.564975316766889,0.20360787465630212,,,,False,missing or insufficient EMA data
7472f58b-bfeb-48a3-87e8-feea303444f5,2026-06-01 00:24:00,24,4,,0.48375485619594316,0.564975316766889,0.20360787465630212,,,,False,missing or insufficient EMA data
7472f58b-bfeb-48a3-87e8-feea303444f5,2026-06-01 00:25:00,25,5,,0.48375485619594316,0.564975316766889,0.20360787465630212,,,,False,missing or insufficient EMA data
7472f58b-bfeb-48a3-87e8-feea303444f5,2026-06-01 00:26:00,26,5,2.0,0.48375485619594316,0.564975316766889,0.20360787465630212,,,,False,missing or insufficient EMA data
7472f58b-bfeb-48a3-87e8-feea303444f5,2026-06-01 00:27:00,27,5,2.0,0.48375485619594316,0.564975316766889,0.20360787465630212,0.0,0.0,,False,insufficient within-person history
7472f58b-bfeb-48a3-87e8-feea303444f5,2026-06-01 00:28:00,28,5,2.0,0.48375485619594316,0.564975316766889,0.20360787465630212,0.0,0.0,,False,insufficient within-person history
7472f58b-bfeb-48a3-87e8-feea303444f5,2026-06-01 00:29:00,29,5,2.0,0.48375485619594316,0.564975316766889,0.20360787465630212,0.0,0.0,,False,insufficient within-person history
7472f58b-bfeb-48a3-87e8-feea303444f5,2026-06-01 00:30:00,30,6,,0.48375485619594316,0.564975316766889,0.20360787465630212,,0.0,0.0,False,below within-person threshold
7472f58b-bfeb-48a3-87e8-feea303444f5,2026-06-01 00:31:00,31,6,3.0,0.48375485619594316,0.564975316766889,0.20360787465630212,,0.0,0.0,False,below within-person threshold
7472f58b-bfeb-48a3-87e8-feea303444f5,2026-06-01 00:32:00,32,6,2.0,0.48375485619594316,0.564975316766889,0.20360787465630212,1.0,1.0,0.0,True,prompt sent
7472f58b-bfeb-48a3-87e8-feea303444f5,2026-06-01 00:33:00,33,6,2.0,0.48375485619594316,0.564975316766889,0.20360787465630212,0.0,0.5,0.0,False,cooldown active
7472f58b-bfeb-48a3-87e8-feea303444f5,2026-06-01 00:34:00,34,6,2.0,0.48375485619594316,0.564975316766889,0.20360787465630212,0.0,0.3333333333333333,0.40000000000000036,False,below within-person threshold
7569d6c3-5f55-4eb9-bc78-e6b35803abb0,2026-06-01 00:00:00,0,0,2.0,0.5515593481078194,0.3095327360312188,0.42010474594275704,,,,False,missing or insufficient EMA data
7569d6c3-5f55-4eb9-bc78-e6b35803abb0,2026-06-01 00:01:00,1,0,1.0,0.5515593481078194,0.3095327360312188,0.42010474594275704,1.0,1.0,,False,insufficient within-person history
7569d6c3-5f55-4eb9-bc78-e6b35803abb0,2026-06-01 00:02:00,2,0,3.0,0.5515593481078194,0.3095327360312188,0.42010474594275704,4.0,2.5,,False,insufficient within-person history
7569d6c3-5f55-4eb9-bc78-e6b35803abb0,2026-06-01 00:03:00,3,0,3.0,0.5515593481078194,0.3095327360312188,0.42010474594275704,0.0,1.6666666666666667,,False,insufficient within-person history
7569d6c3-5f55-4eb9-bc78-e6b35803abb0,2026-06-01 00:04:00,4,0,2.0,0.5515593481078194,0.3095327360312188,0.42010474594275704,1.0,1.6666666666666667,2.166666666666667,False,below within-person threshold
7569d6c3-5f55-4eb9-bc78-e6b35803abb0,2026-06-01 00:05:00,5,1,2.0,0.5515593481078194,0.3095327360312188,0.42010474594275704,0.0,0.3333333333333333,2.0000000000000004,False,below within-person threshold
7569d6c3-5f55-4eb9-bc78-e6b35803abb0,2026-06-01 00:06:00,6,1,2.0,0.5515593481078194,0.3095327360312188,0.42010474594275704,0.0,0.3333333333333333,1.8333333333333335,False,below within-person threshold
7569d6c3-5f55-4eb9-bc78-e6b35803abb0,2026-06-01 00:07:00,7,1,2.0,0.5515593481078194,0.3095327360312188,0.42010474594275704,0.0,0.0,1.6666666666666667,False,below within-person threshold
7569d6c3-5f55-4eb9-bc78-e6b35803abb0,2026-06-01 00:08:00,8,1,2.0,0.5515593481078194,0.3095327360312188,0.42010474594275704,0.0,0.0,1.6666666666666667,False,below within-person threshold
7569d6c3-5f55-4eb9-bc78-e6b35803abb0,2026-06-01 00:09:00,9,1,2.0,0.5515593481078194,0.3095327360312188,0.42010474594275704,0.0,0.0,1.6666666666666667,False,below within-person threshold
7569d6c3-5f55-4eb9-bc78-e6b35803abb0,2026-06-01 00:10:00,10,2,2.0,0.5515593481078194,0.3095327360312188,0.42010474594275704,0.0,0.0,1.6666666666666667,False,below within-person threshold
7569d6c3-5f55-4eb9-bc78-e6b35803abb0,2026-06-01 00:11:00,11,2,2.0,0.5515593481078194,0.3095327360312188,0.42010474594275704,0.0,0.0,1.6666666666666667,False,below within-person threshold
7569d6c3-5f55-4eb9-bc78-e6b35803abb0,2026-06-01 00:12:00,12,2,2.0,0.5515593481078194,0.3095327360312188,0.42010474594275704,0.0,0.0,1.6666666666666667,False,below within-person threshold
7569d6c3-5f55-4eb9-bc78-e6b35803abb0,2026-06-01 00:13:00,13,2,1.0,0.5515593481078194,0.3095327360312188,0.42010474594275704,1.0,0.3333333333333333,1.5333333333333339,False,below within-person threshold
7569d6c3-5f55-4eb9-bc78-e6b35803abb0,2026-06-01 00:14:00,14,2,,0.5515593481078194,0.3095327360312188,0.42010474594275704,,0.5,1.400000000000001,False,below within-person threshold
7569d6c3-5f55-4eb9-bc78-e6b35803abb0,2026-06-01 00:15:00,15,3,,0.5515593481078194,0.3095327360312188,0.42010474594275704,,1.0,1.2666666666666668,False,below within-person threshold
7569d6c3-5f55-4eb9-bc78-e6b35803abb0,2026-06-01 00:16:00,16,3,2.0,0.5515593481078194,0.3095327360312188,0.42010474594275704,,,1.133333333333334,False,missing or insufficient EMA data
7569d6c3-5f55-4eb9-bc78-e6b35803abb0,2026-06-01 00:17:00,17,3,3.0,0.5515593481078194,0.3095327360312188,0.42010474594275704,1.0,1.0,1.133333333333334,False,below within-person threshold
7569d6c3-5f55-4eb9-bc78-e6b35803abb0,2026-06-01 00:18:00,18,3,3.0,0.5515593481078194,0.3095327360312188,0.42010474594275704,0.0,0.5,1.0,False,below within-person threshold
7569d6c3-5f55-4eb9-bc78-e6b35803abb0,2026-06-01 00:19:00,19,3,2.0,0.5515593481078194,0.3095327360312188,0.42010474594275704,1.0,0.6666666666666666,1.0,False,below within-person threshold
7569d6c3-5f55-4eb9-bc78-e6b35803abb0,2026-06-01 00:20:00,20,4,3.0,0.5515593481078194,0.3095327360312188,0.42010474594275704,1.0,0.6666666666666666,1.0,False,below within-person threshold
7569d6c3-5f55-4eb9-bc78-e6b35803abb0,2026-06-01 00:21:00,21,4,2.0,0.5515593481078194,0.3095327360312188,0.42010474594275704,1.0,1.0,1.0,False,below within-person threshold
7569d6c3-5f55-4eb9-bc78-e6b35803abb0,2026-06-01 00:22:00,22,4,2.0,0.5515593481078194,0.3095327360312188,0.42010474594275704,0.0,0.6666666666666666,1.0,False,below within-person threshold
7569d6c3-5f55-4eb9-bc78-e6b35803abb0,2026-06-01 00:23:00,23,4,2.0,0.5515593481078194,0.3095327360312188,0.42010474594275704,0.0,0.3333333333333333,1.0,False,below within-person threshold
7569d6c3-5f55-4eb9-bc78-e6b35803abb0,2026-06-01 00:24:00,24,4,2.0,0.5515593481078194,0.3095327360312188,0.42010474594275704,0.0,0.0,1.0,False,below within-person threshold
7569d6c3-5f55-4eb9-bc78-e6b35803abb0,2026-06-01 00:25:00,25,5,3.0,0.5515593481078194,0.3095327360312188,0.42010474594275704,1.0,0.3333333333333333,1.0,False,below within-person threshold
7569d6c3-5f55-4eb9-bc78-e6b35803abb0,2026-06-01 00:26:00,26,5,,0.5515593481078194,0.3095327360312188,0.42010474594275704,,0.5,1.0,False,below within-person threshold
7569d6c3-5f55-4eb9-bc78-e6b35803abb0,2026-06-01 00:27:00,27,5,2.0,0.5515593481078194,0.3095327360312188,0.42010474594275704,,1.0,1.0,False,below within-person threshold
7569d6c3-5f55-4eb9-bc78-e6b35803abb0,2026-06-01 00:28:00,28,5,2.0,0.5515593481078194,0.3095327360312188,0.42010474594275704,0.0,0.0,1.0,False,below within-person threshold
7569d6c3-5f55-4eb9-bc78-e6b35803abb0,2026-06-01 00:29:00,29,5,2.0,0.5515593481078194,0.3095327360312188,0.42010474594275704,0.0,0.0,1.0,False,below within-person threshold
7569d6c3-5f55-4eb9-bc78-e6b35803abb0,2026-06-01 00:30:00,30,6,2.0,0.5515593481078194,0.3095327360312188,0.42010474594275704,0.0,0.0,1.0,False,below within-person threshold
7569d6c3-5f55-4eb9-bc78-e6b35803abb0,2026-06-01 00:31:00,31,6,2.0,0.5515593481078194,0.3095327360312188,0.42010474594275704,0.0,0.0,1.0,False,below within-person threshold
7569d6c3-5f55-4eb9-bc78-e6b35803abb0,2026-06-01 00:32:00,32,6,1.0,0.5515593481078194,0.3095327360312188,0.42010474594275704,1.0,0.3333333333333333,1.0,False,below within-person threshold
7569d6c3-5f55-4eb9-bc78-e6b35803abb0,2026-06-01 00:33:00,33,6,2.0,0.5515593481078194,0.3095327360312188,0.42010474594275704,1.0,0.6666666666666666,1.0,False,below within-person threshold
7569d6c3-5f55-4eb9-bc78-e6b35803abb0,2026-06-01 00:34:00,34,6,3.0,0.5515593481078194,0.3095327360312188,0.42010474594275704,1.0,1.0,1.0,False,below within-person threshold
77454900-2cda-458b-aab4-3d3720cabdee,2026-06-01 00:00:00,0,0,3.0,1.2912794018386022,0.18186064617307496,2.7283351973873278,,,,False,missing or insufficient EMA data
77454900-2cda-458b-aab4-3d3720cabdee,2026-06-01 00:01:00,1,0,2.0,1.2912794018386022,0.18186064617307496,2.7283351973873278,1.0,1.0,,False,insufficient within-person history
77454900-2cda-458b-aab4-3d3720cabdee,2026-06-01 00:02:00,2,0,2.0,1.2912794018386022,0.18186064617307496,2.7283351973873278,0.0,0.5,,False,insufficient within-person history
77454900-2cda-458b-aab4-3d3720cabdee,2026-06-01 00:03:00,3,0,3.0,1.2912794018386022,0.18186064617307496,2.7283351973873278,1.0,0.6666666666666666,,False,insufficient within-person history
77454900-2cda-458b-aab4-3d3720cabdee,2026-06-01 00:04:00,4,0,2.0,1.2912794018386022,0.18186064617307496,2.7283351973873278,1.0,0.6666666666666666,0.8666666666666667,False,below within-person threshold
77454900-2cda-458b-aab4-3d3720cabdee,2026-06-01 00:05:00,5,1,,1.2912794018386022,0.18186064617307496,2.7283351973873278,,1.0,0.8,True,prompt sent
77454900-2cda-458b-aab4-3d3720cabdee,2026-06-01 00:06:00,6,1,4.0,1.2912794018386022,0.18186064617307496,2.7283351973873278,,1.0,1.0,False,below within-person threshold
77454900-2cda-458b-aab4-3d3720cabdee,2026-06-01 00:07:00,7,1,5.0,1.2912794018386022,0.18186064617307496,2.7283351973873278,1.0,1.0,1.0,False,below within-person threshold
77454900-2cda-458b-aab4-3d3720cabdee,2026-06-01 00:08:00,8,1,4.0,1.2912794018386022,0.18186064617307496,2.7283351973873278,1.0,1.0,1.0,False,below within-person threshold
77454900-2cda-458b-aab4-3d3720cabdee,2026-06-01 00:09:00,9,1,5.0,1.2912794018386022,0.18186064617307496,2.7283351973873278,1.0,1.0,1.0,False,below within-person threshold
77454900-2cda-458b-aab4-3d3720cabdee,2026-06-01 00:10:00,10,2,4.0,1.2912794018386022,0.18186064617307496,2.7283351973873278,1.0,1.0,1.0,False,below within-person threshold
77454900-2cda-458b-aab4-3d3720cabdee,2026-06-01 00:11:00,11,2,,1.2912794018386022,0.18186064617307496,2.7283351973873278,,1.0,1.0,False,below within-person threshold
77454900-2cda-458b-aab4-3d3720cabdee,2026-06-01 00:12:00,12,2,5.0,1.2912794018386022,0.18186064617307496,2.7283351973873278,,1.0,1.0,False,below within-person threshold
77454900-2cda-458b-aab4-3d3720cabdee,2026-06-01 00:13:00,13,2,3.0,1.2912794018386022,0.18186064617307496,2.7283351973873278,4.0,4.0,1.0,False,cooldown active
77454900-2cda-458b-aab4-3d3720cabdee,2026-06-01 00:14:00,14,2,2.0,1.2912794018386022,0.18186064617307496,2.7283351973873278,1.0,2.5,1.0,False,cooldown active
77454900-2cda-458b-aab4-3d3720cabdee,2026-06-01 00:15:00,15,3,4.0,1.2912794018386022,0.18186064617307496,2.7283351973873278,4.0,3.0,1.0,False,cooldown active
77454900-2cda-458b-aab4-3d3720cabdee,2026-06-01 00:16:00,16,3,2.0,1.2912794018386022,0.18186064617307496,2.7283351973873278,4.0,3.0,1.3000000000000016,False,cooldown active
77454900-2cda-458b-aab4-3d3720cabdee,2026-06-01 00:17:00,17,3,2.0,1.2912794018386022,0.18186064617307496,2.7283351973873278,0.0,2.6666666666666665,2.5,False,cooldown active
77454900-2cda-458b-aab4-3d3720cabdee,2026-06-01 00:18:00,18,3,5.0,1.2912794018386022,0.18186064617307496,2.7283351973873278,9.0,4.333333333333333,2.6333333333333333,False,cooldown active
77454900-2cda-458b-aab4-3d3720cabdee,2026-06-01 00:19:00,19,3,4.0,1.2912794018386022,0.18186064617307496,2.7283351973873278,1.0,3.3333333333333335,2.866666666666667,False,cooldown active
77454900-2cda-458b-aab4-3d3720cabdee,2026-06-01 00:20:00,20,4,,1.2912794018386022,0.18186064617307496,2.7283351973873278,,5.0,3.0,False,cooldown active
77454900-2cda-458b-aab4-3d3720cabdee,2026-06-01 00:21:00,21,4,,1.2912794018386022,0.18186064617307496,2.7283351973873278,,1.0,3.066666666666667,False,below within-person threshold
77454900-2cda-458b-aab4-3d3720cabdee,2026-06-01 00:22:00,22,4,,1.2912794018386022,0.18186064617307496,2.7283351973873278,,,3.0,False,missing or insufficient EMA data
77454900-2cda-458b-aab4-3d3720cabdee,2026-06-01 00:23:00,23,4,4.0,1.2912794018386022,0.18186064617307496,2.7283351973873278,,,3.0,False,missing or insufficient EMA data
77454900-2cda-458b-aab4-3d3720cabdee,2026-06-01 00:24:00,24,4,4.0,1.2912794018386022,0.18186064617307496,2.7283351973873278,0.0,0.0,3.0,False,below within-person threshold
77454900-2cda-458b-aab4-3d3720cabdee,2026-06-01 00:25:00,25,5,5.0,1.2912794018386022,0.18186064617307496,2.7283351973873278,1.0,0.5,3.0,False,below within-person threshold
77454900-2cda-458b-aab4-3d3720cabdee,2026-06-01 00:26:00,26,5,,1.2912794018386022,0.18186064617307496,2.7283351973873278,,0.5,3.0,False,below within-person threshold
77454900-2cda-458b-aab4-3d3720cabdee,2026-06-01 00:27:00,27,5,3.0,1.2912794018386022,0.18186064617307496,2.7283351973873278,,1.0,3.0,False,below within-person threshold
77454900-2cda-458b-aab4-3d3720cabdee,2026-06-01 00:28:00,28,5,5.0,1.2912794018386022,0.18186064617307496,2.7283351973873278,4.0,4.0,3.0,False,cooldown active
77454900-2cda-458b-aab4-3d3720cabdee,2026-06-01 00:29:00,29,5,4.0,1.2912794018386022,0.18186064617307496,2.7283351973873278,1.0,2.5,3.0,False,below within-person threshold
77454900-2cda-458b-aab4-3d3720cabdee,2026-06-01 00:30:00,30,6,4.0,1.2912794018386022,0.18186064617307496,2.7283351973873278,0.0,1.6666666666666667,3.0,False,below within-person threshold
77454900-2cda-458b-aab4-3d3720cabdee,2026-06-01 00:31:00,31,6,1.0,1.2912794018386022,0.18186064617307496,2.7283351973873278,9.0,3.3333333333333335,3.0,False,cooldown active
77454900-2cda-458b-aab4-3d3720cabdee,2026-06-01 00:32:00,32,6,4.0,1.2912794018386022,0.18186064617307496,2.7283351973873278,9.0,6.0,3.133333333333334,False,cooldown active
77454900-2cda-458b-aab4-3d3720cabdee,2026-06-01 00:33:00,33,6,3.0,1.2912794018386022,0.18186064617307496,2.7283351973873278,1.0,6.333333333333333,3.3333333333333335,False,cooldown active
77454900-2cda-458b-aab4-3d3720cabdee,2026-06-01 00:34:00,34,6,2.0,1.2912794018386022,0.18186064617307496,2.7283351973873278,1.0,3.6666666666666665,3.3333333333333335,False,cooldown active
77a7fb72-4458-496b-a5ef-de1f3829bc96,2026-06-01 00:00:00,0,0,,0.8266541277024627,0.7010185439379678,0.40862216975344345,,,,False,missing or insufficient EMA data
77a7fb72-4458-496b-a5ef-de1f3829bc96,2026-06-01 00:01:00,1,0,,0.8266541277024627,0.7010185439379678,0.40862216975344345,,,,False,missing or insufficient EMA data
77a7fb72-4458-496b-a5ef-de1f3829bc96,2026-06-01 00:02:00,2,0,,0.8266541277024627,0.7010185439379678,0.40862216975344345,,,,False,missing or insufficient EMA data
77a7fb72-4458-496b-a5ef-de1f3829bc96,2026-06-01 00:03:00,3,0,,0.8266541277024627,0.7010185439379678,0.40862216975344345,,,,False,missing or insufficient EMA data
77a7fb72-4458-496b-a5ef-de1f3829bc96,2026-06-01 00:04:00,4,0,,0.8266541277024627,0.7010185439379678,0.40862216975344345,,,,False,missing or insufficient EMA data
77a7fb72-4458-496b-a5ef-de1f3829bc96,2026-06-01 00:05:00,5,1,3.0,0.8266541277024627,0.7010185439379678,0.40862216975344345,,,,False,missing or insufficient EMA data
77a7fb72-4458-496b-a5ef-de1f3829bc96,2026-06-01 00:06:00,6,1,3.0,0.8266541277024627,0.7010185439379678,0.40862216975344345,0.0,0.0,,False,insufficient within-person history
77a7fb72-4458-496b-a5ef-de1f3829bc96,2026-06-01 00:07:00,7,1,3.0,0.8266541277024627,0.7010185439379678,0.40862216975344345,0.0,0.0,,False,insufficient within-person history
77a7fb72-4458-496b-a5ef-de1f3829bc96,2026-06-01 00:08:00,8,1,4.0,0.8266541277024627,0.7010185439379678,0.40862216975344345,1.0,0.3333333333333333,,False,insufficient within-person history
77a7fb72-4458-496b-a5ef-de1f3829bc96,2026-06-01 00:09:00,9,1,4.0,0.8266541277024627,0.7010185439379678,0.40862216975344345,0.0,0.3333333333333333,0.2,True,prompt sent
77a7fb72-4458-496b-a5ef-de1f3829bc96,2026-06-01 00:10:00,10,2,4.0,0.8266541277024627,0.7010185439379678,0.40862216975344345,0.0,0.3333333333333333,0.3333333333333333,False,below within-person threshold
77a7fb72-4458-496b-a5ef-de1f3829bc96,2026-06-01 00:11:00,11,2,,0.8266541277024627,0.7010185439379678,0.40862216975344345,,0.0,0.3333333333333333,False,below within-person threshold
77a7fb72-4458-496b-a5ef-de1f3829bc96,2026-06-01 00:12:00,12,2,4.0,0.8266541277024627,0.7010185439379678,0.40862216975344345,,0.0,0.3333333333333333,False,below within-person threshold
77a7fb72-4458-496b-a5ef-de1f3829bc96,2026-06-01 00:13:00,13,2,,0.8266541277024627,0.7010185439379678,0.40862216975344345,,,0.3333333333333333,False,missing or insufficient EMA data
77a7fb72-4458-496b-a5ef-de1f3829bc96,2026-06-01 00:14:00,14,2,,0.8266541277024627,0.7010185439379678,0.40862216975344345,,,0.3333333333333333,False,missing or insufficient EMA data
77a7fb72-4458-496b-a5ef-de1f3829bc96,2026-06-01 00:15:00,15,3,,0.8266541277024627,0.7010185439379678,0.40862216975344345,,,0.3333333333333333,False,missing or insufficient EMA data
77a7fb72-4458-496b-a5ef-de1f3829bc96,2026-06-01 00:16:00,16,3,,0.8266541277024627,0.7010185439379678,0.40862216975344345,,,0.3333333333333333,False,missing or insufficient EMA data
77a7fb72-4458-496b-a5ef-de1f3829bc96,2026-06-01 00:17:00,17,3,,0.8266541277024627,0.7010185439379678,0.40862216975344345,,,0.3333333333333333,False,missing or insufficient EMA data
77a7fb72-4458-496b-a5ef-de1f3829bc96,2026-06-01 00:18:00,18,3,,0.8266541277024627,0.7010185439379678,0.40862216975344345,,,0.3333333333333333,False,missing or insufficient EMA data
77a7fb72-4458-496b-a5ef-de1f3829bc96,2026-06-01 00:19:00,19,3,,0.8266541277024627,0.7010185439379678,0.40862216975344345,,,0.3333333333333333,False,missing or insufficient EMA data
77a7fb72-4458-496b-a5ef-de1f3829bc96,2026-06-01 00:20:00,20,4,4.0,0.8266541277024627,0.7010185439379678,0.40862216975344345,,,0.3333333333333333,False,missing or insufficient EMA data
77a7fb72-4458-496b-a5ef-de1f3829bc96,2026-06-01 00:21:00,21,4,,0.8266541277024627,0.7010185439379678,0.40862216975344345,,,0.3333333333333333,False,missing or insufficient EMA data
77a7fb72-4458-496b-a5ef-de1f3829bc96,2026-06-01 00:22:00,22,4,,0.8266541277024627,0.7010185439379678,0.40862216975344345,,,0.3333333333333333,False,missing or insufficient EMA data
77a7fb72-4458-496b-a5ef-de1f3829bc96,2026-06-01 00:23:00,23,4,,0.8266541277024627,0.7010185439379678,0.40862216975344345,,,0.3333333333333333,False,missing or insufficient EMA data
77a7fb72-4458-496b-a5ef-de1f3829bc96,2026-06-01 00:24:00,24,4,,0.8266541277024627,0.7010185439379678,0.40862216975344345,,,0.3333333333333333,False,missing or insufficient EMA data
77a7fb72-4458-496b-a5ef-de1f3829bc96,2026-06-01 00:25:00,25,5,,0.8266541277024627,0.7010185439379678,0.40862216975344345,,,0.3333333333333333,False,missing or insufficient EMA data
77a7fb72-4458-496b-a5ef-de1f3829bc96,2026-06-01 00:26:00,26,5,,0.8266541277024627,0.7010185439379678,0.40862216975344345,,,0.3333333333333333,False,missing or insufficient EMA data
77a7fb72-4458-496b-a5ef-de1f3829bc96,2026-06-01 00:27:00,27,5,,0.8266541277024627,0.7010185439379678,0.40862216975344345,,,0.3333333333333333,False,missing or insufficient EMA data
77a7fb72-4458-496b-a5ef-de1f3829bc96,2026-06-01 00:28:00,28,5,,0.8266541277024627,0.7010185439379678,0.40862216975344345,,,0.3333333333333333,False,missing or insufficient EMA data
77a7fb72-4458-496b-a5ef-de1f3829bc96,2026-06-01 00:29:00,29,5,4.0,0.8266541277024627,0.7010185439379678,0.40862216975344345,,,0.3333333333333333,False,missing or insufficient EMA data
77a7fb72-4458-496b-a5ef-de1f3829bc96,2026-06-01 00:30:00,30,6,,0.8266541277024627,0.7010185439379678,0.40862216975344345,,,0.3333333333333333,False,missing or insufficient EMA data
77a7fb72-4458-496b-a5ef-de1f3829bc96,2026-06-01 00:31:00,31,6,,0.8266541277024627,0.7010185439379678,0.40862216975344345,,,0.3333333333333333,False,missing or insufficient EMA data
77a7fb72-4458-496b-a5ef-de1f3829bc96,2026-06-01 00:32:00,32,6,4.0,0.8266541277024627,0.7010185439379678,0.40862216975344345,,,0.3333333333333333,False,missing or insufficient EMA data
77a7fb72-4458-496b-a5ef-de1f3829bc96,2026-06-01 00:33:00,33,6,4.0,0.8266541277024627,0.7010185439379678,0.40862216975344345,0.0,0.0,0.3333333333333333,False,below within-person threshold
77a7fb72-4458-496b-a5ef-de1f3829bc96,2026-06-01 00:34:00,34,6,3.0,0.8266541277024627,0.7010185439379678,0.40862216975344345,1.0,0.5,0.3333333333333333,False,cooldown active
7d69b841-c716-47be-8cc9-7372c5e72bf3,2026-06-01 00:00:00,0,0,4.0,0.6300548933171409,0.3988650462554596,0.47726408560017175,,,,False,missing or insufficient EMA data
7d69b841-c716-47be-8cc9-7372c5e72bf3,2026-06-01 00:01:00,1,0,3.0,0.6300548933171409,0.3988650462554596,0.47726408560017175,1.0,1.0,,False,insufficient within-person history
7d69b841-c716-47be-8cc9-7372c5e72bf3,2026-06-01 00:02:00,2,0,3.0,0.6300548933171409,0.3988650462554596,0.47726408560017175,0.0,0.5,,False,insufficient within-person history
7d69b841-c716-47be-8cc9-7372c5e72bf3,2026-06-01 00:03:00,3,0,4.0,0.6300548933171409,0.3988650462554596,0.47726408560017175,1.0,0.6666666666666666,,False,insufficient within-person history
7d69b841-c716-47be-8cc9-7372c5e72bf3,2026-06-01 00:04:00,4,0,3.0,0.6300548933171409,0.3988650462554596,0.47726408560017175,1.0,0.6666666666666666,0.8666666666666667,False,below within-person threshold
7d69b841-c716-47be-8cc9-7372c5e72bf3,2026-06-01 00:05:00,5,1,2.0,0.6300548933171409,0.3988650462554596,0.47726408560017175,1.0,1.0,0.8,True,prompt sent
7d69b841-c716-47be-8cc9-7372c5e72bf3,2026-06-01 00:06:00,6,1,4.0,0.6300548933171409,0.3988650462554596,0.47726408560017175,4.0,2.0,1.0,False,cooldown active
7d69b841-c716-47be-8cc9-7372c5e72bf3,2026-06-01 00:07:00,7,1,5.0,0.6300548933171409,0.3988650462554596,0.47726408560017175,1.0,2.0,1.0,False,cooldown active
7d69b841-c716-47be-8cc9-7372c5e72bf3,2026-06-01 00:08:00,8,1,4.0,0.6300548933171409,0.3988650462554596,0.47726408560017175,1.0,2.0,1.8000000000000007,False,cooldown active
7d69b841-c716-47be-8cc9-7372c5e72bf3,2026-06-01 00:09:00,9,1,3.0,0.6300548933171409,0.3988650462554596,0.47726408560017175,1.0,1.0,2.0,False,below within-person threshold
7d69b841-c716-47be-8cc9-7372c5e72bf3,2026-06-01 00:10:00,10,2,4.0,0.6300548933171409,0.3988650462554596,0.47726408560017175,1.0,1.0,2.0,False,below within-person threshold
7d69b841-c716-47be-8cc9-7372c5e72bf3,2026-06-01 00:11:00,11,2,4.0,0.6300548933171409,0.3988650462554596,0.47726408560017175,0.0,0.6666666666666666,2.0,False,below within-person threshold
7d69b841-c716-47be-8cc9-7372c5e72bf3,2026-06-01 00:12:00,12,2,2.0,0.6300548933171409,0.3988650462554596,0.47726408560017175,4.0,1.6666666666666667,2.0,False,below within-person threshold
7d69b841-c716-47be-8cc9-7372c5e72bf3,2026-06-01 00:13:00,13,2,3.0,0.6300548933171409,0.3988650462554596,0.47726408560017175,1.0,1.6666666666666667,1.9333333333333336,False,below within-person threshold
7d69b841-c716-47be-8cc9-7372c5e72bf3,2026-06-01 00:14:00,14,2,3.0,0.6300548933171409,0.3988650462554596,0.47726408560017175,0.0,1.6666666666666667,1.8666666666666671,False,below within-person threshold
7d69b841-c716-47be-8cc9-7372c5e72bf3,2026-06-01 00:15:00,15,3,3.0,0.6300548933171409,0.3988650462554596,0.47726408560017175,0.0,0.3333333333333333,1.8000000000000003,False,below within-person threshold
7d69b841-c716-47be-8cc9-7372c5e72bf3,2026-06-01 00:16:00,16,3,3.0,0.6300548933171409,0.3988650462554596,0.47726408560017175,0.0,0.0,1.7333333333333338,False,below within-person threshold
7d69b841-c716-47be-8cc9-7372c5e72bf3,2026-06-01 00:17:00,17,3,3.0,0.6300548933171409,0.3988650462554596,0.47726408560017175,0.0,0.0,1.6666666666666667,False,below within-person threshold
7d69b841-c716-47be-8cc9-7372c5e72bf3,2026-06-01 00:18:00,18,3,3.0,0.6300548933171409,0.3988650462554596,0.47726408560017175,0.0,0.0,1.6666666666666667,False,below within-person threshold
7d69b841-c716-47be-8cc9-7372c5e72bf3,2026-06-01 00:19:00,19,3,3.0,0.6300548933171409,0.3988650462554596,0.47726408560017175,0.0,0.0,1.6666666666666667,False,below within-person threshold
7d69b841-c716-47be-8cc9-7372c5e72bf3,2026-06-01 00:20:00,20,4,,0.6300548933171409,0.3988650462554596,0.47726408560017175,,0.0,1.6666666666666667,False,below within-person threshold
7d69b841-c716-47be-8cc9-7372c5e72bf3,2026-06-01 00:21:00,21,4,,0.6300548933171409,0.3988650462554596,0.47726408560017175,,0.0,1.6666666666666667,False,below within-person threshold
7d69b841-c716-47be-8cc9-7372c5e72bf3,2026-06-01 00:22:00,22,4,,0.6300548933171409,0.3988650462554596,0.47726408560017175,,,1.6666666666666667,False,missing or insufficient EMA data
7d69b841-c716-47be-8cc9-7372c5e72bf3,2026-06-01 00:23:00,23,4,,0.6300548933171409,0.3988650462554596,0.47726408560017175,,,1.6666666666666667,False,missing or insufficient EMA data
7d69b841-c716-47be-8cc9-7372c5e72bf3,2026-06-01 00:24:00,24,4,,0.6300548933171409,0.3988650462554596,0.47726408560017175,,,1.6666666666666667,False,missing or insufficient EMA data
7d69b841-c716-47be-8cc9-7372c5e72bf3,2026-06-01 00:25:00,25,5,,0.6300548933171409,0.3988650462554596,0.47726408560017175,,,1.6666666666666667,False,missing or insufficient EMA data
7d69b841-c716-47be-8cc9-7372c5e72bf3,2026-06-01 00:26:00,26,5,,0.6300548933171409,0.3988650462554596,0.47726408560017175,,,1.6666666666666667,False,missing or insufficient EMA data
7d69b841-c716-47be-8cc9-7372c5e72bf3,2026-06-01 00:27:00,27,5,,0.6300548933171409,0.3988650462554596,0.47726408560017175,,,1.6666666666666667,False,missing or insufficient EMA data
7d69b841-c716-47be-8cc9-7372c5e72bf3,2026-06-01 00:28:00,28,5,3.0,0.6300548933171409,0.3988650462554596,0.47726408560017175,,,1.6666666666666667,False,missing or insufficient EMA data
7d69b841-c716-47be-8cc9-7372c5e72bf3,2026-06-01 00:29:00,29,5,4.0,0.6300548933171409,0.3988650462554596,0.47726408560017175,1.0,1.0,1.6666666666666667,False,below within-person threshold
7d69b841-c716-47be-8cc9-7372c5e72bf3,2026-06-01 00:30:00,30,6,5.0,0.6300548933171409,0.3988650462554596,0.47726408560017175,1.0,1.0,1.6666666666666667,False,below within-person threshold
7d69b841-c716-47be-8cc9-7372c5e72bf3,2026-06-01 00:31:00,31,6,3.0,0.6300548933171409,0.3988650462554596,0.47726408560017175,4.0,2.0,1.6666666666666667,False,cooldown active
7d69b841-c716-47be-8cc9-7372c5e72bf3,2026-06-01 00:32:00,32,6,4.0,0.6300548933171409,0.3988650462554596,0.47726408560017175,1.0,2.0,1.6666666666666667,False,cooldown active
7d69b841-c716-47be-8cc9-7372c5e72bf3,2026-06-01 00:33:00,33,6,,0.6300548933171409,0.3988650462554596,0.47726408560017175,,2.5,1.7333333333333343,False,cooldown active
7d69b841-c716-47be-8cc9-7372c5e72bf3,2026-06-01 00:34:00,34,6,,0.6300548933171409,0.3988650462554596,0.47726408560017175,,1.0,2.0,False,below within-person threshold
7fbd6a59-07d9-47ae-a13b-a047a21bd5c0,2026-06-01 00:00:00,0,0,5.0,0.9518137734267825,0.42154978005886656,1.048093327957838,,,,False,missing or insufficient EMA data
7fbd6a59-07d9-47ae-a13b-a047a21bd5c0,2026-06-01 00:01:00,1,0,,0.9518137734267825,0.42154978005886656,1.048093327957838,,,,False,missing or insufficient EMA data
7fbd6a59-07d9-47ae-a13b-a047a21bd5c0,2026-06-01 00:02:00,2,0,4.0,0.9518137734267825,0.42154978005886656,1.048093327957838,,,,False,missing or insufficient EMA data
7fbd6a59-07d9-47ae-a13b-a047a21bd5c0,2026-06-01 00:03:00,3,0,3.0,0.9518137734267825,0.42154978005886656,1.048093327957838,1.0,1.0,,False,insufficient within-person history
7fbd6a59-07d9-47ae-a13b-a047a21bd5c0,2026-06-01 00:04:00,4,0,,0.9518137734267825,0.42154978005886656,1.048093327957838,,1.0,,False,insufficient within-person history
7fbd6a59-07d9-47ae-a13b-a047a21bd5c0,2026-06-01 00:05:00,5,1,,0.9518137734267825,0.42154978005886656,1.048093327957838,,1.0,,False,insufficient within-person history
7fbd6a59-07d9-47ae-a13b-a047a21bd5c0,2026-06-01 00:06:00,6,1,,0.9518137734267825,0.42154978005886656,1.048093327957838,,,1.0,False,missing or insufficient EMA data
7fbd6a59-07d9-47ae-a13b-a047a21bd5c0,2026-06-01 00:07:00,7,1,,0.9518137734267825,0.42154978005886656,1.048093327957838,,,1.0,False,missing or insufficient EMA data
7fbd6a59-07d9-47ae-a13b-a047a21bd5c0,2026-06-01 00:08:00,8,1,5.0,0.9518137734267825,0.42154978005886656,1.048093327957838,,,1.0,False,missing or insufficient EMA data
7fbd6a59-07d9-47ae-a13b-a047a21bd5c0,2026-06-01 00:09:00,9,1,4.0,0.9518137734267825,0.42154978005886656,1.048093327957838,1.0,1.0,1.0,False,below within-person threshold
7fbd6a59-07d9-47ae-a13b-a047a21bd5c0,2026-06-01 00:10:00,10,2,,0.9518137734267825,0.42154978005886656,1.048093327957838,,1.0,1.0,False,below within-person threshold
7fbd6a59-07d9-47ae-a13b-a047a21bd5c0,2026-06-01 00:11:00,11,2,,0.9518137734267825,0.42154978005886656,1.048093327957838,,1.0,1.0,False,below within-person threshold
7fbd6a59-07d9-47ae-a13b-a047a21bd5c0,2026-06-01 00:12:00,12,2,5.0,0.9518137734267825,0.42154978005886656,1.048093327957838,,,1.0,False,missing or insufficient EMA data
7fbd6a59-07d9-47ae-a13b-a047a21bd5c0,2026-06-01 00:13:00,13,2,5.0,0.9518137734267825,0.42154978005886656,1.048093327957838,0.0,0.0,1.0,False,below within-person threshold
7fbd6a59-07d9-47ae-a13b-a047a21bd5c0,2026-06-01 00:14:00,14,2,5.0,0.9518137734267825,0.42154978005886656,1.048093327957838,0.0,0.0,1.0,False,below within-person threshold
7fbd6a59-07d9-47ae-a13b-a047a21bd5c0,2026-06-01 00:15:00,15,3,4.0,0.9518137734267825,0.42154978005886656,1.048093327957838,1.0,0.3333333333333333,1.0,False,below within-person threshold
7fbd6a59-07d9-47ae-a13b-a047a21bd5c0,2026-06-01 00:16:00,16,3,3.0,0.9518137734267825,0.42154978005886656,1.048093327957838,1.0,0.6666666666666666,1.0,False,below within-person threshold
7fbd6a59-07d9-47ae-a13b-a047a21bd5c0,2026-06-01 00:17:00,17,3,4.0,0.9518137734267825,0.42154978005886656,1.048093327957838,1.0,1.0,1.0,False,below within-person threshold
7fbd6a59-07d9-47ae-a13b-a047a21bd5c0,2026-06-01 00:18:00,18,3,,0.9518137734267825,0.42154978005886656,1.048093327957838,,1.0,1.0,False,below within-person threshold
7fbd6a59-07d9-47ae-a13b-a047a21bd5c0,2026-06-01 00:19:00,19,3,,0.9518137734267825,0.42154978005886656,1.048093327957838,,1.0,1.0,False,below within-person threshold
7fbd6a59-07d9-47ae-a13b-a047a21bd5c0,2026-06-01 00:20:00,20,4,,0.9518137734267825,0.42154978005886656,1.048093327957838,,,1.0,False,missing or insufficient EMA data
7fbd6a59-07d9-47ae-a13b-a047a21bd5c0,2026-06-01 00:21:00,21,4,,0.9518137734267825,0.42154978005886656,1.048093327957838,,,1.0,False,missing or insufficient EMA data
7fbd6a59-07d9-47ae-a13b-a047a21bd5c0,2026-06-01 00:22:00,22,4,4.0,0.9518137734267825,0.42154978005886656,1.048093327957838,,,1.0,False,missing or insufficient EMA data
7fbd6a59-07d9-47ae-a13b-a047a21bd5c0,2026-06-01 00:23:00,23,4,4.0,0.9518137734267825,0.42154978005886656,1.048093327957838,0.0,0.0,1.0,False,below within-person threshold
7fbd6a59-07d9-47ae-a13b-a047a21bd5c0,2026-06-01 00:24:00,24,4,3.0,0.9518137734267825,0.42154978005886656,1.048093327957838,1.0,0.5,1.0,False,below within-person threshold
7fbd6a59-07d9-47ae-a13b-a047a21bd5c0,2026-06-01 00:25:00,25,5,5.0,0.9518137734267825,0.42154978005886656,1.048093327957838,4.0,1.6666666666666667,1.0,True,prompt sent
7fbd6a59-07d9-47ae-a13b-a047a21bd5c0,2026-06-01 00:26:00,26,5,4.0,0.9518137734267825,0.42154978005886656,1.048093327957838,1.0,2.0,1.0,False,cooldown active
7fbd6a59-07d9-47ae-a13b-a047a21bd5c0,2026-06-01 00:27:00,27,5,5.0,0.9518137734267825,0.42154978005886656,1.048093327957838,1.0,2.0,1.0,False,cooldown active
7fbd6a59-07d9-47ae-a13b-a047a21bd5c0,2026-06-01 00:28:00,28,5,5.0,0.9518137734267825,0.42154978005886656,1.048093327957838,0.0,0.6666666666666666,1.0,False,below within-person threshold
7fbd6a59-07d9-47ae-a13b-a047a21bd5c0,2026-06-01 00:29:00,29,5,,0.9518137734267825,0.42154978005886656,1.048093327957838,,0.5,1.0,False,below within-person threshold
7fbd6a59-07d9-47ae-a13b-a047a21bd5c0,2026-06-01 00:30:00,30,6,5.0,0.9518137734267825,0.42154978005886656,1.048093327957838,,0.0,1.0,False,below within-person threshold
7fbd6a59-07d9-47ae-a13b-a047a21bd5c0,2026-06-01 00:31:00,31,6,4.0,0.9518137734267825,0.42154978005886656,1.048093327957838,1.0,1.0,1.0,False,below within-person threshold
7fbd6a59-07d9-47ae-a13b-a047a21bd5c0,2026-06-01 00:32:00,32,6,4.0,0.9518137734267825,0.42154978005886656,1.048093327957838,0.0,0.5,1.0,False,below within-person threshold
7fbd6a59-07d9-47ae-a13b-a047a21bd5c0,2026-06-01 00:33:00,33,6,,0.9518137734267825,0.42154978005886656,1.048093327957838,,0.5,1.0,False,below within-person threshold
7fbd6a59-07d9-47ae-a13b-a047a21bd5c0,2026-06-01 00:34:00,34,6,3.0,0.9518137734267825,0.42154978005886656,1.048093327957838,,0.0,1.0,False,below within-person threshold
82935ced-9be6-4b76-a524-94d317c77e24,2026-06-01 00:00:00,0,0,3.0,0.3910222316980359,0.3452245444160045,0.2002282202861253,,,,False,missing or insufficient EMA data
82935ced-9be6-4b76-a524-94d317c77e24,2026-06-01 00:01:00,1,0,3.0,0.3910222316980359,0.3452245444160045,0.2002282202861253,0.0,0.0,,False,insufficient within-person history
82935ced-9be6-4b76-a524-94d317c77e24,2026-06-01 00:02:00,2,0,3.0,0.3910222316980359,0.3452245444160045,0.2002282202861253,0.0,0.0,,False,insufficient within-person history
82935ced-9be6-4b76-a524-94d317c77e24,2026-06-01 00:03:00,3,0,3.0,0.3910222316980359,0.3452245444160045,0.2002282202861253,0.0,0.0,,False,insufficient within-person history
82935ced-9be6-4b76-a524-94d317c77e24,2026-06-01 00:04:00,4,0,,0.3910222316980359,0.3452245444160045,0.2002282202861253,,0.0,0.0,False,below within-person threshold
82935ced-9be6-4b76-a524-94d317c77e24,2026-06-01 00:05:00,5,1,3.0,0.3910222316980359,0.3452245444160045,0.2002282202861253,,0.0,0.0,False,below within-person threshold
82935ced-9be6-4b76-a524-94d317c77e24,2026-06-01 00:06:00,6,1,3.0,0.3910222316980359,0.3452245444160045,0.2002282202861253,0.0,0.0,0.0,False,below within-person threshold
82935ced-9be6-4b76-a524-94d317c77e24,2026-06-01 00:07:00,7,1,,0.3910222316980359,0.3452245444160045,0.2002282202861253,,0.0,0.0,False,below within-person threshold
82935ced-9be6-4b76-a524-94d317c77e24,2026-06-01 00:08:00,8,1,,0.3910222316980359,0.3452245444160045,0.2002282202861253,,0.0,0.0,False,below within-person threshold
82935ced-9be6-4b76-a524-94d317c77e24,2026-06-01 00:09:00,9,1,4.0,0.3910222316980359,0.3452245444160045,0.2002282202861253,,,0.0,False,missing or insufficient EMA data
82935ced-9be6-4b76-a524-94d317c77e24,2026-06-01 00:10:00,10,2,3.0,0.3910222316980359,0.3452245444160045,0.2002282202861253,1.0,1.0,0.0,True,prompt sent
82935ced-9be6-4b76-a524-94d317c77e24,2026-06-01 00:11:00,11,2,,0.3910222316980359,0.3452245444160045,0.2002282202861253,,1.0,0.0,False,cooldown active
82935ced-9be6-4b76-a524-94d317c77e24,2026-06-01 00:12:00,12,2,,0.3910222316980359,0.3452245444160045,0.2002282202861253,,1.0,0.20000000000000018,False,cooldown active
82935ced-9be6-4b76-a524-94d317c77e24,2026-06-01 00:13:00,13,2,,0.3910222316980359,0.3452245444160045,0.2002282202861253,,,1.0,False,missing or insufficient EMA data
82935ced-9be6-4b76-a524-94d317c77e24,2026-06-01 00:14:00,14,2,,0.3910222316980359,0.3452245444160045,0.2002282202861253,,,1.0,False,missing or insufficient EMA data
82935ced-9be6-4b76-a524-94d317c77e24,2026-06-01 00:15:00,15,3,,0.3910222316980359,0.3452245444160045,0.2002282202861253,,,1.0,False,missing or insufficient EMA data
82935ced-9be6-4b76-a524-94d317c77e24,2026-06-01 00:16:00,16,3,,0.3910222316980359,0.3452245444160045,0.2002282202861253,,,1.0,False,missing or insufficient EMA data
82935ced-9be6-4b76-a524-94d317c77e24,2026-06-01 00:17:00,17,3,,0.3910222316980359,0.3452245444160045,0.2002282202861253,,,1.0,False,missing or insufficient EMA data
82935ced-9be6-4b76-a524-94d317c77e24,2026-06-01 00:18:00,18,3,,0.3910222316980359,0.3452245444160045,0.2002282202861253,,,1.0,False,missing or insufficient EMA data
82935ced-9be6-4b76-a524-94d317c77e24,2026-06-01 00:19:00,19,3,,0.3910222316980359,0.3452245444160045,0.2002282202861253,,,1.0,False,missing or insufficient EMA data
82935ced-9be6-4b76-a524-94d317c77e24,2026-06-01 00:20:00,20,4,,0.3910222316980359,0.3452245444160045,0.2002282202861253,,,1.0,False,missing or insufficient EMA data
82935ced-9be6-4b76-a524-94d317c77e24,2026-06-01 00:21:00,21,4,,0.3910222316980359,0.3452245444160045,0.2002282202861253,,,1.0,False,missing or insufficient EMA data
82935ced-9be6-4b76-a524-94d317c77e24,2026-06-01 00:22:00,22,4,,0.3910222316980359,0.3452245444160045,0.2002282202861253,,,1.0,False,missing or insufficient EMA data
82935ced-9be6-4b76-a524-94d317c77e24,2026-06-01 00:23:00,23,4,,0.3910222316980359,0.3452245444160045,0.2002282202861253,,,1.0,False,missing or insufficient EMA data
82935ced-9be6-4b76-a524-94d317c77e24,2026-06-01 00:24:00,24,4,,0.3910222316980359,0.3452245444160045,0.2002282202861253,,,1.0,False,missing or insufficient EMA data
82935ced-9be6-4b76-a524-94d317c77e24,2026-06-01 00:25:00,25,5,,0.3910222316980359,0.3452245444160045,0.2002282202861253,,,1.0,False,missing or insufficient EMA data
82935ced-9be6-4b76-a524-94d317c77e24,2026-06-01 00:26:00,26,5,4.0,0.3910222316980359,0.3452245444160045,0.2002282202861253,,,1.0,False,missing or insufficient EMA data
82935ced-9be6-4b76-a524-94d317c77e24,2026-06-01 00:27:00,27,5,,0.3910222316980359,0.3452245444160045,0.2002282202861253,,,1.0,False,missing or insufficient EMA data
82935ced-9be6-4b76-a524-94d317c77e24,2026-06-01 00:28:00,28,5,,0.3910222316980359,0.3452245444160045,0.2002282202861253,,,1.0,False,missing or insufficient EMA data
82935ced-9be6-4b76-a524-94d317c77e24,2026-06-01 00:29:00,29,5,3.0,0.3910222316980359,0.3452245444160045,0.2002282202861253,,,1.0,False,missing or insufficient EMA data
82935ced-9be6-4b76-a524-94d317c77e24,2026-06-01 00:30:00,30,6,,0.3910222316980359,0.3452245444160045,0.2002282202861253,,,1.0,False,missing or insufficient EMA data
82935ced-9be6-4b76-a524-94d317c77e24,2026-06-01 00:31:00,31,6,,0.3910222316980359,0.3452245444160045,0.2002282202861253,,,1.0,False,missing or insufficient EMA data
82935ced-9be6-4b76-a524-94d317c77e24,2026-06-01 00:32:00,32,6,,0.3910222316980359,0.3452245444160045,0.2002282202861253,,,1.0,False,missing or insufficient EMA data
82935ced-9be6-4b76-a524-94d317c77e24,2026-06-01 00:33:00,33,6,,0.3910222316980359,0.3452245444160045,0.2002282202861253,,,1.0,False,missing or insufficient EMA data
82935ced-9be6-4b76-a524-94d317c77e24,2026-06-01 00:34:00,34,6,,0.3910222316980359,0.3452245444160045,0.2002282202861253,,,1.0,False,missing or insufficient EMA data
8374ff74-3355-43fe-ab27-09c15da90de0,2026-06-01 00:00:00,0,0,3.0,0.5539539875574355,0.7384261234325162,0.1605357459017655,,,,False,missing or insufficient EMA data
8374ff74-3355-43fe-ab27-09c15da90de0,2026-06-01 00:01:00,1,0,4.0,0.5539539875574355,0.7384261234325162,0.1605357459017655,1.0,1.0,,False,insufficient within-person history
8374ff74-3355-43fe-ab27-09c15da90de0,2026-06-01 00:02:00,2,0,3.0,0.5539539875574355,0.7384261234325162,0.1605357459017655,1.0,1.0,,False,insufficient within-person history
8374ff74-3355-43fe-ab27-09c15da90de0,2026-06-01 00:03:00,3,0,4.0,0.5539539875574355,0.7384261234325162,0.1605357459017655,1.0,1.0,,False,insufficient within-person history
8374ff74-3355-43fe-ab27-09c15da90de0,2026-06-01 00:04:00,4,0,4.0,0.5539539875574355,0.7384261234325162,0.1605357459017655,0.0,0.6666666666666666,1.0,False,below within-person threshold
8374ff74-3355-43fe-ab27-09c15da90de0,2026-06-01 00:05:00,5,1,4.0,0.5539539875574355,0.7384261234325162,0.1605357459017655,0.0,0.3333333333333333,1.0,False,below within-person threshold
8374ff74-3355-43fe-ab27-09c15da90de0,2026-06-01 00:06:00,6,1,4.0,0.5539539875574355,0.7384261234325162,0.1605357459017655,0.0,0.0,1.0,False,below within-person threshold
8374ff74-3355-43fe-ab27-09c15da90de0,2026-06-01 00:07:00,7,1,4.0,0.5539539875574355,0.7384261234325162,0.1605357459017655,0.0,0.0,1.0,False,below within-person threshold
8374ff74-3355-43fe-ab27-09c15da90de0,2026-06-01 00:08:00,8,1,4.0,0.5539539875574355,0.7384261234325162,0.1605357459017655,0.0,0.0,1.0,False,below within-person threshold
8374ff74-3355-43fe-ab27-09c15da90de0,2026-06-01 00:09:00,9,1,4.0,0.5539539875574355,0.7384261234325162,0.1605357459017655,0.0,0.0,1.0,False,below within-person threshold
8374ff74-3355-43fe-ab27-09c15da90de0,2026-06-01 00:10:00,10,2,3.0,0.5539539875574355,0.7384261234325162,0.1605357459017655,1.0,0.3333333333333333,1.0,False,below within-person threshold
8374ff74-3355-43fe-ab27-09c15da90de0,2026-06-01 00:11:00,11,2,3.0,0.5539539875574355,0.7384261234325162,0.1605357459017655,0.0,0.3333333333333333,1.0,False,below within-person threshold
8374ff74-3355-43fe-ab27-09c15da90de0,2026-06-01 00:12:00,12,2,3.0,0.5539539875574355,0.7384261234325162,0.1605357459017655,0.0,0.3333333333333333,1.0,False,below within-person threshold
8374ff74-3355-43fe-ab27-09c15da90de0,2026-06-01 00:13:00,13,2,,0.5539539875574355,0.7384261234325162,0.1605357459017655,,0.0,0.9333333333333336,False,below within-person threshold
8374ff74-3355-43fe-ab27-09c15da90de0,2026-06-01 00:14:00,14,2,3.0,0.5539539875574355,0.7384261234325162,0.1605357459017655,,0.0,0.8666666666666671,False,below within-person threshold
8374ff74-3355-43fe-ab27-09c15da90de0,2026-06-01 00:15:00,15,3,3.0,0.5539539875574355,0.7384261234325162,0.1605357459017655,0.0,0.0,0.8,False,below within-person threshold
8374ff74-3355-43fe-ab27-09c15da90de0,2026-06-01 00:16:00,16,3,3.0,0.5539539875574355,0.7384261234325162,0.1605357459017655,0.0,0.0,0.7333333333333336,False,below within-person threshold
8374ff74-3355-43fe-ab27-09c15da90de0,2026-06-01 00:17:00,17,3,3.0,0.5539539875574355,0.7384261234325162,0.1605357459017655,0.0,0.0,0.6666666666666666,False,below within-person threshold
8374ff74-3355-43fe-ab27-09c15da90de0,2026-06-01 00:18:00,18,3,3.0,0.5539539875574355,0.7384261234325162,0.1605357459017655,0.0,0.0,0.6000000000000002,False,below within-person threshold
8374ff74-3355-43fe-ab27-09c15da90de0,2026-06-01 00:19:00,19,3,3.0,0.5539539875574355,0.7384261234325162,0.1605357459017655,0.0,0.0,0.5333333333333338,False,below within-person threshold
8374ff74-3355-43fe-ab27-09c15da90de0,2026-06-01 00:20:00,20,4,3.0,0.5539539875574355,0.7384261234325162,0.1605357459017655,0.0,0.0,0.4666666666666668,False,below within-person threshold
8374ff74-3355-43fe-ab27-09c15da90de0,2026-06-01 00:21:00,21,4,3.0,0.5539539875574355,0.7384261234325162,0.1605357459017655,0.0,0.0,0.40000000000000036,False,below within-person threshold
8374ff74-3355-43fe-ab27-09c15da90de0,2026-06-01 00:22:00,22,4,3.0,0.5539539875574355,0.7384261234325162,0.1605357459017655,0.0,0.0,0.3333333333333333,False,below within-person threshold
8374ff74-3355-43fe-ab27-09c15da90de0,2026-06-01 00:23:00,23,4,3.0,0.5539539875574355,0.7384261234325162,0.1605357459017655,0.0,0.0,0.3333333333333333,False,below within-person threshold
8374ff74-3355-43fe-ab27-09c15da90de0,2026-06-01 00:24:00,24,4,3.0,0.5539539875574355,0.7384261234325162,0.1605357459017655,0.0,0.0,0.3333333333333333,False,below within-person threshold
8374ff74-3355-43fe-ab27-09c15da90de0,2026-06-01 00:25:00,25,5,3.0,0.5539539875574355,0.7384261234325162,0.1605357459017655,0.0,0.0,0.3333333333333333,False,below within-person threshold
8374ff74-3355-43fe-ab27-09c15da90de0,2026-06-01 00:26:00,26,5,3.0,0.5539539875574355,0.7384261234325162,0.1605357459017655,0.0,0.0,0.3333333333333333,False,below within-person threshold
8374ff74-3355-43fe-ab27-09c15da90de0,2026-06-01 00:27:00,27,5,3.0,0.5539539875574355,0.7384261234325162,0.1605357459017655,0.0,0.0,0.3333333333333333,False,below within-person threshold
8374ff74-3355-43fe-ab27-09c15da90de0,2026-06-01 00:28:00,28,5,3.0,0.5539539875574355,0.7384261234325162,0.1605357459017655,0.0,0.0,0.3333333333333333,False,below within-person threshold
8374ff74-3355-43fe-ab27-09c15da90de0,2026-06-01 00:29:00,29,5,3.0,0.5539539875574355,0.7384261234325162,0.1605357459017655,0.0,0.0,0.3333333333333333,False,below within-person threshold
8374ff74-3355-43fe-ab27-09c15da90de0,2026-06-01 00:30:00,30,6,3.0,0.5539539875574355,0.7384261234325162,0.1605357459017655,0.0,0.0,0.3333333333333333,False,below within-person threshold
8374ff74-3355-43fe-ab27-09c15da90de0,2026-06-01 00:31:00,31,6,3.0,0.5539539875574355,0.7384261234325162,0.1605357459017655,0.0,0.0,0.3333333333333333,False,below within-person threshold
8374ff74-3355-43fe-ab27-09c15da90de0,2026-06-01 00:32:00,32,6,2.0,0.5539539875574355,0.7384261234325162,0.1605357459017655,1.0,0.3333333333333333,0.3333333333333333,False,below within-person threshold
8374ff74-3355-43fe-ab27-09c15da90de0,2026-06-01 00:33:00,33,6,,0.5539539875574355,0.7384261234325162,0.1605357459017655,,0.5,0.3333333333333333,True,prompt sent
8374ff74-3355-43fe-ab27-09c15da90de0,2026-06-01 00:34:00,34,6,,0.5539539875574355,0.7384261234325162,0.1605357459017655,,1.0,0.3333333333333333,False,cooldown active
84af34e0-6e34-436c-bd53-1396bccb3913,2026-06-01 00:00:00,0,0,4.0,0.3202833773743718,0.7865607474384931,0.043789812538481444,,,,False,missing or insufficient EMA data
84af34e0-6e34-436c-bd53-1396bccb3913,2026-06-01 00:01:00,1,0,4.0,0.3202833773743718,0.7865607474384931,0.043789812538481444,0.0,0.0,,False,insufficient within-person history
84af34e0-6e34-436c-bd53-1396bccb3913,2026-06-01 00:02:00,2,0,4.0,0.3202833773743718,0.7865607474384931,0.043789812538481444,0.0,0.0,,False,insufficient within-person history
84af34e0-6e34-436c-bd53-1396bccb3913,2026-06-01 00:03:00,3,0,4.0,0.3202833773743718,0.7865607474384931,0.043789812538481444,0.0,0.0,,False,insufficient within-person history
84af34e0-6e34-436c-bd53-1396bccb3913,2026-06-01 00:04:00,4,0,4.0,0.3202833773743718,0.7865607474384931,0.043789812538481444,0.0,0.0,0.0,False,below within-person threshold
84af34e0-6e34-436c-bd53-1396bccb3913,2026-06-01 00:05:00,5,1,4.0,0.3202833773743718,0.7865607474384931,0.043789812538481444,0.0,0.0,0.0,False,below within-person threshold
84af34e0-6e34-436c-bd53-1396bccb3913,2026-06-01 00:06:00,6,1,4.0,0.3202833773743718,0.7865607474384931,0.043789812538481444,0.0,0.0,0.0,False,below within-person threshold
84af34e0-6e34-436c-bd53-1396bccb3913,2026-06-01 00:07:00,7,1,4.0,0.3202833773743718,0.7865607474384931,0.043789812538481444,0.0,0.0,0.0,False,below within-person threshold
84af34e0-6e34-436c-bd53-1396bccb3913,2026-06-01 00:08:00,8,1,4.0,0.3202833773743718,0.7865607474384931,0.043789812538481444,0.0,0.0,0.0,False,below within-person threshold
84af34e0-6e34-436c-bd53-1396bccb3913,2026-06-01 00:09:00,9,1,4.0,0.3202833773743718,0.7865607474384931,0.043789812538481444,0.0,0.0,0.0,False,below within-person threshold
84af34e0-6e34-436c-bd53-1396bccb3913,2026-06-01 00:10:00,10,2,3.0,0.3202833773743718,0.7865607474384931,0.043789812538481444,1.0,0.3333333333333333,0.0,True,prompt sent
84af34e0-6e34-436c-bd53-1396bccb3913,2026-06-01 00:11:00,11,2,3.0,0.3202833773743718,0.7865607474384931,0.043789812538481444,0.0,0.3333333333333333,0.0,False,cooldown active
84af34e0-6e34-436c-bd53-1396bccb3913,2026-06-01 00:12:00,12,2,3.0,0.3202833773743718,0.7865607474384931,0.043789812538481444,0.0,0.3333333333333333,0.0,False,cooldown active
84af34e0-6e34-436c-bd53-1396bccb3913,2026-06-01 00:13:00,13,2,3.0,0.3202833773743718,0.7865607474384931,0.043789812538481444,0.0,0.0,0.2666666666666669,False,below within-person threshold
84af34e0-6e34-436c-bd53-1396bccb3913,2026-06-01 00:14:00,14,2,3.0,0.3202833773743718,0.7865607474384931,0.043789812538481444,0.0,0.0,0.20000000000000046,False,below within-person threshold
84af34e0-6e34-436c-bd53-1396bccb3913,2026-06-01 00:15:00,15,3,3.0,0.3202833773743718,0.7865607474384931,0.043789812538481444,0.0,0.0,0.13333333333333344,False,below within-person threshold
84af34e0-6e34-436c-bd53-1396bccb3913,2026-06-01 00:16:00,16,3,3.0,0.3202833773743718,0.7865607474384931,0.043789812538481444,0.0,0.0,0.06666666666666701,False,below within-person threshold
84af34e0-6e34-436c-bd53-1396bccb3913,2026-06-01 00:17:00,17,3,3.0,0.3202833773743718,0.7865607474384931,0.043789812538481444,0.0,0.0,0.0,False,below within-person threshold
84af34e0-6e34-436c-bd53-1396bccb3913,2026-06-01 00:18:00,18,3,3.0,0.3202833773743718,0.7865607474384931,0.043789812538481444,0.0,0.0,0.0,False,below within-person threshold
84af34e0-6e34-436c-bd53-1396bccb3913,2026-06-01 00:19:00,19,3,3.0,0.3202833773743718,0.7865607474384931,0.043789812538481444,0.0,0.0,0.0,False,below within-person threshold
84af34e0-6e34-436c-bd53-1396bccb3913,2026-06-01 00:20:00,20,4,4.0,0.3202833773743718,0.7865607474384931,0.043789812538481444,1.0,0.3333333333333333,0.0,False,cooldown active
84af34e0-6e34-436c-bd53-1396bccb3913,2026-06-01 00:21:00,21,4,4.0,0.3202833773743718,0.7865607474384931,0.043789812538481444,0.0,0.3333333333333333,0.06666666666666701,False,cooldown active
84af34e0-6e34-436c-bd53-1396bccb3913,2026-06-01 00:22:00,22,4,4.0,0.3202833773743718,0.7865607474384931,0.043789812538481444,0.0,0.3333333333333333,0.3333333333333333,False,below within-person threshold
84af34e0-6e34-436c-bd53-1396bccb3913,2026-06-01 00:23:00,23,4,4.0,0.3202833773743718,0.7865607474384931,0.043789812538481444,0.0,0.0,0.3333333333333333,False,below within-person threshold
84af34e0-6e34-436c-bd53-1396bccb3913,2026-06-01 00:24:00,24,4,4.0,0.3202833773743718,0.7865607474384931,0.043789812538481444,0.0,0.0,0.3333333333333333,False,below within-person threshold
84af34e0-6e34-436c-bd53-1396bccb3913,2026-06-01 00:25:00,25,5,4.0,0.3202833773743718,0.7865607474384931,0.043789812538481444,0.0,0.0,0.3333333333333333,False,below within-person threshold
84af34e0-6e34-436c-bd53-1396bccb3913,2026-06-01 00:26:00,26,5,4.0,0.3202833773743718,0.7865607474384931,0.043789812538481444,0.0,0.0,0.3333333333333333,False,below within-person threshold
84af34e0-6e34-436c-bd53-1396bccb3913,2026-06-01 00:27:00,27,5,4.0,0.3202833773743718,0.7865607474384931,0.043789812538481444,0.0,0.0,0.3333333333333333,False,below within-person threshold
84af34e0-6e34-436c-bd53-1396bccb3913,2026-06-01 00:28:00,28,5,4.0,0.3202833773743718,0.7865607474384931,0.043789812538481444,0.0,0.0,0.2666666666666669,False,below within-person threshold
84af34e0-6e34-436c-bd53-1396bccb3913,2026-06-01 00:29:00,29,5,4.0,0.3202833773743718,0.7865607474384931,0.043789812538481444,0.0,0.0,0.20000000000000046,False,below within-person threshold
84af34e0-6e34-436c-bd53-1396bccb3913,2026-06-01 00:30:00,30,6,4.0,0.3202833773743718,0.7865607474384931,0.043789812538481444,0.0,0.0,0.13333333333333403,False,below within-person threshold
84af34e0-6e34-436c-bd53-1396bccb3913,2026-06-01 00:31:00,31,6,4.0,0.3202833773743718,0.7865607474384931,0.043789812538481444,0.0,0.0,0.06666666666666761,False,below within-person threshold
84af34e0-6e34-436c-bd53-1396bccb3913,2026-06-01 00:32:00,32,6,4.0,0.3202833773743718,0.7865607474384931,0.043789812538481444,0.0,0.0,0.0,False,below within-person threshold
84af34e0-6e34-436c-bd53-1396bccb3913,2026-06-01 00:33:00,33,6,4.0,0.3202833773743718,0.7865607474384931,0.043789812538481444,0.0,0.0,0.0,False,below within-person threshold
84af34e0-6e34-436c-bd53-1396bccb3913,2026-06-01 00:34:00,34,6,4.0,0.3202833773743718,0.7865607474384931,0.043789812538481444,0.0,0.0,0.0,False,below within-person threshold
87d91b95-2ff2-4b26-9dd1-0b6158f3de52,2026-06-01 00:00:00,0,0,,1.0587301863234793,0.18253388987174857,1.8326112331865425,,,,False,missing or insufficient EMA data
87d91b95-2ff2-4b26-9dd1-0b6158f3de52,2026-06-01 00:01:00,1,0,4.0,1.0587301863234793,0.18253388987174857,1.8326112331865425,,,,False,missing or insufficient EMA data
87d91b95-2ff2-4b26-9dd1-0b6158f3de52,2026-06-01 00:02:00,2,0,5.0,1.0587301863234793,0.18253388987174857,1.8326112331865425,1.0,1.0,,False,insufficient within-person history
87d91b95-2ff2-4b26-9dd1-0b6158f3de52,2026-06-01 00:03:00,3,0,,1.0587301863234793,0.18253388987174857,1.8326112331865425,,1.0,,False,insufficient within-person history
87d91b95-2ff2-4b26-9dd1-0b6158f3de52,2026-06-01 00:04:00,4,0,,1.0587301863234793,0.18253388987174857,1.8326112331865425,,1.0,,False,insufficient within-person history
87d91b95-2ff2-4b26-9dd1-0b6158f3de52,2026-06-01 00:05:00,5,1,,1.0587301863234793,0.18253388987174857,1.8326112331865425,,,1.0,False,missing or insufficient EMA data
87d91b95-2ff2-4b26-9dd1-0b6158f3de52,2026-06-01 00:06:00,6,1,,1.0587301863234793,0.18253388987174857,1.8326112331865425,,,1.0,False,missing or insufficient EMA data
87d91b95-2ff2-4b26-9dd1-0b6158f3de52,2026-06-01 00:07:00,7,1,4.0,1.0587301863234793,0.18253388987174857,1.8326112331865425,,,1.0,False,missing or insufficient EMA data
87d91b95-2ff2-4b26-9dd1-0b6158f3de52,2026-06-01 00:08:00,8,1,5.0,1.0587301863234793,0.18253388987174857,1.8326112331865425,1.0,1.0,1.0,False,below within-person threshold
87d91b95-2ff2-4b26-9dd1-0b6158f3de52,2026-06-01 00:09:00,9,1,3.0,1.0587301863234793,0.18253388987174857,1.8326112331865425,4.0,2.5,1.0,True,prompt sent
87d91b95-2ff2-4b26-9dd1-0b6158f3de52,2026-06-01 00:10:00,10,2,,1.0587301863234793,0.18253388987174857,1.8326112331865425,,2.5,1.3000000000000003,False,cooldown active
87d91b95-2ff2-4b26-9dd1-0b6158f3de52,2026-06-01 00:11:00,11,2,,1.0587301863234793,0.18253388987174857,1.8326112331865425,,4.0,2.5,False,cooldown active
87d91b95-2ff2-4b26-9dd1-0b6158f3de52,2026-06-01 00:12:00,12,2,,1.0587301863234793,0.18253388987174857,1.8326112331865425,,,2.5,False,missing or insufficient EMA data
87d91b95-2ff2-4b26-9dd1-0b6158f3de52,2026-06-01 00:13:00,13,2,2.0,1.0587301863234793,0.18253388987174857,1.8326112331865425,,,2.5,False,missing or insufficient EMA data
87d91b95-2ff2-4b26-9dd1-0b6158f3de52,2026-06-01 00:14:00,14,2,2.0,1.0587301863234793,0.18253388987174857,1.8326112331865425,0.0,0.0,2.5,False,below within-person threshold
87d91b95-2ff2-4b26-9dd1-0b6158f3de52,2026-06-01 00:15:00,15,3,2.0,1.0587301863234793,0.18253388987174857,1.8326112331865425,0.0,0.0,2.5,False,below within-person threshold
87d91b95-2ff2-4b26-9dd1-0b6158f3de52,2026-06-01 00:16:00,16,3,3.0,1.0587301863234793,0.18253388987174857,1.8326112331865425,1.0,0.3333333333333333,2.5,False,below within-person threshold
87d91b95-2ff2-4b26-9dd1-0b6158f3de52,2026-06-01 00:17:00,17,3,,1.0587301863234793,0.18253388987174857,1.8326112331865425,,0.5,2.5,False,below within-person threshold
87d91b95-2ff2-4b26-9dd1-0b6158f3de52,2026-06-01 00:18:00,18,3,,1.0587301863234793,0.18253388987174857,1.8326112331865425,,1.0,2.5,False,below within-person threshold
87d91b95-2ff2-4b26-9dd1-0b6158f3de52,2026-06-01 00:19:00,19,3,4.0,1.0587301863234793,0.18253388987174857,1.8326112331865425,,,2.200000000000001,False,missing or insufficient EMA data
87d91b95-2ff2-4b26-9dd1-0b6158f3de52,2026-06-01 00:20:00,20,4,5.0,1.0587301863234793,0.18253388987174857,1.8326112331865425,1.0,1.0,2.200000000000001,False,below within-person threshold
87d91b95-2ff2-4b26-9dd1-0b6158f3de52,2026-06-01 00:21:00,21,4,4.0,1.0587301863234793,0.18253388987174857,1.8326112331865425,1.0,1.0,1.9000000000000021,False,below within-person threshold
87d91b95-2ff2-4b26-9dd1-0b6158f3de52,2026-06-01 00:22:00,22,4,4.0,1.0587301863234793,0.18253388987174857,1.8326112331865425,0.0,0.6666666666666666,1.6000000000000005,False,below within-person threshold
87d91b95-2ff2-4b26-9dd1-0b6158f3de52,2026-06-01 00:23:00,23,4,4.0,1.0587301863234793,0.18253388987174857,1.8326112331865425,0.0,0.3333333333333333,1.3000000000000016,False,below within-person threshold
87d91b95-2ff2-4b26-9dd1-0b6158f3de52,2026-06-01 00:24:00,24,4,4.0,1.0587301863234793,0.18253388987174857,1.8326112331865425,0.0,0.0,1.0,False,below within-person threshold
87d91b95-2ff2-4b26-9dd1-0b6158f3de52,2026-06-01 00:25:00,25,5,4.0,1.0587301863234793,0.18253388987174857,1.8326112331865425,0.0,0.0,1.0,False,below within-person threshold
87d91b95-2ff2-4b26-9dd1-0b6158f3de52,2026-06-01 00:26:00,26,5,4.0,1.0587301863234793,0.18253388987174857,1.8326112331865425,0.0,0.0,1.0,False,below within-person threshold
87d91b95-2ff2-4b26-9dd1-0b6158f3de52,2026-06-01 00:27:00,27,5,,1.0587301863234793,0.18253388987174857,1.8326112331865425,,0.0,1.0,False,below within-person threshold
87d91b95-2ff2-4b26-9dd1-0b6158f3de52,2026-06-01 00:28:00,28,5,,1.0587301863234793,0.18253388987174857,1.8326112331865425,,0.0,1.0,False,below within-person threshold
87d91b95-2ff2-4b26-9dd1-0b6158f3de52,2026-06-01 00:29:00,29,5,4.0,1.0587301863234793,0.18253388987174857,1.8326112331865425,,,1.0,False,missing or insufficient EMA data
87d91b95-2ff2-4b26-9dd1-0b6158f3de52,2026-06-01 00:30:00,30,6,5.0,1.0587301863234793,0.18253388987174857,1.8326112331865425,1.0,1.0,1.0,False,below within-person threshold
87d91b95-2ff2-4b26-9dd1-0b6158f3de52,2026-06-01 00:31:00,31,6,5.0,1.0587301863234793,0.18253388987174857,1.8326112331865425,0.0,0.5,1.0,False,below within-person threshold
87d91b95-2ff2-4b26-9dd1-0b6158f3de52,2026-06-01 00:32:00,32,6,3.0,1.0587301863234793,0.18253388987174857,1.8326112331865425,4.0,1.6666666666666667,1.0,False,cooldown active
87d91b95-2ff2-4b26-9dd1-0b6158f3de52,2026-06-01 00:33:00,33,6,5.0,1.0587301863234793,0.18253388987174857,1.8326112331865425,4.0,2.6666666666666665,1.0,False,cooldown active
87d91b95-2ff2-4b26-9dd1-0b6158f3de52,2026-06-01 00:34:00,34,6,4.0,1.0587301863234793,0.18253388987174857,1.8326112331865425,1.0,3.0,1.1333333333333353,False,cooldown active
8b3d92ff-d23a-4048-ac43-74a5abfa667c,2026-06-01 00:00:00,0,0,1.0,1.1626927845212411,0.3317890338056967,1.8066480181364337,,,,False,missing or insufficient EMA data
8b3d92ff-d23a-4048-ac43-74a5abfa667c,2026-06-01 00:01:00,1,0,1.0,1.1626927845212411,0.3317890338056967,1.8066480181364337,0.0,0.0,,False,insufficient within-person history
8b3d92ff-d23a-4048-ac43-74a5abfa667c,2026-06-01 00:02:00,2,0,2.0,1.1626927845212411,0.3317890338056967,1.8066480181364337,1.0,0.5,,False,insufficient within-person history
8b3d92ff-d23a-4048-ac43-74a5abfa667c,2026-06-01 00:03:00,3,0,3.0,1.1626927845212411,0.3317890338056967,1.8066480181364337,1.0,0.6666666666666666,,False,insufficient within-person history
8b3d92ff-d23a-4048-ac43-74a5abfa667c,2026-06-01 00:04:00,4,0,4.0,1.1626927845212411,0.3317890338056967,1.8066480181364337,1.0,1.0,0.6,True,prompt sent
8b3d92ff-d23a-4048-ac43-74a5abfa667c,2026-06-01 00:05:00,5,1,,1.1626927845212411,0.3317890338056967,1.8066480181364337,,1.0,0.8,False,cooldown active
8b3d92ff-d23a-4048-ac43-74a5abfa667c,2026-06-01 00:06:00,6,1,3.0,1.1626927845212411,0.3317890338056967,1.8066480181364337,,1.0,1.0,False,below within-person threshold
8b3d92ff-d23a-4048-ac43-74a5abfa667c,2026-06-01 00:07:00,7,1,2.0,1.1626927845212411,0.3317890338056967,1.8066480181364337,1.0,1.0,1.0,False,below within-person threshold
8b3d92ff-d23a-4048-ac43-74a5abfa667c,2026-06-01 00:08:00,8,1,3.0,1.1626927845212411,0.3317890338056967,1.8066480181364337,1.0,1.0,1.0,False,below within-person threshold
8b3d92ff-d23a-4048-ac43-74a5abfa667c,2026-06-01 00:09:00,9,1,3.0,1.1626927845212411,0.3317890338056967,1.8066480181364337,0.0,0.6666666666666666,1.0,False,below within-person threshold
8b3d92ff-d23a-4048-ac43-74a5abfa667c,2026-06-01 00:10:00,10,2,2.0,1.1626927845212411,0.3317890338056967,1.8066480181364337,1.0,0.6666666666666666,1.0,False,below within-person threshold
8b3d92ff-d23a-4048-ac43-74a5abfa667c,2026-06-01 00:11:00,11,2,1.0,1.1626927845212411,0.3317890338056967,1.8066480181364337,1.0,0.6666666666666666,1.0,False,below within-person threshold
8b3d92ff-d23a-4048-ac43-74a5abfa667c,2026-06-01 00:12:00,12,2,2.0,1.1626927845212411,0.3317890338056967,1.8066480181364337,1.0,1.0,1.0,False,below within-person threshold
8b3d92ff-d23a-4048-ac43-74a5abfa667c,2026-06-01 00:13:00,13,2,2.0,1.1626927845212411,0.3317890338056967,1.8066480181364337,0.0,0.6666666666666666,1.0,False,below within-person threshold
8b3d92ff-d23a-4048-ac43-74a5abfa667c,2026-06-01 00:14:00,14,2,1.0,1.1626927845212411,0.3317890338056967,1.8066480181364337,1.0,0.6666666666666666,1.0,False,below within-person threshold
8b3d92ff-d23a-4048-ac43-74a5abfa667c,2026-06-01 00:15:00,15,3,1.0,1.1626927845212411,0.3317890338056967,1.8066480181364337,0.0,0.3333333333333333,1.0,False,below within-person threshold
8b3d92ff-d23a-4048-ac43-74a5abfa667c,2026-06-01 00:16:00,16,3,1.0,1.1626927845212411,0.3317890338056967,1.8066480181364337,0.0,0.3333333333333333,1.0,False,below within-person threshold
8b3d92ff-d23a-4048-ac43-74a5abfa667c,2026-06-01 00:17:00,17,3,3.0,1.1626927845212411,0.3317890338056967,1.8066480181364337,4.0,1.3333333333333333,1.0,False,cooldown active
8b3d92ff-d23a-4048-ac43-74a5abfa667c,2026-06-01 00:18:00,18,3,3.0,1.1626927845212411,0.3317890338056967,1.8066480181364337,0.0,1.3333333333333333,1.0,False,cooldown active
8b3d92ff-d23a-4048-ac43-74a5abfa667c,2026-06-01 00:19:00,19,3,2.0,1.1626927845212411,0.3317890338056967,1.8066480181364337,1.0,1.6666666666666667,1.0,False,cooldown active
8b3d92ff-d23a-4048-ac43-74a5abfa667c,2026-06-01 00:20:00,20,4,3.0,1.1626927845212411,0.3317890338056967,1.8066480181364337,1.0,0.6666666666666666,1.0,False,below within-person threshold
8b3d92ff-d23a-4048-ac43-74a5abfa667c,2026-06-01 00:21:00,21,4,3.0,1.1626927845212411,0.3317890338056967,1.8066480181364337,0.0,0.6666666666666666,1.0,False,below within-person threshold
8b3d92ff-d23a-4048-ac43-74a5abfa667c,2026-06-01 00:22:00,22,4,2.0,1.1626927845212411,0.3317890338056967,1.8066480181364337,1.0,0.6666666666666666,1.0,False,below within-person threshold
8b3d92ff-d23a-4048-ac43-74a5abfa667c,2026-06-01 00:23:00,23,4,2.0,1.1626927845212411,0.3317890338056967,1.8066480181364337,0.0,0.3333333333333333,1.0,False,below within-person threshold
8b3d92ff-d23a-4048-ac43-74a5abfa667c,2026-06-01 00:24:00,24,4,2.0,1.1626927845212411,0.3317890338056967,1.8066480181364337,0.0,0.3333333333333333,1.0,False,below within-person threshold
8b3d92ff-d23a-4048-ac43-74a5abfa667c,2026-06-01 00:25:00,25,5,5.0,1.1626927845212411,0.3317890338056967,1.8066480181364337,9.0,3.0,1.0,False,cooldown active
8b3d92ff-d23a-4048-ac43-74a5abfa667c,2026-06-01 00:26:00,26,5,2.0,1.1626927845212411,0.3317890338056967,1.8066480181364337,9.0,6.0,1.0,False,cooldown active
8b3d92ff-d23a-4048-ac43-74a5abfa667c,2026-06-01 00:27:00,27,5,1.0,1.1626927845212411,0.3317890338056967,1.8066480181364337,1.0,6.333333333333333,1.0,False,cooldown active
8b3d92ff-d23a-4048-ac43-74a5abfa667c,2026-06-01 00:28:00,28,5,2.0,1.1626927845212411,0.3317890338056967,1.8066480181364337,1.0,3.6666666666666665,1.2666666666666668,False,cooldown active
8b3d92ff-d23a-4048-ac43-74a5abfa667c,2026-06-01 00:29:00,29,5,1.0,1.1626927845212411,0.3317890338056967,1.8066480181364337,1.0,1.0,1.3333333333333333,False,below within-person threshold
8b3d92ff-d23a-4048-ac43-74a5abfa667c,2026-06-01 00:30:00,30,6,1.0,1.1626927845212411,0.3317890338056967,1.8066480181364337,0.0,0.6666666666666666,1.3333333333333333,False,below within-person threshold
8b3d92ff-d23a-4048-ac43-74a5abfa667c,2026-06-01 00:31:00,31,6,3.0,1.1626927845212411,0.3317890338056967,1.8066480181364337,4.0,1.6666666666666667,1.3333333333333333,False,cooldown active
8b3d92ff-d23a-4048-ac43-74a5abfa667c,2026-06-01 00:32:00,32,6,1.0,1.1626927845212411,0.3317890338056967,1.8066480181364337,4.0,2.6666666666666665,1.3333333333333333,False,cooldown active
8b3d92ff-d23a-4048-ac43-74a5abfa667c,2026-06-01 00:33:00,33,6,1.0,1.1626927845212411,0.3317890338056967,1.8066480181364337,0.0,2.6666666666666665,1.6000000000000003,False,cooldown active
8b3d92ff-d23a-4048-ac43-74a5abfa667c,2026-06-01 00:34:00,34,6,1.0,1.1626927845212411,0.3317890338056967,1.8066480181364337,0.0,1.3333333333333333,1.6666666666666667,False,below within-person threshold
9054877e-935e-4ce8-a7c6-a4280e112049,2026-06-01 00:00:00,0,0,,0.3645852225626672,0.254251910940828,0.1982532284846372,,,,False,missing or insufficient EMA data
9054877e-935e-4ce8-a7c6-a4280e112049,2026-06-01 00:01:00,1,0,,0.3645852225626672,0.254251910940828,0.1982532284846372,,,,False,missing or insufficient EMA data
9054877e-935e-4ce8-a7c6-a4280e112049,2026-06-01 00:02:00,2,0,4.0,0.3645852225626672,0.254251910940828,0.1982532284846372,,,,False,missing or insufficient EMA data
9054877e-935e-4ce8-a7c6-a4280e112049,2026-06-01 00:03:00,3,0,3.0,0.3645852225626672,0.254251910940828,0.1982532284846372,1.0,1.0,,False,insufficient within-person history
9054877e-935e-4ce8-a7c6-a4280e112049,2026-06-01 00:04:00,4,0,4.0,0.3645852225626672,0.254251910940828,0.1982532284846372,1.0,1.0,,False,insufficient within-person history
9054877e-935e-4ce8-a7c6-a4280e112049,2026-06-01 00:05:00,5,1,3.0,0.3645852225626672,0.254251910940828,0.1982532284846372,1.0,1.0,,False,insufficient within-person history
9054877e-935e-4ce8-a7c6-a4280e112049,2026-06-01 00:06:00,6,1,3.0,0.3645852225626672,0.254251910940828,0.1982532284846372,0.0,0.6666666666666666,1.0,False,below within-person threshold
9054877e-935e-4ce8-a7c6-a4280e112049,2026-06-01 00:07:00,7,1,3.0,0.3645852225626672,0.254251910940828,0.1982532284846372,0.0,0.3333333333333333,1.0,False,below within-person threshold
9054877e-935e-4ce8-a7c6-a4280e112049,2026-06-01 00:08:00,8,1,,0.3645852225626672,0.254251910940828,0.1982532284846372,,0.0,1.0,False,below within-person threshold
9054877e-935e-4ce8-a7c6-a4280e112049,2026-06-01 00:09:00,9,1,4.0,0.3645852225626672,0.254251910940828,0.1982532284846372,,0.0,1.0,False,below within-person threshold
9054877e-935e-4ce8-a7c6-a4280e112049,2026-06-01 00:10:00,10,2,3.0,0.3645852225626672,0.254251910940828,0.1982532284846372,1.0,1.0,1.0,False,below within-person threshold
9054877e-935e-4ce8-a7c6-a4280e112049,2026-06-01 00:11:00,11,2,4.0,0.3645852225626672,0.254251910940828,0.1982532284846372,1.0,1.0,1.0,False,below within-person threshold
9054877e-935e-4ce8-a7c6-a4280e112049,2026-06-01 00:12:00,12,2,,0.3645852225626672,0.254251910940828,0.1982532284846372,,1.0,1.0,False,below within-person threshold
9054877e-935e-4ce8-a7c6-a4280e112049,2026-06-01 00:13:00,13,2,4.0,0.3645852225626672,0.254251910940828,0.1982532284846372,,1.0,1.0,False,below within-person threshold
9054877e-935e-4ce8-a7c6-a4280e112049,2026-06-01 00:14:00,14,2,,0.3645852225626672,0.254251910940828,0.1982532284846372,,,1.0,False,missing or insufficient EMA data
9054877e-935e-4ce8-a7c6-a4280e112049,2026-06-01 00:15:00,15,3,,0.3645852225626672,0.254251910940828,0.1982532284846372,,,1.0,False,missing or insufficient EMA data
9054877e-935e-4ce8-a7c6-a4280e112049,2026-06-01 00:16:00,16,3,,0.3645852225626672,0.254251910940828,0.1982532284846372,,,1.0,False,missing or insufficient EMA data
9054877e-935e-4ce8-a7c6-a4280e112049,2026-06-01 00:17:00,17,3,,0.3645852225626672,0.254251910940828,0.1982532284846372,,,1.0,False,missing or insufficient EMA data
9054877e-935e-4ce8-a7c6-a4280e112049,2026-06-01 00:18:00,18,3,,0.3645852225626672,0.254251910940828,0.1982532284846372,,,1.0,False,missing or insufficient EMA data
9054877e-935e-4ce8-a7c6-a4280e112049,2026-06-01 00:19:00,19,3,,0.3645852225626672,0.254251910940828,0.1982532284846372,,,1.0,False,missing or insufficient EMA data
9054877e-935e-4ce8-a7c6-a4280e112049,2026-06-01 00:20:00,20,4,4.0,0.3645852225626672,0.254251910940828,0.1982532284846372,,,1.0,False,missing or insufficient EMA data
9054877e-935e-4ce8-a7c6-a4280e112049,2026-06-01 00:21:00,21,4,4.0,0.3645852225626672,0.254251910940828,0.1982532284846372,0.0,0.0,1.0,False,below within-person threshold
9054877e-935e-4ce8-a7c6-a4280e112049,2026-06-01 00:22:00,22,4,3.0,0.3645852225626672,0.254251910940828,0.1982532284846372,1.0,0.5,1.0,False,below within-person threshold
9054877e-935e-4ce8-a7c6-a4280e112049,2026-06-01 00:23:00,23,4,4.0,0.3645852225626672,0.254251910940828,0.1982532284846372,1.0,0.6666666666666666,1.0,False,below within-person threshold
9054877e-935e-4ce8-a7c6-a4280e112049,2026-06-01 00:24:00,24,4,4.0,0.3645852225626672,0.254251910940828,0.1982532284846372,0.0,0.6666666666666666,1.0,False,below within-person threshold
9054877e-935e-4ce8-a7c6-a4280e112049,2026-06-01 00:25:00,25,5,4.0,0.3645852225626672,0.254251910940828,0.1982532284846372,0.0,0.3333333333333333,1.0,False,below within-person threshold
9054877e-935e-4ce8-a7c6-a4280e112049,2026-06-01 00:26:00,26,5,3.0,0.3645852225626672,0.254251910940828,0.1982532284846372,1.0,0.3333333333333333,1.0,False,below within-person threshold
9054877e-935e-4ce8-a7c6-a4280e112049,2026-06-01 00:27:00,27,5,,0.3645852225626672,0.254251910940828,0.1982532284846372,,0.5,1.0,False,below within-person threshold
9054877e-935e-4ce8-a7c6-a4280e112049,2026-06-01 00:28:00,28,5,,0.3645852225626672,0.254251910940828,0.1982532284846372,,1.0,1.0,False,below within-person threshold
9054877e-935e-4ce8-a7c6-a4280e112049,2026-06-01 00:29:00,29,5,,0.3645852225626672,0.254251910940828,0.1982532284846372,,,1.0,False,missing or insufficient EMA data
9054877e-935e-4ce8-a7c6-a4280e112049,2026-06-01 00:30:00,30,6,,0.3645852225626672,0.254251910940828,0.1982532284846372,,,1.0,False,missing or insufficient EMA data
9054877e-935e-4ce8-a7c6-a4280e112049,2026-06-01 00:31:00,31,6,,0.3645852225626672,0.254251910940828,0.1982532284846372,,,1.0,False,missing or insufficient EMA data
9054877e-935e-4ce8-a7c6-a4280e112049,2026-06-01 00:32:00,32,6,,0.3645852225626672,0.254251910940828,0.1982532284846372,,,1.0,False,missing or insufficient EMA data
9054877e-935e-4ce8-a7c6-a4280e112049,2026-06-01 00:33:00,33,6,,0.3645852225626672,0.254251910940828,0.1982532284846372,,,1.0,False,missing or insufficient EMA data
9054877e-935e-4ce8-a7c6-a4280e112049,2026-06-01 00:34:00,34,6,,0.3645852225626672,0.254251910940828,0.1982532284846372,,,1.0,False,missing or insufficient EMA data
94454d62-5d37-44ed-930a-99c65de8b22b,2026-06-01 00:00:00,0,0,5.0,0.34848018347238857,0.18595068288165512,0.19771375549602582,,,,False,missing or insufficient EMA data
94454d62-5d37-44ed-930a-99c65de8b22b,2026-06-01 00:01:00,1,0,4.0,0.34848018347238857,0.18595068288165512,0.19771375549602582,1.0,1.0,,False,insufficient within-person history
94454d62-5d37-44ed-930a-99c65de8b22b,2026-06-01 00:02:00,2,0,4.0,0.34848018347238857,0.18595068288165512,0.19771375549602582,0.0,0.5,,False,insufficient within-person history
94454d62-5d37-44ed-930a-99c65de8b22b,2026-06-01 00:03:00,3,0,4.0,0.34848018347238857,0.18595068288165512,0.19771375549602582,0.0,0.3333333333333333,,False,insufficient within-person history
94454d62-5d37-44ed-930a-99c65de8b22b,2026-06-01 00:04:00,4,0,4.0,0.34848018347238857,0.18595068288165512,0.19771375549602582,0.0,0.0,0.8,False,below within-person threshold
94454d62-5d37-44ed-930a-99c65de8b22b,2026-06-01 00:05:00,5,1,,0.34848018347238857,0.18595068288165512,0.19771375549602582,,0.0,0.7000000000000002,False,below within-person threshold
94454d62-5d37-44ed-930a-99c65de8b22b,2026-06-01 00:06:00,6,1,,0.34848018347238857,0.18595068288165512,0.19771375549602582,,0.0,0.6000000000000001,False,below within-person threshold
94454d62-5d37-44ed-930a-99c65de8b22b,2026-06-01 00:07:00,7,1,4.0,0.34848018347238857,0.18595068288165512,0.19771375549602582,,,0.5,False,missing or insufficient EMA data
94454d62-5d37-44ed-930a-99c65de8b22b,2026-06-01 00:08:00,8,1,4.0,0.34848018347238857,0.18595068288165512,0.19771375549602582,0.0,0.0,0.5,False,below within-person threshold
94454d62-5d37-44ed-930a-99c65de8b22b,2026-06-01 00:09:00,9,1,3.0,0.34848018347238857,0.18595068288165512,0.19771375549602582,1.0,0.5,0.4666666666666668,True,prompt sent
94454d62-5d37-44ed-930a-99c65de8b22b,2026-06-01 00:10:00,10,2,,0.34848018347238857,0.18595068288165512,0.19771375549602582,,0.5,0.5,False,below within-person threshold
94454d62-5d37-44ed-930a-99c65de8b22b,2026-06-01 00:11:00,11,2,,0.34848018347238857,0.18595068288165512,0.19771375549602582,,1.0,0.5,False,cooldown active
94454d62-5d37-44ed-930a-99c65de8b22b,2026-06-01 00:12:00,12,2,,0.34848018347238857,0.18595068288165512,0.19771375549602582,,,0.6000000000000001,False,missing or insufficient EMA data
94454d62-5d37-44ed-930a-99c65de8b22b,2026-06-01 00:13:00,13,2,,0.34848018347238857,0.18595068288165512,0.19771375549602582,,,0.6000000000000001,False,missing or insufficient EMA data
94454d62-5d37-44ed-930a-99c65de8b22b,2026-06-01 00:14:00,14,2,4.0,0.34848018347238857,0.18595068288165512,0.19771375549602582,,,0.6000000000000001,False,missing or insufficient EMA data
94454d62-5d37-44ed-930a-99c65de8b22b,2026-06-01 00:15:00,15,3,4.0,0.34848018347238857,0.18595068288165512,0.19771375549602582,0.0,0.0,0.6000000000000001,False,below within-person threshold
94454d62-5d37-44ed-930a-99c65de8b22b,2026-06-01 00:16:00,16,3,4.0,0.34848018347238857,0.18595068288165512,0.19771375549602582,0.0,0.0,0.5,False,below within-person threshold
94454d62-5d37-44ed-930a-99c65de8b22b,2026-06-01 00:17:00,17,3,,0.34848018347238857,0.18595068288165512,0.19771375549602582,,0.0,0.5,False,below within-person threshold
94454d62-5d37-44ed-930a-99c65de8b22b,2026-06-01 00:18:00,18,3,,0.34848018347238857,0.18595068288165512,0.19771375549602582,,0.0,0.5,False,below within-person threshold
94454d62-5d37-44ed-930a-99c65de8b22b,2026-06-01 00:19:00,19,3,,0.34848018347238857,0.18595068288165512,0.19771375549602582,,,0.5,False,missing or insufficient EMA data
94454d62-5d37-44ed-930a-99c65de8b22b,2026-06-01 00:20:00,20,4,,0.34848018347238857,0.18595068288165512,0.19771375549602582,,,0.5,False,missing or insufficient EMA data
94454d62-5d37-44ed-930a-99c65de8b22b,2026-06-01 00:21:00,21,4,,0.34848018347238857,0.18595068288165512,0.19771375549602582,,,0.5,False,missing or insufficient EMA data
94454d62-5d37-44ed-930a-99c65de8b22b,2026-06-01 00:22:00,22,4,,0.34848018347238857,0.18595068288165512,0.19771375549602582,,,0.5,False,missing or insufficient EMA data
94454d62-5d37-44ed-930a-99c65de8b22b,2026-06-01 00:23:00,23,4,4.0,0.34848018347238857,0.18595068288165512,0.19771375549602582,,,0.5,False,missing or insufficient EMA data
94454d62-5d37-44ed-930a-99c65de8b22b,2026-06-01 00:24:00,24,4,4.0,0.34848018347238857,0.18595068288165512,0.19771375549602582,0.0,0.0,0.5,False,below within-person threshold
94454d62-5d37-44ed-930a-99c65de8b22b,2026-06-01 00:25:00,25,5,4.0,0.34848018347238857,0.18595068288165512,0.19771375549602582,0.0,0.0,0.5,False,below within-person threshold
94454d62-5d37-44ed-930a-99c65de8b22b,2026-06-01 00:26:00,26,5,4.0,0.34848018347238857,0.18595068288165512,0.19771375549602582,0.0,0.0,0.5,False,below within-person threshold
94454d62-5d37-44ed-930a-99c65de8b22b,2026-06-01 00:27:00,27,5,4.0,0.34848018347238857,0.18595068288165512,0.19771375549602582,0.0,0.0,0.5,False,below within-person threshold
94454d62-5d37-44ed-930a-99c65de8b22b,2026-06-01 00:28:00,28,5,,0.34848018347238857,0.18595068288165512,0.19771375549602582,,0.0,0.5,False,below within-person threshold
94454d62-5d37-44ed-930a-99c65de8b22b,2026-06-01 00:29:00,29,5,,0.34848018347238857,0.18595068288165512,0.19771375549602582,,0.0,0.5,False,below within-person threshold
94454d62-5d37-44ed-930a-99c65de8b22b,2026-06-01 00:30:00,30,6,,0.34848018347238857,0.18595068288165512,0.19771375549602582,,,0.5,False,missing or insufficient EMA data
94454d62-5d37-44ed-930a-99c65de8b22b,2026-06-01 00:31:00,31,6,,0.34848018347238857,0.18595068288165512,0.19771375549602582,,,0.5,False,missing or insufficient EMA data
94454d62-5d37-44ed-930a-99c65de8b22b,2026-06-01 00:32:00,32,6,,0.34848018347238857,0.18595068288165512,0.19771375549602582,,,0.5,False,missing or insufficient EMA data
94454d62-5d37-44ed-930a-99c65de8b22b,2026-06-01 00:33:00,33,6,,0.34848018347238857,0.18595068288165512,0.19771375549602582,,,0.5,False,missing or insufficient EMA data
94454d62-5d37-44ed-930a-99c65de8b22b,2026-06-01 00:34:00,34,6,,0.34848018347238857,0.18595068288165512,0.19771375549602582,,,0.5,False,missing or insufficient EMA data
95733ffc-3d2b-4491-9f66-5ed59049b019,2026-06-01 00:00:00,0,0,2.0,0.9322224429833347,0.7054731611508764,0.511910432402072,,,,False,missing or insufficient EMA data
95733ffc-3d2b-4491-9f66-5ed59049b019,2026-06-01 00:01:00,1,0,1.0,0.9322224429833347,0.7054731611508764,0.511910432402072,1.0,1.0,,False,insufficient within-person history
95733ffc-3d2b-4491-9f66-5ed59049b019,2026-06-01 00:02:00,2,0,3.0,0.9322224429833347,0.7054731611508764,0.511910432402072,4.0,2.5,,False,insufficient within-person history
95733ffc-3d2b-4491-9f66-5ed59049b019,2026-06-01 00:03:00,3,0,3.0,0.9322224429833347,0.7054731611508764,0.511910432402072,0.0,1.6666666666666667,,False,insufficient within-person history
95733ffc-3d2b-4491-9f66-5ed59049b019,2026-06-01 00:04:00,4,0,3.0,0.9322224429833347,0.7054731611508764,0.511910432402072,0.0,1.3333333333333333,2.166666666666667,False,below within-person threshold
95733ffc-3d2b-4491-9f66-5ed59049b019,2026-06-01 00:05:00,5,1,3.0,0.9322224429833347,0.7054731611508764,0.511910432402072,0.0,0.0,2.0000000000000004,False,below within-person threshold
95733ffc-3d2b-4491-9f66-5ed59049b019,2026-06-01 00:06:00,6,1,3.0,0.9322224429833347,0.7054731611508764,0.511910432402072,0.0,0.0,1.8333333333333335,False,below within-person threshold
95733ffc-3d2b-4491-9f66-5ed59049b019,2026-06-01 00:07:00,7,1,3.0,0.9322224429833347,0.7054731611508764,0.511910432402072,0.0,0.0,1.6666666666666667,False,below within-person threshold
95733ffc-3d2b-4491-9f66-5ed59049b019,2026-06-01 00:08:00,8,1,3.0,0.9322224429833347,0.7054731611508764,0.511910432402072,0.0,0.0,1.6000000000000003,False,below within-person threshold
95733ffc-3d2b-4491-9f66-5ed59049b019,2026-06-01 00:09:00,9,1,3.0,0.9322224429833347,0.7054731611508764,0.511910432402072,0.0,0.0,1.5333333333333334,False,below within-person threshold
95733ffc-3d2b-4491-9f66-5ed59049b019,2026-06-01 00:10:00,10,2,4.0,0.9322224429833347,0.7054731611508764,0.511910432402072,1.0,0.3333333333333333,1.4666666666666668,False,below within-person threshold
95733ffc-3d2b-4491-9f66-5ed59049b019,2026-06-01 00:11:00,11,2,4.0,0.9322224429833347,0.7054731611508764,0.511910432402072,0.0,0.3333333333333333,1.4,False,below within-person threshold
95733ffc-3d2b-4491-9f66-5ed59049b019,2026-06-01 00:12:00,12,2,3.0,0.9322224429833347,0.7054731611508764,0.511910432402072,1.0,0.6666666666666666,1.3333333333333333,False,below within-person threshold
95733ffc-3d2b-4491-9f66-5ed59049b019,2026-06-01 00:13:00,13,2,4.0,0.9322224429833347,0.7054731611508764,0.511910432402072,1.0,0.6666666666666666,1.2666666666666668,False,below within-person threshold
95733ffc-3d2b-4491-9f66-5ed59049b019,2026-06-01 00:14:00,14,2,4.0,0.9322224429833347,0.7054731611508764,0.511910432402072,0.0,0.6666666666666666,1.2000000000000004,False,below within-person threshold
95733ffc-3d2b-4491-9f66-5ed59049b019,2026-06-01 00:15:00,15,3,5.0,0.9322224429833347,0.7054731611508764,0.511910432402072,1.0,0.6666666666666666,1.1333333333333335,False,below within-person threshold
95733ffc-3d2b-4491-9f66-5ed59049b019,2026-06-01 00:16:00,16,3,,0.9322224429833347,0.7054731611508764,0.511910432402072,,0.5,1.066666666666667,False,below within-person threshold
95733ffc-3d2b-4491-9f66-5ed59049b019,2026-06-01 00:17:00,17,3,4.0,0.9322224429833347,0.7054731611508764,0.511910432402072,,1.0,1.0,False,below within-person threshold
95733ffc-3d2b-4491-9f66-5ed59049b019,2026-06-01 00:18:00,18,3,3.0,0.9322224429833347,0.7054731611508764,0.511910432402072,1.0,1.0,1.0,False,below within-person threshold
95733ffc-3d2b-4491-9f66-5ed59049b019,2026-06-01 00:19:00,19,3,3.0,0.9322224429833347,0.7054731611508764,0.511910432402072,0.0,0.5,1.0,False,below within-person threshold
95733ffc-3d2b-4491-9f66-5ed59049b019,2026-06-01 00:20:00,20,4,4.0,0.9322224429833347,0.7054731611508764,0.511910432402072,1.0,0.6666666666666666,1.0,False,below within-person threshold
95733ffc-3d2b-4491-9f66-5ed59049b019,2026-06-01 00:21:00,21,4,4.0,0.9322224429833347,0.7054731611508764,0.511910432402072,0.0,0.3333333333333333,1.0,False,below within-person threshold
95733ffc-3d2b-4491-9f66-5ed59049b019,2026-06-01 00:22:00,22,4,4.0,0.9322224429833347,0.7054731611508764,0.511910432402072,0.0,0.3333333333333333,1.0,False,below within-person threshold
95733ffc-3d2b-4491-9f66-5ed59049b019,2026-06-01 00:23:00,23,4,4.0,0.9322224429833347,0.7054731611508764,0.511910432402072,0.0,0.0,1.0,False,below within-person threshold
95733ffc-3d2b-4491-9f66-5ed59049b019,2026-06-01 00:24:00,24,4,4.0,0.9322224429833347,0.7054731611508764,0.511910432402072,0.0,0.0,1.0,False,below within-person threshold
95733ffc-3d2b-4491-9f66-5ed59049b019,2026-06-01 00:25:00,25,5,3.0,0.9322224429833347,0.7054731611508764,0.511910432402072,1.0,0.3333333333333333,1.0,False,below within-person threshold
95733ffc-3d2b-4491-9f66-5ed59049b019,2026-06-01 00:26:00,26,5,3.0,0.9322224429833347,0.7054731611508764,0.511910432402072,0.0,0.3333333333333333,1.0,False,below within-person threshold
95733ffc-3d2b-4491-9f66-5ed59049b019,2026-06-01 00:27:00,27,5,3.0,0.9322224429833347,0.7054731611508764,0.511910432402072,0.0,0.3333333333333333,1.0,False,below within-person threshold
95733ffc-3d2b-4491-9f66-5ed59049b019,2026-06-01 00:28:00,28,5,3.0,0.9322224429833347,0.7054731611508764,0.511910432402072,0.0,0.0,0.9333333333333336,False,below within-person threshold
95733ffc-3d2b-4491-9f66-5ed59049b019,2026-06-01 00:29:00,29,5,3.0,0.9322224429833347,0.7054731611508764,0.511910432402072,0.0,0.0,0.8666666666666671,False,below within-person threshold
95733ffc-3d2b-4491-9f66-5ed59049b019,2026-06-01 00:30:00,30,6,4.0,0.9322224429833347,0.7054731611508764,0.511910432402072,1.0,0.3333333333333333,0.8000000000000007,False,below within-person threshold
95733ffc-3d2b-4491-9f66-5ed59049b019,2026-06-01 00:31:00,31,6,3.0,0.9322224429833347,0.7054731611508764,0.511910432402072,1.0,0.6666666666666666,0.7333333333333343,False,below within-person threshold
95733ffc-3d2b-4491-9f66-5ed59049b019,2026-06-01 00:32:00,32,6,4.0,0.9322224429833347,0.7054731611508764,0.511910432402072,1.0,1.0,0.6666666666666666,True,prompt sent
95733ffc-3d2b-4491-9f66-5ed59049b019,2026-06-01 00:33:00,33,6,3.0,0.9322224429833347,0.7054731611508764,0.511910432402072,1.0,1.0,0.9333333333333336,False,cooldown active
95733ffc-3d2b-4491-9f66-5ed59049b019,2026-06-01 00:34:00,34,6,2.0,0.9322224429833347,0.7054731611508764,0.511910432402072,1.0,1.0,1.0,False,below within-person threshold
9bda548b-369e-402c-9435-089a7696dc12,2026-06-01 00:00:00,0,0,1.0,1.2044025805435294,0.42562637676063847,1.6663561862346272,,,,False,missing or insufficient EMA data
9bda548b-369e-402c-9435-089a7696dc12,2026-06-01 00:01:00,1,0,1.0,1.2044025805435294,0.42562637676063847,1.6663561862346272,0.0,0.0,,False,insufficient within-person history
9bda548b-369e-402c-9435-089a7696dc12,2026-06-01 00:02:00,2,0,2.0,1.2044025805435294,0.42562637676063847,1.6663561862346272,1.0,0.5,,False,insufficient within-person history
9bda548b-369e-402c-9435-089a7696dc12,2026-06-01 00:03:00,3,0,2.0,1.2044025805435294,0.42562637676063847,1.6663561862346272,0.0,0.3333333333333333,,False,insufficient within-person history
9bda548b-369e-402c-9435-089a7696dc12,2026-06-01 00:04:00,4,0,,1.2044025805435294,0.42562637676063847,1.6663561862346272,,0.5,0.43333333333333335,True,prompt sent
9bda548b-369e-402c-9435-089a7696dc12,2026-06-01 00:05:00,5,1,,1.2044025805435294,0.42562637676063847,1.6663561862346272,,0.0,0.5,False,below within-person threshold
9bda548b-369e-402c-9435-089a7696dc12,2026-06-01 00:06:00,6,1,2.0,1.2044025805435294,0.42562637676063847,1.6663561862346272,,,0.5,False,missing or insufficient EMA data
9bda548b-369e-402c-9435-089a7696dc12,2026-06-01 00:07:00,7,1,,1.2044025805435294,0.42562637676063847,1.6663561862346272,,,0.5,False,missing or insufficient EMA data
9bda548b-369e-402c-9435-089a7696dc12,2026-06-01 00:08:00,8,1,4.0,1.2044025805435294,0.42562637676063847,1.6663561862346272,,,0.5,False,missing or insufficient EMA data
9bda548b-369e-402c-9435-089a7696dc12,2026-06-01 00:09:00,9,1,4.0,1.2044025805435294,0.42562637676063847,1.6663561862346272,0.0,0.0,0.5,False,below within-person threshold
9bda548b-369e-402c-9435-089a7696dc12,2026-06-01 00:10:00,10,2,5.0,1.2044025805435294,0.42562637676063847,1.6663561862346272,1.0,0.5,0.5,False,below within-person threshold
9bda548b-369e-402c-9435-089a7696dc12,2026-06-01 00:11:00,11,2,5.0,1.2044025805435294,0.42562637676063847,1.6663561862346272,0.0,0.3333333333333333,0.5,False,below within-person threshold
9bda548b-369e-402c-9435-089a7696dc12,2026-06-01 00:12:00,12,2,4.0,1.2044025805435294,0.42562637676063847,1.6663561862346272,1.0,0.6666666666666666,0.5,False,cooldown active
9bda548b-369e-402c-9435-089a7696dc12,2026-06-01 00:13:00,13,2,5.0,1.2044025805435294,0.42562637676063847,1.6663561862346272,1.0,0.6666666666666666,0.5,False,cooldown active
9bda548b-369e-402c-9435-089a7696dc12,2026-06-01 00:14:00,14,2,3.0,1.2044025805435294,0.42562637676063847,1.6663561862346272,4.0,2.0,0.5333333333333333,False,cooldown active
9bda548b-369e-402c-9435-089a7696dc12,2026-06-01 00:15:00,15,3,3.0,1.2044025805435294,0.42562637676063847,1.6663561862346272,0.0,1.6666666666666667,0.6666666666666666,False,cooldown active
9bda548b-369e-402c-9435-089a7696dc12,2026-06-01 00:16:00,16,3,4.0,1.2044025805435294,0.42562637676063847,1.6663561862346272,1.0,1.6666666666666667,0.6666666666666666,False,cooldown active
9bda548b-369e-402c-9435-089a7696dc12,2026-06-01 00:17:00,17,3,5.0,1.2044025805435294,0.42562637676063847,1.6663561862346272,1.0,0.6666666666666666,1.266666666666668,False,below within-person threshold
9bda548b-369e-402c-9435-089a7696dc12,2026-06-01 00:18:00,18,3,5.0,1.2044025805435294,0.42562637676063847,1.6663561862346272,0.0,0.6666666666666666,1.0666666666666669,False,below within-person threshold
9bda548b-369e-402c-9435-089a7696dc12,2026-06-01 00:19:00,19,3,5.0,1.2044025805435294,0.42562637676063847,1.6663561862346272,0.0,0.3333333333333333,0.8666666666666677,False,below within-person threshold
9bda548b-369e-402c-9435-089a7696dc12,2026-06-01 00:20:00,20,4,5.0,1.2044025805435294,0.42562637676063847,1.6663561862346272,0.0,0.0,0.6666666666666666,False,below within-person threshold
9bda548b-369e-402c-9435-089a7696dc12,2026-06-01 00:21:00,21,4,4.0,1.2044025805435294,0.42562637676063847,1.6663561862346272,1.0,0.3333333333333333,0.6666666666666666,False,below within-person threshold
9bda548b-369e-402c-9435-089a7696dc12,2026-06-01 00:22:00,22,4,5.0,1.2044025805435294,0.42562637676063847,1.6663561862346272,1.0,0.6666666666666666,0.6666666666666666,False,below within-person threshold
9bda548b-369e-402c-9435-089a7696dc12,2026-06-01 00:23:00,23,4,3.0,1.2044025805435294,0.42562637676063847,1.6663561862346272,4.0,2.0,0.6666666666666666,False,cooldown active
9bda548b-369e-402c-9435-089a7696dc12,2026-06-01 00:24:00,24,4,2.0,1.2044025805435294,0.42562637676063847,1.6663561862346272,1.0,2.0,0.8666666666666677,False,cooldown active
9bda548b-369e-402c-9435-089a7696dc12,2026-06-01 00:25:00,25,5,1.0,1.2044025805435294,0.42562637676063847,1.6663561862346272,1.0,2.0,1.6666666666666667,False,cooldown active
9bda548b-369e-402c-9435-089a7696dc12,2026-06-01 00:26:00,26,5,4.0,1.2044025805435294,0.42562637676063847,1.6663561862346272,9.0,3.6666666666666665,1.6666666666666667,False,cooldown active
9bda548b-369e-402c-9435-089a7696dc12,2026-06-01 00:27:00,27,5,4.0,1.2044025805435294,0.42562637676063847,1.6663561862346272,0.0,3.3333333333333335,1.8666666666666671,False,cooldown active
9bda548b-369e-402c-9435-089a7696dc12,2026-06-01 00:28:00,28,5,3.0,1.2044025805435294,0.42562637676063847,1.6663561862346272,1.0,3.3333333333333335,2.0,False,cooldown active
9bda548b-369e-402c-9435-089a7696dc12,2026-06-01 00:29:00,29,5,3.0,1.2044025805435294,0.42562637676063847,1.6663561862346272,0.0,0.3333333333333333,2.0,False,below within-person threshold
9bda548b-369e-402c-9435-089a7696dc12,2026-06-01 00:30:00,30,6,3.0,1.2044025805435294,0.42562637676063847,1.6663561862346272,0.0,0.3333333333333333,2.0,False,below within-person threshold
9bda548b-369e-402c-9435-089a7696dc12,2026-06-01 00:31:00,31,6,2.0,1.2044025805435294,0.42562637676063847,1.6663561862346272,1.0,0.3333333333333333,2.0,False,below within-person threshold
9bda548b-369e-402c-9435-089a7696dc12,2026-06-01 00:32:00,32,6,2.0,1.2044025805435294,0.42562637676063847,1.6663561862346272,0.0,0.3333333333333333,2.0,False,below within-person threshold
9bda548b-369e-402c-9435-089a7696dc12,2026-06-01 00:33:00,33,6,,1.2044025805435294,0.42562637676063847,1.6663561862346272,,0.5,2.0,False,below within-person threshold
9bda548b-369e-402c-9435-089a7696dc12,2026-06-01 00:34:00,34,6,4.0,1.2044025805435294,0.42562637676063847,1.6663561862346272,,0.0,2.0,False,below within-person threshold
9f87f549-c760-4b2c-b979-caf8aaad2c8b,2026-06-01 00:00:00,0,0,4.0,0.7313052400098877,0.649363788378984,0.3750456491534668,,,,False,missing or insufficient EMA data
9f87f549-c760-4b2c-b979-caf8aaad2c8b,2026-06-01 00:01:00,1,0,4.0,0.7313052400098877,0.649363788378984,0.3750456491534668,0.0,0.0,,False,insufficient within-person history
9f87f549-c760-4b2c-b979-caf8aaad2c8b,2026-06-01 00:02:00,2,0,4.0,0.7313052400098877,0.649363788378984,0.3750456491534668,0.0,0.0,,False,insufficient within-person history
9f87f549-c760-4b2c-b979-caf8aaad2c8b,2026-06-01 00:03:00,3,0,,0.7313052400098877,0.649363788378984,0.3750456491534668,,0.0,,False,insufficient within-person history
9f87f549-c760-4b2c-b979-caf8aaad2c8b,2026-06-01 00:04:00,4,0,,0.7313052400098877,0.649363788378984,0.3750456491534668,,0.0,0.0,False,below within-person threshold
9f87f549-c760-4b2c-b979-caf8aaad2c8b,2026-06-01 00:05:00,5,1,5.0,0.7313052400098877,0.649363788378984,0.3750456491534668,,,0.0,False,missing or insufficient EMA data
9f87f549-c760-4b2c-b979-caf8aaad2c8b,2026-06-01 00:06:00,6,1,,0.7313052400098877,0.649363788378984,0.3750456491534668,,,0.0,False,missing or insufficient EMA data
9f87f549-c760-4b2c-b979-caf8aaad2c8b,2026-06-01 00:07:00,7,1,4.0,0.7313052400098877,0.649363788378984,0.3750456491534668,,,0.0,False,missing or insufficient EMA data
9f87f549-c760-4b2c-b979-caf8aaad2c8b,2026-06-01 00:08:00,8,1,5.0,0.7313052400098877,0.649363788378984,0.3750456491534668,1.0,1.0,0.0,True,prompt sent
9f87f549-c760-4b2c-b979-caf8aaad2c8b,2026-06-01 00:09:00,9,1,3.0,0.7313052400098877,0.649363788378984,0.3750456491534668,4.0,2.5,0.20000000000000018,False,cooldown active
9f87f549-c760-4b2c-b979-caf8aaad2c8b,2026-06-01 00:10:00,10,2,3.0,0.7313052400098877,0.649363788378984,0.3750456491534668,0.0,1.6666666666666667,1.0,False,cooldown active
9f87f549-c760-4b2c-b979-caf8aaad2c8b,2026-06-01 00:11:00,11,2,3.0,0.7313052400098877,0.649363788378984,0.3750456491534668,0.0,1.3333333333333333,1.5333333333333339,False,below within-person threshold
9f87f549-c760-4b2c-b979-caf8aaad2c8b,2026-06-01 00:12:00,12,2,3.0,0.7313052400098877,0.649363788378984,0.3750456491534668,0.0,0.0,1.5333333333333334,False,below within-person threshold
9f87f549-c760-4b2c-b979-caf8aaad2c8b,2026-06-01 00:13:00,13,2,3.0,0.7313052400098877,0.649363788378984,0.3750456491534668,0.0,0.0,1.4666666666666668,False,below within-person threshold
9f87f549-c760-4b2c-b979-caf8aaad2c8b,2026-06-01 00:14:00,14,2,4.0,0.7313052400098877,0.649363788378984,0.3750456491534668,1.0,0.3333333333333333,1.4,False,below within-person threshold
9f87f549-c760-4b2c-b979-caf8aaad2c8b,2026-06-01 00:15:00,15,3,4.0,0.7313052400098877,0.649363788378984,0.3750456491534668,0.0,0.3333333333333333,1.3333333333333333,False,below within-person threshold
9f87f549-c760-4b2c-b979-caf8aaad2c8b,2026-06-01 00:16:00,16,3,,0.7313052400098877,0.649363788378984,0.3750456491534668,,0.5,1.2666666666666668,False,below within-person threshold
9f87f549-c760-4b2c-b979-caf8aaad2c8b,2026-06-01 00:17:00,17,3,,0.7313052400098877,0.649363788378984,0.3750456491534668,,0.0,1.2000000000000004,False,below within-person threshold
9f87f549-c760-4b2c-b979-caf8aaad2c8b,2026-06-01 00:18:00,18,3,,0.7313052400098877,0.649363788378984,0.3750456491534668,,,1.1333333333333335,False,missing or insufficient EMA data
9f87f549-c760-4b2c-b979-caf8aaad2c8b,2026-06-01 00:19:00,19,3,4.0,0.7313052400098877,0.649363788378984,0.3750456491534668,,,1.1333333333333335,False,missing or insufficient EMA data
9f87f549-c760-4b2c-b979-caf8aaad2c8b,2026-06-01 00:20:00,20,4,4.0,0.7313052400098877,0.649363788378984,0.3750456491534668,0.0,0.0,1.1333333333333335,False,below within-person threshold
9f87f549-c760-4b2c-b979-caf8aaad2c8b,2026-06-01 00:21:00,21,4,3.0,0.7313052400098877,0.649363788378984,0.3750456491534668,1.0,0.5,1.066666666666667,False,below within-person threshold
9f87f549-c760-4b2c-b979-caf8aaad2c8b,2026-06-01 00:22:00,22,4,4.0,0.7313052400098877,0.649363788378984,0.3750456491534668,1.0,0.6666666666666666,1.0,False,below within-person threshold
9f87f549-c760-4b2c-b979-caf8aaad2c8b,2026-06-01 00:23:00,23,4,,0.7313052400098877,0.649363788378984,0.3750456491534668,,1.0,0.9333333333333336,False,cooldown active
9f87f549-c760-4b2c-b979-caf8aaad2c8b,2026-06-01 00:24:00,24,4,5.0,0.7313052400098877,0.649363788378984,0.3750456491534668,,1.0,1.0,False,below within-person threshold
9f87f549-c760-4b2c-b979-caf8aaad2c8b,2026-06-01 00:25:00,25,5,5.0,0.7313052400098877,0.649363788378984,0.3750456491534668,0.0,0.0,1.0,False,below within-person threshold
9f87f549-c760-4b2c-b979-caf8aaad2c8b,2026-06-01 00:26:00,26,5,5.0,0.7313052400098877,0.649363788378984,0.3750456491534668,0.0,0.0,1.0,False,below within-person threshold
9f87f549-c760-4b2c-b979-caf8aaad2c8b,2026-06-01 00:27:00,27,5,4.0,0.7313052400098877,0.649363788378984,0.3750456491534668,1.0,0.3333333333333333,1.0,False,below within-person threshold
9f87f549-c760-4b2c-b979-caf8aaad2c8b,2026-06-01 00:28:00,28,5,3.0,0.7313052400098877,0.649363788378984,0.3750456491534668,1.0,0.6666666666666666,1.0,False,below within-person threshold
9f87f549-c760-4b2c-b979-caf8aaad2c8b,2026-06-01 00:29:00,29,5,3.0,0.7313052400098877,0.649363788378984,0.3750456491534668,0.0,0.6666666666666666,1.0,False,below within-person threshold
9f87f549-c760-4b2c-b979-caf8aaad2c8b,2026-06-01 00:30:00,30,6,3.0,0.7313052400098877,0.649363788378984,0.3750456491534668,0.0,0.3333333333333333,1.0,False,below within-person threshold
9f87f549-c760-4b2c-b979-caf8aaad2c8b,2026-06-01 00:31:00,31,6,3.0,0.7313052400098877,0.649363788378984,0.3750456491534668,0.0,0.0,1.0,False,below within-person threshold
9f87f549-c760-4b2c-b979-caf8aaad2c8b,2026-06-01 00:32:00,32,6,4.0,0.7313052400098877,0.649363788378984,0.3750456491534668,1.0,0.3333333333333333,1.0,False,below within-person threshold
9f87f549-c760-4b2c-b979-caf8aaad2c8b,2026-06-01 00:33:00,33,6,4.0,0.7313052400098877,0.649363788378984,0.3750456491534668,0.0,0.3333333333333333,0.9333333333333336,False,below within-person threshold
9f87f549-c760-4b2c-b979-caf8aaad2c8b,2026-06-01 00:34:00,34,6,4.0,0.7313052400098877,0.649363788378984,0.3750456491534668,0.0,0.3333333333333333,0.8666666666666671,False,below within-person threshold
a26efc1e-2bc9-4639-98c7-9e24b70bd9ad,2026-06-01 00:00:00,0,0,3.0,0.8187734931970366,0.46363738707694735,0.7191442997287679,,,,False,missing or insufficient EMA data
a26efc1e-2bc9-4639-98c7-9e24b70bd9ad,2026-06-01 00:01:00,1,0,2.0,0.8187734931970366,0.46363738707694735,0.7191442997287679,1.0,1.0,,False,insufficient within-person history
a26efc1e-2bc9-4639-98c7-9e24b70bd9ad,2026-06-01 00:02:00,2,0,2.0,0.8187734931970366,0.46363738707694735,0.7191442997287679,0.0,0.5,,False,insufficient within-person history
a26efc1e-2bc9-4639-98c7-9e24b70bd9ad,2026-06-01 00:03:00,3,0,2.0,0.8187734931970366,0.46363738707694735,0.7191442997287679,0.0,0.3333333333333333,,False,insufficient within-person history
a26efc1e-2bc9-4639-98c7-9e24b70bd9ad,2026-06-01 00:04:00,4,0,2.0,0.8187734931970366,0.46363738707694735,0.7191442997287679,0.0,0.0,0.8,False,below within-person threshold
a26efc1e-2bc9-4639-98c7-9e24b70bd9ad,2026-06-01 00:05:00,5,1,3.0,0.8187734931970366,0.46363738707694735,0.7191442997287679,1.0,0.3333333333333333,0.7000000000000002,False,below within-person threshold
a26efc1e-2bc9-4639-98c7-9e24b70bd9ad,2026-06-01 00:06:00,6,1,2.0,0.8187734931970366,0.46363738707694735,0.7191442997287679,1.0,0.6666666666666666,0.6000000000000001,True,prompt sent
a26efc1e-2bc9-4639-98c7-9e24b70bd9ad,2026-06-01 00:07:00,7,1,4.0,0.8187734931970366,0.46363738707694735,0.7191442997287679,4.0,2.0,0.6666666666666666,False,cooldown active
a26efc1e-2bc9-4639-98c7-9e24b70bd9ad,2026-06-01 00:08:00,8,1,3.0,0.8187734931970366,0.46363738707694735,0.7191442997287679,1.0,2.0,0.9333333333333336,False,cooldown active
a26efc1e-2bc9-4639-98c7-9e24b70bd9ad,2026-06-01 00:09:00,9,1,3.0,0.8187734931970366,0.46363738707694735,0.7191442997287679,0.0,1.6666666666666667,1.6000000000000005,False,cooldown active
a26efc1e-2bc9-4639-98c7-9e24b70bd9ad,2026-06-01 00:10:00,10,2,2.0,0.8187734931970366,0.46363738707694735,0.7191442997287679,1.0,0.6666666666666666,1.8000000000000003,False,below within-person threshold
a26efc1e-2bc9-4639-98c7-9e24b70bd9ad,2026-06-01 00:11:00,11,2,3.0,0.8187734931970366,0.46363738707694735,0.7191442997287679,1.0,0.6666666666666666,1.7333333333333334,False,below within-person threshold
a26efc1e-2bc9-4639-98c7-9e24b70bd9ad,2026-06-01 00:12:00,12,2,,0.8187734931970366,0.46363738707694735,0.7191442997287679,,1.0,1.6666666666666667,False,below within-person threshold
a26efc1e-2bc9-4639-98c7-9e24b70bd9ad,2026-06-01 00:13:00,13,2,,0.8187734931970366,0.46363738707694735,0.7191442997287679,,1.0,1.5333333333333339,False,below within-person threshold
a26efc1e-2bc9-4639-98c7-9e24b70bd9ad,2026-06-01 00:14:00,14,2,,0.8187734931970366,0.46363738707694735,0.7191442997287679,,,1.400000000000001,False,missing or insufficient EMA data
a26efc1e-2bc9-4639-98c7-9e24b70bd9ad,2026-06-01 00:15:00,15,3,3.0,0.8187734931970366,0.46363738707694735,0.7191442997287679,,,1.400000000000001,False,missing or insufficient EMA data
a26efc1e-2bc9-4639-98c7-9e24b70bd9ad,2026-06-01 00:16:00,16,3,3.0,0.8187734931970366,0.46363738707694735,0.7191442997287679,0.0,0.0,1.400000000000001,False,below within-person threshold
a26efc1e-2bc9-4639-98c7-9e24b70bd9ad,2026-06-01 00:17:00,17,3,3.0,0.8187734931970366,0.46363738707694735,0.7191442997287679,0.0,0.0,1.2666666666666668,False,below within-person threshold
a26efc1e-2bc9-4639-98c7-9e24b70bd9ad,2026-06-01 00:18:00,18,3,4.0,0.8187734931970366,0.46363738707694735,0.7191442997287679,1.0,0.3333333333333333,1.133333333333334,False,below within-person threshold
a26efc1e-2bc9-4639-98c7-9e24b70bd9ad,2026-06-01 00:19:00,19,3,4.0,0.8187734931970366,0.46363738707694735,0.7191442997287679,0.0,0.3333333333333333,1.0,False,below within-person threshold
a26efc1e-2bc9-4639-98c7-9e24b70bd9ad,2026-06-01 00:20:00,20,4,5.0,0.8187734931970366,0.46363738707694735,0.7191442997287679,1.0,0.6666666666666666,1.0,False,below within-person threshold
a26efc1e-2bc9-4639-98c7-9e24b70bd9ad,2026-06-01 00:21:00,21,4,2.0,0.8187734931970366,0.46363738707694735,0.7191442997287679,9.0,3.3333333333333335,1.0,False,cooldown active
a26efc1e-2bc9-4639-98c7-9e24b70bd9ad,2026-06-01 00:22:00,22,4,2.0,0.8187734931970366,0.46363738707694735,0.7191442997287679,0.0,3.3333333333333335,1.2666666666666668,False,cooldown active
a26efc1e-2bc9-4639-98c7-9e24b70bd9ad,2026-06-01 00:23:00,23,4,2.0,0.8187734931970366,0.46363738707694735,0.7191442997287679,0.0,3.0,1.7333333333333338,False,cooldown active
a26efc1e-2bc9-4639-98c7-9e24b70bd9ad,2026-06-01 00:24:00,24,4,3.0,0.8187734931970366,0.46363738707694735,0.7191442997287679,1.0,0.3333333333333333,2.0,False,below within-person threshold
a26efc1e-2bc9-4639-98c7-9e24b70bd9ad,2026-06-01 00:25:00,25,5,2.0,0.8187734931970366,0.46363738707694735,0.7191442997287679,1.0,0.6666666666666666,1.9333333333333336,False,below within-person threshold
a26efc1e-2bc9-4639-98c7-9e24b70bd9ad,2026-06-01 00:26:00,26,5,2.0,0.8187734931970366,0.46363738707694735,0.7191442997287679,0.0,0.6666666666666666,1.8666666666666671,False,below within-person threshold
a26efc1e-2bc9-4639-98c7-9e24b70bd9ad,2026-06-01 00:27:00,27,5,3.0,0.8187734931970366,0.46363738707694735,0.7191442997287679,1.0,0.6666666666666666,1.8000000000000007,False,below within-person threshold
a26efc1e-2bc9-4639-98c7-9e24b70bd9ad,2026-06-01 00:28:00,28,5,2.0,0.8187734931970366,0.46363738707694735,0.7191442997287679,1.0,0.6666666666666666,1.7333333333333343,False,below within-person threshold
a26efc1e-2bc9-4639-98c7-9e24b70bd9ad,2026-06-01 00:29:00,29,5,4.0,0.8187734931970366,0.46363738707694735,0.7191442997287679,4.0,2.0,1.6666666666666667,False,cooldown active
a26efc1e-2bc9-4639-98c7-9e24b70bd9ad,2026-06-01 00:30:00,30,6,4.0,0.8187734931970366,0.46363738707694735,0.7191442997287679,0.0,1.6666666666666667,1.9333333333333336,False,below within-person threshold
a26efc1e-2bc9-4639-98c7-9e24b70bd9ad,2026-06-01 00:31:00,31,6,3.0,0.8187734931970366,0.46363738707694735,0.7191442997287679,1.0,1.6666666666666667,1.8666666666666671,False,below within-person threshold
a26efc1e-2bc9-4639-98c7-9e24b70bd9ad,2026-06-01 00:32:00,32,6,3.0,0.8187734931970366,0.46363738707694735,0.7191442997287679,0.0,0.3333333333333333,1.8000000000000007,False,below within-person threshold
a26efc1e-2bc9-4639-98c7-9e24b70bd9ad,2026-06-01 00:33:00,33,6,3.0,0.8187734931970366,0.46363738707694735,0.7191442997287679,0.0,0.3333333333333333,1.7333333333333343,False,below within-person threshold
a26efc1e-2bc9-4639-98c7-9e24b70bd9ad,2026-06-01 00:34:00,34,6,3.0,0.8187734931970366,0.46363738707694735,0.7191442997287679,0.0,0.0,1.6666666666666667,False,below within-person threshold
a5704e8e-78bd-4741-b30c-958e8bb2e9ee,2026-06-01 00:00:00,0,0,1.0,1.1806675238945261,0.48380724835269695,1.439120409906831,,,,False,missing or insufficient EMA data
a5704e8e-78bd-4741-b30c-958e8bb2e9ee,2026-06-01 00:01:00,1,0,2.0,1.1806675238945261,0.48380724835269695,1.439120409906831,1.0,1.0,,False,insufficient within-person history
a5704e8e-78bd-4741-b30c-958e8bb2e9ee,2026-06-01 00:02:00,2,0,4.0,1.1806675238945261,0.48380724835269695,1.439120409906831,4.0,2.5,,False,insufficient within-person history
a5704e8e-78bd-4741-b30c-958e8bb2e9ee,2026-06-01 00:03:00,3,0,3.0,1.1806675238945261,0.48380724835269695,1.439120409906831,1.0,2.0,,False,insufficient within-person history
a5704e8e-78bd-4741-b30c-958e8bb2e9ee,2026-06-01 00:04:00,4,0,4.0,1.1806675238945261,0.48380724835269695,1.439120409906831,1.0,2.0,2.3,False,below within-person threshold
a5704e8e-78bd-4741-b30c-958e8bb2e9ee,2026-06-01 00:05:00,5,1,3.0,1.1806675238945261,0.48380724835269695,1.439120409906831,1.0,1.0,2.2,False,below within-person threshold
a5704e8e-78bd-4741-b30c-958e8bb2e9ee,2026-06-01 00:06:00,6,1,3.0,1.1806675238945261,0.48380724835269695,1.439120409906831,0.0,0.6666666666666666,2.1,False,below within-person threshold
a5704e8e-78bd-4741-b30c-958e8bb2e9ee,2026-06-01 00:07:00,7,1,4.0,1.1806675238945261,0.48380724835269695,1.439120409906831,1.0,0.6666666666666666,2.0,False,below within-person threshold
a5704e8e-78bd-4741-b30c-958e8bb2e9ee,2026-06-01 00:08:00,8,1,4.0,1.1806675238945261,0.48380724835269695,1.439120409906831,0.0,0.3333333333333333,2.0,False,below within-person threshold
a5704e8e-78bd-4741-b30c-958e8bb2e9ee,2026-06-01 00:09:00,9,1,4.0,1.1806675238945261,0.48380724835269695,1.439120409906831,0.0,0.3333333333333333,2.0,False,below within-person threshold
a5704e8e-78bd-4741-b30c-958e8bb2e9ee,2026-06-01 00:10:00,10,2,4.0,1.1806675238945261,0.48380724835269695,1.439120409906831,0.0,0.0,2.0,False,below within-person threshold
a5704e8e-78bd-4741-b30c-958e8bb2e9ee,2026-06-01 00:11:00,11,2,3.0,1.1806675238945261,0.48380724835269695,1.439120409906831,1.0,0.3333333333333333,2.0,False,below within-person threshold
a5704e8e-78bd-4741-b30c-958e8bb2e9ee,2026-06-01 00:12:00,12,2,5.0,1.1806675238945261,0.48380724835269695,1.439120409906831,4.0,1.6666666666666667,2.0,False,below within-person threshold
a5704e8e-78bd-4741-b30c-958e8bb2e9ee,2026-06-01 00:13:00,13,2,5.0,1.1806675238945261,0.48380724835269695,1.439120409906831,0.0,1.6666666666666667,1.9333333333333336,False,below within-person threshold
a5704e8e-78bd-4741-b30c-958e8bb2e9ee,2026-06-01 00:14:00,14,2,,1.1806675238945261,0.48380724835269695,1.439120409906831,,2.0,1.8666666666666671,True,prompt sent
a5704e8e-78bd-4741-b30c-958e8bb2e9ee,2026-06-01 00:15:00,15,3,,1.1806675238945261,0.48380724835269695,1.439120409906831,,0.0,2.0,False,below within-person threshold
a5704e8e-78bd-4741-b30c-958e8bb2e9ee,2026-06-01 00:16:00,16,3,,1.1806675238945261,0.48380724835269695,1.439120409906831,,,2.0,False,missing or insufficient EMA data
a5704e8e-78bd-4741-b30c-958e8bb2e9ee,2026-06-01 00:17:00,17,3,2.0,1.1806675238945261,0.48380724835269695,1.439120409906831,,,2.0,False,missing or insufficient EMA data
a5704e8e-78bd-4741-b30c-958e8bb2e9ee,2026-06-01 00:18:00,18,3,3.0,1.1806675238945261,0.48380724835269695,1.439120409906831,1.0,1.0,2.0,False,below within-person threshold
a5704e8e-78bd-4741-b30c-958e8bb2e9ee,2026-06-01 00:19:00,19,3,3.0,1.1806675238945261,0.48380724835269695,1.439120409906831,0.0,0.5,2.0,False,below within-person threshold
a5704e8e-78bd-4741-b30c-958e8bb2e9ee,2026-06-01 00:20:00,20,4,4.0,1.1806675238945261,0.48380724835269695,1.439120409906831,1.0,0.6666666666666666,1.9333333333333336,False,below within-person threshold
a5704e8e-78bd-4741-b30c-958e8bb2e9ee,2026-06-01 00:21:00,21,4,5.0,1.1806675238945261,0.48380724835269695,1.439120409906831,1.0,0.6666666666666666,1.8666666666666671,False,below within-person threshold
a5704e8e-78bd-4741-b30c-958e8bb2e9ee,2026-06-01 00:22:00,22,4,5.0,1.1806675238945261,0.48380724835269695,1.439120409906831,0.0,0.6666666666666666,1.8000000000000003,False,below within-person threshold
a5704e8e-78bd-4741-b30c-958e8bb2e9ee,2026-06-01 00:23:00,23,4,4.0,1.1806675238945261,0.48380724835269695,1.439120409906831,1.0,0.6666666666666666,1.7333333333333338,False,below within-person threshold
a5704e8e-78bd-4741-b30c-958e8bb2e9ee,2026-06-01 00:24:00,24,4,5.0,1.1806675238945261,0.48380724835269695,1.439120409906831,1.0,0.6666666666666666,1.6666666666666667,False,below within-person threshold
a5704e8e-78bd-4741-b30c-958e8bb2e9ee,2026-06-01 00:25:00,25,5,,1.1806675238945261,0.48380724835269695,1.439120409906831,,1.0,1.6666666666666667,False,below within-person threshold
a5704e8e-78bd-4741-b30c-958e8bb2e9ee,2026-06-01 00:26:00,26,5,,1.1806675238945261,0.48380724835269695,1.439120409906831,,1.0,1.6666666666666667,False,below within-person threshold
a5704e8e-78bd-4741-b30c-958e8bb2e9ee,2026-06-01 00:27:00,27,5,5.0,1.1806675238945261,0.48380724835269695,1.439120409906831,,,1.6666666666666667,False,missing or insufficient EMA data
a5704e8e-78bd-4741-b30c-958e8bb2e9ee,2026-06-01 00:28:00,28,5,5.0,1.1806675238945261,0.48380724835269695,1.439120409906831,0.0,0.0,1.6666666666666667,False,below within-person threshold
a5704e8e-78bd-4741-b30c-958e8bb2e9ee,2026-06-01 00:29:00,29,5,4.0,1.1806675238945261,0.48380724835269695,1.439120409906831,1.0,0.5,1.6666666666666667,False,below within-person threshold
a5704e8e-78bd-4741-b30c-958e8bb2e9ee,2026-06-01 00:30:00,30,6,4.0,1.1806675238945261,0.48380724835269695,1.439120409906831,0.0,0.3333333333333333,1.6666666666666667,False,below within-person threshold
a5704e8e-78bd-4741-b30c-958e8bb2e9ee,2026-06-01 00:31:00,31,6,3.0,1.1806675238945261,0.48380724835269695,1.439120409906831,1.0,0.6666666666666666,1.5333333333333339,False,below within-person threshold
a5704e8e-78bd-4741-b30c-958e8bb2e9ee,2026-06-01 00:32:00,32,6,2.0,1.1806675238945261,0.48380724835269695,1.439120409906831,1.0,0.6666666666666666,1.400000000000001,False,below within-person threshold
a5704e8e-78bd-4741-b30c-958e8bb2e9ee,2026-06-01 00:33:00,33,6,3.0,1.1806675238945261,0.48380724835269695,1.439120409906831,1.0,1.0,1.2666666666666682,False,below within-person threshold
a5704e8e-78bd-4741-b30c-958e8bb2e9ee,2026-06-01 00:34:00,34,6,3.0,1.1806675238945261,0.48380724835269695,1.439120409906831,0.0,0.6666666666666666,1.1333333333333353,False,below within-person threshold
a7629e71-eee5-4307-8419-695e7ca91da8,2026-06-01 00:00:00,0,0,,0.3535258316114942,0.540365260888824,0.11489077154029212,,,,False,missing or insufficient EMA data
a7629e71-eee5-4307-8419-695e7ca91da8,2026-06-01 00:01:00,1,0,2.0,0.3535258316114942,0.540365260888824,0.11489077154029212,,,,False,missing or insufficient EMA data
a7629e71-eee5-4307-8419-695e7ca91da8,2026-06-01 00:02:00,2,0,3.0,0.3535258316114942,0.540365260888824,0.11489077154029212,1.0,1.0,,False,insufficient within-person history
a7629e71-eee5-4307-8419-695e7ca91da8,2026-06-01 00:03:00,3,0,3.0,0.3535258316114942,0.540365260888824,0.11489077154029212,0.0,0.5,,False,insufficient within-person history
a7629e71-eee5-4307-8419-695e7ca91da8,2026-06-01 00:04:00,4,0,3.0,0.3535258316114942,0.540365260888824,0.11489077154029212,0.0,0.3333333333333333,,False,insufficient within-person history
a7629e71-eee5-4307-8419-695e7ca91da8,2026-06-01 00:05:00,5,1,2.0,0.3535258316114942,0.540365260888824,0.11489077154029212,1.0,0.3333333333333333,0.8,False,below within-person threshold
a7629e71-eee5-4307-8419-695e7ca91da8,2026-06-01 00:06:00,6,1,2.0,0.3535258316114942,0.540365260888824,0.11489077154029212,0.0,0.3333333333333333,0.7000000000000002,False,below within-person threshold
a7629e71-eee5-4307-8419-695e7ca91da8,2026-06-01 00:07:00,7,1,3.0,0.3535258316114942,0.540365260888824,0.11489077154029212,1.0,0.6666666666666666,0.6000000000000001,True,prompt sent
a7629e71-eee5-4307-8419-695e7ca91da8,2026-06-01 00:08:00,8,1,3.0,0.3535258316114942,0.540365260888824,0.11489077154029212,0.0,0.3333333333333333,0.6666666666666666,False,below within-person threshold
a7629e71-eee5-4307-8419-695e7ca91da8,2026-06-01 00:09:00,9,1,3.0,0.3535258316114942,0.540365260888824,0.11489077154029212,0.0,0.3333333333333333,0.6333333333333334,False,below within-person threshold
a7629e71-eee5-4307-8419-695e7ca91da8,2026-06-01 00:10:00,10,2,3.0,0.3535258316114942,0.540365260888824,0.11489077154029212,0.0,0.0,0.6000000000000001,False,below within-person threshold
a7629e71-eee5-4307-8419-695e7ca91da8,2026-06-01 00:11:00,11,2,,0.3535258316114942,0.540365260888824,0.11489077154029212,,0.0,0.5666666666666668,False,below within-person threshold
a7629e71-eee5-4307-8419-695e7ca91da8,2026-06-01 00:12:00,12,2,,0.3535258316114942,0.540365260888824,0.11489077154029212,,0.0,0.5333333333333333,False,below within-person threshold
a7629e71-eee5-4307-8419-695e7ca91da8,2026-06-01 00:13:00,13,2,,0.3535258316114942,0.540365260888824,0.11489077154029212,,,0.5,False,missing or insufficient EMA data
a7629e71-eee5-4307-8419-695e7ca91da8,2026-06-01 00:14:00,14,2,,0.3535258316114942,0.540365260888824,0.11489077154029212,,,0.5,False,missing or insufficient EMA data
a7629e71-eee5-4307-8419-695e7ca91da8,2026-06-01 00:15:00,15,3,,0.3535258316114942,0.540365260888824,0.11489077154029212,,,0.5,False,missing or insufficient EMA data
a7629e71-eee5-4307-8419-695e7ca91da8,2026-06-01 00:16:00,16,3,,0.3535258316114942,0.540365260888824,0.11489077154029212,,,0.5,False,missing or insufficient EMA data
a7629e71-eee5-4307-8419-695e7ca91da8,2026-06-01 00:17:00,17,3,,0.3535258316114942,0.540365260888824,0.11489077154029212,,,0.5,False,missing or insufficient EMA data
a7629e71-eee5-4307-8419-695e7ca91da8,2026-06-01 00:18:00,18,3,,0.3535258316114942,0.540365260888824,0.11489077154029212,,,0.5,False,missing or insufficient EMA data
a7629e71-eee5-4307-8419-695e7ca91da8,2026-06-01 00:19:00,19,3,,0.3535258316114942,0.540365260888824,0.11489077154029212,,,0.5,False,missing or insufficient EMA data
a7629e71-eee5-4307-8419-695e7ca91da8,2026-06-01 00:20:00,20,4,,0.3535258316114942,0.540365260888824,0.11489077154029212,,,0.5,False,missing or insufficient EMA data
a7629e71-eee5-4307-8419-695e7ca91da8,2026-06-01 00:21:00,21,4,,0.3535258316114942,0.540365260888824,0.11489077154029212,,,0.5,False,missing or insufficient EMA data
a7629e71-eee5-4307-8419-695e7ca91da8,2026-06-01 00:22:00,22,4,3.0,0.3535258316114942,0.540365260888824,0.11489077154029212,,,0.5,False,missing or insufficient EMA data
a7629e71-eee5-4307-8419-695e7ca91da8,2026-06-01 00:23:00,23,4,3.0,0.3535258316114942,0.540365260888824,0.11489077154029212,0.0,0.0,0.5,False,below within-person threshold
a7629e71-eee5-4307-8419-695e7ca91da8,2026-06-01 00:24:00,24,4,3.0,0.3535258316114942,0.540365260888824,0.11489077154029212,0.0,0.0,0.4666666666666668,False,below within-person threshold
a7629e71-eee5-4307-8419-695e7ca91da8,2026-06-01 00:25:00,25,5,3.0,0.3535258316114942,0.540365260888824,0.11489077154029212,0.0,0.0,0.43333333333333357,False,below within-person threshold
a7629e71-eee5-4307-8419-695e7ca91da8,2026-06-01 00:26:00,26,5,,0.3535258316114942,0.540365260888824,0.11489077154029212,,0.0,0.4,False,below within-person threshold
a7629e71-eee5-4307-8419-695e7ca91da8,2026-06-01 00:27:00,27,5,,0.3535258316114942,0.540365260888824,0.11489077154029212,,0.0,0.3666666666666668,False,below within-person threshold
a7629e71-eee5-4307-8419-695e7ca91da8,2026-06-01 00:28:00,28,5,,0.3535258316114942,0.540365260888824,0.11489077154029212,,,0.3333333333333333,False,missing or insufficient EMA data
a7629e71-eee5-4307-8419-695e7ca91da8,2026-06-01 00:29:00,29,5,,0.3535258316114942,0.540365260888824,0.11489077154029212,,,0.3333333333333333,False,missing or insufficient EMA data
a7629e71-eee5-4307-8419-695e7ca91da8,2026-06-01 00:30:00,30,6,3.0,0.3535258316114942,0.540365260888824,0.11489077154029212,,,0.3333333333333333,False,missing or insufficient EMA data
a7629e71-eee5-4307-8419-695e7ca91da8,2026-06-01 00:31:00,31,6,2.0,0.3535258316114942,0.540365260888824,0.11489077154029212,1.0,1.0,0.3333333333333333,False,cooldown active
a7629e71-eee5-4307-8419-695e7ca91da8,2026-06-01 00:32:00,32,6,2.0,0.3535258316114942,0.540365260888824,0.11489077154029212,0.0,0.5,0.4666666666666668,False,cooldown active
a7629e71-eee5-4307-8419-695e7ca91da8,2026-06-01 00:33:00,33,6,,0.3535258316114942,0.540365260888824,0.11489077154029212,,0.5,0.5,False,below within-person threshold
a7629e71-eee5-4307-8419-695e7ca91da8,2026-06-01 00:34:00,34,6,3.0,0.3535258316114942,0.540365260888824,0.11489077154029212,,0.0,0.5,False,below within-person threshold
aaf02c8d-5c9e-472c-b495-0980d62cc6dd,2026-06-01 00:00:00,0,0,5.0,1.0456221665357022,0.5949585070336354,0.8856845599264094,,,,False,missing or insufficient EMA data
aaf02c8d-5c9e-472c-b495-0980d62cc6dd,2026-06-01 00:01:00,1,0,3.0,1.0456221665357022,0.5949585070336354,0.8856845599264094,4.0,4.0,,False,insufficient within-person history
aaf02c8d-5c9e-472c-b495-0980d62cc6dd,2026-06-01 00:02:00,2,0,4.0,1.0456221665357022,0.5949585070336354,0.8856845599264094,1.0,2.5,,False,insufficient within-person history
aaf02c8d-5c9e-472c-b495-0980d62cc6dd,2026-06-01 00:03:00,3,0,3.0,1.0456221665357022,0.5949585070336354,0.8856845599264094,1.0,2.0,,False,insufficient within-person history
aaf02c8d-5c9e-472c-b495-0980d62cc6dd,2026-06-01 00:04:00,4,0,2.0,1.0456221665357022,0.5949585070336354,0.8856845599264094,1.0,1.0,3.4000000000000004,False,below within-person threshold
aaf02c8d-5c9e-472c-b495-0980d62cc6dd,2026-06-01 00:05:00,5,1,2.0,1.0456221665357022,0.5949585070336354,0.8856845599264094,0.0,0.6666666666666666,3.1000000000000005,False,below within-person threshold
aaf02c8d-5c9e-472c-b495-0980d62cc6dd,2026-06-01 00:06:00,6,1,,1.0456221665357022,0.5949585070336354,0.8856845599264094,,0.5,2.8000000000000003,False,below within-person threshold
aaf02c8d-5c9e-472c-b495-0980d62cc6dd,2026-06-01 00:07:00,7,1,,1.0456221665357022,0.5949585070336354,0.8856845599264094,,0.0,2.5,False,below within-person threshold
aaf02c8d-5c9e-472c-b495-0980d62cc6dd,2026-06-01 00:08:00,8,1,,1.0456221665357022,0.5949585070336354,0.8856845599264094,,,2.4000000000000004,False,missing or insufficient EMA data
aaf02c8d-5c9e-472c-b495-0980d62cc6dd,2026-06-01 00:09:00,9,1,,1.0456221665357022,0.5949585070336354,0.8856845599264094,,,2.4000000000000004,False,missing or insufficient EMA data
aaf02c8d-5c9e-472c-b495-0980d62cc6dd,2026-06-01 00:10:00,10,2,,1.0456221665357022,0.5949585070336354,0.8856845599264094,,,2.4000000000000004,False,missing or insufficient EMA data
aaf02c8d-5c9e-472c-b495-0980d62cc6dd,2026-06-01 00:11:00,11,2,,1.0456221665357022,0.5949585070336354,0.8856845599264094,,,2.4000000000000004,False,missing or insufficient EMA data
aaf02c8d-5c9e-472c-b495-0980d62cc6dd,2026-06-01 00:12:00,12,2,,1.0456221665357022,0.5949585070336354,0.8856845599264094,,,2.4000000000000004,False,missing or insufficient EMA data
aaf02c8d-5c9e-472c-b495-0980d62cc6dd,2026-06-01 00:13:00,13,2,4.0,1.0456221665357022,0.5949585070336354,0.8856845599264094,,,2.4000000000000004,False,missing or insufficient EMA data
aaf02c8d-5c9e-472c-b495-0980d62cc6dd,2026-06-01 00:14:00,14,2,,1.0456221665357022,0.5949585070336354,0.8856845599264094,,,2.4000000000000004,False,missing or insufficient EMA data
aaf02c8d-5c9e-472c-b495-0980d62cc6dd,2026-06-01 00:15:00,15,3,,1.0456221665357022,0.5949585070336354,0.8856845599264094,,,2.4000000000000004,False,missing or insufficient EMA data
aaf02c8d-5c9e-472c-b495-0980d62cc6dd,2026-06-01 00:16:00,16,3,,1.0456221665357022,0.5949585070336354,0.8856845599264094,,,2.4000000000000004,False,missing or insufficient EMA data
aaf02c8d-5c9e-472c-b495-0980d62cc6dd,2026-06-01 00:17:00,17,3,,1.0456221665357022,0.5949585070336354,0.8856845599264094,,,2.4000000000000004,False,missing or insufficient EMA data
aaf02c8d-5c9e-472c-b495-0980d62cc6dd,2026-06-01 00:18:00,18,3,3.0,1.0456221665357022,0.5949585070336354,0.8856845599264094,,,2.4000000000000004,False,missing or insufficient EMA data
aaf02c8d-5c9e-472c-b495-0980d62cc6dd,2026-06-01 00:19:00,19,3,3.0,1.0456221665357022,0.5949585070336354,0.8856845599264094,0.0,0.0,2.4000000000000004,False,below within-person threshold
aaf02c8d-5c9e-472c-b495-0980d62cc6dd,2026-06-01 00:20:00,20,4,2.0,1.0456221665357022,0.5949585070336354,0.8856845599264094,1.0,0.5,2.3000000000000003,False,below within-person threshold
aaf02c8d-5c9e-472c-b495-0980d62cc6dd,2026-06-01 00:21:00,21,4,3.0,1.0456221665357022,0.5949585070336354,0.8856845599264094,1.0,0.6666666666666666,2.2,False,below within-person threshold
aaf02c8d-5c9e-472c-b495-0980d62cc6dd,2026-06-01 00:22:00,22,4,4.0,1.0456221665357022,0.5949585070336354,0.8856845599264094,1.0,1.0,2.1,False,below within-person threshold
aaf02c8d-5c9e-472c-b495-0980d62cc6dd,2026-06-01 00:23:00,23,4,,1.0456221665357022,0.5949585070336354,0.8856845599264094,,1.0,2.0,False,below within-person threshold
aaf02c8d-5c9e-472c-b495-0980d62cc6dd,2026-06-01 00:24:00,24,4,5.0,1.0456221665357022,0.5949585070336354,0.8856845599264094,,1.0,1.8000000000000007,False,below within-person threshold
aaf02c8d-5c9e-472c-b495-0980d62cc6dd,2026-06-01 00:25:00,25,5,5.0,1.0456221665357022,0.5949585070336354,0.8856845599264094,0.0,0.0,1.6000000000000014,False,below within-person threshold
aaf02c8d-5c9e-472c-b495-0980d62cc6dd,2026-06-01 00:26:00,26,5,5.0,1.0456221665357022,0.5949585070336354,0.8856845599264094,0.0,0.0,1.4000000000000004,False,below within-person threshold
aaf02c8d-5c9e-472c-b495-0980d62cc6dd,2026-06-01 00:27:00,27,5,3.0,1.0456221665357022,0.5949585070336354,0.8856845599264094,4.0,1.3333333333333333,1.200000000000001,True,prompt sent
aaf02c8d-5c9e-472c-b495-0980d62cc6dd,2026-06-01 00:28:00,28,5,4.0,1.0456221665357022,0.5949585070336354,0.8856845599264094,1.0,1.6666666666666667,1.3333333333333333,False,cooldown active
aaf02c8d-5c9e-472c-b495-0980d62cc6dd,2026-06-01 00:29:00,29,5,5.0,1.0456221665357022,0.5949585070336354,0.8856845599264094,1.0,2.0,1.6000000000000003,False,cooldown active
aaf02c8d-5c9e-472c-b495-0980d62cc6dd,2026-06-01 00:30:00,30,6,4.0,1.0456221665357022,0.5949585070336354,0.8856845599264094,1.0,1.0,1.8666666666666671,False,below within-person threshold
aaf02c8d-5c9e-472c-b495-0980d62cc6dd,2026-06-01 00:31:00,31,6,,1.0456221665357022,0.5949585070336354,0.8856845599264094,,1.0,1.8000000000000003,False,below within-person threshold
aaf02c8d-5c9e-472c-b495-0980d62cc6dd,2026-06-01 00:32:00,32,6,,1.0456221665357022,0.5949585070336354,0.8856845599264094,,1.0,1.7333333333333338,False,below within-person threshold
aaf02c8d-5c9e-472c-b495-0980d62cc6dd,2026-06-01 00:33:00,33,6,,1.0456221665357022,0.5949585070336354,0.8856845599264094,,,1.6666666666666667,False,missing or insufficient EMA data
aaf02c8d-5c9e-472c-b495-0980d62cc6dd,2026-06-01 00:34:00,34,6,,1.0456221665357022,0.5949585070336354,0.8856845599264094,,,1.6666666666666667,False,missing or insufficient EMA data
aeb33379-dfdb-4806-b193-01d47deb09f9,2026-06-01 00:00:00,0,0,4.0,0.9248651402183037,0.5734828976243086,0.7296645829424024,,,,False,missing or insufficient EMA data
aeb33379-dfdb-4806-b193-01d47deb09f9,2026-06-01 00:01:00,1,0,3.0,0.9248651402183037,0.5734828976243086,0.7296645829424024,1.0,1.0,,False,insufficient within-person history
aeb33379-dfdb-4806-b193-01d47deb09f9,2026-06-01 00:02:00,2,0,3.0,0.9248651402183037,0.5734828976243086,0.7296645829424024,0.0,0.5,,False,insufficient within-person history
aeb33379-dfdb-4806-b193-01d47deb09f9,2026-06-01 00:03:00,3,0,3.0,0.9248651402183037,0.5734828976243086,0.7296645829424024,0.0,0.3333333333333333,,False,insufficient within-person history
aeb33379-dfdb-4806-b193-01d47deb09f9,2026-06-01 00:04:00,4,0,4.0,0.9248651402183037,0.5734828976243086,0.7296645829424024,1.0,0.3333333333333333,0.8,False,below within-person threshold
aeb33379-dfdb-4806-b193-01d47deb09f9,2026-06-01 00:05:00,5,1,4.0,0.9248651402183037,0.5734828976243086,0.7296645829424024,0.0,0.3333333333333333,0.7000000000000002,False,below within-person threshold
aeb33379-dfdb-4806-b193-01d47deb09f9,2026-06-01 00:06:00,6,1,,0.9248651402183037,0.5734828976243086,0.7296645829424024,,0.5,0.6000000000000001,False,below within-person threshold
aeb33379-dfdb-4806-b193-01d47deb09f9,2026-06-01 00:07:00,7,1,5.0,0.9248651402183037,0.5734828976243086,0.7296645829424024,,0.0,0.5,False,below within-person threshold
aeb33379-dfdb-4806-b193-01d47deb09f9,2026-06-01 00:08:00,8,1,5.0,0.9248651402183037,0.5734828976243086,0.7296645829424024,0.0,0.0,0.5,False,below within-person threshold
aeb33379-dfdb-4806-b193-01d47deb09f9,2026-06-01 00:09:00,9,1,4.0,0.9248651402183037,0.5734828976243086,0.7296645829424024,1.0,0.5,0.5,False,below within-person threshold
aeb33379-dfdb-4806-b193-01d47deb09f9,2026-06-01 00:10:00,10,2,4.0,0.9248651402183037,0.5734828976243086,0.7296645829424024,0.0,0.3333333333333333,0.5,False,below within-person threshold
aeb33379-dfdb-4806-b193-01d47deb09f9,2026-06-01 00:11:00,11,2,4.0,0.9248651402183037,0.5734828976243086,0.7296645829424024,0.0,0.3333333333333333,0.5,False,below within-person threshold
aeb33379-dfdb-4806-b193-01d47deb09f9,2026-06-01 00:12:00,12,2,4.0,0.9248651402183037,0.5734828976243086,0.7296645829424024,0.0,0.0,0.5,False,below within-person threshold
aeb33379-dfdb-4806-b193-01d47deb09f9,2026-06-01 00:13:00,13,2,3.0,0.9248651402183037,0.5734828976243086,0.7296645829424024,1.0,0.3333333333333333,0.5,False,below within-person threshold
aeb33379-dfdb-4806-b193-01d47deb09f9,2026-06-01 00:14:00,14,2,2.0,0.9248651402183037,0.5734828976243086,0.7296645829424024,1.0,0.6666666666666666,0.5,True,prompt sent
aeb33379-dfdb-4806-b193-01d47deb09f9,2026-06-01 00:15:00,15,3,3.0,0.9248651402183037,0.5734828976243086,0.7296645829424024,1.0,1.0,0.5,False,cooldown active
aeb33379-dfdb-4806-b193-01d47deb09f9,2026-06-01 00:16:00,16,3,4.0,0.9248651402183037,0.5734828976243086,0.7296645829424024,1.0,1.0,0.5333333333333335,False,cooldown active
aeb33379-dfdb-4806-b193-01d47deb09f9,2026-06-01 00:17:00,17,3,4.0,0.9248651402183037,0.5734828976243086,0.7296645829424024,0.0,0.6666666666666666,0.6666666666666666,False,below within-person threshold
aeb33379-dfdb-4806-b193-01d47deb09f9,2026-06-01 00:18:00,18,3,,0.9248651402183037,0.5734828976243086,0.7296645829424024,,0.5,0.6666666666666666,False,below within-person threshold
aeb33379-dfdb-4806-b193-01d47deb09f9,2026-06-01 00:19:00,19,3,,0.9248651402183037,0.5734828976243086,0.7296645829424024,,0.0,0.6666666666666666,False,below within-person threshold
aeb33379-dfdb-4806-b193-01d47deb09f9,2026-06-01 00:20:00,20,4,,0.9248651402183037,0.5734828976243086,0.7296645829424024,,,0.6666666666666666,False,missing or insufficient EMA data
aeb33379-dfdb-4806-b193-01d47deb09f9,2026-06-01 00:21:00,21,4,3.0,0.9248651402183037,0.5734828976243086,0.7296645829424024,,,0.6666666666666666,False,missing or insufficient EMA data
aeb33379-dfdb-4806-b193-01d47deb09f9,2026-06-01 00:22:00,22,4,5.0,0.9248651402183037,0.5734828976243086,0.7296645829424024,4.0,4.0,0.6666666666666666,False,cooldown active
aeb33379-dfdb-4806-b193-01d47deb09f9,2026-06-01 00:23:00,23,4,4.0,0.9248651402183037,0.5734828976243086,0.7296645829424024,1.0,2.5,0.7333333333333336,False,cooldown active
aeb33379-dfdb-4806-b193-01d47deb09f9,2026-06-01 00:24:00,24,4,,0.9248651402183037,0.5734828976243086,0.7296645829424024,,2.5,1.0,False,cooldown active
aeb33379-dfdb-4806-b193-01d47deb09f9,2026-06-01 00:25:00,25,5,,0.9248651402183037,0.5734828976243086,0.7296645829424024,,1.0,1.0,False,below within-person threshold
aeb33379-dfdb-4806-b193-01d47deb09f9,2026-06-01 00:26:00,26,5,,0.9248651402183037,0.5734828976243086,0.7296645829424024,,,1.0,False,missing or insufficient EMA data
aeb33379-dfdb-4806-b193-01d47deb09f9,2026-06-01 00:27:00,27,5,,0.9248651402183037,0.5734828976243086,0.7296645829424024,,,1.0,False,missing or insufficient EMA data
aeb33379-dfdb-4806-b193-01d47deb09f9,2026-06-01 00:28:00,28,5,,0.9248651402183037,0.5734828976243086,0.7296645829424024,,,1.0,False,missing or insufficient EMA data
aeb33379-dfdb-4806-b193-01d47deb09f9,2026-06-01 00:29:00,29,5,,0.9248651402183037,0.5734828976243086,0.7296645829424024,,,1.0,False,missing or insufficient EMA data
aeb33379-dfdb-4806-b193-01d47deb09f9,2026-06-01 00:30:00,30,6,,0.9248651402183037,0.5734828976243086,0.7296645829424024,,,1.0,False,missing or insufficient EMA data
aeb33379-dfdb-4806-b193-01d47deb09f9,2026-06-01 00:31:00,31,6,,0.9248651402183037,0.5734828976243086,0.7296645829424024,,,1.0,False,missing or insufficient EMA data
aeb33379-dfdb-4806-b193-01d47deb09f9,2026-06-01 00:32:00,32,6,,0.9248651402183037,0.5734828976243086,0.7296645829424024,,,1.0,False,missing or insufficient EMA data
aeb33379-dfdb-4806-b193-01d47deb09f9,2026-06-01 00:33:00,33,6,4.0,0.9248651402183037,0.5734828976243086,0.7296645829424024,,,1.0,False,missing or insufficient EMA data
aeb33379-dfdb-4806-b193-01d47deb09f9,2026-06-01 00:34:00,34,6,4.0,0.9248651402183037,0.5734828976243086,0.7296645829424024,0.0,0.0,1.0,False,below within-person threshold
af446d02-b4d7-4cca-94fa-6f861bc34b35,2026-06-01 00:00:00,0,0,,1.3523065375639811,0.7700247116026971,0.8411267850623465,,,,False,missing or insufficient EMA data
af446d02-b4d7-4cca-94fa-6f861bc34b35,2026-06-01 00:01:00,1,0,1.0,1.3523065375639811,0.7700247116026971,0.8411267850623465,,,,False,missing or insufficient EMA data
af446d02-b4d7-4cca-94fa-6f861bc34b35,2026-06-01 00:02:00,2,0,2.0,1.3523065375639811,0.7700247116026971,0.8411267850623465,1.0,1.0,,False,insufficient within-person history
af446d02-b4d7-4cca-94fa-6f861bc34b35,2026-06-01 00:03:00,3,0,3.0,1.3523065375639811,0.7700247116026971,0.8411267850623465,1.0,1.0,,False,insufficient within-person history
af446d02-b4d7-4cca-94fa-6f861bc34b35,2026-06-01 00:04:00,4,0,2.0,1.3523065375639811,0.7700247116026971,0.8411267850623465,1.0,1.0,,False,insufficient within-person history
af446d02-b4d7-4cca-94fa-6f861bc34b35,2026-06-01 00:05:00,5,1,1.0,1.3523065375639811,0.7700247116026971,0.8411267850623465,1.0,1.0,1.0,False,below within-person threshold
af446d02-b4d7-4cca-94fa-6f861bc34b35,2026-06-01 00:06:00,6,1,,1.3523065375639811,0.7700247116026971,0.8411267850623465,,1.0,1.0,False,below within-person threshold
af446d02-b4d7-4cca-94fa-6f861bc34b35,2026-06-01 00:07:00,7,1,,1.3523065375639811,0.7700247116026971,0.8411267850623465,,1.0,1.0,False,below within-person threshold
af446d02-b4d7-4cca-94fa-6f861bc34b35,2026-06-01 00:08:00,8,1,,1.3523065375639811,0.7700247116026971,0.8411267850623465,,,1.0,False,missing or insufficient EMA data
af446d02-b4d7-4cca-94fa-6f861bc34b35,2026-06-01 00:09:00,9,1,3.0,1.3523065375639811,0.7700247116026971,0.8411267850623465,,,1.0,False,missing or insufficient EMA data
af446d02-b4d7-4cca-94fa-6f861bc34b35,2026-06-01 00:10:00,10,2,2.0,1.3523065375639811,0.7700247116026971,0.8411267850623465,1.0,1.0,1.0,False,below within-person threshold
af446d02-b4d7-4cca-94fa-6f861bc34b35,2026-06-01 00:11:00,11,2,2.0,1.3523065375639811,0.7700247116026971,0.8411267850623465,0.0,0.5,1.0,False,below within-person threshold
af446d02-b4d7-4cca-94fa-6f861bc34b35,2026-06-01 00:12:00,12,2,2.0,1.3523065375639811,0.7700247116026971,0.8411267850623465,0.0,0.3333333333333333,1.0,False,below within-person threshold
af446d02-b4d7-4cca-94fa-6f861bc34b35,2026-06-01 00:13:00,13,2,2.0,1.3523065375639811,0.7700247116026971,0.8411267850623465,0.0,0.0,1.0,False,below within-person threshold
af446d02-b4d7-4cca-94fa-6f861bc34b35,2026-06-01 00:14:00,14,2,3.0,1.3523065375639811,0.7700247116026971,0.8411267850623465,1.0,0.3333333333333333,1.0,False,below within-person threshold
af446d02-b4d7-4cca-94fa-6f861bc34b35,2026-06-01 00:15:00,15,3,4.0,1.3523065375639811,0.7700247116026971,0.8411267850623465,1.0,0.6666666666666666,1.0,False,below within-person threshold
af446d02-b4d7-4cca-94fa-6f861bc34b35,2026-06-01 00:16:00,16,3,,1.3523065375639811,0.7700247116026971,0.8411267850623465,,1.0,1.0,False,below within-person threshold
af446d02-b4d7-4cca-94fa-6f861bc34b35,2026-06-01 00:17:00,17,3,,1.3523065375639811,0.7700247116026971,0.8411267850623465,,1.0,1.0,False,below within-person threshold
af446d02-b4d7-4cca-94fa-6f861bc34b35,2026-06-01 00:18:00,18,3,,1.3523065375639811,0.7700247116026971,0.8411267850623465,,,1.0,False,missing or insufficient EMA data
af446d02-b4d7-4cca-94fa-6f861bc34b35,2026-06-01 00:19:00,19,3,2.0,1.3523065375639811,0.7700247116026971,0.8411267850623465,,,1.0,False,missing or insufficient EMA data
af446d02-b4d7-4cca-94fa-6f861bc34b35,2026-06-01 00:20:00,20,4,,1.3523065375639811,0.7700247116026971,0.8411267850623465,,,1.0,False,missing or insufficient EMA data
af446d02-b4d7-4cca-94fa-6f861bc34b35,2026-06-01 00:21:00,21,4,,1.3523065375639811,0.7700247116026971,0.8411267850623465,,,1.0,False,missing or insufficient EMA data
af446d02-b4d7-4cca-94fa-6f861bc34b35,2026-06-01 00:22:00,22,4,2.0,1.3523065375639811,0.7700247116026971,0.8411267850623465,,,1.0,False,missing or insufficient EMA data
af446d02-b4d7-4cca-94fa-6f861bc34b35,2026-06-01 00:23:00,23,4,1.0,1.3523065375639811,0.7700247116026971,0.8411267850623465,1.0,1.0,1.0,False,below within-person threshold
af446d02-b4d7-4cca-94fa-6f861bc34b35,2026-06-01 00:24:00,24,4,1.0,1.3523065375639811,0.7700247116026971,0.8411267850623465,0.0,0.5,1.0,False,below within-person threshold
af446d02-b4d7-4cca-94fa-6f861bc34b35,2026-06-01 00:25:00,25,5,,1.3523065375639811,0.7700247116026971,0.8411267850623465,,0.5,1.0,False,below within-person threshold
af446d02-b4d7-4cca-94fa-6f861bc34b35,2026-06-01 00:26:00,26,5,,1.3523065375639811,0.7700247116026971,0.8411267850623465,,0.0,1.0,False,below within-person threshold
af446d02-b4d7-4cca-94fa-6f861bc34b35,2026-06-01 00:27:00,27,5,,1.3523065375639811,0.7700247116026971,0.8411267850623465,,,1.0,False,missing or insufficient EMA data
af446d02-b4d7-4cca-94fa-6f861bc34b35,2026-06-01 00:28:00,28,5,1.0,1.3523065375639811,0.7700247116026971,0.8411267850623465,,,1.0,False,missing or insufficient EMA data
af446d02-b4d7-4cca-94fa-6f861bc34b35,2026-06-01 00:29:00,29,5,2.0,1.3523065375639811,0.7700247116026971,0.8411267850623465,1.0,1.0,1.0,False,below within-person threshold
af446d02-b4d7-4cca-94fa-6f861bc34b35,2026-06-01 00:30:00,30,6,2.0,1.3523065375639811,0.7700247116026971,0.8411267850623465,0.0,0.5,1.0,False,below within-person threshold
af446d02-b4d7-4cca-94fa-6f861bc34b35,2026-06-01 00:31:00,31,6,2.0,1.3523065375639811,0.7700247116026971,0.8411267850623465,0.0,0.3333333333333333,1.0,False,below within-person threshold
af446d02-b4d7-4cca-94fa-6f861bc34b35,2026-06-01 00:32:00,32,6,1.0,1.3523065375639811,0.7700247116026971,0.8411267850623465,1.0,0.3333333333333333,1.0,False,below within-person threshold
af446d02-b4d7-4cca-94fa-6f861bc34b35,2026-06-01 00:33:00,33,6,,1.3523065375639811,0.7700247116026971,0.8411267850623465,,0.5,1.0,False,below within-person threshold
af446d02-b4d7-4cca-94fa-6f861bc34b35,2026-06-01 00:34:00,34,6,,1.3523065375639811,0.7700247116026971,0.8411267850623465,,1.0,1.0,False,below within-person threshold
b16686ff-ef72-4ad6-bfdd-27b188284b50,2026-06-01 00:00:00,0,0,,1.014928188035208,0.4596603815378071,1.1131852328638365,,,,False,missing or insufficient EMA data
b16686ff-ef72-4ad6-bfdd-27b188284b50,2026-06-01 00:01:00,1,0,,1.014928188035208,0.4596603815378071,1.1131852328638365,,,,False,missing or insufficient EMA data
b16686ff-ef72-4ad6-bfdd-27b188284b50,2026-06-01 00:02:00,2,0,,1.014928188035208,0.4596603815378071,1.1131852328638365,,,,False,missing or insufficient EMA data
b16686ff-ef72-4ad6-bfdd-27b188284b50,2026-06-01 00:03:00,3,0,3.0,1.014928188035208,0.4596603815378071,1.1131852328638365,,,,False,missing or insufficient EMA data
b16686ff-ef72-4ad6-bfdd-27b188284b50,2026-06-01 00:04:00,4,0,2.0,1.014928188035208,0.4596603815378071,1.1131852328638365,1.0,1.0,,False,insufficient within-person history
b16686ff-ef72-4ad6-bfdd-27b188284b50,2026-06-01 00:05:00,5,1,3.0,1.014928188035208,0.4596603815378071,1.1131852328638365,1.0,1.0,,False,insufficient within-person history
b16686ff-ef72-4ad6-bfdd-27b188284b50,2026-06-01 00:06:00,6,1,4.0,1.014928188035208,0.4596603815378071,1.1131852328638365,1.0,1.0,,False,insufficient within-person history
b16686ff-ef72-4ad6-bfdd-27b188284b50,2026-06-01 00:07:00,7,1,4.0,1.014928188035208,0.4596603815378071,1.1131852328638365,0.0,0.6666666666666666,1.0,False,below within-person threshold
b16686ff-ef72-4ad6-bfdd-27b188284b50,2026-06-01 00:08:00,8,1,,1.014928188035208,0.4596603815378071,1.1131852328638365,,0.5,1.0,False,below within-person threshold
b16686ff-ef72-4ad6-bfdd-27b188284b50,2026-06-01 00:09:00,9,1,,1.014928188035208,0.4596603815378071,1.1131852328638365,,0.0,1.0,False,below within-person threshold
b16686ff-ef72-4ad6-bfdd-27b188284b50,2026-06-01 00:10:00,10,2,,1.014928188035208,0.4596603815378071,1.1131852328638365,,,1.0,False,missing or insufficient EMA data
b16686ff-ef72-4ad6-bfdd-27b188284b50,2026-06-01 00:11:00,11,2,2.0,1.014928188035208,0.4596603815378071,1.1131852328638365,,,1.0,False,missing or insufficient EMA data
b16686ff-ef72-4ad6-bfdd-27b188284b50,2026-06-01 00:12:00,12,2,4.0,1.014928188035208,0.4596603815378071,1.1131852328638365,4.0,4.0,1.0,True,prompt sent
b16686ff-ef72-4ad6-bfdd-27b188284b50,2026-06-01 00:13:00,13,2,4.0,1.014928188035208,0.4596603815378071,1.1131852328638365,0.0,2.0,1.0,False,cooldown active
b16686ff-ef72-4ad6-bfdd-27b188284b50,2026-06-01 00:14:00,14,2,4.0,1.014928188035208,0.4596603815378071,1.1131852328638365,0.0,1.3333333333333333,1.6000000000000005,False,below within-person threshold
b16686ff-ef72-4ad6-bfdd-27b188284b50,2026-06-01 00:15:00,15,3,4.0,1.014928188035208,0.4596603815378071,1.1131852328638365,0.0,0.0,1.6,False,below within-person threshold
b16686ff-ef72-4ad6-bfdd-27b188284b50,2026-06-01 00:16:00,16,3,4.0,1.014928188035208,0.4596603815378071,1.1131852328638365,0.0,0.0,1.4666666666666668,False,below within-person threshold
b16686ff-ef72-4ad6-bfdd-27b188284b50,2026-06-01 00:17:00,17,3,3.0,1.014928188035208,0.4596603815378071,1.1131852328638365,1.0,0.3333333333333333,1.3333333333333333,False,below within-person threshold
b16686ff-ef72-4ad6-bfdd-27b188284b50,2026-06-01 00:18:00,18,3,,1.014928188035208,0.4596603815378071,1.1131852328638365,,0.5,1.2666666666666668,False,below within-person threshold
b16686ff-ef72-4ad6-bfdd-27b188284b50,2026-06-01 00:19:00,19,3,3.0,1.014928188035208,0.4596603815378071,1.1131852328638365,,1.0,1.2000000000000004,False,below within-person threshold
b16686ff-ef72-4ad6-bfdd-27b188284b50,2026-06-01 00:20:00,20,4,2.0,1.014928188035208,0.4596603815378071,1.1131852328638365,1.0,1.0,1.1333333333333335,False,below within-person threshold
b16686ff-ef72-4ad6-bfdd-27b188284b50,2026-06-01 00:21:00,21,4,3.0,1.014928188035208,0.4596603815378071,1.1131852328638365,1.0,1.0,1.066666666666667,False,below within-person threshold
b16686ff-ef72-4ad6-bfdd-27b188284b50,2026-06-01 00:22:00,22,4,2.0,1.014928188035208,0.4596603815378071,1.1131852328638365,1.0,1.0,1.0,False,below within-person threshold
b16686ff-ef72-4ad6-bfdd-27b188284b50,2026-06-01 00:23:00,23,4,3.0,1.014928188035208,0.4596603815378071,1.1131852328638365,1.0,1.0,1.0,False,below within-person threshold
b16686ff-ef72-4ad6-bfdd-27b188284b50,2026-06-01 00:24:00,24,4,2.0,1.014928188035208,0.4596603815378071,1.1131852328638365,1.0,1.0,1.0,False,below within-person threshold
b16686ff-ef72-4ad6-bfdd-27b188284b50,2026-06-01 00:25:00,25,5,3.0,1.014928188035208,0.4596603815378071,1.1131852328638365,1.0,1.0,1.0,False,below within-person threshold
b16686ff-ef72-4ad6-bfdd-27b188284b50,2026-06-01 00:26:00,26,5,5.0,1.014928188035208,0.4596603815378071,1.1131852328638365,4.0,2.0,1.0,False,cooldown active
b16686ff-ef72-4ad6-bfdd-27b188284b50,2026-06-01 00:27:00,27,5,,1.014928188035208,0.4596603815378071,1.1131852328638365,,2.5,1.0,False,cooldown active
b16686ff-ef72-4ad6-bfdd-27b188284b50,2026-06-01 00:28:00,28,5,,1.014928188035208,0.4596603815378071,1.1131852328638365,,4.0,1.2666666666666668,False,cooldown active
b16686ff-ef72-4ad6-bfdd-27b188284b50,2026-06-01 00:29:00,29,5,,1.014928188035208,0.4596603815378071,1.1131852328638365,,,1.7333333333333343,False,missing or insufficient EMA data
b16686ff-ef72-4ad6-bfdd-27b188284b50,2026-06-01 00:30:00,30,6,3.0,1.014928188035208,0.4596603815378071,1.1131852328638365,,,1.7333333333333343,False,missing or insufficient EMA data
b16686ff-ef72-4ad6-bfdd-27b188284b50,2026-06-01 00:31:00,31,6,4.0,1.014928188035208,0.4596603815378071,1.1131852328638365,1.0,1.0,1.7333333333333343,False,below within-person threshold
b16686ff-ef72-4ad6-bfdd-27b188284b50,2026-06-01 00:32:00,32,6,3.0,1.014928188035208,0.4596603815378071,1.1131852328638365,1.0,1.0,1.6000000000000014,False,below within-person threshold
b16686ff-ef72-4ad6-bfdd-27b188284b50,2026-06-01 00:33:00,33,6,3.0,1.014928188035208,0.4596603815378071,1.1131852328638365,0.0,0.6666666666666666,1.4666666666666686,False,below within-person threshold
b16686ff-ef72-4ad6-bfdd-27b188284b50,2026-06-01 00:34:00,34,6,3.0,1.014928188035208,0.4596603815378071,1.1131852328638365,0.0,0.3333333333333333,1.3333333333333333,False,below within-person threshold
b1dd2886-1a02-4623-a2b2-70f2f52fa76d,2026-06-01 00:00:00,0,0,2.0,0.9614063469603782,0.2707217378674068,1.3481469516591862,,,,False,missing or insufficient EMA data
b1dd2886-1a02-4623-a2b2-70f2f52fa76d,2026-06-01 00:01:00,1,0,4.0,0.9614063469603782,0.2707217378674068,1.3481469516591862,4.0,4.0,,False,insufficient within-person history
b1dd2886-1a02-4623-a2b2-70f2f52fa76d,2026-06-01 00:02:00,2,0,3.0,0.9614063469603782,0.2707217378674068,1.3481469516591862,1.0,2.5,,False,insufficient within-person history
b1dd2886-1a02-4623-a2b2-70f2f52fa76d,2026-06-01 00:03:00,3,0,3.0,0.9614063469603782,0.2707217378674068,1.3481469516591862,0.0,1.6666666666666667,,False,insufficient within-person history
b1dd2886-1a02-4623-a2b2-70f2f52fa76d,2026-06-01 00:04:00,4,0,,0.9614063469603782,0.2707217378674068,1.3481469516591862,,0.5,3.4000000000000004,False,below within-person threshold
b1dd2886-1a02-4623-a2b2-70f2f52fa76d,2026-06-01 00:05:00,5,1,,0.9614063469603782,0.2707217378674068,1.3481469516591862,,0.0,3.1000000000000005,False,below within-person threshold
b1dd2886-1a02-4623-a2b2-70f2f52fa76d,2026-06-01 00:06:00,6,1,2.0,0.9614063469603782,0.2707217378674068,1.3481469516591862,,,2.8000000000000003,False,missing or insufficient EMA data
b1dd2886-1a02-4623-a2b2-70f2f52fa76d,2026-06-01 00:07:00,7,1,3.0,0.9614063469603782,0.2707217378674068,1.3481469516591862,1.0,1.0,2.8000000000000003,False,below within-person threshold
b1dd2886-1a02-4623-a2b2-70f2f52fa76d,2026-06-01 00:08:00,8,1,5.0,0.9614063469603782,0.2707217378674068,1.3481469516591862,4.0,2.5,2.5,False,below within-person threshold
b1dd2886-1a02-4623-a2b2-70f2f52fa76d,2026-06-01 00:09:00,9,1,4.0,0.9614063469603782,0.2707217378674068,1.3481469516591862,1.0,2.0,2.5,False,below within-person threshold
b1dd2886-1a02-4623-a2b2-70f2f52fa76d,2026-06-01 00:10:00,10,2,,0.9614063469603782,0.2707217378674068,1.3481469516591862,,2.5,2.5,False,below within-person threshold
b1dd2886-1a02-4623-a2b2-70f2f52fa76d,2026-06-01 00:11:00,11,2,,0.9614063469603782,0.2707217378674068,1.3481469516591862,,1.0,2.5,False,below within-person threshold
b1dd2886-1a02-4623-a2b2-70f2f52fa76d,2026-06-01 00:12:00,12,2,,0.9614063469603782,0.2707217378674068,1.3481469516591862,,,2.5,False,missing or insufficient EMA data
b1dd2886-1a02-4623-a2b2-70f2f52fa76d,2026-06-01 00:13:00,13,2,,0.9614063469603782,0.2707217378674068,1.3481469516591862,,,2.5,False,missing or insufficient EMA data
b1dd2886-1a02-4623-a2b2-70f2f52fa76d,2026-06-01 00:14:00,14,2,,0.9614063469603782,0.2707217378674068,1.3481469516591862,,,2.5,False,missing or insufficient EMA data
b1dd2886-1a02-4623-a2b2-70f2f52fa76d,2026-06-01 00:15:00,15,3,,0.9614063469603782,0.2707217378674068,1.3481469516591862,,,2.5,False,missing or insufficient EMA data
b1dd2886-1a02-4623-a2b2-70f2f52fa76d,2026-06-01 00:16:00,16,3,,0.9614063469603782,0.2707217378674068,1.3481469516591862,,,2.5,False,missing or insufficient EMA data
b1dd2886-1a02-4623-a2b2-70f2f52fa76d,2026-06-01 00:17:00,17,3,2.0,0.9614063469603782,0.2707217378674068,1.3481469516591862,,,2.5,False,missing or insufficient EMA data
b1dd2886-1a02-4623-a2b2-70f2f52fa76d,2026-06-01 00:18:00,18,3,2.0,0.9614063469603782,0.2707217378674068,1.3481469516591862,0.0,0.0,2.5,False,below within-person threshold
b1dd2886-1a02-4623-a2b2-70f2f52fa76d,2026-06-01 00:19:00,19,3,3.0,0.9614063469603782,0.2707217378674068,1.3481469516591862,1.0,0.5,2.5,False,below within-person threshold
b1dd2886-1a02-4623-a2b2-70f2f52fa76d,2026-06-01 00:20:00,20,4,2.0,0.9614063469603782,0.2707217378674068,1.3481469516591862,1.0,0.6666666666666666,2.5,False,below within-person threshold
b1dd2886-1a02-4623-a2b2-70f2f52fa76d,2026-06-01 00:21:00,21,4,2.0,0.9614063469603782,0.2707217378674068,1.3481469516591862,0.0,0.6666666666666666,2.5,False,below within-person threshold
b1dd2886-1a02-4623-a2b2-70f2f52fa76d,2026-06-01 00:22:00,22,4,3.0,0.9614063469603782,0.2707217378674068,1.3481469516591862,1.0,0.6666666666666666,2.5,False,below within-person threshold
b1dd2886-1a02-4623-a2b2-70f2f52fa76d,2026-06-01 00:23:00,23,4,3.0,0.9614063469603782,0.2707217378674068,1.3481469516591862,0.0,0.3333333333333333,2.5,False,below within-person threshold
b1dd2886-1a02-4623-a2b2-70f2f52fa76d,2026-06-01 00:24:00,24,4,3.0,0.9614063469603782,0.2707217378674068,1.3481469516591862,0.0,0.3333333333333333,2.5,False,below within-person threshold
b1dd2886-1a02-4623-a2b2-70f2f52fa76d,2026-06-01 00:25:00,25,5,3.0,0.9614063469603782,0.2707217378674068,1.3481469516591862,0.0,0.0,2.4000000000000004,False,below within-person threshold
b1dd2886-1a02-4623-a2b2-70f2f52fa76d,2026-06-01 00:26:00,26,5,,0.9614063469603782,0.2707217378674068,1.3481469516591862,,0.0,2.3000000000000007,False,below within-person threshold
b1dd2886-1a02-4623-a2b2-70f2f52fa76d,2026-06-01 00:27:00,27,5,,0.9614063469603782,0.2707217378674068,1.3481469516591862,,0.0,2.2,False,below within-person threshold
b1dd2886-1a02-4623-a2b2-70f2f52fa76d,2026-06-01 00:28:00,28,5,,0.9614063469603782,0.2707217378674068,1.3481469516591862,,,2.1000000000000005,False,missing or insufficient EMA data
b1dd2886-1a02-4623-a2b2-70f2f52fa76d,2026-06-01 00:29:00,29,5,,0.9614063469603782,0.2707217378674068,1.3481469516591862,,,2.1000000000000005,False,missing or insufficient EMA data
b1dd2886-1a02-4623-a2b2-70f2f52fa76d,2026-06-01 00:30:00,30,6,,0.9614063469603782,0.2707217378674068,1.3481469516591862,,,2.1000000000000005,False,missing or insufficient EMA data
b1dd2886-1a02-4623-a2b2-70f2f52fa76d,2026-06-01 00:31:00,31,6,,0.9614063469603782,0.2707217378674068,1.3481469516591862,,,2.1000000000000005,False,missing or insufficient EMA data
b1dd2886-1a02-4623-a2b2-70f2f52fa76d,2026-06-01 00:32:00,32,6,,0.9614063469603782,0.2707217378674068,1.3481469516591862,,,2.1000000000000005,False,missing or insufficient EMA data
b1dd2886-1a02-4623-a2b2-70f2f52fa76d,2026-06-01 00:33:00,33,6,,0.9614063469603782,0.2707217378674068,1.3481469516591862,,,2.1000000000000005,False,missing or insufficient EMA data
b1dd2886-1a02-4623-a2b2-70f2f52fa76d,2026-06-01 00:34:00,34,6,,0.9614063469603782,0.2707217378674068,1.3481469516591862,,,2.1000000000000005,False,missing or insufficient EMA data
b212dbf3-6056-4264-99ed-45e429f98456,2026-06-01 00:00:00,0,0,5.0,1.3447747340596095,0.25285332918983605,2.7023085981201826,,,,False,missing or insufficient EMA data
b212dbf3-6056-4264-99ed-45e429f98456,2026-06-01 00:01:00,1,0,3.0,1.3447747340596095,0.25285332918983605,2.7023085981201826,4.0,4.0,,False,insufficient within-person history
b212dbf3-6056-4264-99ed-45e429f98456,2026-06-01 00:02:00,2,0,3.0,1.3447747340596095,0.25285332918983605,2.7023085981201826,0.0,2.0,,False,insufficient within-person history
b212dbf3-6056-4264-99ed-45e429f98456,2026-06-01 00:03:00,3,0,5.0,1.3447747340596095,0.25285332918983605,2.7023085981201826,4.0,2.6666666666666665,,False,insufficient within-person history
b212dbf3-6056-4264-99ed-45e429f98456,2026-06-01 00:04:00,4,0,3.0,1.3447747340596095,0.25285332918983605,2.7023085981201826,4.0,2.6666666666666665,3.466666666666667,False,below within-person threshold
b212dbf3-6056-4264-99ed-45e429f98456,2026-06-01 00:05:00,5,1,4.0,1.3447747340596095,0.25285332918983605,2.7023085981201826,1.0,3.0,3.2,False,below within-person threshold
b212dbf3-6056-4264-99ed-45e429f98456,2026-06-01 00:06:00,6,1,5.0,1.3447747340596095,0.25285332918983605,2.7023085981201826,1.0,2.0,3.2,False,below within-person threshold
b212dbf3-6056-4264-99ed-45e429f98456,2026-06-01 00:07:00,7,1,5.0,1.3447747340596095,0.25285332918983605,2.7023085981201826,0.0,0.6666666666666666,3.0,False,below within-person threshold
b212dbf3-6056-4264-99ed-45e429f98456,2026-06-01 00:08:00,8,1,5.0,1.3447747340596095,0.25285332918983605,2.7023085981201826,0.0,0.3333333333333333,2.9333333333333336,False,below within-person threshold
b212dbf3-6056-4264-99ed-45e429f98456,2026-06-01 00:09:00,9,1,4.0,1.3447747340596095,0.25285332918983605,2.7023085981201826,1.0,0.3333333333333333,2.8666666666666667,False,below within-person threshold
b212dbf3-6056-4264-99ed-45e429f98456,2026-06-01 00:10:00,10,2,,1.3447747340596095,0.25285332918983605,2.7023085981201826,,0.5,2.8,False,below within-person threshold
b212dbf3-6056-4264-99ed-45e429f98456,2026-06-01 00:11:00,11,2,4.0,1.3447747340596095,0.25285332918983605,2.7023085981201826,,1.0,2.7333333333333334,False,below within-person threshold
b212dbf3-6056-4264-99ed-45e429f98456,2026-06-01 00:12:00,12,2,2.0,1.3447747340596095,0.25285332918983605,2.7023085981201826,4.0,4.0,2.6666666666666665,True,prompt sent
b212dbf3-6056-4264-99ed-45e429f98456,2026-06-01 00:13:00,13,2,5.0,1.3447747340596095,0.25285332918983605,2.7023085981201826,9.0,6.5,2.9333333333333336,False,cooldown active
b212dbf3-6056-4264-99ed-45e429f98456,2026-06-01 00:14:00,14,2,4.0,1.3447747340596095,0.25285332918983605,2.7023085981201826,1.0,4.666666666666667,3.6000000000000014,False,cooldown active
b212dbf3-6056-4264-99ed-45e429f98456,2026-06-01 00:15:00,15,3,2.0,1.3447747340596095,0.25285332918983605,2.7023085981201826,4.0,4.666666666666667,4.0,False,cooldown active
b212dbf3-6056-4264-99ed-45e429f98456,2026-06-01 00:16:00,16,3,5.0,1.3447747340596095,0.25285332918983605,2.7023085981201826,9.0,4.666666666666667,4.133333333333334,False,cooldown active
b212dbf3-6056-4264-99ed-45e429f98456,2026-06-01 00:17:00,17,3,5.0,1.3447747340596095,0.25285332918983605,2.7023085981201826,0.0,4.333333333333333,4.666666666666667,False,below within-person threshold
b212dbf3-6056-4264-99ed-45e429f98456,2026-06-01 00:18:00,18,3,4.0,1.3447747340596095,0.25285332918983605,2.7023085981201826,1.0,3.3333333333333335,4.6000000000000005,False,below within-person threshold
b212dbf3-6056-4264-99ed-45e429f98456,2026-06-01 00:19:00,19,3,3.0,1.3447747340596095,0.25285332918983605,2.7023085981201826,1.0,0.6666666666666666,4.533333333333334,False,below within-person threshold
b212dbf3-6056-4264-99ed-45e429f98456,2026-06-01 00:20:00,20,4,4.0,1.3447747340596095,0.25285332918983605,2.7023085981201826,1.0,1.0,4.466666666666667,False,below within-person threshold
b212dbf3-6056-4264-99ed-45e429f98456,2026-06-01 00:21:00,21,4,2.0,1.3447747340596095,0.25285332918983605,2.7023085981201826,4.0,2.0,4.4,False,below within-person threshold
b212dbf3-6056-4264-99ed-45e429f98456,2026-06-01 00:22:00,22,4,2.0,1.3447747340596095,0.25285332918983605,2.7023085981201826,0.0,1.6666666666666667,4.333333333333333,False,below within-person threshold
b212dbf3-6056-4264-99ed-45e429f98456,2026-06-01 00:23:00,23,4,5.0,1.3447747340596095,0.25285332918983605,2.7023085981201826,9.0,4.333333333333333,4.266666666666667,False,cooldown active
b212dbf3-6056-4264-99ed-45e429f98456,2026-06-01 00:24:00,24,4,4.0,1.3447747340596095,0.25285332918983605,2.7023085981201826,1.0,3.3333333333333335,4.333333333333333,False,below within-person threshold
b212dbf3-6056-4264-99ed-45e429f98456,2026-06-01 00:25:00,25,5,5.0,1.3447747340596095,0.25285332918983605,2.7023085981201826,1.0,3.6666666666666665,4.333333333333333,False,below within-person threshold
b212dbf3-6056-4264-99ed-45e429f98456,2026-06-01 00:26:00,26,5,4.0,1.3447747340596095,0.25285332918983605,2.7023085981201826,1.0,1.0,4.333333333333333,False,below within-person threshold
b212dbf3-6056-4264-99ed-45e429f98456,2026-06-01 00:27:00,27,5,5.0,1.3447747340596095,0.25285332918983605,2.7023085981201826,1.0,1.0,4.333333333333333,False,below within-person threshold
b212dbf3-6056-4264-99ed-45e429f98456,2026-06-01 00:28:00,28,5,3.0,1.3447747340596095,0.25285332918983605,2.7023085981201826,4.0,2.0,4.266666666666667,False,below within-person threshold
b212dbf3-6056-4264-99ed-45e429f98456,2026-06-01 00:29:00,29,5,5.0,1.3447747340596095,0.25285332918983605,2.7023085981201826,4.0,3.0,4.2,False,below within-person threshold
b212dbf3-6056-4264-99ed-45e429f98456,2026-06-01 00:30:00,30,6,5.0,1.3447747340596095,0.25285332918983605,2.7023085981201826,0.0,2.6666666666666665,4.133333333333334,False,below within-person threshold
b212dbf3-6056-4264-99ed-45e429f98456,2026-06-01 00:31:00,31,6,5.0,1.3447747340596095,0.25285332918983605,2.7023085981201826,0.0,1.3333333333333333,4.066666666666667,False,below within-person threshold
b212dbf3-6056-4264-99ed-45e429f98456,2026-06-01 00:32:00,32,6,5.0,1.3447747340596095,0.25285332918983605,2.7023085981201826,0.0,0.0,4.0,False,below within-person threshold
b212dbf3-6056-4264-99ed-45e429f98456,2026-06-01 00:33:00,33,6,4.0,1.3447747340596095,0.25285332918983605,2.7023085981201826,1.0,0.3333333333333333,4.0,False,below within-person threshold
b212dbf3-6056-4264-99ed-45e429f98456,2026-06-01 00:34:00,34,6,4.0,1.3447747340596095,0.25285332918983605,2.7023085981201826,0.0,0.3333333333333333,4.0,False,below within-person threshold
b38cbf00-1bca-431f-949f-5e447823122f,2026-06-01 00:00:00,0,0,3.0,0.3221025561916852,0.12564359656358265,0.18142905287419703,,,,False,missing or insufficient EMA data
b38cbf00-1bca-431f-949f-5e447823122f,2026-06-01 00:01:00,1,0,3.0,0.3221025561916852,0.12564359656358265,0.18142905287419703,0.0,0.0,,False,insufficient within-person history
b38cbf00-1bca-431f-949f-5e447823122f,2026-06-01 00:02:00,2,0,4.0,0.3221025561916852,0.12564359656358265,0.18142905287419703,1.0,0.5,,False,insufficient within-person history
b38cbf00-1bca-431f-949f-5e447823122f,2026-06-01 00:03:00,3,0,4.0,0.3221025561916852,0.12564359656358265,0.18142905287419703,0.0,0.3333333333333333,,False,insufficient within-person history
b38cbf00-1bca-431f-949f-5e447823122f,2026-06-01 00:04:00,4,0,4.0,0.3221025561916852,0.12564359656358265,0.18142905287419703,0.0,0.3333333333333333,0.43333333333333335,False,below within-person threshold
b38cbf00-1bca-431f-949f-5e447823122f,2026-06-01 00:05:00,5,1,4.0,0.3221025561916852,0.12564359656358265,0.18142905287419703,0.0,0.0,0.4,False,below within-person threshold
b38cbf00-1bca-431f-949f-5e447823122f,2026-06-01 00:06:00,6,1,4.0,0.3221025561916852,0.12564359656358265,0.18142905287419703,0.0,0.0,0.3666666666666667,False,below within-person threshold
b38cbf00-1bca-431f-949f-5e447823122f,2026-06-01 00:07:00,7,1,3.0,0.3221025561916852,0.12564359656358265,0.18142905287419703,1.0,0.3333333333333333,0.3333333333333333,False,below within-person threshold
b38cbf00-1bca-431f-949f-5e447823122f,2026-06-01 00:08:00,8,1,3.0,0.3221025561916852,0.12564359656358265,0.18142905287419703,0.0,0.3333333333333333,0.3333333333333333,False,below within-person threshold
b38cbf00-1bca-431f-949f-5e447823122f,2026-06-01 00:09:00,9,1,4.0,0.3221025561916852,0.12564359656358265,0.18142905287419703,1.0,0.6666666666666666,0.3333333333333333,True,prompt sent
b38cbf00-1bca-431f-949f-5e447823122f,2026-06-01 00:10:00,10,2,3.0,0.3221025561916852,0.12564359656358265,0.18142905287419703,1.0,0.6666666666666666,0.4,False,cooldown active
b38cbf00-1bca-431f-949f-5e447823122f,2026-06-01 00:11:00,11,2,4.0,0.3221025561916852,0.12564359656358265,0.18142905287419703,1.0,1.0,0.5333333333333333,False,cooldown active
b38cbf00-1bca-431f-949f-5e447823122f,2026-06-01 00:12:00,12,2,3.0,0.3221025561916852,0.12564359656358265,0.18142905287419703,1.0,1.0,0.6666666666666666,False,cooldown active
b38cbf00-1bca-431f-949f-5e447823122f,2026-06-01 00:13:00,13,2,3.0,0.3221025561916852,0.12564359656358265,0.18142905287419703,0.0,0.6666666666666666,0.6666666666666666,False,below within-person threshold
b38cbf00-1bca-431f-949f-5e447823122f,2026-06-01 00:14:00,14,2,3.0,0.3221025561916852,0.12564359656358265,0.18142905287419703,0.0,0.3333333333333333,0.6666666666666666,False,below within-person threshold
b38cbf00-1bca-431f-949f-5e447823122f,2026-06-01 00:15:00,15,3,3.0,0.3221025561916852,0.12564359656358265,0.18142905287419703,0.0,0.0,0.6666666666666666,False,below within-person threshold
b38cbf00-1bca-431f-949f-5e447823122f,2026-06-01 00:16:00,16,3,3.0,0.3221025561916852,0.12564359656358265,0.18142905287419703,0.0,0.0,0.6666666666666666,False,below within-person threshold
b38cbf00-1bca-431f-949f-5e447823122f,2026-06-01 00:17:00,17,3,3.0,0.3221025561916852,0.12564359656358265,0.18142905287419703,0.0,0.0,0.6666666666666666,False,below within-person threshold
b38cbf00-1bca-431f-949f-5e447823122f,2026-06-01 00:18:00,18,3,3.0,0.3221025561916852,0.12564359656358265,0.18142905287419703,0.0,0.0,0.6666666666666666,False,below within-person threshold
b38cbf00-1bca-431f-949f-5e447823122f,2026-06-01 00:19:00,19,3,4.0,0.3221025561916852,0.12564359656358265,0.18142905287419703,1.0,0.3333333333333333,0.6666666666666666,False,below within-person threshold
b38cbf00-1bca-431f-949f-5e447823122f,2026-06-01 00:20:00,20,4,3.0,0.3221025561916852,0.12564359656358265,0.18142905287419703,1.0,0.6666666666666666,0.6666666666666666,False,below within-person threshold
b38cbf00-1bca-431f-949f-5e447823122f,2026-06-01 00:21:00,21,4,4.0,0.3221025561916852,0.12564359656358265,0.18142905287419703,1.0,1.0,0.6666666666666666,False,cooldown active
b38cbf00-1bca-431f-949f-5e447823122f,2026-06-01 00:22:00,22,4,4.0,0.3221025561916852,0.12564359656358265,0.18142905287419703,0.0,0.6666666666666666,0.6666666666666666,False,below within-person threshold
b38cbf00-1bca-431f-949f-5e447823122f,2026-06-01 00:23:00,23,4,3.0,0.3221025561916852,0.12564359656358265,0.18142905287419703,1.0,0.6666666666666666,0.6666666666666666,False,below within-person threshold
b38cbf00-1bca-431f-949f-5e447823122f,2026-06-01 00:24:00,24,4,4.0,0.3221025561916852,0.12564359656358265,0.18142905287419703,1.0,0.6666666666666666,0.6666666666666666,False,below within-person threshold
b38cbf00-1bca-431f-949f-5e447823122f,2026-06-01 00:25:00,25,5,,0.3221025561916852,0.12564359656358265,0.18142905287419703,,1.0,0.6666666666666666,False,cooldown active
b38cbf00-1bca-431f-949f-5e447823122f,2026-06-01 00:26:00,26,5,,0.3221025561916852,0.12564359656358265,0.18142905287419703,,1.0,0.6666666666666666,False,cooldown active
b38cbf00-1bca-431f-949f-5e447823122f,2026-06-01 00:27:00,27,5,,0.3221025561916852,0.12564359656358265,0.18142905287419703,,,0.6666666666666666,False,missing or insufficient EMA data
b38cbf00-1bca-431f-949f-5e447823122f,2026-06-01 00:28:00,28,5,4.0,0.3221025561916852,0.12564359656358265,0.18142905287419703,,,0.6666666666666666,False,missing or insufficient EMA data
b38cbf00-1bca-431f-949f-5e447823122f,2026-06-01 00:29:00,29,5,4.0,0.3221025561916852,0.12564359656358265,0.18142905287419703,0.0,0.0,0.6666666666666666,False,below within-person threshold
b38cbf00-1bca-431f-949f-5e447823122f,2026-06-01 00:30:00,30,6,4.0,0.3221025561916852,0.12564359656358265,0.18142905287419703,0.0,0.0,0.6666666666666666,False,below within-person threshold
b38cbf00-1bca-431f-949f-5e447823122f,2026-06-01 00:31:00,31,6,4.0,0.3221025561916852,0.12564359656358265,0.18142905287419703,0.0,0.0,0.6666666666666666,False,below within-person threshold
b38cbf00-1bca-431f-949f-5e447823122f,2026-06-01 00:32:00,32,6,3.0,0.3221025561916852,0.12564359656358265,0.18142905287419703,1.0,0.3333333333333333,0.6666666666666666,False,below within-person threshold
b38cbf00-1bca-431f-949f-5e447823122f,2026-06-01 00:33:00,33,6,3.0,0.3221025561916852,0.12564359656358265,0.18142905287419703,0.0,0.3333333333333333,0.6666666666666666,False,below within-person threshold
b38cbf00-1bca-431f-949f-5e447823122f,2026-06-01 00:34:00,34,6,4.0,0.3221025561916852,0.12564359656358265,0.18142905287419703,1.0,0.6666666666666666,0.6666666666666666,False,below within-person threshold
b73c0570-8c31-482f-abeb-834694404474,2026-06-01 00:00:00,0,0,,1.131381757349192,0.15105434336049772,2.173342786419247,,,,False,missing or insufficient EMA data
b73c0570-8c31-482f-abeb-834694404474,2026-06-01 00:01:00,1,0,2.0,1.131381757349192,0.15105434336049772,2.173342786419247,,,,False,missing or insufficient EMA data
b73c0570-8c31-482f-abeb-834694404474,2026-06-01 00:02:00,2,0,2.0,1.131381757349192,0.15105434336049772,2.173342786419247,0.0,0.0,,False,insufficient within-person history
b73c0570-8c31-482f-abeb-834694404474,2026-06-01 00:03:00,3,0,4.0,1.131381757349192,0.15105434336049772,2.173342786419247,4.0,2.0,,False,insufficient within-person history
b73c0570-8c31-482f-abeb-834694404474,2026-06-01 00:04:00,4,0,5.0,1.131381757349192,0.15105434336049772,2.173342786419247,1.0,1.6666666666666667,,False,insufficient within-person history
b73c0570-8c31-482f-abeb-834694404474,2026-06-01 00:05:00,5,1,,1.131381757349192,0.15105434336049772,2.173342786419247,,2.5,1.8666666666666667,True,prompt sent
b73c0570-8c31-482f-abeb-834694404474,2026-06-01 00:06:00,6,1,,1.131381757349192,0.15105434336049772,2.173342786419247,,1.0,2.2,False,below within-person threshold
b73c0570-8c31-482f-abeb-834694404474,2026-06-01 00:07:00,7,1,4.0,1.131381757349192,0.15105434336049772,2.173342786419247,,,2.1,False,missing or insufficient EMA data
b73c0570-8c31-482f-abeb-834694404474,2026-06-01 00:08:00,8,1,4.0,1.131381757349192,0.15105434336049772,2.173342786419247,0.0,0.0,2.1,False,below within-person threshold
b73c0570-8c31-482f-abeb-834694404474,2026-06-01 00:09:00,9,1,,1.131381757349192,0.15105434336049772,2.173342786419247,,0.0,2.0,False,below within-person threshold
b73c0570-8c31-482f-abeb-834694404474,2026-06-01 00:10:00,10,2,3.0,1.131381757349192,0.15105434336049772,2.173342786419247,,0.0,1.9333333333333336,False,below within-person threshold
b73c0570-8c31-482f-abeb-834694404474,2026-06-01 00:11:00,11,2,5.0,1.131381757349192,0.15105434336049772,2.173342786419247,4.0,4.0,1.866666666666667,False,cooldown active
b73c0570-8c31-482f-abeb-834694404474,2026-06-01 00:12:00,12,2,4.0,1.131381757349192,0.15105434336049772,2.173342786419247,1.0,2.5,2.2,False,cooldown active
b73c0570-8c31-482f-abeb-834694404474,2026-06-01 00:13:00,13,2,4.0,1.131381757349192,0.15105434336049772,2.173342786419247,0.0,1.6666666666666667,2.5,False,below within-person threshold
b73c0570-8c31-482f-abeb-834694404474,2026-06-01 00:14:00,14,2,2.0,1.131381757349192,0.15105434336049772,2.173342786419247,4.0,1.6666666666666667,2.5,False,below within-person threshold
b73c0570-8c31-482f-abeb-834694404474,2026-06-01 00:15:00,15,3,4.0,1.131381757349192,0.15105434336049772,2.173342786419247,4.0,2.6666666666666665,2.4000000000000004,False,cooldown active
b73c0570-8c31-482f-abeb-834694404474,2026-06-01 00:16:00,16,3,,1.131381757349192,0.15105434336049772,2.173342786419247,,4.0,2.5,False,cooldown active
b73c0570-8c31-482f-abeb-834694404474,2026-06-01 00:17:00,17,3,,1.131381757349192,0.15105434336049772,2.173342786419247,,4.0,2.566666666666667,False,cooldown active
b73c0570-8c31-482f-abeb-834694404474,2026-06-01 00:18:00,18,3,,1.131381757349192,0.15105434336049772,2.173342786419247,,,2.9333333333333345,False,missing or insufficient EMA data
b73c0570-8c31-482f-abeb-834694404474,2026-06-01 00:19:00,19,3,4.0,1.131381757349192,0.15105434336049772,2.173342786419247,,,2.9333333333333345,False,missing or insufficient EMA data
b73c0570-8c31-482f-abeb-834694404474,2026-06-01 00:20:00,20,4,,1.131381757349192,0.15105434336049772,2.173342786419247,,,2.9333333333333345,False,missing or insufficient EMA data
b73c0570-8c31-482f-abeb-834694404474,2026-06-01 00:21:00,21,4,5.0,1.131381757349192,0.15105434336049772,2.173342786419247,,,2.9333333333333345,False,missing or insufficient EMA data
b73c0570-8c31-482f-abeb-834694404474,2026-06-01 00:22:00,22,4,3.0,1.131381757349192,0.15105434336049772,2.173342786419247,4.0,4.0,2.9333333333333345,False,cooldown active
b73c0570-8c31-482f-abeb-834694404474,2026-06-01 00:23:00,23,4,2.0,1.131381757349192,0.15105434336049772,2.173342786419247,1.0,2.5,4.0,False,below within-person threshold
b73c0570-8c31-482f-abeb-834694404474,2026-06-01 00:24:00,24,4,2.0,1.131381757349192,0.15105434336049772,2.173342786419247,0.0,1.6666666666666667,3.7333333333333343,False,below within-person threshold
b73c0570-8c31-482f-abeb-834694404474,2026-06-01 00:25:00,25,5,4.0,1.131381757349192,0.15105434336049772,2.173342786419247,4.0,1.6666666666666667,3.4666666666666686,False,below within-person threshold
b73c0570-8c31-482f-abeb-834694404474,2026-06-01 00:26:00,26,5,2.0,1.131381757349192,0.15105434336049772,2.173342786419247,4.0,2.6666666666666665,3.2,False,below within-person threshold
b73c0570-8c31-482f-abeb-834694404474,2026-06-01 00:27:00,27,5,5.0,1.131381757349192,0.15105434336049772,2.173342786419247,9.0,5.666666666666667,2.9333333333333345,False,cooldown active
b73c0570-8c31-482f-abeb-834694404474,2026-06-01 00:28:00,28,5,3.0,1.131381757349192,0.15105434336049772,2.173342786419247,4.0,5.666666666666667,4.0,False,cooldown active
b73c0570-8c31-482f-abeb-834694404474,2026-06-01 00:29:00,29,5,4.0,1.131381757349192,0.15105434336049772,2.173342786419247,1.0,4.666666666666667,4.0,False,cooldown active
b73c0570-8c31-482f-abeb-834694404474,2026-06-01 00:30:00,30,6,5.0,1.131381757349192,0.15105434336049772,2.173342786419247,1.0,2.0,4.0,False,below within-person threshold
b73c0570-8c31-482f-abeb-834694404474,2026-06-01 00:31:00,31,6,3.0,1.131381757349192,0.15105434336049772,2.173342786419247,4.0,2.0,4.0,False,below within-person threshold
b73c0570-8c31-482f-abeb-834694404474,2026-06-01 00:32:00,32,6,4.0,1.131381757349192,0.15105434336049772,2.173342786419247,1.0,2.0,4.0,False,below within-person threshold
b73c0570-8c31-482f-abeb-834694404474,2026-06-01 00:33:00,33,6,3.0,1.131381757349192,0.15105434336049772,2.173342786419247,1.0,2.0,4.0,False,below within-person threshold
b73c0570-8c31-482f-abeb-834694404474,2026-06-01 00:34:00,34,6,4.0,1.131381757349192,0.15105434336049772,2.173342786419247,1.0,1.0,4.0,False,below within-person threshold
bf5ba3f2-5fc0-4774-8c76-6d1c6842299c,2026-06-01 00:00:00,0,0,2.0,1.3923011679264834,0.673520443116723,1.2657629019952943,,,,False,missing or insufficient EMA data
bf5ba3f2-5fc0-4774-8c76-6d1c6842299c,2026-06-01 00:01:00,1,0,3.0,1.3923011679264834,0.673520443116723,1.2657629019952943,1.0,1.0,,False,insufficient within-person history
bf5ba3f2-5fc0-4774-8c76-6d1c6842299c,2026-06-01 00:02:00,2,0,2.0,1.3923011679264834,0.673520443116723,1.2657629019952943,1.0,1.0,,False,insufficient within-person history
bf5ba3f2-5fc0-4774-8c76-6d1c6842299c,2026-06-01 00:03:00,3,0,2.0,1.3923011679264834,0.673520443116723,1.2657629019952943,0.0,0.6666666666666666,,False,insufficient within-person history
bf5ba3f2-5fc0-4774-8c76-6d1c6842299c,2026-06-01 00:04:00,4,0,2.0,1.3923011679264834,0.673520443116723,1.2657629019952943,0.0,0.3333333333333333,1.0,False,below within-person threshold
bf5ba3f2-5fc0-4774-8c76-6d1c6842299c,2026-06-01 00:05:00,5,1,2.0,1.3923011679264834,0.673520443116723,1.2657629019952943,0.0,0.0,1.0,False,below within-person threshold
bf5ba3f2-5fc0-4774-8c76-6d1c6842299c,2026-06-01 00:06:00,6,1,1.0,1.3923011679264834,0.673520443116723,1.2657629019952943,1.0,0.3333333333333333,1.0,False,below within-person threshold
bf5ba3f2-5fc0-4774-8c76-6d1c6842299c,2026-06-01 00:07:00,7,1,2.0,1.3923011679264834,0.673520443116723,1.2657629019952943,1.0,0.6666666666666666,1.0,False,below within-person threshold
bf5ba3f2-5fc0-4774-8c76-6d1c6842299c,2026-06-01 00:08:00,8,1,3.0,1.3923011679264834,0.673520443116723,1.2657629019952943,1.0,1.0,0.9333333333333336,True,prompt sent
bf5ba3f2-5fc0-4774-8c76-6d1c6842299c,2026-06-01 00:09:00,9,1,3.0,1.3923011679264834,0.673520443116723,1.2657629019952943,0.0,0.6666666666666666,1.0,False,below within-person threshold
bf5ba3f2-5fc0-4774-8c76-6d1c6842299c,2026-06-01 00:10:00,10,2,4.0,1.3923011679264834,0.673520443116723,1.2657629019952943,1.0,0.6666666666666666,1.0,False,below within-person threshold
bf5ba3f2-5fc0-4774-8c76-6d1c6842299c,2026-06-01 00:11:00,11,2,,1.3923011679264834,0.673520443116723,1.2657629019952943,,0.5,1.0,False,below within-person threshold
bf5ba3f2-5fc0-4774-8c76-6d1c6842299c,2026-06-01 00:12:00,12,2,,1.3923011679264834,0.673520443116723,1.2657629019952943,,1.0,1.0,False,below within-person threshold
bf5ba3f2-5fc0-4774-8c76-6d1c6842299c,2026-06-01 00:13:00,13,2,4.0,1.3923011679264834,0.673520443116723,1.2657629019952943,,,1.0,False,missing or insufficient EMA data
bf5ba3f2-5fc0-4774-8c76-6d1c6842299c,2026-06-01 00:14:00,14,2,5.0,1.3923011679264834,0.673520443116723,1.2657629019952943,1.0,1.0,1.0,False,below within-person threshold
bf5ba3f2-5fc0-4774-8c76-6d1c6842299c,2026-06-01 00:15:00,15,3,5.0,1.3923011679264834,0.673520443116723,1.2657629019952943,0.0,0.5,1.0,False,below within-person threshold
bf5ba3f2-5fc0-4774-8c76-6d1c6842299c,2026-06-01 00:16:00,16,3,4.0,1.3923011679264834,0.673520443116723,1.2657629019952943,1.0,0.6666666666666666,1.0,False,below within-person threshold
bf5ba3f2-5fc0-4774-8c76-6d1c6842299c,2026-06-01 00:17:00,17,3,4.0,1.3923011679264834,0.673520443116723,1.2657629019952943,0.0,0.3333333333333333,1.0,False,below within-person threshold
bf5ba3f2-5fc0-4774-8c76-6d1c6842299c,2026-06-01 00:18:00,18,3,4.0,1.3923011679264834,0.673520443116723,1.2657629019952943,0.0,0.3333333333333333,1.0,False,below within-person threshold
bf5ba3f2-5fc0-4774-8c76-6d1c6842299c,2026-06-01 00:19:00,19,3,4.0,1.3923011679264834,0.673520443116723,1.2657629019952943,0.0,0.0,1.0,False,below within-person threshold
bf5ba3f2-5fc0-4774-8c76-6d1c6842299c,2026-06-01 00:20:00,20,4,5.0,1.3923011679264834,0.673520443116723,1.2657629019952943,1.0,0.3333333333333333,1.0,False,below within-person threshold
bf5ba3f2-5fc0-4774-8c76-6d1c6842299c,2026-06-01 00:21:00,21,4,4.0,1.3923011679264834,0.673520443116723,1.2657629019952943,1.0,0.6666666666666666,1.0,False,below within-person threshold
bf5ba3f2-5fc0-4774-8c76-6d1c6842299c,2026-06-01 00:22:00,22,4,4.0,1.3923011679264834,0.673520443116723,1.2657629019952943,0.0,0.6666666666666666,1.0,False,below within-person threshold
bf5ba3f2-5fc0-4774-8c76-6d1c6842299c,2026-06-01 00:23:00,23,4,4.0,1.3923011679264834,0.673520443116723,1.2657629019952943,0.0,0.3333333333333333,1.0,False,below within-person threshold
bf5ba3f2-5fc0-4774-8c76-6d1c6842299c,2026-06-01 00:24:00,24,4,4.0,1.3923011679264834,0.673520443116723,1.2657629019952943,0.0,0.0,0.9333333333333336,False,below within-person threshold
bf5ba3f2-5fc0-4774-8c76-6d1c6842299c,2026-06-01 00:25:00,25,5,3.0,1.3923011679264834,0.673520443116723,1.2657629019952943,1.0,0.3333333333333333,0.8666666666666671,False,below within-person threshold
bf5ba3f2-5fc0-4774-8c76-6d1c6842299c,2026-06-01 00:26:00,26,5,2.0,1.3923011679264834,0.673520443116723,1.2657629019952943,1.0,0.6666666666666666,0.8000000000000007,False,below within-person threshold
bf5ba3f2-5fc0-4774-8c76-6d1c6842299c,2026-06-01 00:27:00,27,5,4.0,1.3923011679264834,0.673520443116723,1.2657629019952943,4.0,2.0,0.7333333333333343,False,cooldown active
bf5ba3f2-5fc0-4774-8c76-6d1c6842299c,2026-06-01 00:28:00,28,5,,1.3923011679264834,0.673520443116723,1.2657629019952943,,2.5,1.0,False,cooldown active
bf5ba3f2-5fc0-4774-8c76-6d1c6842299c,2026-06-01 00:29:00,29,5,4.0,1.3923011679264834,0.673520443116723,1.2657629019952943,,4.0,1.0,False,cooldown active
bf5ba3f2-5fc0-4774-8c76-6d1c6842299c,2026-06-01 00:30:00,30,6,4.0,1.3923011679264834,0.673520443116723,1.2657629019952943,0.0,0.0,1.0,False,below within-person threshold
bf5ba3f2-5fc0-4774-8c76-6d1c6842299c,2026-06-01 00:31:00,31,6,,1.3923011679264834,0.673520443116723,1.2657629019952943,,0.0,1.0,False,below within-person threshold
bf5ba3f2-5fc0-4774-8c76-6d1c6842299c,2026-06-01 00:32:00,32,6,,1.3923011679264834,0.673520443116723,1.2657629019952943,,0.0,1.0,False,below within-person threshold
bf5ba3f2-5fc0-4774-8c76-6d1c6842299c,2026-06-01 00:33:00,33,6,,1.3923011679264834,0.673520443116723,1.2657629019952943,,,1.0,False,missing or insufficient EMA data
bf5ba3f2-5fc0-4774-8c76-6d1c6842299c,2026-06-01 00:34:00,34,6,,1.3923011679264834,0.673520443116723,1.2657629019952943,,,1.0,False,missing or insufficient EMA data
c1e84c8b-fe2c-4a4d-88a2-233660ef3ec5,2026-06-01 00:00:00,0,0,4.0,0.9781099581413859,0.45834117178443634,1.0364090163218778,,,,False,missing or insufficient EMA data
c1e84c8b-fe2c-4a4d-88a2-233660ef3ec5,2026-06-01 00:01:00,1,0,2.0,0.9781099581413859,0.45834117178443634,1.0364090163218778,4.0,4.0,,False,insufficient within-person history
c1e84c8b-fe2c-4a4d-88a2-233660ef3ec5,2026-06-01 00:02:00,2,0,4.0,0.9781099581413859,0.45834117178443634,1.0364090163218778,4.0,4.0,,False,insufficient within-person history
c1e84c8b-fe2c-4a4d-88a2-233660ef3ec5,2026-06-01 00:03:00,3,0,3.0,0.9781099581413859,0.45834117178443634,1.0364090163218778,1.0,3.0,,False,insufficient within-person history
c1e84c8b-fe2c-4a4d-88a2-233660ef3ec5,2026-06-01 00:04:00,4,0,3.0,0.9781099581413859,0.45834117178443634,1.0364090163218778,0.0,1.6666666666666667,4.0,False,below within-person threshold
c1e84c8b-fe2c-4a4d-88a2-233660ef3ec5,2026-06-01 00:05:00,5,1,2.0,0.9781099581413859,0.45834117178443634,1.0364090163218778,1.0,0.6666666666666666,4.0,False,below within-person threshold
c1e84c8b-fe2c-4a4d-88a2-233660ef3ec5,2026-06-01 00:06:00,6,1,3.0,0.9781099581413859,0.45834117178443634,1.0364090163218778,1.0,0.6666666666666666,4.0,False,below within-person threshold
c1e84c8b-fe2c-4a4d-88a2-233660ef3ec5,2026-06-01 00:07:00,7,1,4.0,0.9781099581413859,0.45834117178443634,1.0364090163218778,1.0,1.0,4.0,False,below within-person threshold
c1e84c8b-fe2c-4a4d-88a2-233660ef3ec5,2026-06-01 00:08:00,8,1,4.0,0.9781099581413859,0.45834117178443634,1.0364090163218778,0.0,0.6666666666666666,3.8000000000000007,False,below within-person threshold
c1e84c8b-fe2c-4a4d-88a2-233660ef3ec5,2026-06-01 00:09:00,9,1,4.0,0.9781099581413859,0.45834117178443634,1.0364090163218778,0.0,0.3333333333333333,3.6000000000000005,False,below within-person threshold
c1e84c8b-fe2c-4a4d-88a2-233660ef3ec5,2026-06-01 00:10:00,10,2,4.0,0.9781099581413859,0.45834117178443634,1.0364090163218778,0.0,0.0,3.4000000000000004,False,below within-person threshold
c1e84c8b-fe2c-4a4d-88a2-233660ef3ec5,2026-06-01 00:11:00,11,2,4.0,0.9781099581413859,0.45834117178443634,1.0364090163218778,0.0,0.0,3.2,False,below within-person threshold
c1e84c8b-fe2c-4a4d-88a2-233660ef3ec5,2026-06-01 00:12:00,12,2,4.0,0.9781099581413859,0.45834117178443634,1.0364090163218778,0.0,0.0,3.0,False,below within-person threshold
c1e84c8b-fe2c-4a4d-88a2-233660ef3ec5,2026-06-01 00:13:00,13,2,3.0,0.9781099581413859,0.45834117178443634,1.0364090163218778,1.0,0.3333333333333333,2.7333333333333343,False,below within-person threshold
c1e84c8b-fe2c-4a4d-88a2-233660ef3ec5,2026-06-01 00:14:00,14,2,3.0,0.9781099581413859,0.45834117178443634,1.0364090163218778,0.0,0.3333333333333333,2.4666666666666686,False,below within-person threshold
c1e84c8b-fe2c-4a4d-88a2-233660ef3ec5,2026-06-01 00:15:00,15,3,3.0,0.9781099581413859,0.45834117178443634,1.0364090163218778,0.0,0.3333333333333333,2.2000000000000006,False,below within-person threshold
c1e84c8b-fe2c-4a4d-88a2-233660ef3ec5,2026-06-01 00:16:00,16,3,,0.9781099581413859,0.45834117178443634,1.0364090163218778,,0.0,1.933333333333335,False,below within-person threshold
c1e84c8b-fe2c-4a4d-88a2-233660ef3ec5,2026-06-01 00:17:00,17,3,,0.9781099581413859,0.45834117178443634,1.0364090163218778,,0.0,1.6666666666666667,False,below within-person threshold
c1e84c8b-fe2c-4a4d-88a2-233660ef3ec5,2026-06-01 00:18:00,18,3,,0.9781099581413859,0.45834117178443634,1.0364090163218778,,,1.5333333333333339,False,missing or insufficient EMA data
c1e84c8b-fe2c-4a4d-88a2-233660ef3ec5,2026-06-01 00:19:00,19,3,4.0,0.9781099581413859,0.45834117178443634,1.0364090163218778,,,1.5333333333333339,False,missing or insufficient EMA data
c1e84c8b-fe2c-4a4d-88a2-233660ef3ec5,2026-06-01 00:20:00,20,4,3.0,0.9781099581413859,0.45834117178443634,1.0364090163218778,1.0,1.0,1.5333333333333339,False,below within-person threshold
c1e84c8b-fe2c-4a4d-88a2-233660ef3ec5,2026-06-01 00:21:00,21,4,4.0,0.9781099581413859,0.45834117178443634,1.0364090163218778,1.0,1.0,1.400000000000001,False,below within-person threshold
c1e84c8b-fe2c-4a4d-88a2-233660ef3ec5,2026-06-01 00:22:00,22,4,2.0,0.9781099581413859,0.45834117178443634,1.0364090163218778,4.0,2.0,1.2666666666666668,True,prompt sent
c1e84c8b-fe2c-4a4d-88a2-233660ef3ec5,2026-06-01 00:23:00,23,4,2.0,0.9781099581413859,0.45834117178443634,1.0364090163218778,0.0,1.6666666666666667,1.7333333333333338,False,below within-person threshold
c1e84c8b-fe2c-4a4d-88a2-233660ef3ec5,2026-06-01 00:24:00,24,4,,0.9781099581413859,0.45834117178443634,1.0364090163218778,,2.0,1.6666666666666667,False,cooldown active
c1e84c8b-fe2c-4a4d-88a2-233660ef3ec5,2026-06-01 00:25:00,25,5,3.0,0.9781099581413859,0.45834117178443634,1.0364090163218778,,0.0,1.9333333333333336,False,below within-person threshold
c1e84c8b-fe2c-4a4d-88a2-233660ef3ec5,2026-06-01 00:26:00,26,5,3.0,0.9781099581413859,0.45834117178443634,1.0364090163218778,0.0,0.0,1.8666666666666671,False,below within-person threshold
c1e84c8b-fe2c-4a4d-88a2-233660ef3ec5,2026-06-01 00:27:00,27,5,4.0,0.9781099581413859,0.45834117178443634,1.0364090163218778,1.0,0.5,1.8000000000000007,False,below within-person threshold
c1e84c8b-fe2c-4a4d-88a2-233660ef3ec5,2026-06-01 00:28:00,28,5,4.0,0.9781099581413859,0.45834117178443634,1.0364090163218778,0.0,0.3333333333333333,1.7333333333333343,False,below within-person threshold
c1e84c8b-fe2c-4a4d-88a2-233660ef3ec5,2026-06-01 00:29:00,29,5,3.0,0.9781099581413859,0.45834117178443634,1.0364090163218778,1.0,0.6666666666666666,1.6666666666666667,False,below within-person threshold
c1e84c8b-fe2c-4a4d-88a2-233660ef3ec5,2026-06-01 00:30:00,30,6,3.0,0.9781099581413859,0.45834117178443634,1.0364090163218778,0.0,0.3333333333333333,1.6666666666666667,False,below within-person threshold
c1e84c8b-fe2c-4a4d-88a2-233660ef3ec5,2026-06-01 00:31:00,31,6,5.0,0.9781099581413859,0.45834117178443634,1.0364090163218778,4.0,1.6666666666666667,1.6666666666666667,False,below within-person threshold
c1e84c8b-fe2c-4a4d-88a2-233660ef3ec5,2026-06-01 00:32:00,32,6,4.0,0.9781099581413859,0.45834117178443634,1.0364090163218778,1.0,1.6666666666666667,1.6666666666666667,False,below within-person threshold
c1e84c8b-fe2c-4a4d-88a2-233660ef3ec5,2026-06-01 00:33:00,33,6,2.0,0.9781099581413859,0.45834117178443634,1.0364090163218778,4.0,3.0,1.6666666666666667,False,cooldown active
c1e84c8b-fe2c-4a4d-88a2-233660ef3ec5,2026-06-01 00:34:00,34,6,3.0,0.9781099581413859,0.45834117178443634,1.0364090163218778,1.0,2.0,1.6666666666666667,False,cooldown active
c334bc51-1909-4cfb-8ea4-00bfdb92c2d3,2026-06-01 00:00:00,0,0,3.0,1.4968359046869553,0.10129286336870418,4.02713853941941,,,,False,missing or insufficient EMA data
c334bc51-1909-4cfb-8ea4-00bfdb92c2d3,2026-06-01 00:01:00,1,0,3.0,1.4968359046869553,0.10129286336870418,4.02713853941941,0.0,0.0,,False,insufficient within-person history
c334bc51-1909-4cfb-8ea4-00bfdb92c2d3,2026-06-01 00:02:00,2,0,2.0,1.4968359046869553,0.10129286336870418,4.02713853941941,1.0,0.5,,False,insufficient within-person history
c334bc51-1909-4cfb-8ea4-00bfdb92c2d3,2026-06-01 00:03:00,3,0,4.0,1.4968359046869553,0.10129286336870418,4.02713853941941,4.0,1.6666666666666667,,False,insufficient within-person history
c334bc51-1909-4cfb-8ea4-00bfdb92c2d3,2026-06-01 00:04:00,4,0,5.0,1.4968359046869553,0.10129286336870418,4.02713853941941,1.0,2.0,1.2000000000000002,True,prompt sent
c334bc51-1909-4cfb-8ea4-00bfdb92c2d3,2026-06-01 00:05:00,5,1,3.0,1.4968359046869553,0.10129286336870418,4.02713853941941,4.0,3.0,1.8000000000000003,False,cooldown active
c334bc51-1909-4cfb-8ea4-00bfdb92c2d3,2026-06-01 00:06:00,6,1,3.0,1.4968359046869553,0.10129286336870418,4.02713853941941,0.0,1.6666666666666667,2.2,False,below within-person threshold
c334bc51-1909-4cfb-8ea4-00bfdb92c2d3,2026-06-01 00:07:00,7,1,4.0,1.4968359046869553,0.10129286336870418,4.02713853941941,1.0,1.6666666666666667,2.0,False,below within-person threshold
c334bc51-1909-4cfb-8ea4-00bfdb92c2d3,2026-06-01 00:08:00,8,1,4.0,1.4968359046869553,0.10129286336870418,4.02713853941941,0.0,0.3333333333333333,1.9333333333333336,False,below within-person threshold
c334bc51-1909-4cfb-8ea4-00bfdb92c2d3,2026-06-01 00:09:00,9,1,5.0,1.4968359046869553,0.10129286336870418,4.02713853941941,1.0,0.6666666666666666,1.866666666666667,False,below within-person threshold
c334bc51-1909-4cfb-8ea4-00bfdb92c2d3,2026-06-01 00:10:00,10,2,1.0,1.4968359046869553,0.10129286336870418,4.02713853941941,16.0,5.666666666666667,1.8000000000000003,False,cooldown active
c334bc51-1909-4cfb-8ea4-00bfdb92c2d3,2026-06-01 00:11:00,11,2,,1.4968359046869553,0.10129286336870418,4.02713853941941,,8.5,2.2,False,cooldown active
c334bc51-1909-4cfb-8ea4-00bfdb92c2d3,2026-06-01 00:12:00,12,2,,1.4968359046869553,0.10129286336870418,4.02713853941941,,16.0,3.0,False,cooldown active
c334bc51-1909-4cfb-8ea4-00bfdb92c2d3,2026-06-01 00:13:00,13,2,,1.4968359046869553,0.10129286336870418,4.02713853941941,,,5.1333333333333355,False,missing or insufficient EMA data
c334bc51-1909-4cfb-8ea4-00bfdb92c2d3,2026-06-01 00:14:00,14,2,,1.4968359046869553,0.10129286336870418,4.02713853941941,,,5.1333333333333355,False,missing or insufficient EMA data
c334bc51-1909-4cfb-8ea4-00bfdb92c2d3,2026-06-01 00:15:00,15,3,,1.4968359046869553,0.10129286336870418,4.02713853941941,,,5.1333333333333355,False,missing or insufficient EMA data
c334bc51-1909-4cfb-8ea4-00bfdb92c2d3,2026-06-01 00:16:00,16,3,4.0,1.4968359046869553,0.10129286336870418,4.02713853941941,,,5.1333333333333355,False,missing or insufficient EMA data
c334bc51-1909-4cfb-8ea4-00bfdb92c2d3,2026-06-01 00:17:00,17,3,5.0,1.4968359046869553,0.10129286336870418,4.02713853941941,1.0,1.0,5.1333333333333355,False,below within-person threshold
c334bc51-1909-4cfb-8ea4-00bfdb92c2d3,2026-06-01 00:18:00,18,3,5.0,1.4968359046869553,0.10129286336870418,4.02713853941941,0.0,0.5,4.600000000000004,False,below within-person threshold
c334bc51-1909-4cfb-8ea4-00bfdb92c2d3,2026-06-01 00:19:00,19,3,,1.4968359046869553,0.10129286336870418,4.02713853941941,,0.5,4.066666666666667,False,below within-person threshold
c334bc51-1909-4cfb-8ea4-00bfdb92c2d3,2026-06-01 00:20:00,20,4,,1.4968359046869553,0.10129286336870418,4.02713853941941,,0.0,3.5333333333333363,False,below within-person threshold
c334bc51-1909-4cfb-8ea4-00bfdb92c2d3,2026-06-01 00:21:00,21,4,,1.4968359046869553,0.10129286336870418,4.02713853941941,,,3.0,False,missing or insufficient EMA data
c334bc51-1909-4cfb-8ea4-00bfdb92c2d3,2026-06-01 00:22:00,22,4,,1.4968359046869553,0.10129286336870418,4.02713853941941,,,3.0,False,missing or insufficient EMA data
c334bc51-1909-4cfb-8ea4-00bfdb92c2d3,2026-06-01 00:23:00,23,4,,1.4968359046869553,0.10129286336870418,4.02713853941941,,,3.0,False,missing or insufficient EMA data
c334bc51-1909-4cfb-8ea4-00bfdb92c2d3,2026-06-01 00:24:00,24,4,,1.4968359046869553,0.10129286336870418,4.02713853941941,,,3.0,False,missing or insufficient EMA data
c334bc51-1909-4cfb-8ea4-00bfdb92c2d3,2026-06-01 00:25:00,25,5,2.0,1.4968359046869553,0.10129286336870418,4.02713853941941,,,3.0,False,missing or insufficient EMA data
c334bc51-1909-4cfb-8ea4-00bfdb92c2d3,2026-06-01 00:26:00,26,5,3.0,1.4968359046869553,0.10129286336870418,4.02713853941941,1.0,1.0,3.0,False,below within-person threshold
c334bc51-1909-4cfb-8ea4-00bfdb92c2d3,2026-06-01 00:27:00,27,5,5.0,1.4968359046869553,0.10129286336870418,4.02713853941941,4.0,2.5,2.8000000000000007,False,below within-person threshold
c334bc51-1909-4cfb-8ea4-00bfdb92c2d3,2026-06-01 00:28:00,28,5,2.0,1.4968359046869553,0.10129286336870418,4.02713853941941,9.0,4.666666666666667,2.8000000000000007,False,cooldown active
c334bc51-1909-4cfb-8ea4-00bfdb92c2d3,2026-06-01 00:29:00,29,5,4.0,1.4968359046869553,0.10129286336870418,4.02713853941941,4.0,5.666666666666667,3.6666666666666674,False,cooldown active
c334bc51-1909-4cfb-8ea4-00bfdb92c2d3,2026-06-01 00:30:00,30,6,4.0,1.4968359046869553,0.10129286336870418,4.02713853941941,0.0,4.333333333333333,4.866666666666668,False,below within-person threshold
c334bc51-1909-4cfb-8ea4-00bfdb92c2d3,2026-06-01 00:31:00,31,6,3.0,1.4968359046869553,0.10129286336870418,4.02713853941941,1.0,1.6666666666666667,4.666666666666667,False,below within-person threshold
c334bc51-1909-4cfb-8ea4-00bfdb92c2d3,2026-06-01 00:32:00,32,6,3.0,1.4968359046869553,0.10129286336870418,4.02713853941941,0.0,0.3333333333333333,4.6000000000000005,False,below within-person threshold
c334bc51-1909-4cfb-8ea4-00bfdb92c2d3,2026-06-01 00:33:00,33,6,1.0,1.4968359046869553,0.10129286336870418,4.02713853941941,4.0,1.6666666666666667,4.533333333333334,False,below within-person threshold
c334bc51-1909-4cfb-8ea4-00bfdb92c2d3,2026-06-01 00:34:00,34,6,4.0,1.4968359046869553,0.10129286336870418,4.02713853941941,9.0,4.333333333333333,4.466666666666668,False,below within-person threshold
c6405c26-8e5d-4a13-96ec-dc49dba60825,2026-06-01 00:00:00,0,0,3.0,1.197327964818215,0.6464881690365807,1.013585060124746,,,,False,missing or insufficient EMA data
c6405c26-8e5d-4a13-96ec-dc49dba60825,2026-06-01 00:01:00,1,0,2.0,1.197327964818215,0.6464881690365807,1.013585060124746,1.0,1.0,,False,insufficient within-person history
c6405c26-8e5d-4a13-96ec-dc49dba60825,2026-06-01 00:02:00,2,0,2.0,1.197327964818215,0.6464881690365807,1.013585060124746,0.0,0.5,,False,insufficient within-person history
c6405c26-8e5d-4a13-96ec-dc49dba60825,2026-06-01 00:03:00,3,0,2.0,1.197327964818215,0.6464881690365807,1.013585060124746,0.0,0.3333333333333333,,False,insufficient within-person history
c6405c26-8e5d-4a13-96ec-dc49dba60825,2026-06-01 00:04:00,4,0,1.0,1.197327964818215,0.6464881690365807,1.013585060124746,1.0,0.3333333333333333,0.8,False,below within-person threshold
c6405c26-8e5d-4a13-96ec-dc49dba60825,2026-06-01 00:05:00,5,1,,1.197327964818215,0.6464881690365807,1.013585060124746,,0.5,0.7000000000000002,False,below within-person threshold
c6405c26-8e5d-4a13-96ec-dc49dba60825,2026-06-01 00:06:00,6,1,,1.197327964818215,0.6464881690365807,1.013585060124746,,1.0,0.6000000000000001,True,prompt sent
c6405c26-8e5d-4a13-96ec-dc49dba60825,2026-06-01 00:07:00,7,1,1.0,1.197327964818215,0.6464881690365807,1.013585060124746,,,1.0,False,missing or insufficient EMA data
c6405c26-8e5d-4a13-96ec-dc49dba60825,2026-06-01 00:08:00,8,1,1.0,1.197327964818215,0.6464881690365807,1.013585060124746,0.0,0.0,1.0,False,below within-person threshold
c6405c26-8e5d-4a13-96ec-dc49dba60825,2026-06-01 00:09:00,9,1,3.0,1.197327964818215,0.6464881690365807,1.013585060124746,4.0,2.0,0.9000000000000004,False,cooldown active
c6405c26-8e5d-4a13-96ec-dc49dba60825,2026-06-01 00:10:00,10,2,2.0,1.197327964818215,0.6464881690365807,1.013585060124746,1.0,1.6666666666666667,1.0,False,cooldown active
c6405c26-8e5d-4a13-96ec-dc49dba60825,2026-06-01 00:11:00,11,2,3.0,1.197327964818215,0.6464881690365807,1.013585060124746,1.0,2.0,1.2666666666666668,False,cooldown active
c6405c26-8e5d-4a13-96ec-dc49dba60825,2026-06-01 00:12:00,12,2,3.0,1.197327964818215,0.6464881690365807,1.013585060124746,0.0,0.6666666666666666,1.7333333333333334,False,below within-person threshold
c6405c26-8e5d-4a13-96ec-dc49dba60825,2026-06-01 00:13:00,13,2,3.0,1.197327964818215,0.6464881690365807,1.013585060124746,0.0,0.3333333333333333,1.6666666666666667,False,below within-person threshold
c6405c26-8e5d-4a13-96ec-dc49dba60825,2026-06-01 00:14:00,14,2,3.0,1.197327964818215,0.6464881690365807,1.013585060124746,0.0,0.0,1.5333333333333339,False,below within-person threshold
c6405c26-8e5d-4a13-96ec-dc49dba60825,2026-06-01 00:15:00,15,3,3.0,1.197327964818215,0.6464881690365807,1.013585060124746,0.0,0.0,1.400000000000001,False,below within-person threshold
c6405c26-8e5d-4a13-96ec-dc49dba60825,2026-06-01 00:16:00,16,3,3.0,1.197327964818215,0.6464881690365807,1.013585060124746,0.0,0.0,1.2666666666666668,False,below within-person threshold
c6405c26-8e5d-4a13-96ec-dc49dba60825,2026-06-01 00:17:00,17,3,5.0,1.197327964818215,0.6464881690365807,1.013585060124746,4.0,1.3333333333333333,1.133333333333334,False,cooldown active
c6405c26-8e5d-4a13-96ec-dc49dba60825,2026-06-01 00:18:00,18,3,5.0,1.197327964818215,0.6464881690365807,1.013585060124746,0.0,1.3333333333333333,1.3333333333333333,False,below within-person threshold
c6405c26-8e5d-4a13-96ec-dc49dba60825,2026-06-01 00:19:00,19,3,5.0,1.197327964818215,0.6464881690365807,1.013585060124746,0.0,1.3333333333333333,1.3333333333333333,False,below within-person threshold
c6405c26-8e5d-4a13-96ec-dc49dba60825,2026-06-01 00:20:00,20,4,5.0,1.197327964818215,0.6464881690365807,1.013585060124746,0.0,0.0,1.3333333333333333,False,below within-person threshold
c6405c26-8e5d-4a13-96ec-dc49dba60825,2026-06-01 00:21:00,21,4,3.0,1.197327964818215,0.6464881690365807,1.013585060124746,4.0,1.3333333333333333,1.3333333333333333,False,below within-person threshold
c6405c26-8e5d-4a13-96ec-dc49dba60825,2026-06-01 00:22:00,22,4,4.0,1.197327964818215,0.6464881690365807,1.013585060124746,1.0,1.6666666666666667,1.3333333333333333,False,cooldown active
c6405c26-8e5d-4a13-96ec-dc49dba60825,2026-06-01 00:23:00,23,4,3.0,1.197327964818215,0.6464881690365807,1.013585060124746,1.0,2.0,1.3333333333333333,False,cooldown active
c6405c26-8e5d-4a13-96ec-dc49dba60825,2026-06-01 00:24:00,24,4,4.0,1.197327964818215,0.6464881690365807,1.013585060124746,1.0,1.0,1.6000000000000003,False,below within-person threshold
c6405c26-8e5d-4a13-96ec-dc49dba60825,2026-06-01 00:25:00,25,5,4.0,1.197327964818215,0.6464881690365807,1.013585060124746,0.0,0.6666666666666666,1.5333333333333339,False,below within-person threshold
c6405c26-8e5d-4a13-96ec-dc49dba60825,2026-06-01 00:26:00,26,5,4.0,1.197327964818215,0.6464881690365807,1.013585060124746,0.0,0.3333333333333333,1.4666666666666675,False,below within-person threshold
c6405c26-8e5d-4a13-96ec-dc49dba60825,2026-06-01 00:27:00,27,5,3.0,1.197327964818215,0.6464881690365807,1.013585060124746,1.0,0.3333333333333333,1.4000000000000008,False,below within-person threshold
c6405c26-8e5d-4a13-96ec-dc49dba60825,2026-06-01 00:28:00,28,5,3.0,1.197327964818215,0.6464881690365807,1.013585060124746,0.0,0.3333333333333333,1.3333333333333333,False,below within-person threshold
c6405c26-8e5d-4a13-96ec-dc49dba60825,2026-06-01 00:29:00,29,5,3.0,1.197327964818215,0.6464881690365807,1.013585060124746,0.0,0.3333333333333333,1.3333333333333333,False,below within-person threshold
c6405c26-8e5d-4a13-96ec-dc49dba60825,2026-06-01 00:30:00,30,6,3.0,1.197327964818215,0.6464881690365807,1.013585060124746,0.0,0.0,1.3333333333333333,False,below within-person threshold
c6405c26-8e5d-4a13-96ec-dc49dba60825,2026-06-01 00:31:00,31,6,3.0,1.197327964818215,0.6464881690365807,1.013585060124746,0.0,0.0,1.3333333333333333,False,below within-person threshold
c6405c26-8e5d-4a13-96ec-dc49dba60825,2026-06-01 00:32:00,32,6,4.0,1.197327964818215,0.6464881690365807,1.013585060124746,1.0,0.3333333333333333,1.3333333333333333,False,below within-person threshold
c6405c26-8e5d-4a13-96ec-dc49dba60825,2026-06-01 00:33:00,33,6,4.0,1.197327964818215,0.6464881690365807,1.013585060124746,0.0,0.3333333333333333,1.3333333333333333,False,below within-person threshold
c6405c26-8e5d-4a13-96ec-dc49dba60825,2026-06-01 00:34:00,34,6,4.0,1.197327964818215,0.6464881690365807,1.013585060124746,0.0,0.3333333333333333,1.3333333333333333,False,below within-person threshold
c7a66818-fc58-40fe-921b-53998085d431,2026-06-01 00:00:00,0,0,3.0,1.3179915294637028,0.571465590389666,1.4888156786627964,,,,False,missing or insufficient EMA data
c7a66818-fc58-40fe-921b-53998085d431,2026-06-01 00:01:00,1,0,4.0,1.3179915294637028,0.571465590389666,1.4888156786627964,1.0,1.0,,False,insufficient within-person history
c7a66818-fc58-40fe-921b-53998085d431,2026-06-01 00:02:00,2,0,5.0,1.3179915294637028,0.571465590389666,1.4888156786627964,1.0,1.0,,False,insufficient within-person history
c7a66818-fc58-40fe-921b-53998085d431,2026-06-01 00:03:00,3,0,4.0,1.3179915294637028,0.571465590389666,1.4888156786627964,1.0,1.0,,False,insufficient within-person history
c7a66818-fc58-40fe-921b-53998085d431,2026-06-01 00:04:00,4,0,4.0,1.3179915294637028,0.571465590389666,1.4888156786627964,0.0,0.6666666666666666,1.0,False,below within-person threshold
c7a66818-fc58-40fe-921b-53998085d431,2026-06-01 00:05:00,5,1,2.0,1.3179915294637028,0.571465590389666,1.4888156786627964,4.0,1.6666666666666667,1.0,True,prompt sent
c7a66818-fc58-40fe-921b-53998085d431,2026-06-01 00:06:00,6,1,3.0,1.3179915294637028,0.571465590389666,1.4888156786627964,1.0,1.6666666666666667,1.1333333333333335,False,cooldown active
c7a66818-fc58-40fe-921b-53998085d431,2026-06-01 00:07:00,7,1,4.0,1.3179915294637028,0.571465590389666,1.4888156786627964,1.0,2.0,1.6666666666666667,False,cooldown active
c7a66818-fc58-40fe-921b-53998085d431,2026-06-01 00:08:00,8,1,1.0,1.3179915294637028,0.571465590389666,1.4888156786627964,9.0,3.6666666666666665,1.6666666666666667,False,cooldown active
c7a66818-fc58-40fe-921b-53998085d431,2026-06-01 00:09:00,9,1,,1.3179915294637028,0.571465590389666,1.4888156786627964,,5.0,1.866666666666667,False,cooldown active
c7a66818-fc58-40fe-921b-53998085d431,2026-06-01 00:10:00,10,2,,1.3179915294637028,0.571465590389666,1.4888156786627964,,9.0,2.6666666666666674,False,cooldown active
c7a66818-fc58-40fe-921b-53998085d431,2026-06-01 00:11:00,11,2,,1.3179915294637028,0.571465590389666,1.4888156786627964,,,3.9333333333333336,False,missing or insufficient EMA data
c7a66818-fc58-40fe-921b-53998085d431,2026-06-01 00:12:00,12,2,,1.3179915294637028,0.571465590389666,1.4888156786627964,,,3.9333333333333336,False,missing or insufficient EMA data
c7a66818-fc58-40fe-921b-53998085d431,2026-06-01 00:13:00,13,2,,1.3179915294637028,0.571465590389666,1.4888156786627964,,,3.9333333333333336,False,missing or insufficient EMA data
c7a66818-fc58-40fe-921b-53998085d431,2026-06-01 00:14:00,14,2,4.0,1.3179915294637028,0.571465590389666,1.4888156786627964,,,3.9333333333333336,False,missing or insufficient EMA data
c7a66818-fc58-40fe-921b-53998085d431,2026-06-01 00:15:00,15,3,4.0,1.3179915294637028,0.571465590389666,1.4888156786627964,0.0,0.0,3.9333333333333336,False,below within-person threshold
c7a66818-fc58-40fe-921b-53998085d431,2026-06-01 00:16:00,16,3,4.0,1.3179915294637028,0.571465590389666,1.4888156786627964,0.0,0.0,3.6666666666666665,False,below within-person threshold
c7a66818-fc58-40fe-921b-53998085d431,2026-06-01 00:17:00,17,3,4.0,1.3179915294637028,0.571465590389666,1.4888156786627964,0.0,0.0,3.3333333333333344,False,below within-person threshold
c7a66818-fc58-40fe-921b-53998085d431,2026-06-01 00:18:00,18,3,4.0,1.3179915294637028,0.571465590389666,1.4888156786627964,0.0,0.0,3.000000000000002,False,below within-person threshold
c7a66818-fc58-40fe-921b-53998085d431,2026-06-01 00:19:00,19,3,4.0,1.3179915294637028,0.571465590389666,1.4888156786627964,0.0,0.0,2.6666666666666674,False,below within-person threshold
c7a66818-fc58-40fe-921b-53998085d431,2026-06-01 00:20:00,20,4,5.0,1.3179915294637028,0.571465590389666,1.4888156786627964,1.0,0.3333333333333333,2.3333333333333353,False,below within-person threshold
c7a66818-fc58-40fe-921b-53998085d431,2026-06-01 00:21:00,21,4,4.0,1.3179915294637028,0.571465590389666,1.4888156786627964,1.0,0.6666666666666666,2.0,False,below within-person threshold
c7a66818-fc58-40fe-921b-53998085d431,2026-06-01 00:22:00,22,4,4.0,1.3179915294637028,0.571465590389666,1.4888156786627964,0.0,0.6666666666666666,1.9333333333333336,False,below within-person threshold
c7a66818-fc58-40fe-921b-53998085d431,2026-06-01 00:23:00,23,4,,1.3179915294637028,0.571465590389666,1.4888156786627964,,0.5,1.8666666666666671,False,below within-person threshold
c7a66818-fc58-40fe-921b-53998085d431,2026-06-01 00:24:00,24,4,,1.3179915294637028,0.571465590389666,1.4888156786627964,,0.0,1.8000000000000003,False,below within-person threshold
c7a66818-fc58-40fe-921b-53998085d431,2026-06-01 00:25:00,25,5,,1.3179915294637028,0.571465590389666,1.4888156786627964,,,1.7333333333333338,False,missing or insufficient EMA data
c7a66818-fc58-40fe-921b-53998085d431,2026-06-01 00:26:00,26,5,,1.3179915294637028,0.571465590389666,1.4888156786627964,,,1.7333333333333338,False,missing or insufficient EMA data
c7a66818-fc58-40fe-921b-53998085d431,2026-06-01 00:27:00,27,5,,1.3179915294637028,0.571465590389666,1.4888156786627964,,,1.7333333333333338,False,missing or insufficient EMA data
c7a66818-fc58-40fe-921b-53998085d431,2026-06-01 00:28:00,28,5,,1.3179915294637028,0.571465590389666,1.4888156786627964,,,1.7333333333333338,False,missing or insufficient EMA data
c7a66818-fc58-40fe-921b-53998085d431,2026-06-01 00:29:00,29,5,,1.3179915294637028,0.571465590389666,1.4888156786627964,,,1.7333333333333338,False,missing or insufficient EMA data
c7a66818-fc58-40fe-921b-53998085d431,2026-06-01 00:30:00,30,6,,1.3179915294637028,0.571465590389666,1.4888156786627964,,,1.7333333333333338,False,missing or insufficient EMA data
c7a66818-fc58-40fe-921b-53998085d431,2026-06-01 00:31:00,31,6,,1.3179915294637028,0.571465590389666,1.4888156786627964,,,1.7333333333333338,False,missing or insufficient EMA data
c7a66818-fc58-40fe-921b-53998085d431,2026-06-01 00:32:00,32,6,4.0,1.3179915294637028,0.571465590389666,1.4888156786627964,,,1.7333333333333338,False,missing or insufficient EMA data
c7a66818-fc58-40fe-921b-53998085d431,2026-06-01 00:33:00,33,6,3.0,1.3179915294637028,0.571465590389666,1.4888156786627964,1.0,1.0,1.7333333333333338,False,below within-person threshold
c7a66818-fc58-40fe-921b-53998085d431,2026-06-01 00:34:00,34,6,4.0,1.3179915294637028,0.571465590389666,1.4888156786627964,1.0,1.0,1.6666666666666667,False,below within-person threshold
cd563939-2e30-4e66-a2a7-292d8a8f2fa3,2026-06-01 00:00:00,0,0,,1.1182765290410552,0.46296870265181883,1.3431608099855428,,,,False,missing or insufficient EMA data
cd563939-2e30-4e66-a2a7-292d8a8f2fa3,2026-06-01 00:01:00,1,0,3.0,1.1182765290410552,0.46296870265181883,1.3431608099855428,,,,False,missing or insufficient EMA data
cd563939-2e30-4e66-a2a7-292d8a8f2fa3,2026-06-01 00:02:00,2,0,3.0,1.1182765290410552,0.46296870265181883,1.3431608099855428,0.0,0.0,,False,insufficient within-person history
cd563939-2e30-4e66-a2a7-292d8a8f2fa3,2026-06-01 00:03:00,3,0,4.0,1.1182765290410552,0.46296870265181883,1.3431608099855428,1.0,0.5,,False,insufficient within-person history
cd563939-2e30-4e66-a2a7-292d8a8f2fa3,2026-06-01 00:04:00,4,0,5.0,1.1182765290410552,0.46296870265181883,1.3431608099855428,1.0,0.6666666666666666,,False,insufficient within-person history
cd563939-2e30-4e66-a2a7-292d8a8f2fa3,2026-06-01 00:05:00,5,1,4.0,1.1182765290410552,0.46296870265181883,1.3431608099855428,1.0,1.0,0.6,True,prompt sent
cd563939-2e30-4e66-a2a7-292d8a8f2fa3,2026-06-01 00:06:00,6,1,3.0,1.1182765290410552,0.46296870265181883,1.3431608099855428,1.0,1.0,0.8,False,cooldown active
cd563939-2e30-4e66-a2a7-292d8a8f2fa3,2026-06-01 00:07:00,7,1,3.0,1.1182765290410552,0.46296870265181883,1.3431608099855428,0.0,0.6666666666666666,1.0,False,below within-person threshold
cd563939-2e30-4e66-a2a7-292d8a8f2fa3,2026-06-01 00:08:00,8,1,5.0,1.1182765290410552,0.46296870265181883,1.3431608099855428,4.0,1.6666666666666667,1.0,False,cooldown active
cd563939-2e30-4e66-a2a7-292d8a8f2fa3,2026-06-01 00:09:00,9,1,,1.1182765290410552,0.46296870265181883,1.3431608099855428,,2.0,1.0,False,cooldown active
cd563939-2e30-4e66-a2a7-292d8a8f2fa3,2026-06-01 00:10:00,10,2,4.0,1.1182765290410552,0.46296870265181883,1.3431608099855428,,4.0,1.4000000000000004,False,cooldown active
cd563939-2e30-4e66-a2a7-292d8a8f2fa3,2026-06-01 00:11:00,11,2,,1.1182765290410552,0.46296870265181883,1.3431608099855428,,,1.8000000000000003,False,missing or insufficient EMA data
cd563939-2e30-4e66-a2a7-292d8a8f2fa3,2026-06-01 00:12:00,12,2,,1.1182765290410552,0.46296870265181883,1.3431608099855428,,,1.8000000000000003,False,missing or insufficient EMA data
cd563939-2e30-4e66-a2a7-292d8a8f2fa3,2026-06-01 00:13:00,13,2,,1.1182765290410552,0.46296870265181883,1.3431608099855428,,,1.8000000000000003,False,missing or insufficient EMA data
cd563939-2e30-4e66-a2a7-292d8a8f2fa3,2026-06-01 00:14:00,14,2,,1.1182765290410552,0.46296870265181883,1.3431608099855428,,,1.8000000000000003,False,missing or insufficient EMA data
cd563939-2e30-4e66-a2a7-292d8a8f2fa3,2026-06-01 00:15:00,15,3,3.0,1.1182765290410552,0.46296870265181883,1.3431608099855428,,,1.8000000000000003,False,missing or insufficient EMA data
cd563939-2e30-4e66-a2a7-292d8a8f2fa3,2026-06-01 00:16:00,16,3,1.0,1.1182765290410552,0.46296870265181883,1.3431608099855428,4.0,4.0,1.8000000000000003,False,cooldown active
cd563939-2e30-4e66-a2a7-292d8a8f2fa3,2026-06-01 00:17:00,17,3,3.0,1.1182765290410552,0.46296870265181883,1.3431608099855428,4.0,4.0,2.4000000000000004,False,cooldown active
cd563939-2e30-4e66-a2a7-292d8a8f2fa3,2026-06-01 00:18:00,18,3,3.0,1.1182765290410552,0.46296870265181883,1.3431608099855428,0.0,2.6666666666666665,4.0,False,below within-person threshold
cd563939-2e30-4e66-a2a7-292d8a8f2fa3,2026-06-01 00:19:00,19,3,3.0,1.1182765290410552,0.46296870265181883,1.3431608099855428,0.0,1.3333333333333333,3.7333333333333343,False,below within-person threshold
cd563939-2e30-4e66-a2a7-292d8a8f2fa3,2026-06-01 00:20:00,20,4,1.0,1.1182765290410552,0.46296870265181883,1.3431608099855428,4.0,1.3333333333333333,3.4666666666666686,False,below within-person threshold
cd563939-2e30-4e66-a2a7-292d8a8f2fa3,2026-06-01 00:21:00,21,4,,1.1182765290410552,0.46296870265181883,1.3431608099855428,,2.0,3.2,False,below within-person threshold
cd563939-2e30-4e66-a2a7-292d8a8f2fa3,2026-06-01 00:22:00,22,4,,1.1182765290410552,0.46296870265181883,1.3431608099855428,,4.0,2.9333333333333345,False,cooldown active
cd563939-2e30-4e66-a2a7-292d8a8f2fa3,2026-06-01 00:23:00,23,4,2.0,1.1182765290410552,0.46296870265181883,1.3431608099855428,,,4.0,False,missing or insufficient EMA data
cd563939-2e30-4e66-a2a7-292d8a8f2fa3,2026-06-01 00:24:00,24,4,1.0,1.1182765290410552,0.46296870265181883,1.3431608099855428,1.0,1.0,4.0,False,below within-person threshold
cd563939-2e30-4e66-a2a7-292d8a8f2fa3,2026-06-01 00:25:00,25,5,,1.1182765290410552,0.46296870265181883,1.3431608099855428,,1.0,3.7333333333333343,False,below within-person threshold
cd563939-2e30-4e66-a2a7-292d8a8f2fa3,2026-06-01 00:26:00,26,5,4.0,1.1182765290410552,0.46296870265181883,1.3431608099855428,,1.0,3.4666666666666686,False,below within-person threshold
cd563939-2e30-4e66-a2a7-292d8a8f2fa3,2026-06-01 00:27:00,27,5,2.0,1.1182765290410552,0.46296870265181883,1.3431608099855428,4.0,4.0,3.2,False,cooldown active
cd563939-2e30-4e66-a2a7-292d8a8f2fa3,2026-06-01 00:28:00,28,5,1.0,1.1182765290410552,0.46296870265181883,1.3431608099855428,1.0,2.5,4.0,False,below within-person threshold
cd563939-2e30-4e66-a2a7-292d8a8f2fa3,2026-06-01 00:29:00,29,5,2.0,1.1182765290410552,0.46296870265181883,1.3431608099855428,1.0,2.0,4.0,False,below within-person threshold
cd563939-2e30-4e66-a2a7-292d8a8f2fa3,2026-06-01 00:30:00,30,6,3.0,1.1182765290410552,0.46296870265181883,1.3431608099855428,1.0,1.0,3.7333333333333343,False,below within-person threshold
cd563939-2e30-4e66-a2a7-292d8a8f2fa3,2026-06-01 00:31:00,31,6,1.0,1.1182765290410552,0.46296870265181883,1.3431608099855428,4.0,2.0,3.4666666666666686,False,below within-person threshold
cd563939-2e30-4e66-a2a7-292d8a8f2fa3,2026-06-01 00:32:00,32,6,2.0,1.1182765290410552,0.46296870265181883,1.3431608099855428,1.0,2.0,3.200000000000003,False,below within-person threshold
cd563939-2e30-4e66-a2a7-292d8a8f2fa3,2026-06-01 00:33:00,33,6,3.0,1.1182765290410552,0.46296870265181883,1.3431608099855428,1.0,2.0,2.933333333333337,False,below within-person threshold
cd563939-2e30-4e66-a2a7-292d8a8f2fa3,2026-06-01 00:34:00,34,6,3.0,1.1182765290410552,0.46296870265181883,1.3431608099855428,0.0,0.6666666666666666,2.6666666666666665,False,below within-person threshold
d04c7da8-53f6-459e-8656-e3804e309658,2026-06-01 00:00:00,0,0,3.0,0.39364060565005926,0.31415905860801235,0.21254612184993388,,,,False,missing or insufficient EMA data
d04c7da8-53f6-459e-8656-e3804e309658,2026-06-01 00:01:00,1,0,,0.39364060565005926,0.31415905860801235,0.21254612184993388,,,,False,missing or insufficient EMA data
d04c7da8-53f6-459e-8656-e3804e309658,2026-06-01 00:02:00,2,0,,0.39364060565005926,0.31415905860801235,0.21254612184993388,,,,False,missing or insufficient EMA data
d04c7da8-53f6-459e-8656-e3804e309658,2026-06-01 00:03:00,3,0,,0.39364060565005926,0.31415905860801235,0.21254612184993388,,,,False,missing or insufficient EMA data
d04c7da8-53f6-459e-8656-e3804e309658,2026-06-01 00:04:00,4,0,3.0,0.39364060565005926,0.31415905860801235,0.21254612184993388,,,,False,missing or insufficient EMA data
d04c7da8-53f6-459e-8656-e3804e309658,2026-06-01 00:05:00,5,1,3.0,0.39364060565005926,0.31415905860801235,0.21254612184993388,0.0,0.0,,False,insufficient within-person history
d04c7da8-53f6-459e-8656-e3804e309658,2026-06-01 00:06:00,6,1,3.0,0.39364060565005926,0.31415905860801235,0.21254612184993388,0.0,0.0,,False,insufficient within-person history
d04c7da8-53f6-459e-8656-e3804e309658,2026-06-01 00:07:00,7,1,3.0,0.39364060565005926,0.31415905860801235,0.21254612184993388,0.0,0.0,,False,insufficient within-person history
d04c7da8-53f6-459e-8656-e3804e309658,2026-06-01 00:08:00,8,1,3.0,0.39364060565005926,0.31415905860801235,0.21254612184993388,0.0,0.0,0.0,False,below within-person threshold
d04c7da8-53f6-459e-8656-e3804e309658,2026-06-01 00:09:00,9,1,2.0,0.39364060565005926,0.31415905860801235,0.21254612184993388,1.0,0.3333333333333333,0.0,True,prompt sent
d04c7da8-53f6-459e-8656-e3804e309658,2026-06-01 00:10:00,10,2,3.0,0.39364060565005926,0.31415905860801235,0.21254612184993388,1.0,0.6666666666666666,0.06666666666666672,False,cooldown active
d04c7da8-53f6-459e-8656-e3804e309658,2026-06-01 00:11:00,11,2,,0.39364060565005926,0.31415905860801235,0.21254612184993388,,1.0,0.3333333333333333,False,cooldown active
d04c7da8-53f6-459e-8656-e3804e309658,2026-06-01 00:12:00,12,2,,0.39364060565005926,0.31415905860801235,0.21254612184993388,,1.0,0.6000000000000002,False,cooldown active
d04c7da8-53f6-459e-8656-e3804e309658,2026-06-01 00:13:00,13,2,3.0,0.39364060565005926,0.31415905860801235,0.21254612184993388,,,0.8666666666666668,False,missing or insufficient EMA data
d04c7da8-53f6-459e-8656-e3804e309658,2026-06-01 00:14:00,14,2,,0.39364060565005926,0.31415905860801235,0.21254612184993388,,,0.8666666666666668,False,missing or insufficient EMA data
d04c7da8-53f6-459e-8656-e3804e309658,2026-06-01 00:15:00,15,3,,0.39364060565005926,0.31415905860801235,0.21254612184993388,,,0.8666666666666668,False,missing or insufficient EMA data
d04c7da8-53f6-459e-8656-e3804e309658,2026-06-01 00:16:00,16,3,,0.39364060565005926,0.31415905860801235,0.21254612184993388,,,0.8666666666666668,False,missing or insufficient EMA data
d04c7da8-53f6-459e-8656-e3804e309658,2026-06-01 00:17:00,17,3,3.0,0.39364060565005926,0.31415905860801235,0.21254612184993388,,,0.8666666666666668,False,missing or insufficient EMA data
d04c7da8-53f6-459e-8656-e3804e309658,2026-06-01 00:18:00,18,3,3.0,0.39364060565005926,0.31415905860801235,0.21254612184993388,0.0,0.0,0.8666666666666668,False,below within-person threshold
d04c7da8-53f6-459e-8656-e3804e309658,2026-06-01 00:19:00,19,3,3.0,0.39364060565005926,0.31415905860801235,0.21254612184993388,0.0,0.0,0.8,False,below within-person threshold
d04c7da8-53f6-459e-8656-e3804e309658,2026-06-01 00:20:00,20,4,3.0,0.39364060565005926,0.31415905860801235,0.21254612184993388,0.0,0.0,0.7333333333333334,False,below within-person threshold
d04c7da8-53f6-459e-8656-e3804e309658,2026-06-01 00:21:00,21,4,3.0,0.39364060565005926,0.31415905860801235,0.21254612184993388,0.0,0.0,0.6666666666666666,False,below within-person threshold
d04c7da8-53f6-459e-8656-e3804e309658,2026-06-01 00:22:00,22,4,3.0,0.39364060565005926,0.31415905860801235,0.21254612184993388,0.0,0.0,0.6000000000000002,False,below within-person threshold
d04c7da8-53f6-459e-8656-e3804e309658,2026-06-01 00:23:00,23,4,3.0,0.39364060565005926,0.31415905860801235,0.21254612184993388,0.0,0.0,0.5333333333333338,False,below within-person threshold
d04c7da8-53f6-459e-8656-e3804e309658,2026-06-01 00:24:00,24,4,3.0,0.39364060565005926,0.31415905860801235,0.21254612184993388,0.0,0.0,0.4666666666666668,False,below within-person threshold
d04c7da8-53f6-459e-8656-e3804e309658,2026-06-01 00:25:00,25,5,3.0,0.39364060565005926,0.31415905860801235,0.21254612184993388,0.0,0.0,0.40000000000000036,False,below within-person threshold
d04c7da8-53f6-459e-8656-e3804e309658,2026-06-01 00:26:00,26,5,2.0,0.39364060565005926,0.31415905860801235,0.21254612184993388,1.0,0.3333333333333333,0.3333333333333333,False,below within-person threshold
d04c7da8-53f6-459e-8656-e3804e309658,2026-06-01 00:27:00,27,5,2.0,0.39364060565005926,0.31415905860801235,0.21254612184993388,0.0,0.3333333333333333,0.3333333333333333,False,below within-person threshold
d04c7da8-53f6-459e-8656-e3804e309658,2026-06-01 00:28:00,28,5,3.0,0.39364060565005926,0.31415905860801235,0.21254612184993388,1.0,0.6666666666666666,0.3333333333333333,False,cooldown active
d04c7da8-53f6-459e-8656-e3804e309658,2026-06-01 00:29:00,29,5,4.0,0.39364060565005926,0.31415905860801235,0.21254612184993388,1.0,0.6666666666666666,0.4666666666666668,False,cooldown active
d04c7da8-53f6-459e-8656-e3804e309658,2026-06-01 00:30:00,30,6,3.0,0.39364060565005926,0.31415905860801235,0.21254612184993388,1.0,1.0,0.6666666666666666,False,cooldown active
d04c7da8-53f6-459e-8656-e3804e309658,2026-06-01 00:31:00,31,6,,0.39364060565005926,0.31415905860801235,0.21254612184993388,,1.0,0.6666666666666666,False,cooldown active
d04c7da8-53f6-459e-8656-e3804e309658,2026-06-01 00:32:00,32,6,,0.39364060565005926,0.31415905860801235,0.21254612184993388,,1.0,0.6666666666666666,False,cooldown active
d04c7da8-53f6-459e-8656-e3804e309658,2026-06-01 00:33:00,33,6,,0.39364060565005926,0.31415905860801235,0.21254612184993388,,,0.8666666666666671,False,missing or insufficient EMA data
d04c7da8-53f6-459e-8656-e3804e309658,2026-06-01 00:34:00,34,6,,0.39364060565005926,0.31415905860801235,0.21254612184993388,,,0.8666666666666671,False,missing or insufficient EMA data
d2dc02a2-cfdb-4817-b19b-e93d4de11871,2026-06-01 00:00:00,0,0,,0.6685660329464881,0.27843464409005053,0.6450513454512445,,,,False,missing or insufficient EMA data
d2dc02a2-cfdb-4817-b19b-e93d4de11871,2026-06-01 00:01:00,1,0,,0.6685660329464881,0.27843464409005053,0.6450513454512445,,,,False,missing or insufficient EMA data
d2dc02a2-cfdb-4817-b19b-e93d4de11871,2026-06-01 00:02:00,2,0,,0.6685660329464881,0.27843464409005053,0.6450513454512445,,,,False,missing or insufficient EMA data
d2dc02a2-cfdb-4817-b19b-e93d4de11871,2026-06-01 00:03:00,3,0,,0.6685660329464881,0.27843464409005053,0.6450513454512445,,,,False,missing or insufficient EMA data
d2dc02a2-cfdb-4817-b19b-e93d4de11871,2026-06-01 00:04:00,4,0,5.0,0.6685660329464881,0.27843464409005053,0.6450513454512445,,,,False,missing or insufficient EMA data
d2dc02a2-cfdb-4817-b19b-e93d4de11871,2026-06-01 00:05:00,5,1,4.0,0.6685660329464881,0.27843464409005053,0.6450513454512445,1.0,1.0,,False,insufficient within-person history
d2dc02a2-cfdb-4817-b19b-e93d4de11871,2026-06-01 00:06:00,6,1,3.0,0.6685660329464881,0.27843464409005053,0.6450513454512445,1.0,1.0,,False,insufficient within-person history
d2dc02a2-cfdb-4817-b19b-e93d4de11871,2026-06-01 00:07:00,7,1,3.0,0.6685660329464881,0.27843464409005053,0.6450513454512445,0.0,0.6666666666666666,,False,insufficient within-person history
d2dc02a2-cfdb-4817-b19b-e93d4de11871,2026-06-01 00:08:00,8,1,,0.6685660329464881,0.27843464409005053,0.6450513454512445,,0.5,1.0,False,below within-person threshold
d2dc02a2-cfdb-4817-b19b-e93d4de11871,2026-06-01 00:09:00,9,1,4.0,0.6685660329464881,0.27843464409005053,0.6450513454512445,,0.0,1.0,False,below within-person threshold
d2dc02a2-cfdb-4817-b19b-e93d4de11871,2026-06-01 00:10:00,10,2,5.0,0.6685660329464881,0.27843464409005053,0.6450513454512445,1.0,1.0,1.0,False,below within-person threshold
d2dc02a2-cfdb-4817-b19b-e93d4de11871,2026-06-01 00:11:00,11,2,,0.6685660329464881,0.27843464409005053,0.6450513454512445,,1.0,1.0,False,below within-person threshold
d2dc02a2-cfdb-4817-b19b-e93d4de11871,2026-06-01 00:12:00,12,2,3.0,0.6685660329464881,0.27843464409005053,0.6450513454512445,,1.0,1.0,False,below within-person threshold
d2dc02a2-cfdb-4817-b19b-e93d4de11871,2026-06-01 00:13:00,13,2,,0.6685660329464881,0.27843464409005053,0.6450513454512445,,,1.0,False,missing or insufficient EMA data
d2dc02a2-cfdb-4817-b19b-e93d4de11871,2026-06-01 00:14:00,14,2,,0.6685660329464881,0.27843464409005053,0.6450513454512445,,,1.0,False,missing or insufficient EMA data
d2dc02a2-cfdb-4817-b19b-e93d4de11871,2026-06-01 00:15:00,15,3,4.0,0.6685660329464881,0.27843464409005053,0.6450513454512445,,,1.0,False,missing or insufficient EMA data
d2dc02a2-cfdb-4817-b19b-e93d4de11871,2026-06-01 00:16:00,16,3,4.0,0.6685660329464881,0.27843464409005053,0.6450513454512445,0.0,0.0,1.0,False,below within-person threshold
d2dc02a2-cfdb-4817-b19b-e93d4de11871,2026-06-01 00:17:00,17,3,3.0,0.6685660329464881,0.27843464409005053,0.6450513454512445,1.0,0.5,1.0,False,below within-person threshold
d2dc02a2-cfdb-4817-b19b-e93d4de11871,2026-06-01 00:18:00,18,3,5.0,0.6685660329464881,0.27843464409005053,0.6450513454512445,4.0,1.6666666666666667,1.0,True,prompt sent
d2dc02a2-cfdb-4817-b19b-e93d4de11871,2026-06-01 00:19:00,19,3,3.0,0.6685660329464881,0.27843464409005053,0.6450513454512445,4.0,3.0,1.0,False,cooldown active
d2dc02a2-cfdb-4817-b19b-e93d4de11871,2026-06-01 00:20:00,20,4,3.0,0.6685660329464881,0.27843464409005053,0.6450513454512445,0.0,2.6666666666666665,1.0,False,cooldown active
d2dc02a2-cfdb-4817-b19b-e93d4de11871,2026-06-01 00:21:00,21,4,3.0,0.6685660329464881,0.27843464409005053,0.6450513454512445,0.0,1.3333333333333333,1.400000000000001,False,below within-person threshold
d2dc02a2-cfdb-4817-b19b-e93d4de11871,2026-06-01 00:22:00,22,4,,0.6685660329464881,0.27843464409005053,0.6450513454512445,,0.0,1.4666666666666668,False,below within-person threshold
d2dc02a2-cfdb-4817-b19b-e93d4de11871,2026-06-01 00:23:00,23,4,,0.6685660329464881,0.27843464409005053,0.6450513454512445,,0.0,1.4000000000000004,False,below within-person threshold
d2dc02a2-cfdb-4817-b19b-e93d4de11871,2026-06-01 00:24:00,24,4,,0.6685660329464881,0.27843464409005053,0.6450513454512445,,,1.3333333333333333,False,missing or insufficient EMA data
d2dc02a2-cfdb-4817-b19b-e93d4de11871,2026-06-01 00:25:00,25,5,,0.6685660329464881,0.27843464409005053,0.6450513454512445,,,1.3333333333333333,False,missing or insufficient EMA data
d2dc02a2-cfdb-4817-b19b-e93d4de11871,2026-06-01 00:26:00,26,5,,0.6685660329464881,0.27843464409005053,0.6450513454512445,,,1.3333333333333333,False,missing or insufficient EMA data
d2dc02a2-cfdb-4817-b19b-e93d4de11871,2026-06-01 00:27:00,27,5,,0.6685660329464881,0.27843464409005053,0.6450513454512445,,,1.3333333333333333,False,missing or insufficient EMA data
d2dc02a2-cfdb-4817-b19b-e93d4de11871,2026-06-01 00:28:00,28,5,,0.6685660329464881,0.27843464409005053,0.6450513454512445,,,1.3333333333333333,False,missing or insufficient EMA data
d2dc02a2-cfdb-4817-b19b-e93d4de11871,2026-06-01 00:29:00,29,5,,0.6685660329464881,0.27843464409005053,0.6450513454512445,,,1.3333333333333333,False,missing or insufficient EMA data
d2dc02a2-cfdb-4817-b19b-e93d4de11871,2026-06-01 00:30:00,30,6,,0.6685660329464881,0.27843464409005053,0.6450513454512445,,,1.3333333333333333,False,missing or insufficient EMA data
d2dc02a2-cfdb-4817-b19b-e93d4de11871,2026-06-01 00:31:00,31,6,,0.6685660329464881,0.27843464409005053,0.6450513454512445,,,1.3333333333333333,False,missing or insufficient EMA data
d2dc02a2-cfdb-4817-b19b-e93d4de11871,2026-06-01 00:32:00,32,6,,0.6685660329464881,0.27843464409005053,0.6450513454512445,,,1.3333333333333333,False,missing or insufficient EMA data
d2dc02a2-cfdb-4817-b19b-e93d4de11871,2026-06-01 00:33:00,33,6,,0.6685660329464881,0.27843464409005053,0.6450513454512445,,,1.3333333333333333,False,missing or insufficient EMA data
d2dc02a2-cfdb-4817-b19b-e93d4de11871,2026-06-01 00:34:00,34,6,,0.6685660329464881,0.27843464409005053,0.6450513454512445,,,1.3333333333333333,False,missing or insufficient EMA data
d4259ff3-1d6c-4cd6-bec9-5ddf00114a59,2026-06-01 00:00:00,0,0,3.0,0.30801014721409115,0.2620137788988014,0.14002587574621514,,,,False,missing or insufficient EMA data
d4259ff3-1d6c-4cd6-bec9-5ddf00114a59,2026-06-01 00:01:00,1,0,3.0,0.30801014721409115,0.2620137788988014,0.14002587574621514,0.0,0.0,,False,insufficient within-person history
d4259ff3-1d6c-4cd6-bec9-5ddf00114a59,2026-06-01 00:02:00,2,0,,0.30801014721409115,0.2620137788988014,0.14002587574621514,,0.0,,False,insufficient within-person history
d4259ff3-1d6c-4cd6-bec9-5ddf00114a59,2026-06-01 00:03:00,3,0,,0.30801014721409115,0.2620137788988014,0.14002587574621514,,0.0,,False,insufficient within-person history
d4259ff3-1d6c-4cd6-bec9-5ddf00114a59,2026-06-01 00:04:00,4,0,,0.30801014721409115,0.2620137788988014,0.14002587574621514,,,0.0,False,missing or insufficient EMA data
d4259ff3-1d6c-4cd6-bec9-5ddf00114a59,2026-06-01 00:05:00,5,1,,0.30801014721409115,0.2620137788988014,0.14002587574621514,,,0.0,False,missing or insufficient EMA data
d4259ff3-1d6c-4cd6-bec9-5ddf00114a59,2026-06-01 00:06:00,6,1,,0.30801014721409115,0.2620137788988014,0.14002587574621514,,,0.0,False,missing or insufficient EMA data
d4259ff3-1d6c-4cd6-bec9-5ddf00114a59,2026-06-01 00:07:00,7,1,4.0,0.30801014721409115,0.2620137788988014,0.14002587574621514,,,0.0,False,missing or insufficient EMA data
d4259ff3-1d6c-4cd6-bec9-5ddf00114a59,2026-06-01 00:08:00,8,1,3.0,0.30801014721409115,0.2620137788988014,0.14002587574621514,1.0,1.0,0.0,True,prompt sent
d4259ff3-1d6c-4cd6-bec9-5ddf00114a59,2026-06-01 00:09:00,9,1,4.0,0.30801014721409115,0.2620137788988014,0.14002587574621514,1.0,1.0,0.40000000000000036,False,cooldown active
d4259ff3-1d6c-4cd6-bec9-5ddf00114a59,2026-06-01 00:10:00,10,2,4.0,0.30801014721409115,0.2620137788988014,0.14002587574621514,0.0,0.6666666666666666,1.0,False,below within-person threshold
d4259ff3-1d6c-4cd6-bec9-5ddf00114a59,2026-06-01 00:11:00,11,2,4.0,0.30801014721409115,0.2620137788988014,0.14002587574621514,0.0,0.3333333333333333,1.0,False,below within-person threshold
d4259ff3-1d6c-4cd6-bec9-5ddf00114a59,2026-06-01 00:12:00,12,2,3.0,0.30801014721409115,0.2620137788988014,0.14002587574621514,1.0,0.3333333333333333,0.9333333333333336,False,below within-person threshold
d4259ff3-1d6c-4cd6-bec9-5ddf00114a59,2026-06-01 00:13:00,13,2,4.0,0.30801014721409115,0.2620137788988014,0.14002587574621514,1.0,0.6666666666666666,0.8666666666666668,False,below within-person threshold
d4259ff3-1d6c-4cd6-bec9-5ddf00114a59,2026-06-01 00:14:00,14,2,4.0,0.30801014721409115,0.2620137788988014,0.14002587574621514,0.0,0.6666666666666666,0.8,False,below within-person threshold
d4259ff3-1d6c-4cd6-bec9-5ddf00114a59,2026-06-01 00:15:00,15,3,3.0,0.30801014721409115,0.2620137788988014,0.14002587574621514,1.0,0.6666666666666666,0.7333333333333334,False,below within-person threshold
d4259ff3-1d6c-4cd6-bec9-5ddf00114a59,2026-06-01 00:16:00,16,3,4.0,0.30801014721409115,0.2620137788988014,0.14002587574621514,1.0,0.6666666666666666,0.6666666666666666,False,below within-person threshold
d4259ff3-1d6c-4cd6-bec9-5ddf00114a59,2026-06-01 00:17:00,17,3,4.0,0.30801014721409115,0.2620137788988014,0.14002587574621514,0.0,0.6666666666666666,0.6666666666666666,False,below within-person threshold
d4259ff3-1d6c-4cd6-bec9-5ddf00114a59,2026-06-01 00:18:00,18,3,4.0,0.30801014721409115,0.2620137788988014,0.14002587574621514,0.0,0.3333333333333333,0.6666666666666666,False,below within-person threshold
d4259ff3-1d6c-4cd6-bec9-5ddf00114a59,2026-06-01 00:19:00,19,3,4.0,0.30801014721409115,0.2620137788988014,0.14002587574621514,0.0,0.0,0.6666666666666666,False,below within-person threshold
d4259ff3-1d6c-4cd6-bec9-5ddf00114a59,2026-06-01 00:20:00,20,4,4.0,0.30801014721409115,0.2620137788988014,0.14002587574621514,0.0,0.0,0.6666666666666666,False,below within-person threshold
d4259ff3-1d6c-4cd6-bec9-5ddf00114a59,2026-06-01 00:21:00,21,4,4.0,0.30801014721409115,0.2620137788988014,0.14002587574621514,0.0,0.0,0.6666666666666666,False,below within-person threshold
d4259ff3-1d6c-4cd6-bec9-5ddf00114a59,2026-06-01 00:22:00,22,4,3.0,0.30801014721409115,0.2620137788988014,0.14002587574621514,1.0,0.3333333333333333,0.6666666666666666,False,below within-person threshold
d4259ff3-1d6c-4cd6-bec9-5ddf00114a59,2026-06-01 00:23:00,23,4,4.0,0.30801014721409115,0.2620137788988014,0.14002587574621514,1.0,0.6666666666666666,0.6666666666666666,False,below within-person threshold
d4259ff3-1d6c-4cd6-bec9-5ddf00114a59,2026-06-01 00:24:00,24,4,4.0,0.30801014721409115,0.2620137788988014,0.14002587574621514,0.0,0.6666666666666666,0.6666666666666666,False,below within-person threshold
d4259ff3-1d6c-4cd6-bec9-5ddf00114a59,2026-06-01 00:25:00,25,5,4.0,0.30801014721409115,0.2620137788988014,0.14002587574621514,0.0,0.3333333333333333,0.6666666666666666,False,below within-person threshold
d4259ff3-1d6c-4cd6-bec9-5ddf00114a59,2026-06-01 00:26:00,26,5,4.0,0.30801014721409115,0.2620137788988014,0.14002587574621514,0.0,0.0,0.6666666666666666,False,below within-person threshold
d4259ff3-1d6c-4cd6-bec9-5ddf00114a59,2026-06-01 00:27:00,27,5,4.0,0.30801014721409115,0.2620137788988014,0.14002587574621514,0.0,0.0,0.6666666666666666,False,below within-person threshold
d4259ff3-1d6c-4cd6-bec9-5ddf00114a59,2026-06-01 00:28:00,28,5,,0.30801014721409115,0.2620137788988014,0.14002587574621514,,0.0,0.6666666666666666,False,below within-person threshold
d4259ff3-1d6c-4cd6-bec9-5ddf00114a59,2026-06-01 00:29:00,29,5,,0.30801014721409115,0.2620137788988014,0.14002587574621514,,0.0,0.6666666666666666,False,below within-person threshold
d4259ff3-1d6c-4cd6-bec9-5ddf00114a59,2026-06-01 00:30:00,30,6,4.0,0.30801014721409115,0.2620137788988014,0.14002587574621514,,,0.6666666666666666,False,missing or insufficient EMA data
d4259ff3-1d6c-4cd6-bec9-5ddf00114a59,2026-06-01 00:31:00,31,6,4.0,0.30801014721409115,0.2620137788988014,0.14002587574621514,0.0,0.0,0.6666666666666666,False,below within-person threshold
d4259ff3-1d6c-4cd6-bec9-5ddf00114a59,2026-06-01 00:32:00,32,6,4.0,0.30801014721409115,0.2620137788988014,0.14002587574621514,0.0,0.0,0.6666666666666666,False,below within-person threshold
d4259ff3-1d6c-4cd6-bec9-5ddf00114a59,2026-06-01 00:33:00,33,6,4.0,0.30801014721409115,0.2620137788988014,0.14002587574621514,0.0,0.0,0.6666666666666666,False,below within-person threshold
d4259ff3-1d6c-4cd6-bec9-5ddf00114a59,2026-06-01 00:34:00,34,6,3.0,0.30801014721409115,0.2620137788988014,0.14002587574621514,1.0,0.3333333333333333,0.6666666666666666,False,below within-person threshold
d4f4c1f9-87ca-4341-86b3-169ba73961fd,2026-06-01 00:00:00,0,0,5.0,1.3215971007204352,0.1505396518297561,2.9673669921086137,,,,False,missing or insufficient EMA data
d4f4c1f9-87ca-4341-86b3-169ba73961fd,2026-06-01 00:01:00,1,0,5.0,1.3215971007204352,0.1505396518297561,2.9673669921086137,0.0,0.0,,False,insufficient within-person history
d4f4c1f9-87ca-4341-86b3-169ba73961fd,2026-06-01 00:02:00,2,0,5.0,1.3215971007204352,0.1505396518297561,2.9673669921086137,0.0,0.0,,False,insufficient within-person history
d4f4c1f9-87ca-4341-86b3-169ba73961fd,2026-06-01 00:03:00,3,0,4.0,1.3215971007204352,0.1505396518297561,2.9673669921086137,1.0,0.3333333333333333,,False,insufficient within-person history
d4f4c1f9-87ca-4341-86b3-169ba73961fd,2026-06-01 00:04:00,4,0,5.0,1.3215971007204352,0.1505396518297561,2.9673669921086137,1.0,0.6666666666666666,0.2,True,prompt sent
d4f4c1f9-87ca-4341-86b3-169ba73961fd,2026-06-01 00:05:00,5,1,5.0,1.3215971007204352,0.1505396518297561,2.9673669921086137,0.0,0.6666666666666666,0.4666666666666668,False,cooldown active
d4f4c1f9-87ca-4341-86b3-169ba73961fd,2026-06-01 00:06:00,6,1,,1.3215971007204352,0.1505396518297561,2.9673669921086137,,0.5,0.6666666666666666,False,below within-person threshold
d4f4c1f9-87ca-4341-86b3-169ba73961fd,2026-06-01 00:07:00,7,1,,1.3215971007204352,0.1505396518297561,2.9673669921086137,,0.0,0.6666666666666666,False,below within-person threshold
d4f4c1f9-87ca-4341-86b3-169ba73961fd,2026-06-01 00:08:00,8,1,,1.3215971007204352,0.1505396518297561,2.9673669921086137,,,0.6333333333333334,False,missing or insufficient EMA data
d4f4c1f9-87ca-4341-86b3-169ba73961fd,2026-06-01 00:09:00,9,1,5.0,1.3215971007204352,0.1505396518297561,2.9673669921086137,,,0.6333333333333334,False,missing or insufficient EMA data
d4f4c1f9-87ca-4341-86b3-169ba73961fd,2026-06-01 00:10:00,10,2,4.0,1.3215971007204352,0.1505396518297561,2.9673669921086137,1.0,1.0,0.6333333333333334,False,cooldown active
d4f4c1f9-87ca-4341-86b3-169ba73961fd,2026-06-01 00:11:00,11,2,3.0,1.3215971007204352,0.1505396518297561,2.9673669921086137,1.0,1.0,0.6666666666666666,False,cooldown active
d4f4c1f9-87ca-4341-86b3-169ba73961fd,2026-06-01 00:12:00,12,2,4.0,1.3215971007204352,0.1505396518297561,2.9673669921086137,1.0,1.0,0.8,False,cooldown active
d4f4c1f9-87ca-4341-86b3-169ba73961fd,2026-06-01 00:13:00,13,2,3.0,1.3215971007204352,0.1505396518297561,2.9673669921086137,1.0,1.0,1.0,False,below within-person threshold
d4f4c1f9-87ca-4341-86b3-169ba73961fd,2026-06-01 00:14:00,14,2,5.0,1.3215971007204352,0.1505396518297561,2.9673669921086137,4.0,2.0,1.0,False,cooldown active
d4f4c1f9-87ca-4341-86b3-169ba73961fd,2026-06-01 00:15:00,15,3,,1.3215971007204352,0.1505396518297561,2.9673669921086137,,2.5,1.0,False,cooldown active
d4f4c1f9-87ca-4341-86b3-169ba73961fd,2026-06-01 00:16:00,16,3,3.0,1.3215971007204352,0.1505396518297561,2.9673669921086137,,4.0,1.0,False,cooldown active
d4f4c1f9-87ca-4341-86b3-169ba73961fd,2026-06-01 00:17:00,17,3,4.0,1.3215971007204352,0.1505396518297561,2.9673669921086137,1.0,1.0,1.4000000000000004,False,below within-person threshold
d4f4c1f9-87ca-4341-86b3-169ba73961fd,2026-06-01 00:18:00,18,3,4.0,1.3215971007204352,0.1505396518297561,2.9673669921086137,0.0,0.5,1.200000000000001,False,below within-person threshold
d4f4c1f9-87ca-4341-86b3-169ba73961fd,2026-06-01 00:19:00,19,3,,1.3215971007204352,0.1505396518297561,2.9673669921086137,,0.5,1.0,False,below within-person threshold
d4f4c1f9-87ca-4341-86b3-169ba73961fd,2026-06-01 00:20:00,20,4,,1.3215971007204352,0.1505396518297561,2.9673669921086137,,0.0,1.0,False,below within-person threshold
d4f4c1f9-87ca-4341-86b3-169ba73961fd,2026-06-01 00:21:00,21,4,,1.3215971007204352,0.1505396518297561,2.9673669921086137,,,1.0,False,missing or insufficient EMA data
d4f4c1f9-87ca-4341-86b3-169ba73961fd,2026-06-01 00:22:00,22,4,5.0,1.3215971007204352,0.1505396518297561,2.9673669921086137,,,1.0,False,missing or insufficient EMA data
d4f4c1f9-87ca-4341-86b3-169ba73961fd,2026-06-01 00:23:00,23,4,,1.3215971007204352,0.1505396518297561,2.9673669921086137,,,1.0,False,missing or insufficient EMA data
d4f4c1f9-87ca-4341-86b3-169ba73961fd,2026-06-01 00:24:00,24,4,5.0,1.3215971007204352,0.1505396518297561,2.9673669921086137,,,1.0,False,missing or insufficient EMA data
d4f4c1f9-87ca-4341-86b3-169ba73961fd,2026-06-01 00:25:00,25,5,4.0,1.3215971007204352,0.1505396518297561,2.9673669921086137,1.0,1.0,1.0,False,below within-person threshold
d4f4c1f9-87ca-4341-86b3-169ba73961fd,2026-06-01 00:26:00,26,5,3.0,1.3215971007204352,0.1505396518297561,2.9673669921086137,1.0,1.0,1.0,False,below within-person threshold
d4f4c1f9-87ca-4341-86b3-169ba73961fd,2026-06-01 00:27:00,27,5,3.0,1.3215971007204352,0.1505396518297561,2.9673669921086137,0.0,0.6666666666666666,1.0,False,below within-person threshold
d4f4c1f9-87ca-4341-86b3-169ba73961fd,2026-06-01 00:28:00,28,5,3.0,1.3215971007204352,0.1505396518297561,2.9673669921086137,0.0,0.3333333333333333,1.0,False,below within-person threshold
d4f4c1f9-87ca-4341-86b3-169ba73961fd,2026-06-01 00:29:00,29,5,3.0,1.3215971007204352,0.1505396518297561,2.9673669921086137,0.0,0.0,1.0,False,below within-person threshold
d4f4c1f9-87ca-4341-86b3-169ba73961fd,2026-06-01 00:30:00,30,6,5.0,1.3215971007204352,0.1505396518297561,2.9673669921086137,4.0,1.3333333333333333,1.0,False,cooldown active
d4f4c1f9-87ca-4341-86b3-169ba73961fd,2026-06-01 00:31:00,31,6,3.0,1.3215971007204352,0.1505396518297561,2.9673669921086137,4.0,2.6666666666666665,1.0,False,cooldown active
d4f4c1f9-87ca-4341-86b3-169ba73961fd,2026-06-01 00:32:00,32,6,3.0,1.3215971007204352,0.1505396518297561,2.9673669921086137,0.0,2.6666666666666665,1.0666666666666675,False,cooldown active
d4f4c1f9-87ca-4341-86b3-169ba73961fd,2026-06-01 00:33:00,33,6,4.0,1.3215971007204352,0.1505396518297561,2.9673669921086137,1.0,1.6666666666666667,1.3333333333333333,False,cooldown active
d4f4c1f9-87ca-4341-86b3-169ba73961fd,2026-06-01 00:34:00,34,6,4.0,1.3215971007204352,0.1505396518297561,2.9673669921086137,0.0,0.3333333333333333,1.6000000000000003,False,below within-person threshold
d5e8683c-2fe3-485d-beb0-d9ea78790ddf,2026-06-01 00:00:00,0,0,2.0,0.6368987993001635,0.7305270528195786,0.2186180560006186,,,,False,missing or insufficient EMA data
d5e8683c-2fe3-485d-beb0-d9ea78790ddf,2026-06-01 00:01:00,1,0,4.0,0.6368987993001635,0.7305270528195786,0.2186180560006186,4.0,4.0,,False,insufficient within-person history
d5e8683c-2fe3-485d-beb0-d9ea78790ddf,2026-06-01 00:02:00,2,0,3.0,0.6368987993001635,0.7305270528195786,0.2186180560006186,1.0,2.5,,False,insufficient within-person history
d5e8683c-2fe3-485d-beb0-d9ea78790ddf,2026-06-01 00:03:00,3,0,3.0,0.6368987993001635,0.7305270528195786,0.2186180560006186,0.0,1.6666666666666667,,False,insufficient within-person history
d5e8683c-2fe3-485d-beb0-d9ea78790ddf,2026-06-01 00:04:00,4,0,3.0,0.6368987993001635,0.7305270528195786,0.2186180560006186,0.0,0.3333333333333333,3.4000000000000004,False,below within-person threshold
d5e8683c-2fe3-485d-beb0-d9ea78790ddf,2026-06-01 00:05:00,5,1,4.0,0.6368987993001635,0.7305270528195786,0.2186180560006186,1.0,0.3333333333333333,3.1000000000000005,False,below within-person threshold
d5e8683c-2fe3-485d-beb0-d9ea78790ddf,2026-06-01 00:06:00,6,1,,0.6368987993001635,0.7305270528195786,0.2186180560006186,,0.5,2.8000000000000003,False,below within-person threshold
d5e8683c-2fe3-485d-beb0-d9ea78790ddf,2026-06-01 00:07:00,7,1,,0.6368987993001635,0.7305270528195786,0.2186180560006186,,1.0,2.5,False,below within-person threshold
d5e8683c-2fe3-485d-beb0-d9ea78790ddf,2026-06-01 00:08:00,8,1,,0.6368987993001635,0.7305270528195786,0.2186180560006186,,,2.333333333333334,False,missing or insufficient EMA data
d5e8683c-2fe3-485d-beb0-d9ea78790ddf,2026-06-01 00:09:00,9,1,3.0,0.6368987993001635,0.7305270528195786,0.2186180560006186,,,2.333333333333334,False,missing or insufficient EMA data
d5e8683c-2fe3-485d-beb0-d9ea78790ddf,2026-06-01 00:10:00,10,2,3.0,0.6368987993001635,0.7305270528195786,0.2186180560006186,0.0,0.0,2.333333333333334,False,below within-person threshold
d5e8683c-2fe3-485d-beb0-d9ea78790ddf,2026-06-01 00:11:00,11,2,2.0,0.6368987993001635,0.7305270528195786,0.2186180560006186,1.0,0.5,2.166666666666667,False,below within-person threshold
d5e8683c-2fe3-485d-beb0-d9ea78790ddf,2026-06-01 00:12:00,12,2,3.0,0.6368987993001635,0.7305270528195786,0.2186180560006186,1.0,0.6666666666666666,2.0000000000000004,False,below within-person threshold
d5e8683c-2fe3-485d-beb0-d9ea78790ddf,2026-06-01 00:13:00,13,2,2.0,0.6368987993001635,0.7305270528195786,0.2186180560006186,1.0,1.0,1.8333333333333335,False,below within-person threshold
d5e8683c-2fe3-485d-beb0-d9ea78790ddf,2026-06-01 00:14:00,14,2,3.0,0.6368987993001635,0.7305270528195786,0.2186180560006186,1.0,1.0,1.6666666666666667,False,below within-person threshold
d5e8683c-2fe3-485d-beb0-d9ea78790ddf,2026-06-01 00:15:00,15,3,3.0,0.6368987993001635,0.7305270528195786,0.2186180560006186,0.0,0.6666666666666666,1.5333333333333339,False,below within-person threshold
d5e8683c-2fe3-485d-beb0-d9ea78790ddf,2026-06-01 00:16:00,16,3,3.0,0.6368987993001635,0.7305270528195786,0.2186180560006186,0.0,0.3333333333333333,1.400000000000001,False,below within-person threshold
d5e8683c-2fe3-485d-beb0-d9ea78790ddf,2026-06-01 00:17:00,17,3,4.0,0.6368987993001635,0.7305270528195786,0.2186180560006186,1.0,0.3333333333333333,1.2666666666666668,False,below within-person threshold
d5e8683c-2fe3-485d-beb0-d9ea78790ddf,2026-06-01 00:18:00,18,3,4.0,0.6368987993001635,0.7305270528195786,0.2186180560006186,0.0,0.3333333333333333,1.133333333333334,False,below within-person threshold
d5e8683c-2fe3-485d-beb0-d9ea78790ddf,2026-06-01 00:19:00,19,3,3.0,0.6368987993001635,0.7305270528195786,0.2186180560006186,1.0,0.6666666666666666,1.0,False,below within-person threshold
d5e8683c-2fe3-485d-beb0-d9ea78790ddf,2026-06-01 00:20:00,20,4,3.0,0.6368987993001635,0.7305270528195786,0.2186180560006186,0.0,0.3333333333333333,1.0,False,below within-person threshold
d5e8683c-2fe3-485d-beb0-d9ea78790ddf,2026-06-01 00:21:00,21,4,4.0,0.6368987993001635,0.7305270528195786,0.2186180560006186,1.0,0.6666666666666666,1.0,False,below within-person threshold
d5e8683c-2fe3-485d-beb0-d9ea78790ddf,2026-06-01 00:22:00,22,4,3.0,0.6368987993001635,0.7305270528195786,0.2186180560006186,1.0,0.6666666666666666,1.0,False,below within-person threshold
d5e8683c-2fe3-485d-beb0-d9ea78790ddf,2026-06-01 00:23:00,23,4,4.0,0.6368987993001635,0.7305270528195786,0.2186180560006186,1.0,1.0,1.0,False,below within-person threshold
d5e8683c-2fe3-485d-beb0-d9ea78790ddf,2026-06-01 00:24:00,24,4,4.0,0.6368987993001635,0.7305270528195786,0.2186180560006186,0.0,0.6666666666666666,1.0,False,below within-person threshold
d5e8683c-2fe3-485d-beb0-d9ea78790ddf,2026-06-01 00:25:00,25,5,3.0,0.6368987993001635,0.7305270528195786,0.2186180560006186,1.0,0.6666666666666666,1.0,False,below within-person threshold
d5e8683c-2fe3-485d-beb0-d9ea78790ddf,2026-06-01 00:26:00,26,5,3.0,0.6368987993001635,0.7305270528195786,0.2186180560006186,0.0,0.3333333333333333,1.0,False,below within-person threshold
d5e8683c-2fe3-485d-beb0-d9ea78790ddf,2026-06-01 00:27:00,27,5,3.0,0.6368987993001635,0.7305270528195786,0.2186180560006186,0.0,0.3333333333333333,1.0,False,below within-person threshold
d5e8683c-2fe3-485d-beb0-d9ea78790ddf,2026-06-01 00:28:00,28,5,,0.6368987993001635,0.7305270528195786,0.2186180560006186,,0.0,1.0,False,below within-person threshold
d5e8683c-2fe3-485d-beb0-d9ea78790ddf,2026-06-01 00:29:00,29,5,2.0,0.6368987993001635,0.7305270528195786,0.2186180560006186,,0.0,1.0,False,below within-person threshold
d5e8683c-2fe3-485d-beb0-d9ea78790ddf,2026-06-01 00:30:00,30,6,3.0,0.6368987993001635,0.7305270528195786,0.2186180560006186,1.0,1.0,1.0,False,below within-person threshold
d5e8683c-2fe3-485d-beb0-d9ea78790ddf,2026-06-01 00:31:00,31,6,3.0,0.6368987993001635,0.7305270528195786,0.2186180560006186,0.0,0.5,1.0,False,below within-person threshold
d5e8683c-2fe3-485d-beb0-d9ea78790ddf,2026-06-01 00:32:00,32,6,4.0,0.6368987993001635,0.7305270528195786,0.2186180560006186,1.0,0.6666666666666666,1.0,False,below within-person threshold
d5e8683c-2fe3-485d-beb0-d9ea78790ddf,2026-06-01 00:33:00,33,6,4.0,0.6368987993001635,0.7305270528195786,0.2186180560006186,0.0,0.3333333333333333,1.0,False,below within-person threshold
d5e8683c-2fe3-485d-beb0-d9ea78790ddf,2026-06-01 00:34:00,34,6,3.0,0.6368987993001635,0.7305270528195786,0.2186180560006186,1.0,0.6666666666666666,1.0,False,below within-person threshold
d60395ea-9bd1-4658-a835-ecb573c19dc5,2026-06-01 00:00:00,0,0,5.0,1.43010972889878,0.146289483196871,3.4920411229886694,,,,False,missing or insufficient EMA data
d60395ea-9bd1-4658-a835-ecb573c19dc5,2026-06-01 00:01:00,1,0,4.0,1.43010972889878,0.146289483196871,3.4920411229886694,1.0,1.0,,False,insufficient within-person history
d60395ea-9bd1-4658-a835-ecb573c19dc5,2026-06-01 00:02:00,2,0,1.0,1.43010972889878,0.146289483196871,3.4920411229886694,9.0,5.0,,False,insufficient within-person history
d60395ea-9bd1-4658-a835-ecb573c19dc5,2026-06-01 00:03:00,3,0,3.0,1.43010972889878,0.146289483196871,3.4920411229886694,4.0,4.666666666666667,,False,insufficient within-person history
d60395ea-9bd1-4658-a835-ecb573c19dc5,2026-06-01 00:04:00,4,0,4.0,1.43010972889878,0.146289483196871,3.4920411229886694,1.0,4.666666666666667,4.866666666666667,False,below within-person threshold
d60395ea-9bd1-4658-a835-ecb573c19dc5,2026-06-01 00:05:00,5,1,2.0,1.43010972889878,0.146289483196871,3.4920411229886694,4.0,3.0,4.800000000000001,False,below within-person threshold
d60395ea-9bd1-4658-a835-ecb573c19dc5,2026-06-01 00:06:00,6,1,2.0,1.43010972889878,0.146289483196871,3.4920411229886694,0.0,1.6666666666666667,4.733333333333333,False,below within-person threshold
d60395ea-9bd1-4658-a835-ecb573c19dc5,2026-06-01 00:07:00,7,1,3.0,1.43010972889878,0.146289483196871,3.4920411229886694,1.0,1.6666666666666667,4.666666666666667,False,below within-person threshold
d60395ea-9bd1-4658-a835-ecb573c19dc5,2026-06-01 00:08:00,8,1,1.0,1.43010972889878,0.146289483196871,3.4920411229886694,4.0,1.6666666666666667,4.666666666666667,False,below within-person threshold
d60395ea-9bd1-4658-a835-ecb573c19dc5,2026-06-01 00:09:00,9,1,1.0,1.43010972889878,0.146289483196871,3.4920411229886694,0.0,1.6666666666666667,4.666666666666667,False,below within-person threshold
d60395ea-9bd1-4658-a835-ecb573c19dc5,2026-06-01 00:10:00,10,2,2.0,1.43010972889878,0.146289483196871,3.4920411229886694,1.0,1.6666666666666667,4.666666666666667,False,below within-person threshold
d60395ea-9bd1-4658-a835-ecb573c19dc5,2026-06-01 00:11:00,11,2,1.0,1.43010972889878,0.146289483196871,3.4920411229886694,1.0,0.6666666666666666,4.666666666666667,False,below within-person threshold
d60395ea-9bd1-4658-a835-ecb573c19dc5,2026-06-01 00:12:00,12,2,,1.43010972889878,0.146289483196871,3.4920411229886694,,1.0,4.666666666666667,False,below within-person threshold
d60395ea-9bd1-4658-a835-ecb573c19dc5,2026-06-01 00:13:00,13,2,,1.43010972889878,0.146289483196871,3.4920411229886694,,1.0,4.333333333333335,False,below within-person threshold
d60395ea-9bd1-4658-a835-ecb573c19dc5,2026-06-01 00:14:00,14,2,1.0,1.43010972889878,0.146289483196871,3.4920411229886694,,,4.000000000000003,False,missing or insufficient EMA data
d60395ea-9bd1-4658-a835-ecb573c19dc5,2026-06-01 00:15:00,15,3,1.0,1.43010972889878,0.146289483196871,3.4920411229886694,0.0,0.0,4.000000000000003,False,below within-person threshold
d60395ea-9bd1-4658-a835-ecb573c19dc5,2026-06-01 00:16:00,16,3,1.0,1.43010972889878,0.146289483196871,3.4920411229886694,0.0,0.0,3.6666666666666674,False,below within-person threshold
d60395ea-9bd1-4658-a835-ecb573c19dc5,2026-06-01 00:17:00,17,3,1.0,1.43010972889878,0.146289483196871,3.4920411229886694,0.0,0.0,3.3333333333333353,False,below within-person threshold
d60395ea-9bd1-4658-a835-ecb573c19dc5,2026-06-01 00:18:00,18,3,2.0,1.43010972889878,0.146289483196871,3.4920411229886694,1.0,0.3333333333333333,3.0,False,below within-person threshold
d60395ea-9bd1-4658-a835-ecb573c19dc5,2026-06-01 00:19:00,19,3,1.0,1.43010972889878,0.146289483196871,3.4920411229886694,1.0,0.6666666666666666,2.7333333333333343,False,below within-person threshold
d60395ea-9bd1-4658-a835-ecb573c19dc5,2026-06-01 00:20:00,20,4,3.0,1.43010972889878,0.146289483196871,3.4920411229886694,4.0,2.0,2.4666666666666686,False,below within-person threshold
d60395ea-9bd1-4658-a835-ecb573c19dc5,2026-06-01 00:21:00,21,4,3.0,1.43010972889878,0.146289483196871,3.4920411229886694,0.0,1.6666666666666667,2.4000000000000004,False,below within-person threshold
d60395ea-9bd1-4658-a835-ecb573c19dc5,2026-06-01 00:22:00,22,4,1.0,1.43010972889878,0.146289483196871,3.4920411229886694,4.0,2.6666666666666665,2.200000000000001,True,prompt sent
d60395ea-9bd1-4658-a835-ecb573c19dc5,2026-06-01 00:23:00,23,4,3.0,1.43010972889878,0.146289483196871,3.4920411229886694,4.0,2.6666666666666665,2.6666666666666665,False,below within-person threshold
d60395ea-9bd1-4658-a835-ecb573c19dc5,2026-06-01 00:24:00,24,4,2.0,1.43010972889878,0.146289483196871,3.4920411229886694,1.0,3.0,2.6666666666666665,False,cooldown active
d60395ea-9bd1-4658-a835-ecb573c19dc5,2026-06-01 00:25:00,25,5,2.0,1.43010972889878,0.146289483196871,3.4920411229886694,0.0,1.6666666666666667,2.866666666666667,False,below within-person threshold
d60395ea-9bd1-4658-a835-ecb573c19dc5,2026-06-01 00:26:00,26,5,1.0,1.43010972889878,0.146289483196871,3.4920411229886694,1.0,0.6666666666666666,2.8000000000000007,False,below within-person threshold
d60395ea-9bd1-4658-a835-ecb573c19dc5,2026-06-01 00:27:00,27,5,1.0,1.43010972889878,0.146289483196871,3.4920411229886694,0.0,0.3333333333333333,2.7333333333333343,False,below within-person threshold
d60395ea-9bd1-4658-a835-ecb573c19dc5,2026-06-01 00:28:00,28,5,3.0,1.43010972889878,0.146289483196871,3.4920411229886694,4.0,1.6666666666666667,2.6666666666666665,False,below within-person threshold
d60395ea-9bd1-4658-a835-ecb573c19dc5,2026-06-01 00:29:00,29,5,2.0,1.43010972889878,0.146289483196871,3.4920411229886694,1.0,1.6666666666666667,2.6666666666666665,False,below within-person threshold
d60395ea-9bd1-4658-a835-ecb573c19dc5,2026-06-01 00:30:00,30,6,3.0,1.43010972889878,0.146289483196871,3.4920411229886694,1.0,2.0,2.6666666666666665,False,below within-person threshold
d60395ea-9bd1-4658-a835-ecb573c19dc5,2026-06-01 00:31:00,31,6,4.0,1.43010972889878,0.146289483196871,3.4920411229886694,1.0,1.0,2.6666666666666665,False,below within-person threshold
d60395ea-9bd1-4658-a835-ecb573c19dc5,2026-06-01 00:32:00,32,6,4.0,1.43010972889878,0.146289483196871,3.4920411229886694,0.0,0.6666666666666666,2.6666666666666665,False,below within-person threshold
d60395ea-9bd1-4658-a835-ecb573c19dc5,2026-06-01 00:33:00,33,6,,1.43010972889878,0.146289483196871,3.4920411229886694,,0.5,2.6666666666666665,False,below within-person threshold
d60395ea-9bd1-4658-a835-ecb573c19dc5,2026-06-01 00:34:00,34,6,2.0,1.43010972889878,0.146289483196871,3.4920411229886694,,0.0,2.5333333333333337,False,below within-person threshold
d9b10fbb-0154-4e99-bf5e-078c540936d1,2026-06-01 00:00:00,0,0,4.0,0.47059094055387285,0.4033689580040345,0.26425484919317066,,,,False,missing or insufficient EMA data
d9b10fbb-0154-4e99-bf5e-078c540936d1,2026-06-01 00:01:00,1,0,,0.47059094055387285,0.4033689580040345,0.26425484919317066,,,,False,missing or insufficient EMA data
d9b10fbb-0154-4e99-bf5e-078c540936d1,2026-06-01 00:02:00,2,0,4.0,0.47059094055387285,0.4033689580040345,0.26425484919317066,,,,False,missing or insufficient EMA data
d9b10fbb-0154-4e99-bf5e-078c540936d1,2026-06-01 00:03:00,3,0,3.0,0.47059094055387285,0.4033689580040345,0.26425484919317066,1.0,1.0,,False,insufficient within-person history
d9b10fbb-0154-4e99-bf5e-078c540936d1,2026-06-01 00:04:00,4,0,,0.47059094055387285,0.4033689580040345,0.26425484919317066,,1.0,,False,insufficient within-person history
d9b10fbb-0154-4e99-bf5e-078c540936d1,2026-06-01 00:05:00,5,1,,0.47059094055387285,0.4033689580040345,0.26425484919317066,,1.0,,False,insufficient within-person history
d9b10fbb-0154-4e99-bf5e-078c540936d1,2026-06-01 00:06:00,6,1,,0.47059094055387285,0.4033689580040345,0.26425484919317066,,,1.0,False,missing or insufficient EMA data
d9b10fbb-0154-4e99-bf5e-078c540936d1,2026-06-01 00:07:00,7,1,3.0,0.47059094055387285,0.4033689580040345,0.26425484919317066,,,1.0,False,missing or insufficient EMA data
d9b10fbb-0154-4e99-bf5e-078c540936d1,2026-06-01 00:08:00,8,1,3.0,0.47059094055387285,0.4033689580040345,0.26425484919317066,0.0,0.0,1.0,False,below within-person threshold
d9b10fbb-0154-4e99-bf5e-078c540936d1,2026-06-01 00:09:00,9,1,4.0,0.47059094055387285,0.4033689580040345,0.26425484919317066,1.0,0.5,1.0,False,below within-person threshold
d9b10fbb-0154-4e99-bf5e-078c540936d1,2026-06-01 00:10:00,10,2,4.0,0.47059094055387285,0.4033689580040345,0.26425484919317066,0.0,0.3333333333333333,1.0,False,below within-person threshold
d9b10fbb-0154-4e99-bf5e-078c540936d1,2026-06-01 00:11:00,11,2,3.0,0.47059094055387285,0.4033689580040345,0.26425484919317066,1.0,0.6666666666666666,1.0,False,below within-person threshold
d9b10fbb-0154-4e99-bf5e-078c540936d1,2026-06-01 00:12:00,12,2,3.0,0.47059094055387285,0.4033689580040345,0.26425484919317066,0.0,0.3333333333333333,1.0,False,below within-person threshold
d9b10fbb-0154-4e99-bf5e-078c540936d1,2026-06-01 00:13:00,13,2,3.0,0.47059094055387285,0.4033689580040345,0.26425484919317066,0.0,0.3333333333333333,1.0,False,below within-person threshold
d9b10fbb-0154-4e99-bf5e-078c540936d1,2026-06-01 00:14:00,14,2,3.0,0.47059094055387285,0.4033689580040345,0.26425484919317066,0.0,0.0,1.0,False,below within-person threshold
d9b10fbb-0154-4e99-bf5e-078c540936d1,2026-06-01 00:15:00,15,3,4.0,0.47059094055387285,0.4033689580040345,0.26425484919317066,1.0,0.3333333333333333,1.0,False,below within-person threshold
d9b10fbb-0154-4e99-bf5e-078c540936d1,2026-06-01 00:16:00,16,3,,0.47059094055387285,0.4033689580040345,0.26425484919317066,,0.5,1.0,False,below within-person threshold
d9b10fbb-0154-4e99-bf5e-078c540936d1,2026-06-01 00:17:00,17,3,,0.47059094055387285,0.4033689580040345,0.26425484919317066,,1.0,0.9333333333333336,True,prompt sent
d9b10fbb-0154-4e99-bf5e-078c540936d1,2026-06-01 00:18:00,18,3,,0.47059094055387285,0.4033689580040345,0.26425484919317066,,,1.0,False,missing or insufficient EMA data
d9b10fbb-0154-4e99-bf5e-078c540936d1,2026-06-01 00:19:00,19,3,,0.47059094055387285,0.4033689580040345,0.26425484919317066,,,1.0,False,missing or insufficient EMA data
d9b10fbb-0154-4e99-bf5e-078c540936d1,2026-06-01 00:20:00,20,4,4.0,0.47059094055387285,0.4033689580040345,0.26425484919317066,,,1.0,False,missing or insufficient EMA data
d9b10fbb-0154-4e99-bf5e-078c540936d1,2026-06-01 00:21:00,21,4,3.0,0.47059094055387285,0.4033689580040345,0.26425484919317066,1.0,1.0,1.0,False,below within-person threshold
d9b10fbb-0154-4e99-bf5e-078c540936d1,2026-06-01 00:22:00,22,4,3.0,0.47059094055387285,0.4033689580040345,0.26425484919317066,0.0,0.5,1.0,False,below within-person threshold
d9b10fbb-0154-4e99-bf5e-078c540936d1,2026-06-01 00:23:00,23,4,,0.47059094055387285,0.4033689580040345,0.26425484919317066,,0.5,1.0,False,below within-person threshold
d9b10fbb-0154-4e99-bf5e-078c540936d1,2026-06-01 00:24:00,24,4,,0.47059094055387285,0.4033689580040345,0.26425484919317066,,0.0,1.0,False,below within-person threshold
d9b10fbb-0154-4e99-bf5e-078c540936d1,2026-06-01 00:25:00,25,5,,0.47059094055387285,0.4033689580040345,0.26425484919317066,,,1.0,False,missing or insufficient EMA data
d9b10fbb-0154-4e99-bf5e-078c540936d1,2026-06-01 00:26:00,26,5,3.0,0.47059094055387285,0.4033689580040345,0.26425484919317066,,,1.0,False,missing or insufficient EMA data
d9b10fbb-0154-4e99-bf5e-078c540936d1,2026-06-01 00:27:00,27,5,4.0,0.47059094055387285,0.4033689580040345,0.26425484919317066,1.0,1.0,1.0,False,below within-person threshold
d9b10fbb-0154-4e99-bf5e-078c540936d1,2026-06-01 00:28:00,28,5,,0.47059094055387285,0.4033689580040345,0.26425484919317066,,1.0,1.0,False,below within-person threshold
d9b10fbb-0154-4e99-bf5e-078c540936d1,2026-06-01 00:29:00,29,5,,0.47059094055387285,0.4033689580040345,0.26425484919317066,,1.0,1.0,False,below within-person threshold
d9b10fbb-0154-4e99-bf5e-078c540936d1,2026-06-01 00:30:00,30,6,,0.47059094055387285,0.4033689580040345,0.26425484919317066,,,1.0,False,missing or insufficient EMA data
d9b10fbb-0154-4e99-bf5e-078c540936d1,2026-06-01 00:31:00,31,6,4.0,0.47059094055387285,0.4033689580040345,0.26425484919317066,,,1.0,False,missing or insufficient EMA data
d9b10fbb-0154-4e99-bf5e-078c540936d1,2026-06-01 00:32:00,32,6,4.0,0.47059094055387285,0.4033689580040345,0.26425484919317066,0.0,0.0,1.0,False,below within-person threshold
d9b10fbb-0154-4e99-bf5e-078c540936d1,2026-06-01 00:33:00,33,6,,0.47059094055387285,0.4033689580040345,0.26425484919317066,,0.0,1.0,False,below within-person threshold
d9b10fbb-0154-4e99-bf5e-078c540936d1,2026-06-01 00:34:00,34,6,,0.47059094055387285,0.4033689580040345,0.26425484919317066,,0.0,1.0,False,below within-person threshold
da35f605-ed21-4ca3-9456-5f91c0f1a164,2026-06-01 00:00:00,0,0,4.0,1.0244508857584187,0.4809183426634801,1.0895520014766542,,,,False,missing or insufficient EMA data
da35f605-ed21-4ca3-9456-5f91c0f1a164,2026-06-01 00:01:00,1,0,4.0,1.0244508857584187,0.4809183426634801,1.0895520014766542,0.0,0.0,,False,insufficient within-person history
da35f605-ed21-4ca3-9456-5f91c0f1a164,2026-06-01 00:02:00,2,0,3.0,1.0244508857584187,0.4809183426634801,1.0895520014766542,1.0,0.5,,False,insufficient within-person history
da35f605-ed21-4ca3-9456-5f91c0f1a164,2026-06-01 00:03:00,3,0,3.0,1.0244508857584187,0.4809183426634801,1.0895520014766542,0.0,0.3333333333333333,,False,insufficient within-person history
da35f605-ed21-4ca3-9456-5f91c0f1a164,2026-06-01 00:04:00,4,0,,1.0244508857584187,0.4809183426634801,1.0895520014766542,,0.5,0.43333333333333335,True,prompt sent
da35f605-ed21-4ca3-9456-5f91c0f1a164,2026-06-01 00:05:00,5,1,3.0,1.0244508857584187,0.4809183426634801,1.0895520014766542,,0.0,0.5,False,below within-person threshold
da35f605-ed21-4ca3-9456-5f91c0f1a164,2026-06-01 00:06:00,6,1,2.0,1.0244508857584187,0.4809183426634801,1.0895520014766542,1.0,1.0,0.5,False,cooldown active
da35f605-ed21-4ca3-9456-5f91c0f1a164,2026-06-01 00:07:00,7,1,3.0,1.0244508857584187,0.4809183426634801,1.0895520014766542,1.0,1.0,0.5,False,cooldown active
da35f605-ed21-4ca3-9456-5f91c0f1a164,2026-06-01 00:08:00,8,1,3.0,1.0244508857584187,0.4809183426634801,1.0895520014766542,0.0,0.6666666666666666,0.9000000000000004,False,below within-person threshold
da35f605-ed21-4ca3-9456-5f91c0f1a164,2026-06-01 00:09:00,9,1,1.0,1.0244508857584187,0.4809183426634801,1.0895520014766542,4.0,1.6666666666666667,0.8666666666666668,False,cooldown active
da35f605-ed21-4ca3-9456-5f91c0f1a164,2026-06-01 00:10:00,10,2,2.0,1.0244508857584187,0.4809183426634801,1.0895520014766542,1.0,1.6666666666666667,1.0,False,cooldown active
da35f605-ed21-4ca3-9456-5f91c0f1a164,2026-06-01 00:11:00,11,2,2.0,1.0244508857584187,0.4809183426634801,1.0895520014766542,0.0,1.6666666666666667,1.1333333333333335,False,cooldown active
da35f605-ed21-4ca3-9456-5f91c0f1a164,2026-06-01 00:12:00,12,2,2.0,1.0244508857584187,0.4809183426634801,1.0895520014766542,0.0,0.3333333333333333,1.6666666666666667,False,below within-person threshold
da35f605-ed21-4ca3-9456-5f91c0f1a164,2026-06-01 00:13:00,13,2,3.0,1.0244508857584187,0.4809183426634801,1.0895520014766542,1.0,0.3333333333333333,1.5333333333333339,False,below within-person threshold
da35f605-ed21-4ca3-9456-5f91c0f1a164,2026-06-01 00:14:00,14,2,3.0,1.0244508857584187,0.4809183426634801,1.0895520014766542,0.0,0.3333333333333333,1.400000000000001,False,below within-person threshold
da35f605-ed21-4ca3-9456-5f91c0f1a164,2026-06-01 00:15:00,15,3,3.0,1.0244508857584187,0.4809183426634801,1.0895520014766542,0.0,0.3333333333333333,1.2666666666666668,False,below within-person threshold
da35f605-ed21-4ca3-9456-5f91c0f1a164,2026-06-01 00:16:00,16,3,,1.0244508857584187,0.4809183426634801,1.0895520014766542,,0.0,1.133333333333334,False,below within-person threshold
da35f605-ed21-4ca3-9456-5f91c0f1a164,2026-06-01 00:17:00,17,3,3.0,1.0244508857584187,0.4809183426634801,1.0895520014766542,,0.0,1.0,False,below within-person threshold
da35f605-ed21-4ca3-9456-5f91c0f1a164,2026-06-01 00:18:00,18,3,3.0,1.0244508857584187,0.4809183426634801,1.0895520014766542,0.0,0.0,1.0,False,below within-person threshold
da35f605-ed21-4ca3-9456-5f91c0f1a164,2026-06-01 00:19:00,19,3,3.0,1.0244508857584187,0.4809183426634801,1.0895520014766542,0.0,0.0,1.0,False,below within-person threshold
da35f605-ed21-4ca3-9456-5f91c0f1a164,2026-06-01 00:20:00,20,4,4.0,1.0244508857584187,0.4809183426634801,1.0895520014766542,1.0,0.3333333333333333,1.0,False,below within-person threshold
da35f605-ed21-4ca3-9456-5f91c0f1a164,2026-06-01 00:21:00,21,4,4.0,1.0244508857584187,0.4809183426634801,1.0895520014766542,0.0,0.3333333333333333,1.0,False,below within-person threshold
da35f605-ed21-4ca3-9456-5f91c0f1a164,2026-06-01 00:22:00,22,4,4.0,1.0244508857584187,0.4809183426634801,1.0895520014766542,0.0,0.3333333333333333,1.0,False,below within-person threshold
da35f605-ed21-4ca3-9456-5f91c0f1a164,2026-06-01 00:23:00,23,4,3.0,1.0244508857584187,0.4809183426634801,1.0895520014766542,1.0,0.3333333333333333,0.9333333333333336,False,below within-person threshold
da35f605-ed21-4ca3-9456-5f91c0f1a164,2026-06-01 00:24:00,24,4,2.0,1.0244508857584187,0.4809183426634801,1.0895520014766542,1.0,0.6666666666666666,0.8666666666666671,False,below within-person threshold
da35f605-ed21-4ca3-9456-5f91c0f1a164,2026-06-01 00:25:00,25,5,,1.0244508857584187,0.4809183426634801,1.0895520014766542,,1.0,0.8000000000000007,False,cooldown active
da35f605-ed21-4ca3-9456-5f91c0f1a164,2026-06-01 00:26:00,26,5,4.0,1.0244508857584187,0.4809183426634801,1.0895520014766542,,1.0,1.0,False,below within-person threshold
da35f605-ed21-4ca3-9456-5f91c0f1a164,2026-06-01 00:27:00,27,5,4.0,1.0244508857584187,0.4809183426634801,1.0895520014766542,0.0,0.0,1.0,False,below within-person threshold
da35f605-ed21-4ca3-9456-5f91c0f1a164,2026-06-01 00:28:00,28,5,4.0,1.0244508857584187,0.4809183426634801,1.0895520014766542,0.0,0.0,1.0,False,below within-person threshold
da35f605-ed21-4ca3-9456-5f91c0f1a164,2026-06-01 00:29:00,29,5,4.0,1.0244508857584187,0.4809183426634801,1.0895520014766542,0.0,0.0,1.0,False,below within-person threshold
da35f605-ed21-4ca3-9456-5f91c0f1a164,2026-06-01 00:30:00,30,6,5.0,1.0244508857584187,0.4809183426634801,1.0895520014766542,1.0,0.3333333333333333,1.0,False,below within-person threshold
da35f605-ed21-4ca3-9456-5f91c0f1a164,2026-06-01 00:31:00,31,6,3.0,1.0244508857584187,0.4809183426634801,1.0895520014766542,4.0,1.6666666666666667,1.0,False,cooldown active
da35f605-ed21-4ca3-9456-5f91c0f1a164,2026-06-01 00:32:00,32,6,4.0,1.0244508857584187,0.4809183426634801,1.0895520014766542,1.0,2.0,1.0,False,cooldown active
da35f605-ed21-4ca3-9456-5f91c0f1a164,2026-06-01 00:33:00,33,6,3.0,1.0244508857584187,0.4809183426634801,1.0895520014766542,1.0,2.0,1.0,False,cooldown active
da35f605-ed21-4ca3-9456-5f91c0f1a164,2026-06-01 00:34:00,34,6,5.0,1.0244508857584187,0.4809183426634801,1.0895520014766542,4.0,2.0,1.0,False,cooldown active
dc52925a-3b8b-4ebc-a06e-8f79ed45b115,2026-06-01 00:00:00,0,0,,1.3004032015002989,0.48353312212895755,1.7467410642737253,,,,False,missing or insufficient EMA data
dc52925a-3b8b-4ebc-a06e-8f79ed45b115,2026-06-01 00:01:00,1,0,,1.3004032015002989,0.48353312212895755,1.7467410642737253,,,,False,missing or insufficient EMA data
dc52925a-3b8b-4ebc-a06e-8f79ed45b115,2026-06-01 00:02:00,2,0,,1.3004032015002989,0.48353312212895755,1.7467410642737253,,,,False,missing or insufficient EMA data
dc52925a-3b8b-4ebc-a06e-8f79ed45b115,2026-06-01 00:03:00,3,0,,1.3004032015002989,0.48353312212895755,1.7467410642737253,,,,False,missing or insufficient EMA data
dc52925a-3b8b-4ebc-a06e-8f79ed45b115,2026-06-01 00:04:00,4,0,,1.3004032015002989,0.48353312212895755,1.7467410642737253,,,,False,missing or insufficient EMA data
dc52925a-3b8b-4ebc-a06e-8f79ed45b115,2026-06-01 00:05:00,5,1,,1.3004032015002989,0.48353312212895755,1.7467410642737253,,,,False,missing or insufficient EMA data
dc52925a-3b8b-4ebc-a06e-8f79ed45b115,2026-06-01 00:06:00,6,1,,1.3004032015002989,0.48353312212895755,1.7467410642737253,,,,False,missing or insufficient EMA data
dc52925a-3b8b-4ebc-a06e-8f79ed45b115,2026-06-01 00:07:00,7,1,,1.3004032015002989,0.48353312212895755,1.7467410642737253,,,,False,missing or insufficient EMA data
dc52925a-3b8b-4ebc-a06e-8f79ed45b115,2026-06-01 00:08:00,8,1,,1.3004032015002989,0.48353312212895755,1.7467410642737253,,,,False,missing or insufficient EMA data
dc52925a-3b8b-4ebc-a06e-8f79ed45b115,2026-06-01 00:09:00,9,1,3.0,1.3004032015002989,0.48353312212895755,1.7467410642737253,,,,False,missing or insufficient EMA data
dc52925a-3b8b-4ebc-a06e-8f79ed45b115,2026-06-01 00:10:00,10,2,3.0,1.3004032015002989,0.48353312212895755,1.7467410642737253,0.0,0.0,,False,insufficient within-person history
dc52925a-3b8b-4ebc-a06e-8f79ed45b115,2026-06-01 00:11:00,11,2,1.0,1.3004032015002989,0.48353312212895755,1.7467410642737253,4.0,2.0,,False,insufficient within-person history
dc52925a-3b8b-4ebc-a06e-8f79ed45b115,2026-06-01 00:12:00,12,2,1.0,1.3004032015002989,0.48353312212895755,1.7467410642737253,0.0,1.3333333333333333,,False,insufficient within-person history
dc52925a-3b8b-4ebc-a06e-8f79ed45b115,2026-06-01 00:13:00,13,2,2.0,1.3004032015002989,0.48353312212895755,1.7467410642737253,1.0,1.6666666666666667,1.7333333333333334,False,below within-person threshold
dc52925a-3b8b-4ebc-a06e-8f79ed45b115,2026-06-01 00:14:00,14,2,3.0,1.3004032015002989,0.48353312212895755,1.7467410642737253,1.0,0.6666666666666666,1.8000000000000003,False,below within-person threshold
dc52925a-3b8b-4ebc-a06e-8f79ed45b115,2026-06-01 00:15:00,15,3,3.0,1.3004032015002989,0.48353312212895755,1.7467410642737253,0.0,0.6666666666666666,1.7333333333333334,False,below within-person threshold
dc52925a-3b8b-4ebc-a06e-8f79ed45b115,2026-06-01 00:16:00,16,3,2.0,1.3004032015002989,0.48353312212895755,1.7467410642737253,1.0,0.6666666666666666,1.6666666666666667,False,below within-person threshold
dc52925a-3b8b-4ebc-a06e-8f79ed45b115,2026-06-01 00:17:00,17,3,2.0,1.3004032015002989,0.48353312212895755,1.7467410642737253,0.0,0.3333333333333333,1.6000000000000003,False,below within-person threshold
dc52925a-3b8b-4ebc-a06e-8f79ed45b115,2026-06-01 00:18:00,18,3,2.0,1.3004032015002989,0.48353312212895755,1.7467410642737253,0.0,0.3333333333333333,1.5333333333333334,False,below within-person threshold
dc52925a-3b8b-4ebc-a06e-8f79ed45b115,2026-06-01 00:19:00,19,3,1.0,1.3004032015002989,0.48353312212895755,1.7467410642737253,1.0,0.3333333333333333,1.4666666666666668,False,below within-person threshold
dc52925a-3b8b-4ebc-a06e-8f79ed45b115,2026-06-01 00:20:00,20,4,,1.3004032015002989,0.48353312212895755,1.7467410642737253,,0.5,1.4,False,below within-person threshold
dc52925a-3b8b-4ebc-a06e-8f79ed45b115,2026-06-01 00:21:00,21,4,1.0,1.3004032015002989,0.48353312212895755,1.7467410642737253,,1.0,1.3333333333333333,False,below within-person threshold
dc52925a-3b8b-4ebc-a06e-8f79ed45b115,2026-06-01 00:22:00,22,4,2.0,1.3004032015002989,0.48353312212895755,1.7467410642737253,1.0,1.0,1.2666666666666668,False,below within-person threshold
dc52925a-3b8b-4ebc-a06e-8f79ed45b115,2026-06-01 00:23:00,23,4,3.0,1.3004032015002989,0.48353312212895755,1.7467410642737253,1.0,1.0,1.2000000000000004,False,below within-person threshold
dc52925a-3b8b-4ebc-a06e-8f79ed45b115,2026-06-01 00:24:00,24,4,2.0,1.3004032015002989,0.48353312212895755,1.7467410642737253,1.0,1.0,1.1333333333333335,False,below within-person threshold
dc52925a-3b8b-4ebc-a06e-8f79ed45b115,2026-06-01 00:25:00,25,5,3.0,1.3004032015002989,0.48353312212895755,1.7467410642737253,1.0,1.0,1.066666666666667,False,below within-person threshold
dc52925a-3b8b-4ebc-a06e-8f79ed45b115,2026-06-01 00:26:00,26,5,4.0,1.3004032015002989,0.48353312212895755,1.7467410642737253,1.0,1.0,1.0,False,below within-person threshold
dc52925a-3b8b-4ebc-a06e-8f79ed45b115,2026-06-01 00:27:00,27,5,4.0,1.3004032015002989,0.48353312212895755,1.7467410642737253,0.0,0.6666666666666666,1.0,False,below within-person threshold
dc52925a-3b8b-4ebc-a06e-8f79ed45b115,2026-06-01 00:28:00,28,5,4.0,1.3004032015002989,0.48353312212895755,1.7467410642737253,0.0,0.3333333333333333,1.0,False,below within-person threshold
dc52925a-3b8b-4ebc-a06e-8f79ed45b115,2026-06-01 00:29:00,29,5,5.0,1.3004032015002989,0.48353312212895755,1.7467410642737253,1.0,0.3333333333333333,1.0,False,below within-person threshold
dc52925a-3b8b-4ebc-a06e-8f79ed45b115,2026-06-01 00:30:00,30,6,5.0,1.3004032015002989,0.48353312212895755,1.7467410642737253,0.0,0.3333333333333333,1.0,False,below within-person threshold
dc52925a-3b8b-4ebc-a06e-8f79ed45b115,2026-06-01 00:31:00,31,6,,1.3004032015002989,0.48353312212895755,1.7467410642737253,,0.5,1.0,False,below within-person threshold
dc52925a-3b8b-4ebc-a06e-8f79ed45b115,2026-06-01 00:32:00,32,6,,1.3004032015002989,0.48353312212895755,1.7467410642737253,,0.0,1.0,False,below within-person threshold
dc52925a-3b8b-4ebc-a06e-8f79ed45b115,2026-06-01 00:33:00,33,6,4.0,1.3004032015002989,0.48353312212895755,1.7467410642737253,,,1.0,False,missing or insufficient EMA data
dc52925a-3b8b-4ebc-a06e-8f79ed45b115,2026-06-01 00:34:00,34,6,,1.3004032015002989,0.48353312212895755,1.7467410642737253,,,1.0,False,missing or insufficient EMA data
deabd51a-fde7-4bb9-b533-1ac09d7a7437,2026-06-01 00:00:00,0,0,1.0,0.4810427398677057,0.2013339305161627,0.36962603943479894,,,,False,missing or insufficient EMA data
deabd51a-fde7-4bb9-b533-1ac09d7a7437,2026-06-01 00:01:00,1,0,2.0,0.4810427398677057,0.2013339305161627,0.36962603943479894,1.0,1.0,,False,insufficient within-person history
deabd51a-fde7-4bb9-b533-1ac09d7a7437,2026-06-01 00:02:00,2,0,3.0,0.4810427398677057,0.2013339305161627,0.36962603943479894,1.0,1.0,,False,insufficient within-person history
deabd51a-fde7-4bb9-b533-1ac09d7a7437,2026-06-01 00:03:00,3,0,4.0,0.4810427398677057,0.2013339305161627,0.36962603943479894,1.0,1.0,,False,insufficient within-person history
deabd51a-fde7-4bb9-b533-1ac09d7a7437,2026-06-01 00:04:00,4,0,3.0,0.4810427398677057,0.2013339305161627,0.36962603943479894,1.0,1.0,1.0,False,below within-person threshold
deabd51a-fde7-4bb9-b533-1ac09d7a7437,2026-06-01 00:05:00,5,1,2.0,0.4810427398677057,0.2013339305161627,0.36962603943479894,1.0,1.0,1.0,False,below within-person threshold
deabd51a-fde7-4bb9-b533-1ac09d7a7437,2026-06-01 00:06:00,6,1,3.0,0.4810427398677057,0.2013339305161627,0.36962603943479894,1.0,1.0,1.0,False,below within-person threshold
deabd51a-fde7-4bb9-b533-1ac09d7a7437,2026-06-01 00:07:00,7,1,1.0,0.4810427398677057,0.2013339305161627,0.36962603943479894,4.0,2.0,1.0,True,prompt sent
deabd51a-fde7-4bb9-b533-1ac09d7a7437,2026-06-01 00:08:00,8,1,2.0,0.4810427398677057,0.2013339305161627,0.36962603943479894,1.0,2.0,1.0,False,cooldown active
deabd51a-fde7-4bb9-b533-1ac09d7a7437,2026-06-01 00:09:00,9,1,2.0,0.4810427398677057,0.2013339305161627,0.36962603943479894,0.0,1.6666666666666667,1.6000000000000005,False,cooldown active
deabd51a-fde7-4bb9-b533-1ac09d7a7437,2026-06-01 00:10:00,10,2,2.0,0.4810427398677057,0.2013339305161627,0.36962603943479894,0.0,0.3333333333333333,1.8000000000000003,False,below within-person threshold
deabd51a-fde7-4bb9-b533-1ac09d7a7437,2026-06-01 00:11:00,11,2,2.0,0.4810427398677057,0.2013339305161627,0.36962603943479894,0.0,0.0,1.7333333333333334,False,below within-person threshold
deabd51a-fde7-4bb9-b533-1ac09d7a7437,2026-06-01 00:12:00,12,2,1.0,0.4810427398677057,0.2013339305161627,0.36962603943479894,1.0,0.3333333333333333,1.6666666666666667,False,below within-person threshold
deabd51a-fde7-4bb9-b533-1ac09d7a7437,2026-06-01 00:13:00,13,2,1.0,0.4810427398677057,0.2013339305161627,0.36962603943479894,0.0,0.3333333333333333,1.5333333333333339,False,below within-person threshold
deabd51a-fde7-4bb9-b533-1ac09d7a7437,2026-06-01 00:14:00,14,2,2.0,0.4810427398677057,0.2013339305161627,0.36962603943479894,1.0,0.6666666666666666,1.400000000000001,False,below within-person threshold
deabd51a-fde7-4bb9-b533-1ac09d7a7437,2026-06-01 00:15:00,15,3,3.0,0.4810427398677057,0.2013339305161627,0.36962603943479894,1.0,0.6666666666666666,1.2666666666666668,False,below within-person threshold
deabd51a-fde7-4bb9-b533-1ac09d7a7437,2026-06-01 00:16:00,16,3,2.0,0.4810427398677057,0.2013339305161627,0.36962603943479894,1.0,1.0,1.133333333333334,False,below within-person threshold
deabd51a-fde7-4bb9-b533-1ac09d7a7437,2026-06-01 00:17:00,17,3,2.0,0.4810427398677057,0.2013339305161627,0.36962603943479894,0.0,0.6666666666666666,1.0,False,below within-person threshold
deabd51a-fde7-4bb9-b533-1ac09d7a7437,2026-06-01 00:18:00,18,3,2.0,0.4810427398677057,0.2013339305161627,0.36962603943479894,0.0,0.3333333333333333,1.0,False,below within-person threshold
deabd51a-fde7-4bb9-b533-1ac09d7a7437,2026-06-01 00:19:00,19,3,3.0,0.4810427398677057,0.2013339305161627,0.36962603943479894,1.0,0.3333333333333333,1.0,False,below within-person threshold
deabd51a-fde7-4bb9-b533-1ac09d7a7437,2026-06-01 00:20:00,20,4,2.0,0.4810427398677057,0.2013339305161627,0.36962603943479894,1.0,0.6666666666666666,1.0,False,below within-person threshold
deabd51a-fde7-4bb9-b533-1ac09d7a7437,2026-06-01 00:21:00,21,4,2.0,0.4810427398677057,0.2013339305161627,0.36962603943479894,0.0,0.6666666666666666,1.0,False,below within-person threshold
deabd51a-fde7-4bb9-b533-1ac09d7a7437,2026-06-01 00:22:00,22,4,3.0,0.4810427398677057,0.2013339305161627,0.36962603943479894,1.0,0.6666666666666666,1.0,False,below within-person threshold
deabd51a-fde7-4bb9-b533-1ac09d7a7437,2026-06-01 00:23:00,23,4,3.0,0.4810427398677057,0.2013339305161627,0.36962603943479894,0.0,0.3333333333333333,1.0,False,below within-person threshold
deabd51a-fde7-4bb9-b533-1ac09d7a7437,2026-06-01 00:24:00,24,4,2.0,0.4810427398677057,0.2013339305161627,0.36962603943479894,1.0,0.6666666666666666,1.0,False,below within-person threshold
deabd51a-fde7-4bb9-b533-1ac09d7a7437,2026-06-01 00:25:00,25,5,2.0,0.4810427398677057,0.2013339305161627,0.36962603943479894,0.0,0.3333333333333333,1.0,False,below within-person threshold
deabd51a-fde7-4bb9-b533-1ac09d7a7437,2026-06-01 00:26:00,26,5,2.0,0.4810427398677057,0.2013339305161627,0.36962603943479894,0.0,0.3333333333333333,1.0,False,below within-person threshold
deabd51a-fde7-4bb9-b533-1ac09d7a7437,2026-06-01 00:27:00,27,5,3.0,0.4810427398677057,0.2013339305161627,0.36962603943479894,1.0,0.3333333333333333,1.0,False,below within-person threshold
deabd51a-fde7-4bb9-b533-1ac09d7a7437,2026-06-01 00:28:00,28,5,2.0,0.4810427398677057,0.2013339305161627,0.36962603943479894,1.0,0.6666666666666666,1.0,False,below within-person threshold
deabd51a-fde7-4bb9-b533-1ac09d7a7437,2026-06-01 00:29:00,29,5,2.0,0.4810427398677057,0.2013339305161627,0.36962603943479894,0.0,0.6666666666666666,1.0,False,below within-person threshold
deabd51a-fde7-4bb9-b533-1ac09d7a7437,2026-06-01 00:30:00,30,6,2.0,0.4810427398677057,0.2013339305161627,0.36962603943479894,0.0,0.3333333333333333,1.0,False,below within-person threshold
deabd51a-fde7-4bb9-b533-1ac09d7a7437,2026-06-01 00:31:00,31,6,3.0,0.4810427398677057,0.2013339305161627,0.36962603943479894,1.0,0.3333333333333333,1.0,False,below within-person threshold
deabd51a-fde7-4bb9-b533-1ac09d7a7437,2026-06-01 00:32:00,32,6,1.0,0.4810427398677057,0.2013339305161627,0.36962603943479894,4.0,1.6666666666666667,1.0,False,cooldown active
deabd51a-fde7-4bb9-b533-1ac09d7a7437,2026-06-01 00:33:00,33,6,,0.4810427398677057,0.2013339305161627,0.36962603943479894,,2.5,1.0,False,cooldown active
deabd51a-fde7-4bb9-b533-1ac09d7a7437,2026-06-01 00:34:00,34,6,,0.4810427398677057,0.2013339305161627,0.36962603943479894,,4.0,1.0,False,cooldown active
e0f00ceb-9dfc-41da-aaa6-97418cf424ad,2026-06-01 00:00:00,0,0,1.0,1.3981623645474028,0.46268156419067474,2.1007624830390936,,,,False,missing or insufficient EMA data
e0f00ceb-9dfc-41da-aaa6-97418cf424ad,2026-06-01 00:01:00,1,0,3.0,1.3981623645474028,0.46268156419067474,2.1007624830390936,4.0,4.0,,False,insufficient within-person history
e0f00ceb-9dfc-41da-aaa6-97418cf424ad,2026-06-01 00:02:00,2,0,2.0,1.3981623645474028,0.46268156419067474,2.1007624830390936,1.0,2.5,,False,insufficient within-person history
e0f00ceb-9dfc-41da-aaa6-97418cf424ad,2026-06-01 00:03:00,3,0,3.0,1.3981623645474028,0.46268156419067474,2.1007624830390936,1.0,2.0,,False,insufficient within-person history
e0f00ceb-9dfc-41da-aaa6-97418cf424ad,2026-06-01 00:04:00,4,0,4.0,1.3981623645474028,0.46268156419067474,2.1007624830390936,1.0,1.0,3.4000000000000004,False,below within-person threshold
e0f00ceb-9dfc-41da-aaa6-97418cf424ad,2026-06-01 00:05:00,5,1,5.0,1.3981623645474028,0.46268156419067474,2.1007624830390936,1.0,1.0,3.1000000000000005,False,below within-person threshold
e0f00ceb-9dfc-41da-aaa6-97418cf424ad,2026-06-01 00:06:00,6,1,4.0,1.3981623645474028,0.46268156419067474,2.1007624830390936,1.0,1.0,2.8000000000000003,False,below within-person threshold
e0f00ceb-9dfc-41da-aaa6-97418cf424ad,2026-06-01 00:07:00,7,1,4.0,1.3981623645474028,0.46268156419067474,2.1007624830390936,0.0,0.6666666666666666,2.5,False,below within-person threshold
e0f00ceb-9dfc-41da-aaa6-97418cf424ad,2026-06-01 00:08:00,8,1,4.0,1.3981623645474028,0.46268156419067474,2.1007624830390936,0.0,0.3333333333333333,2.4000000000000004,False,below within-person threshold
e0f00ceb-9dfc-41da-aaa6-97418cf424ad,2026-06-01 00:09:00,9,1,,1.3981623645474028,0.46268156419067474,2.1007624830390936,,0.0,2.3000000000000003,False,below within-person threshold
e0f00ceb-9dfc-41da-aaa6-97418cf424ad,2026-06-01 00:10:00,10,2,,1.3981623645474028,0.46268156419067474,2.1007624830390936,,0.0,2.2,False,below within-person threshold
e0f00ceb-9dfc-41da-aaa6-97418cf424ad,2026-06-01 00:11:00,11,2,,1.3981623645474028,0.46268156419067474,2.1007624830390936,,,2.1,False,missing or insufficient EMA data
e0f00ceb-9dfc-41da-aaa6-97418cf424ad,2026-06-01 00:12:00,12,2,,1.3981623645474028,0.46268156419067474,2.1007624830390936,,,2.1,False,missing or insufficient EMA data
e0f00ceb-9dfc-41da-aaa6-97418cf424ad,2026-06-01 00:13:00,13,2,5.0,1.3981623645474028,0.46268156419067474,2.1007624830390936,,,2.1,False,missing or insufficient EMA data
e0f00ceb-9dfc-41da-aaa6-97418cf424ad,2026-06-01 00:14:00,14,2,5.0,1.3981623645474028,0.46268156419067474,2.1007624830390936,0.0,0.0,2.1,False,below within-person threshold
e0f00ceb-9dfc-41da-aaa6-97418cf424ad,2026-06-01 00:15:00,15,3,5.0,1.3981623645474028,0.46268156419067474,2.1007624830390936,0.0,0.0,2.0,False,below within-person threshold
e0f00ceb-9dfc-41da-aaa6-97418cf424ad,2026-06-01 00:16:00,16,3,4.0,1.3981623645474028,0.46268156419067474,2.1007624830390936,1.0,0.3333333333333333,1.8000000000000007,False,below within-person threshold
e0f00ceb-9dfc-41da-aaa6-97418cf424ad,2026-06-01 00:17:00,17,3,4.0,1.3981623645474028,0.46268156419067474,2.1007624830390936,0.0,0.3333333333333333,1.6000000000000014,False,below within-person threshold
e0f00ceb-9dfc-41da-aaa6-97418cf424ad,2026-06-01 00:18:00,18,3,4.0,1.3981623645474028,0.46268156419067474,2.1007624830390936,0.0,0.3333333333333333,1.4000000000000004,False,below within-person threshold
e0f00ceb-9dfc-41da-aaa6-97418cf424ad,2026-06-01 00:19:00,19,3,4.0,1.3981623645474028,0.46268156419067474,2.1007624830390936,0.0,0.0,1.200000000000001,False,below within-person threshold
e0f00ceb-9dfc-41da-aaa6-97418cf424ad,2026-06-01 00:20:00,20,4,5.0,1.3981623645474028,0.46268156419067474,2.1007624830390936,1.0,0.3333333333333333,1.0,False,below within-person threshold
e0f00ceb-9dfc-41da-aaa6-97418cf424ad,2026-06-01 00:21:00,21,4,4.0,1.3981623645474028,0.46268156419067474,2.1007624830390936,1.0,0.6666666666666666,1.0,False,below within-person threshold
e0f00ceb-9dfc-41da-aaa6-97418cf424ad,2026-06-01 00:22:00,22,4,5.0,1.3981623645474028,0.46268156419067474,2.1007624830390936,1.0,1.0,1.0,False,below within-person threshold
e0f00ceb-9dfc-41da-aaa6-97418cf424ad,2026-06-01 00:23:00,23,4,4.0,1.3981623645474028,0.46268156419067474,2.1007624830390936,1.0,1.0,1.0,False,below within-person threshold
e0f00ceb-9dfc-41da-aaa6-97418cf424ad,2026-06-01 00:24:00,24,4,3.0,1.3981623645474028,0.46268156419067474,2.1007624830390936,1.0,1.0,1.0,False,below within-person threshold
e0f00ceb-9dfc-41da-aaa6-97418cf424ad,2026-06-01 00:25:00,25,5,2.0,1.3981623645474028,0.46268156419067474,2.1007624830390936,1.0,1.0,1.0,False,below within-person threshold
e0f00ceb-9dfc-41da-aaa6-97418cf424ad,2026-06-01 00:26:00,26,5,2.0,1.3981623645474028,0.46268156419067474,2.1007624830390936,0.0,0.6666666666666666,1.0,False,below within-person threshold
e0f00ceb-9dfc-41da-aaa6-97418cf424ad,2026-06-01 00:27:00,27,5,2.0,1.3981623645474028,0.46268156419067474,2.1007624830390936,0.0,0.3333333333333333,1.0,False,below within-person threshold
e0f00ceb-9dfc-41da-aaa6-97418cf424ad,2026-06-01 00:28:00,28,5,4.0,1.3981623645474028,0.46268156419067474,2.1007624830390936,4.0,1.3333333333333333,1.0,True,prompt sent
e0f00ceb-9dfc-41da-aaa6-97418cf424ad,2026-06-01 00:29:00,29,5,4.0,1.3981623645474028,0.46268156419067474,2.1007624830390936,0.0,1.3333333333333333,1.0,False,cooldown active
e0f00ceb-9dfc-41da-aaa6-97418cf424ad,2026-06-01 00:30:00,30,6,,1.3981623645474028,0.46268156419067474,2.1007624830390936,,2.0,1.0,False,cooldown active
e0f00ceb-9dfc-41da-aaa6-97418cf424ad,2026-06-01 00:31:00,31,6,2.0,1.3981623645474028,0.46268156419067474,2.1007624830390936,,0.0,1.2666666666666668,False,below within-person threshold
e0f00ceb-9dfc-41da-aaa6-97418cf424ad,2026-06-01 00:32:00,32,6,,1.3981623645474028,0.46268156419067474,2.1007624830390936,,,1.2000000000000004,False,missing or insufficient EMA data
e0f00ceb-9dfc-41da-aaa6-97418cf424ad,2026-06-01 00:33:00,33,6,,1.3981623645474028,0.46268156419067474,2.1007624830390936,,,1.2000000000000004,False,missing or insufficient EMA data
e0f00ceb-9dfc-41da-aaa6-97418cf424ad,2026-06-01 00:34:00,34,6,,1.3981623645474028,0.46268156419067474,2.1007624830390936,,,1.2000000000000004,False,missing or insufficient EMA data
e22666a5-ac4f-4cc6-a65b-d7998b1a4e3f,2026-06-01 00:00:00,0,0,,0.8732262831862369,0.4519161673434726,0.835854308094307,,,,False,missing or insufficient EMA data
e22666a5-ac4f-4cc6-a65b-d7998b1a4e3f,2026-06-01 00:01:00,1,0,3.0,0.8732262831862369,0.4519161673434726,0.835854308094307,,,,False,missing or insufficient EMA data
e22666a5-ac4f-4cc6-a65b-d7998b1a4e3f,2026-06-01 00:02:00,2,0,4.0,0.8732262831862369,0.4519161673434726,0.835854308094307,1.0,1.0,,False,insufficient within-person history
e22666a5-ac4f-4cc6-a65b-d7998b1a4e3f,2026-06-01 00:03:00,3,0,3.0,0.8732262831862369,0.4519161673434726,0.835854308094307,1.0,1.0,,False,insufficient within-person history
e22666a5-ac4f-4cc6-a65b-d7998b1a4e3f,2026-06-01 00:04:00,4,0,4.0,0.8732262831862369,0.4519161673434726,0.835854308094307,1.0,1.0,,False,insufficient within-person history
e22666a5-ac4f-4cc6-a65b-d7998b1a4e3f,2026-06-01 00:05:00,5,1,3.0,0.8732262831862369,0.4519161673434726,0.835854308094307,1.0,1.0,1.0,False,below within-person threshold
e22666a5-ac4f-4cc6-a65b-d7998b1a4e3f,2026-06-01 00:06:00,6,1,3.0,0.8732262831862369,0.4519161673434726,0.835854308094307,0.0,0.6666666666666666,1.0,False,below within-person threshold
e22666a5-ac4f-4cc6-a65b-d7998b1a4e3f,2026-06-01 00:07:00,7,1,4.0,0.8732262831862369,0.4519161673434726,0.835854308094307,1.0,0.6666666666666666,1.0,False,below within-person threshold
e22666a5-ac4f-4cc6-a65b-d7998b1a4e3f,2026-06-01 00:08:00,8,1,5.0,0.8732262831862369,0.4519161673434726,0.835854308094307,1.0,0.6666666666666666,1.0,False,below within-person threshold
e22666a5-ac4f-4cc6-a65b-d7998b1a4e3f,2026-06-01 00:09:00,9,1,4.0,0.8732262831862369,0.4519161673434726,0.835854308094307,1.0,1.0,1.0,False,below within-person threshold
e22666a5-ac4f-4cc6-a65b-d7998b1a4e3f,2026-06-01 00:10:00,10,2,2.0,0.8732262831862369,0.4519161673434726,0.835854308094307,4.0,2.0,1.0,True,prompt sent
e22666a5-ac4f-4cc6-a65b-d7998b1a4e3f,2026-06-01 00:11:00,11,2,1.0,0.8732262831862369,0.4519161673434726,0.835854308094307,1.0,2.0,1.0,False,cooldown active
e22666a5-ac4f-4cc6-a65b-d7998b1a4e3f,2026-06-01 00:12:00,12,2,3.0,0.8732262831862369,0.4519161673434726,0.835854308094307,4.0,3.0,1.2000000000000002,False,cooldown active
e22666a5-ac4f-4cc6-a65b-d7998b1a4e3f,2026-06-01 00:13:00,13,2,3.0,0.8732262831862369,0.4519161673434726,0.835854308094307,0.0,1.6666666666666667,2.0,False,below within-person threshold
e22666a5-ac4f-4cc6-a65b-d7998b1a4e3f,2026-06-01 00:14:00,14,2,2.0,0.8732262831862369,0.4519161673434726,0.835854308094307,1.0,1.6666666666666667,1.9333333333333336,False,below within-person threshold
e22666a5-ac4f-4cc6-a65b-d7998b1a4e3f,2026-06-01 00:15:00,15,3,4.0,0.8732262831862369,0.4519161673434726,0.835854308094307,4.0,1.6666666666666667,1.8666666666666671,False,below within-person threshold
e22666a5-ac4f-4cc6-a65b-d7998b1a4e3f,2026-06-01 00:16:00,16,3,4.0,0.8732262831862369,0.4519161673434726,0.835854308094307,0.0,1.6666666666666667,1.8000000000000003,False,below within-person threshold
e22666a5-ac4f-4cc6-a65b-d7998b1a4e3f,2026-06-01 00:17:00,17,3,3.0,0.8732262831862369,0.4519161673434726,0.835854308094307,1.0,1.6666666666666667,1.7333333333333338,False,below within-person threshold
e22666a5-ac4f-4cc6-a65b-d7998b1a4e3f,2026-06-01 00:18:00,18,3,3.0,0.8732262831862369,0.4519161673434726,0.835854308094307,0.0,0.3333333333333333,1.6666666666666667,False,below within-person threshold
e22666a5-ac4f-4cc6-a65b-d7998b1a4e3f,2026-06-01 00:19:00,19,3,3.0,0.8732262831862369,0.4519161673434726,0.835854308094307,0.0,0.3333333333333333,1.6666666666666667,False,below within-person threshold
e22666a5-ac4f-4cc6-a65b-d7998b1a4e3f,2026-06-01 00:20:00,20,4,3.0,0.8732262831862369,0.4519161673434726,0.835854308094307,0.0,0.0,1.6666666666666667,False,below within-person threshold
e22666a5-ac4f-4cc6-a65b-d7998b1a4e3f,2026-06-01 00:21:00,21,4,4.0,0.8732262831862369,0.4519161673434726,0.835854308094307,1.0,0.3333333333333333,1.6666666666666667,False,below within-person threshold
e22666a5-ac4f-4cc6-a65b-d7998b1a4e3f,2026-06-01 00:22:00,22,4,3.0,0.8732262831862369,0.4519161673434726,0.835854308094307,1.0,0.6666666666666666,1.6666666666666667,False,below within-person threshold
e22666a5-ac4f-4cc6-a65b-d7998b1a4e3f,2026-06-01 00:23:00,23,4,3.0,0.8732262831862369,0.4519161673434726,0.835854308094307,0.0,0.6666666666666666,1.6666666666666667,False,below within-person threshold
e22666a5-ac4f-4cc6-a65b-d7998b1a4e3f,2026-06-01 00:24:00,24,4,4.0,0.8732262831862369,0.4519161673434726,0.835854308094307,1.0,0.6666666666666666,1.6666666666666667,False,below within-person threshold
e22666a5-ac4f-4cc6-a65b-d7998b1a4e3f,2026-06-01 00:25:00,25,5,4.0,0.8732262831862369,0.4519161673434726,0.835854308094307,0.0,0.3333333333333333,1.6666666666666667,False,below within-person threshold
e22666a5-ac4f-4cc6-a65b-d7998b1a4e3f,2026-06-01 00:26:00,26,5,,0.8732262831862369,0.4519161673434726,0.835854308094307,,0.5,1.6666666666666667,False,below within-person threshold
e22666a5-ac4f-4cc6-a65b-d7998b1a4e3f,2026-06-01 00:27:00,27,5,3.0,0.8732262831862369,0.4519161673434726,0.835854308094307,,0.0,1.6666666666666667,False,below within-person threshold
e22666a5-ac4f-4cc6-a65b-d7998b1a4e3f,2026-06-01 00:28:00,28,5,2.0,0.8732262831862369,0.4519161673434726,0.835854308094307,1.0,1.0,1.6666666666666667,False,below within-person threshold
e22666a5-ac4f-4cc6-a65b-d7998b1a4e3f,2026-06-01 00:29:00,29,5,3.0,0.8732262831862369,0.4519161673434726,0.835854308094307,1.0,1.0,1.6666666666666667,False,below within-person threshold
e22666a5-ac4f-4cc6-a65b-d7998b1a4e3f,2026-06-01 00:30:00,30,6,4.0,0.8732262831862369,0.4519161673434726,0.835854308094307,1.0,1.0,1.6666666666666667,False,below within-person threshold
e22666a5-ac4f-4cc6-a65b-d7998b1a4e3f,2026-06-01 00:31:00,31,6,2.0,0.8732262831862369,0.4519161673434726,0.835854308094307,4.0,2.0,1.6666666666666667,False,cooldown active
e22666a5-ac4f-4cc6-a65b-d7998b1a4e3f,2026-06-01 00:32:00,32,6,4.0,0.8732262831862369,0.4519161673434726,0.835854308094307,4.0,3.0,1.6666666666666667,False,cooldown active
e22666a5-ac4f-4cc6-a65b-d7998b1a4e3f,2026-06-01 00:33:00,33,6,5.0,0.8732262831862369,0.4519161673434726,0.835854308094307,1.0,3.0,1.6666666666666667,False,cooldown active
e22666a5-ac4f-4cc6-a65b-d7998b1a4e3f,2026-06-01 00:34:00,34,6,4.0,0.8732262831862369,0.4519161673434726,0.835854308094307,1.0,2.0,1.6666666666666667,False,cooldown active
e3ea602e-aab1-4805-9f3d-ac7de465f17a,2026-06-01 00:00:00,0,0,3.0,1.325745538711797,0.25238047953515763,2.628033982587128,,,,False,missing or insufficient EMA data
e3ea602e-aab1-4805-9f3d-ac7de465f17a,2026-06-01 00:01:00,1,0,,1.325745538711797,0.25238047953515763,2.628033982587128,,,,False,missing or insufficient EMA data
e3ea602e-aab1-4805-9f3d-ac7de465f17a,2026-06-01 00:02:00,2,0,,1.325745538711797,0.25238047953515763,2.628033982587128,,,,False,missing or insufficient EMA data
e3ea602e-aab1-4805-9f3d-ac7de465f17a,2026-06-01 00:03:00,3,0,,1.325745538711797,0.25238047953515763,2.628033982587128,,,,False,missing or insufficient EMA data
e3ea602e-aab1-4805-9f3d-ac7de465f17a,2026-06-01 00:04:00,4,0,3.0,1.325745538711797,0.25238047953515763,2.628033982587128,,,,False,missing or insufficient EMA data
e3ea602e-aab1-4805-9f3d-ac7de465f17a,2026-06-01 00:05:00,5,1,5.0,1.325745538711797,0.25238047953515763,2.628033982587128,4.0,4.0,,False,insufficient within-person history
e3ea602e-aab1-4805-9f3d-ac7de465f17a,2026-06-01 00:06:00,6,1,,1.325745538711797,0.25238047953515763,2.628033982587128,,4.0,,False,insufficient within-person history
e3ea602e-aab1-4805-9f3d-ac7de465f17a,2026-06-01 00:07:00,7,1,,1.325745538711797,0.25238047953515763,2.628033982587128,,4.0,,False,insufficient within-person history
e3ea602e-aab1-4805-9f3d-ac7de465f17a,2026-06-01 00:08:00,8,1,,1.325745538711797,0.25238047953515763,2.628033982587128,,,4.0,False,missing or insufficient EMA data
e3ea602e-aab1-4805-9f3d-ac7de465f17a,2026-06-01 00:09:00,9,1,,1.325745538711797,0.25238047953515763,2.628033982587128,,,4.0,False,missing or insufficient EMA data
e3ea602e-aab1-4805-9f3d-ac7de465f17a,2026-06-01 00:10:00,10,2,3.0,1.325745538711797,0.25238047953515763,2.628033982587128,,,4.0,False,missing or insufficient EMA data
e3ea602e-aab1-4805-9f3d-ac7de465f17a,2026-06-01 00:11:00,11,2,5.0,1.325745538711797,0.25238047953515763,2.628033982587128,4.0,4.0,4.0,False,below within-person threshold
e3ea602e-aab1-4805-9f3d-ac7de465f17a,2026-06-01 00:12:00,12,2,3.0,1.325745538711797,0.25238047953515763,2.628033982587128,4.0,4.0,4.0,False,below within-person threshold
e3ea602e-aab1-4805-9f3d-ac7de465f17a,2026-06-01 00:13:00,13,2,,1.325745538711797,0.25238047953515763,2.628033982587128,,4.0,4.0,False,below within-person threshold
e3ea602e-aab1-4805-9f3d-ac7de465f17a,2026-06-01 00:14:00,14,2,4.0,1.325745538711797,0.25238047953515763,2.628033982587128,,4.0,4.0,False,below within-person threshold
e3ea602e-aab1-4805-9f3d-ac7de465f17a,2026-06-01 00:15:00,15,3,3.0,1.325745538711797,0.25238047953515763,2.628033982587128,1.0,1.0,4.0,False,below within-person threshold
e3ea602e-aab1-4805-9f3d-ac7de465f17a,2026-06-01 00:16:00,16,3,3.0,1.325745538711797,0.25238047953515763,2.628033982587128,0.0,0.5,4.0,False,below within-person threshold
e3ea602e-aab1-4805-9f3d-ac7de465f17a,2026-06-01 00:17:00,17,3,2.0,1.325745538711797,0.25238047953515763,2.628033982587128,1.0,0.6666666666666666,4.0,False,below within-person threshold
e3ea602e-aab1-4805-9f3d-ac7de465f17a,2026-06-01 00:18:00,18,3,2.0,1.325745538711797,0.25238047953515763,2.628033982587128,0.0,0.3333333333333333,4.0,False,below within-person threshold
e3ea602e-aab1-4805-9f3d-ac7de465f17a,2026-06-01 00:19:00,19,3,3.0,1.325745538711797,0.25238047953515763,2.628033982587128,1.0,0.6666666666666666,4.0,False,below within-person threshold
e3ea602e-aab1-4805-9f3d-ac7de465f17a,2026-06-01 00:20:00,20,4,4.0,1.325745538711797,0.25238047953515763,2.628033982587128,1.0,0.6666666666666666,4.0,False,below within-person threshold
e3ea602e-aab1-4805-9f3d-ac7de465f17a,2026-06-01 00:21:00,21,4,5.0,1.325745538711797,0.25238047953515763,2.628033982587128,1.0,1.0,4.0,False,below within-person threshold
e3ea602e-aab1-4805-9f3d-ac7de465f17a,2026-06-01 00:22:00,22,4,,1.325745538711797,0.25238047953515763,2.628033982587128,,1.0,4.0,False,below within-person threshold
e3ea602e-aab1-4805-9f3d-ac7de465f17a,2026-06-01 00:23:00,23,4,2.0,1.325745538711797,0.25238047953515763,2.628033982587128,,1.0,4.0,False,below within-person threshold
e3ea602e-aab1-4805-9f3d-ac7de465f17a,2026-06-01 00:24:00,24,4,3.0,1.325745538711797,0.25238047953515763,2.628033982587128,1.0,1.0,4.0,False,below within-person threshold
e3ea602e-aab1-4805-9f3d-ac7de465f17a,2026-06-01 00:25:00,25,5,4.0,1.325745538711797,0.25238047953515763,2.628033982587128,1.0,1.0,4.0,False,below within-person threshold
e3ea602e-aab1-4805-9f3d-ac7de465f17a,2026-06-01 00:26:00,26,5,5.0,1.325745538711797,0.25238047953515763,2.628033982587128,1.0,1.0,4.0,False,below within-person threshold
e3ea602e-aab1-4805-9f3d-ac7de465f17a,2026-06-01 00:27:00,27,5,4.0,1.325745538711797,0.25238047953515763,2.628033982587128,1.0,1.0,4.0,False,below within-person threshold
e3ea602e-aab1-4805-9f3d-ac7de465f17a,2026-06-01 00:28:00,28,5,4.0,1.325745538711797,0.25238047953515763,2.628033982587128,0.0,0.6666666666666666,4.0,False,below within-person threshold
e3ea602e-aab1-4805-9f3d-ac7de465f17a,2026-06-01 00:29:00,29,5,5.0,1.325745538711797,0.25238047953515763,2.628033982587128,1.0,0.6666666666666666,4.0,False,below within-person threshold
e3ea602e-aab1-4805-9f3d-ac7de465f17a,2026-06-01 00:30:00,30,6,4.0,1.325745538711797,0.25238047953515763,2.628033982587128,1.0,0.6666666666666666,4.0,False,below within-person threshold
e3ea602e-aab1-4805-9f3d-ac7de465f17a,2026-06-01 00:31:00,31,6,,1.325745538711797,0.25238047953515763,2.628033982587128,,1.0,4.0,False,below within-person threshold
e3ea602e-aab1-4805-9f3d-ac7de465f17a,2026-06-01 00:32:00,32,6,,1.325745538711797,0.25238047953515763,2.628033982587128,,1.0,4.0,False,below within-person threshold
e3ea602e-aab1-4805-9f3d-ac7de465f17a,2026-06-01 00:33:00,33,6,,1.325745538711797,0.25238047953515763,2.628033982587128,,,4.0,False,missing or insufficient EMA data
e3ea602e-aab1-4805-9f3d-ac7de465f17a,2026-06-01 00:34:00,34,6,,1.325745538711797,0.25238047953515763,2.628033982587128,,,4.0,False,missing or insufficient EMA data
e5acabf4-660f-45de-9967-73c23f2109cd,2026-06-01 00:00:00,0,0,5.0,0.8619743618610821,0.6888635688263148,0.46234861258428156,,,,False,missing or insufficient EMA data
e5acabf4-660f-45de-9967-73c23f2109cd,2026-06-01 00:01:00,1,0,4.0,0.8619743618610821,0.6888635688263148,0.46234861258428156,1.0,1.0,,False,insufficient within-person history
e5acabf4-660f-45de-9967-73c23f2109cd,2026-06-01 00:02:00,2,0,4.0,0.8619743618610821,0.6888635688263148,0.46234861258428156,0.0,0.5,,False,insufficient within-person history
e5acabf4-660f-45de-9967-73c23f2109cd,2026-06-01 00:03:00,3,0,3.0,0.8619743618610821,0.6888635688263148,0.46234861258428156,1.0,0.6666666666666666,,False,insufficient within-person history
e5acabf4-660f-45de-9967-73c23f2109cd,2026-06-01 00:04:00,4,0,3.0,0.8619743618610821,0.6888635688263148,0.46234861258428156,0.0,0.3333333333333333,0.8666666666666667,False,below within-person threshold
e5acabf4-660f-45de-9967-73c23f2109cd,2026-06-01 00:05:00,5,1,,0.8619743618610821,0.6888635688263148,0.46234861258428156,,0.5,0.8,False,below within-person threshold
e5acabf4-660f-45de-9967-73c23f2109cd,2026-06-01 00:06:00,6,1,,0.8619743618610821,0.6888635688263148,0.46234861258428156,,0.0,0.7333333333333334,False,below within-person threshold
e5acabf4-660f-45de-9967-73c23f2109cd,2026-06-01 00:07:00,7,1,3.0,0.8619743618610821,0.6888635688263148,0.46234861258428156,,,0.6666666666666666,False,missing or insufficient EMA data
e5acabf4-660f-45de-9967-73c23f2109cd,2026-06-01 00:08:00,8,1,3.0,0.8619743618610821,0.6888635688263148,0.46234861258428156,0.0,0.0,0.6666666666666666,False,below within-person threshold
e5acabf4-660f-45de-9967-73c23f2109cd,2026-06-01 00:09:00,9,1,3.0,0.8619743618610821,0.6888635688263148,0.46234861258428156,0.0,0.0,0.6333333333333334,False,below within-person threshold
e5acabf4-660f-45de-9967-73c23f2109cd,2026-06-01 00:10:00,10,2,4.0,0.8619743618610821,0.6888635688263148,0.46234861258428156,1.0,0.3333333333333333,0.6000000000000001,False,below within-person threshold
e5acabf4-660f-45de-9967-73c23f2109cd,2026-06-01 00:11:00,11,2,3.0,0.8619743618610821,0.6888635688263148,0.46234861258428156,1.0,0.6666666666666666,0.5666666666666668,True,prompt sent
e5acabf4-660f-45de-9967-73c23f2109cd,2026-06-01 00:12:00,12,2,3.0,0.8619743618610821,0.6888635688263148,0.46234861258428156,0.0,0.6666666666666666,0.6666666666666666,False,below within-person threshold
e5acabf4-660f-45de-9967-73c23f2109cd,2026-06-01 00:13:00,13,2,4.0,0.8619743618610821,0.6888635688263148,0.46234861258428156,1.0,0.6666666666666666,0.6666666666666666,False,below within-person threshold
e5acabf4-660f-45de-9967-73c23f2109cd,2026-06-01 00:14:00,14,2,4.0,0.8619743618610821,0.6888635688263148,0.46234861258428156,0.0,0.3333333333333333,0.6666666666666666,False,below within-person threshold
e5acabf4-660f-45de-9967-73c23f2109cd,2026-06-01 00:15:00,15,3,4.0,0.8619743618610821,0.6888635688263148,0.46234861258428156,0.0,0.3333333333333333,0.6666666666666666,False,below within-person threshold
e5acabf4-660f-45de-9967-73c23f2109cd,2026-06-01 00:16:00,16,3,5.0,0.8619743618610821,0.6888635688263148,0.46234861258428156,1.0,0.3333333333333333,0.6666666666666666,False,below within-person threshold
e5acabf4-660f-45de-9967-73c23f2109cd,2026-06-01 00:17:00,17,3,4.0,0.8619743618610821,0.6888635688263148,0.46234861258428156,1.0,0.6666666666666666,0.6666666666666666,False,below within-person threshold
e5acabf4-660f-45de-9967-73c23f2109cd,2026-06-01 00:18:00,18,3,3.0,0.8619743618610821,0.6888635688263148,0.46234861258428156,1.0,1.0,0.6666666666666666,False,cooldown active
e5acabf4-660f-45de-9967-73c23f2109cd,2026-06-01 00:19:00,19,3,3.0,0.8619743618610821,0.6888635688263148,0.46234861258428156,0.0,0.6666666666666666,0.6666666666666666,False,below within-person threshold
e5acabf4-660f-45de-9967-73c23f2109cd,2026-06-01 00:20:00,20,4,2.0,0.8619743618610821,0.6888635688263148,0.46234861258428156,1.0,0.6666666666666666,0.6666666666666666,False,below within-person threshold
e5acabf4-660f-45de-9967-73c23f2109cd,2026-06-01 00:21:00,21,4,2.0,0.8619743618610821,0.6888635688263148,0.46234861258428156,0.0,0.3333333333333333,0.6666666666666666,False,below within-person threshold
e5acabf4-660f-45de-9967-73c23f2109cd,2026-06-01 00:22:00,22,4,3.0,0.8619743618610821,0.6888635688263148,0.46234861258428156,1.0,0.6666666666666666,0.6666666666666666,False,below within-person threshold
e5acabf4-660f-45de-9967-73c23f2109cd,2026-06-01 00:23:00,23,4,4.0,0.8619743618610821,0.6888635688263148,0.46234861258428156,1.0,0.6666666666666666,0.6666666666666666,False,below within-person threshold
e5acabf4-660f-45de-9967-73c23f2109cd,2026-06-01 00:24:00,24,4,3.0,0.8619743618610821,0.6888635688263148,0.46234861258428156,1.0,1.0,0.6666666666666666,False,cooldown active
e5acabf4-660f-45de-9967-73c23f2109cd,2026-06-01 00:25:00,25,5,2.0,0.8619743618610821,0.6888635688263148,0.46234861258428156,1.0,1.0,0.6666666666666666,False,cooldown active
e5acabf4-660f-45de-9967-73c23f2109cd,2026-06-01 00:26:00,26,5,3.0,0.8619743618610821,0.6888635688263148,0.46234861258428156,1.0,1.0,0.6666666666666666,False,cooldown active
e5acabf4-660f-45de-9967-73c23f2109cd,2026-06-01 00:27:00,27,5,3.0,0.8619743618610821,0.6888635688263148,0.46234861258428156,0.0,0.6666666666666666,0.7333333333333343,False,below within-person threshold
e5acabf4-660f-45de-9967-73c23f2109cd,2026-06-01 00:28:00,28,5,4.0,0.8619743618610821,0.6888635688263148,0.46234861258428156,1.0,0.6666666666666666,0.6666666666666666,False,below within-person threshold
e5acabf4-660f-45de-9967-73c23f2109cd,2026-06-01 00:29:00,29,5,4.0,0.8619743618610821,0.6888635688263148,0.46234861258428156,0.0,0.3333333333333333,0.6666666666666666,False,below within-person threshold
e5acabf4-660f-45de-9967-73c23f2109cd,2026-06-01 00:30:00,30,6,5.0,0.8619743618610821,0.6888635688263148,0.46234861258428156,1.0,0.6666666666666666,0.6666666666666666,False,below within-person threshold
e5acabf4-660f-45de-9967-73c23f2109cd,2026-06-01 00:31:00,31,6,5.0,0.8619743618610821,0.6888635688263148,0.46234861258428156,0.0,0.3333333333333333,0.6666666666666666,False,below within-person threshold
e5acabf4-660f-45de-9967-73c23f2109cd,2026-06-01 00:32:00,32,6,5.0,0.8619743618610821,0.6888635688263148,0.46234861258428156,0.0,0.3333333333333333,0.6666666666666666,False,below within-person threshold
e5acabf4-660f-45de-9967-73c23f2109cd,2026-06-01 00:33:00,33,6,3.0,0.8619743618610821,0.6888635688263148,0.46234861258428156,4.0,1.3333333333333333,0.6666666666666666,False,cooldown active
e5acabf4-660f-45de-9967-73c23f2109cd,2026-06-01 00:34:00,34,6,4.0,0.8619743618610821,0.6888635688263148,0.46234861258428156,1.0,1.6666666666666667,0.6666666666666666,False,cooldown active
e9f76da2-c648-4a06-b994-e305991ca8e0,2026-06-01 00:00:00,0,0,1.0,1.3096906146956975,0.625053252951106,1.2862844412100805,,,,False,missing or insufficient EMA data
e9f76da2-c648-4a06-b994-e305991ca8e0,2026-06-01 00:01:00,1,0,3.0,1.3096906146956975,0.625053252951106,1.2862844412100805,4.0,4.0,,False,insufficient within-person history
e9f76da2-c648-4a06-b994-e305991ca8e0,2026-06-01 00:02:00,2,0,3.0,1.3096906146956975,0.625053252951106,1.2862844412100805,0.0,2.0,,False,insufficient within-person history
e9f76da2-c648-4a06-b994-e305991ca8e0,2026-06-01 00:03:00,3,0,3.0,1.3096906146956975,0.625053252951106,1.2862844412100805,0.0,1.3333333333333333,,False,insufficient within-person history
e9f76da2-c648-4a06-b994-e305991ca8e0,2026-06-01 00:04:00,4,0,3.0,1.3096906146956975,0.625053252951106,1.2862844412100805,0.0,0.0,3.2,False,below within-person threshold
e9f76da2-c648-4a06-b994-e305991ca8e0,2026-06-01 00:05:00,5,1,3.0,1.3096906146956975,0.625053252951106,1.2862844412100805,0.0,0.0,2.8000000000000007,False,below within-person threshold
e9f76da2-c648-4a06-b994-e305991ca8e0,2026-06-01 00:06:00,6,1,3.0,1.3096906146956975,0.625053252951106,1.2862844412100805,0.0,0.0,2.4000000000000004,False,below within-person threshold
e9f76da2-c648-4a06-b994-e305991ca8e0,2026-06-01 00:07:00,7,1,3.0,1.3096906146956975,0.625053252951106,1.2862844412100805,0.0,0.0,2.0,False,below within-person threshold
e9f76da2-c648-4a06-b994-e305991ca8e0,2026-06-01 00:08:00,8,1,2.0,1.3096906146956975,0.625053252951106,1.2862844412100805,1.0,0.3333333333333333,1.8666666666666671,False,below within-person threshold
e9f76da2-c648-4a06-b994-e305991ca8e0,2026-06-01 00:09:00,9,1,3.0,1.3096906146956975,0.625053252951106,1.2862844412100805,1.0,0.6666666666666666,1.7333333333333336,False,below within-person threshold
e9f76da2-c648-4a06-b994-e305991ca8e0,2026-06-01 00:10:00,10,2,2.0,1.3096906146956975,0.625053252951106,1.2862844412100805,1.0,1.0,1.6,False,below within-person threshold
e9f76da2-c648-4a06-b994-e305991ca8e0,2026-06-01 00:11:00,11,2,1.0,1.3096906146956975,0.625053252951106,1.2862844412100805,1.0,1.0,1.4666666666666668,False,below within-person threshold
e9f76da2-c648-4a06-b994-e305991ca8e0,2026-06-01 00:12:00,12,2,2.0,1.3096906146956975,0.625053252951106,1.2862844412100805,1.0,1.0,1.3333333333333333,False,below within-person threshold
e9f76da2-c648-4a06-b994-e305991ca8e0,2026-06-01 00:13:00,13,2,3.0,1.3096906146956975,0.625053252951106,1.2862844412100805,1.0,1.0,1.2666666666666668,False,below within-person threshold
e9f76da2-c648-4a06-b994-e305991ca8e0,2026-06-01 00:14:00,14,2,,1.3096906146956975,0.625053252951106,1.2862844412100805,,1.0,1.2000000000000004,False,below within-person threshold
e9f76da2-c648-4a06-b994-e305991ca8e0,2026-06-01 00:15:00,15,3,,1.3096906146956975,0.625053252951106,1.2862844412100805,,1.0,1.1333333333333335,False,below within-person threshold
e9f76da2-c648-4a06-b994-e305991ca8e0,2026-06-01 00:16:00,16,3,,1.3096906146956975,0.625053252951106,1.2862844412100805,,,1.066666666666667,False,missing or insufficient EMA data
e9f76da2-c648-4a06-b994-e305991ca8e0,2026-06-01 00:17:00,17,3,5.0,1.3096906146956975,0.625053252951106,1.2862844412100805,,,1.066666666666667,False,missing or insufficient EMA data
e9f76da2-c648-4a06-b994-e305991ca8e0,2026-06-01 00:18:00,18,3,4.0,1.3096906146956975,0.625053252951106,1.2862844412100805,1.0,1.0,1.066666666666667,False,below within-person threshold
e9f76da2-c648-4a06-b994-e305991ca8e0,2026-06-01 00:19:00,19,3,4.0,1.3096906146956975,0.625053252951106,1.2862844412100805,0.0,0.5,1.0,False,below within-person threshold
e9f76da2-c648-4a06-b994-e305991ca8e0,2026-06-01 00:20:00,20,4,,1.3096906146956975,0.625053252951106,1.2862844412100805,,0.5,1.0,False,below within-person threshold
e9f76da2-c648-4a06-b994-e305991ca8e0,2026-06-01 00:21:00,21,4,,1.3096906146956975,0.625053252951106,1.2862844412100805,,0.0,1.0,False,below within-person threshold
e9f76da2-c648-4a06-b994-e305991ca8e0,2026-06-01 00:22:00,22,4,,1.3096906146956975,0.625053252951106,1.2862844412100805,,,1.0,False,missing or insufficient EMA data
e9f76da2-c648-4a06-b994-e305991ca8e0,2026-06-01 00:23:00,23,4,4.0,1.3096906146956975,0.625053252951106,1.2862844412100805,,,1.0,False,missing or insufficient EMA data
e9f76da2-c648-4a06-b994-e305991ca8e0,2026-06-01 00:24:00,24,4,,1.3096906146956975,0.625053252951106,1.2862844412100805,,,1.0,False,missing or insufficient EMA data
e9f76da2-c648-4a06-b994-e305991ca8e0,2026-06-01 00:25:00,25,5,,1.3096906146956975,0.625053252951106,1.2862844412100805,,,1.0,False,missing or insufficient EMA data
e9f76da2-c648-4a06-b994-e305991ca8e0,2026-06-01 00:26:00,26,5,4.0,1.3096906146956975,0.625053252951106,1.2862844412100805,,,1.0,False,missing or insufficient EMA data
e9f76da2-c648-4a06-b994-e305991ca8e0,2026-06-01 00:27:00,27,5,4.0,1.3096906146956975,0.625053252951106,1.2862844412100805,0.0,0.0,1.0,False,below within-person threshold
e9f76da2-c648-4a06-b994-e305991ca8e0,2026-06-01 00:28:00,28,5,4.0,1.3096906146956975,0.625053252951106,1.2862844412100805,0.0,0.0,1.0,False,below within-person threshold
e9f76da2-c648-4a06-b994-e305991ca8e0,2026-06-01 00:29:00,29,5,3.0,1.3096906146956975,0.625053252951106,1.2862844412100805,1.0,0.3333333333333333,1.0,False,below within-person threshold
e9f76da2-c648-4a06-b994-e305991ca8e0,2026-06-01 00:30:00,30,6,3.0,1.3096906146956975,0.625053252951106,1.2862844412100805,0.0,0.3333333333333333,1.0,False,below within-person threshold
e9f76da2-c648-4a06-b994-e305991ca8e0,2026-06-01 00:31:00,31,6,5.0,1.3096906146956975,0.625053252951106,1.2862844412100805,4.0,1.6666666666666667,1.0,True,prompt sent
e9f76da2-c648-4a06-b994-e305991ca8e0,2026-06-01 00:32:00,32,6,5.0,1.3096906146956975,0.625053252951106,1.2862844412100805,0.0,1.3333333333333333,1.0,False,cooldown active
e9f76da2-c648-4a06-b994-e305991ca8e0,2026-06-01 00:33:00,33,6,4.0,1.3096906146956975,0.625053252951106,1.2862844412100805,1.0,1.6666666666666667,1.0666666666666675,False,cooldown active
e9f76da2-c648-4a06-b994-e305991ca8e0,2026-06-01 00:34:00,34,6,3.0,1.3096906146956975,0.625053252951106,1.2862844412100805,1.0,0.6666666666666666,1.3333333333333333,False,below within-person threshold
eba34abf-5ff3-4573-9cd5-563424a89070,2026-06-01 00:00:00,0,0,3.0,0.8923799699464611,0.37311324324296186,0.9984325207914944,,,,False,missing or insufficient EMA data
eba34abf-5ff3-4573-9cd5-563424a89070,2026-06-01 00:01:00,1,0,3.0,0.8923799699464611,0.37311324324296186,0.9984325207914944,0.0,0.0,,False,insufficient within-person history
eba34abf-5ff3-4573-9cd5-563424a89070,2026-06-01 00:02:00,2,0,3.0,0.8923799699464611,0.37311324324296186,0.9984325207914944,0.0,0.0,,False,insufficient within-person history
eba34abf-5ff3-4573-9cd5-563424a89070,2026-06-01 00:03:00,3,0,3.0,0.8923799699464611,0.37311324324296186,0.9984325207914944,0.0,0.0,,False,insufficient within-person history
eba34abf-5ff3-4573-9cd5-563424a89070,2026-06-01 00:04:00,4,0,2.0,0.8923799699464611,0.37311324324296186,0.9984325207914944,1.0,0.3333333333333333,0.0,True,prompt sent
eba34abf-5ff3-4573-9cd5-563424a89070,2026-06-01 00:05:00,5,1,2.0,0.8923799699464611,0.37311324324296186,0.9984325207914944,0.0,0.3333333333333333,0.13333333333333344,False,cooldown active
eba34abf-5ff3-4573-9cd5-563424a89070,2026-06-01 00:06:00,6,1,2.0,0.8923799699464611,0.37311324324296186,0.9984325207914944,0.0,0.3333333333333333,0.3333333333333333,False,below within-person threshold
eba34abf-5ff3-4573-9cd5-563424a89070,2026-06-01 00:07:00,7,1,,0.8923799699464611,0.37311324324296186,0.9984325207914944,,0.0,0.3333333333333333,False,below within-person threshold
eba34abf-5ff3-4573-9cd5-563424a89070,2026-06-01 00:08:00,8,1,,0.8923799699464611,0.37311324324296186,0.9984325207914944,,0.0,0.3333333333333333,False,below within-person threshold
eba34abf-5ff3-4573-9cd5-563424a89070,2026-06-01 00:09:00,9,1,2.0,0.8923799699464611,0.37311324324296186,0.9984325207914944,,,0.3333333333333333,False,missing or insufficient EMA data
eba34abf-5ff3-4573-9cd5-563424a89070,2026-06-01 00:10:00,10,2,3.0,0.8923799699464611,0.37311324324296186,0.9984325207914944,1.0,1.0,0.3333333333333333,False,cooldown active
eba34abf-5ff3-4573-9cd5-563424a89070,2026-06-01 00:11:00,11,2,3.0,0.8923799699464611,0.37311324324296186,0.9984325207914944,0.0,0.5,0.3333333333333333,False,cooldown active
eba34abf-5ff3-4573-9cd5-563424a89070,2026-06-01 00:12:00,12,2,4.0,0.8923799699464611,0.37311324324296186,0.9984325207914944,1.0,0.6666666666666666,0.3666666666666667,False,cooldown active
eba34abf-5ff3-4573-9cd5-563424a89070,2026-06-01 00:13:00,13,2,,0.8923799699464611,0.37311324324296186,0.9984325207914944,,0.5,0.5,False,below within-person threshold
eba34abf-5ff3-4573-9cd5-563424a89070,2026-06-01 00:14:00,14,2,,0.8923799699464611,0.37311324324296186,0.9984325207914944,,1.0,0.5,False,cooldown active
eba34abf-5ff3-4573-9cd5-563424a89070,2026-06-01 00:15:00,15,3,,0.8923799699464611,0.37311324324296186,0.9984325207914944,,,0.6000000000000002,False,missing or insufficient EMA data
eba34abf-5ff3-4573-9cd5-563424a89070,2026-06-01 00:16:00,16,3,,0.8923799699464611,0.37311324324296186,0.9984325207914944,,,0.6000000000000002,False,missing or insufficient EMA data
eba34abf-5ff3-4573-9cd5-563424a89070,2026-06-01 00:17:00,17,3,,0.8923799699464611,0.37311324324296186,0.9984325207914944,,,0.6000000000000002,False,missing or insufficient EMA data
eba34abf-5ff3-4573-9cd5-563424a89070,2026-06-01 00:18:00,18,3,,0.8923799699464611,0.37311324324296186,0.9984325207914944,,,0.6000000000000002,False,missing or insufficient EMA data
eba34abf-5ff3-4573-9cd5-563424a89070,2026-06-01 00:19:00,19,3,,0.8923799699464611,0.37311324324296186,0.9984325207914944,,,0.6000000000000002,False,missing or insufficient EMA data
eba34abf-5ff3-4573-9cd5-563424a89070,2026-06-01 00:20:00,20,4,3.0,0.8923799699464611,0.37311324324296186,0.9984325207914944,,,0.6000000000000002,False,missing or insufficient EMA data
eba34abf-5ff3-4573-9cd5-563424a89070,2026-06-01 00:21:00,21,4,4.0,0.8923799699464611,0.37311324324296186,0.9984325207914944,1.0,1.0,0.6000000000000002,False,cooldown active
eba34abf-5ff3-4573-9cd5-563424a89070,2026-06-01 00:22:00,22,4,3.0,0.8923799699464611,0.37311324324296186,0.9984325207914944,1.0,1.0,0.8,False,cooldown active
eba34abf-5ff3-4573-9cd5-563424a89070,2026-06-01 00:23:00,23,4,,0.8923799699464611,0.37311324324296186,0.9984325207914944,,1.0,1.0,False,below within-person threshold
eba34abf-5ff3-4573-9cd5-563424a89070,2026-06-01 00:24:00,24,4,,0.8923799699464611,0.37311324324296186,0.9984325207914944,,1.0,1.0,False,below within-person threshold
eba34abf-5ff3-4573-9cd5-563424a89070,2026-06-01 00:25:00,25,5,,0.8923799699464611,0.37311324324296186,0.9984325207914944,,,1.0,False,missing or insufficient EMA data
eba34abf-5ff3-4573-9cd5-563424a89070,2026-06-01 00:26:00,26,5,,0.8923799699464611,0.37311324324296186,0.9984325207914944,,,1.0,False,missing or insufficient EMA data
eba34abf-5ff3-4573-9cd5-563424a89070,2026-06-01 00:27:00,27,5,,0.8923799699464611,0.37311324324296186,0.9984325207914944,,,1.0,False,missing or insufficient EMA data
eba34abf-5ff3-4573-9cd5-563424a89070,2026-06-01 00:28:00,28,5,3.0,0.8923799699464611,0.37311324324296186,0.9984325207914944,,,1.0,False,missing or insufficient EMA data
eba34abf-5ff3-4573-9cd5-563424a89070,2026-06-01 00:29:00,29,5,4.0,0.8923799699464611,0.37311324324296186,0.9984325207914944,1.0,1.0,1.0,False,below within-person threshold
eba34abf-5ff3-4573-9cd5-563424a89070,2026-06-01 00:30:00,30,6,4.0,0.8923799699464611,0.37311324324296186,0.9984325207914944,0.0,0.5,1.0,False,below within-person threshold
eba34abf-5ff3-4573-9cd5-563424a89070,2026-06-01 00:31:00,31,6,3.0,0.8923799699464611,0.37311324324296186,0.9984325207914944,1.0,0.6666666666666666,1.0,False,below within-person threshold
eba34abf-5ff3-4573-9cd5-563424a89070,2026-06-01 00:32:00,32,6,5.0,0.8923799699464611,0.37311324324296186,0.9984325207914944,4.0,1.6666666666666667,1.0,False,cooldown active
eba34abf-5ff3-4573-9cd5-563424a89070,2026-06-01 00:33:00,33,6,,0.8923799699464611,0.37311324324296186,0.9984325207914944,,2.5,1.0,False,cooldown active
eba34abf-5ff3-4573-9cd5-563424a89070,2026-06-01 00:34:00,34,6,4.0,0.8923799699464611,0.37311324324296186,0.9984325207914944,,4.0,1.0,False,cooldown active
ef1e6564-23cf-4eff-8c4d-d7bd6cea7813,2026-06-01 00:00:00,0,0,3.0,1.39596895986916,0.2583123829775394,2.8906968362412164,,,,False,missing or insufficient EMA data
ef1e6564-23cf-4eff-8c4d-d7bd6cea7813,2026-06-01 00:01:00,1,0,2.0,1.39596895986916,0.2583123829775394,2.8906968362412164,1.0,1.0,,False,insufficient within-person history
ef1e6564-23cf-4eff-8c4d-d7bd6cea7813,2026-06-01 00:02:00,2,0,5.0,1.39596895986916,0.2583123829775394,2.8906968362412164,9.0,5.0,,False,insufficient within-person history
ef1e6564-23cf-4eff-8c4d-d7bd6cea7813,2026-06-01 00:03:00,3,0,5.0,1.39596895986916,0.2583123829775394,2.8906968362412164,0.0,3.3333333333333335,,False,insufficient within-person history
ef1e6564-23cf-4eff-8c4d-d7bd6cea7813,2026-06-01 00:04:00,4,0,4.0,1.39596895986916,0.2583123829775394,2.8906968362412164,1.0,3.3333333333333335,4.333333333333334,False,below within-person threshold
ef1e6564-23cf-4eff-8c4d-d7bd6cea7813,2026-06-01 00:05:00,5,1,4.0,1.39596895986916,0.2583123829775394,2.8906968362412164,0.0,0.3333333333333333,4.000000000000001,False,below within-person threshold
ef1e6564-23cf-4eff-8c4d-d7bd6cea7813,2026-06-01 00:06:00,6,1,2.0,1.39596895986916,0.2583123829775394,2.8906968362412164,4.0,1.6666666666666667,3.666666666666667,False,below within-person threshold
ef1e6564-23cf-4eff-8c4d-d7bd6cea7813,2026-06-01 00:07:00,7,1,3.0,1.39596895986916,0.2583123829775394,2.8906968362412164,1.0,1.6666666666666667,3.3333333333333335,False,below within-person threshold
ef1e6564-23cf-4eff-8c4d-d7bd6cea7813,2026-06-01 00:08:00,8,1,3.0,1.39596895986916,0.2583123829775394,2.8906968362412164,0.0,1.6666666666666667,3.3333333333333335,False,below within-person threshold
ef1e6564-23cf-4eff-8c4d-d7bd6cea7813,2026-06-01 00:09:00,9,1,1.0,1.39596895986916,0.2583123829775394,2.8906968362412164,4.0,1.6666666666666667,3.3333333333333335,False,below within-person threshold
ef1e6564-23cf-4eff-8c4d-d7bd6cea7813,2026-06-01 00:10:00,10,2,4.0,1.39596895986916,0.2583123829775394,2.8906968362412164,9.0,4.333333333333333,3.3333333333333335,True,prompt sent
ef1e6564-23cf-4eff-8c4d-d7bd6cea7813,2026-06-01 00:11:00,11,2,4.0,1.39596895986916,0.2583123829775394,2.8906968362412164,0.0,4.333333333333333,3.5333333333333337,False,cooldown active
ef1e6564-23cf-4eff-8c4d-d7bd6cea7813,2026-06-01 00:12:00,12,2,4.0,1.39596895986916,0.2583123829775394,2.8906968362412164,0.0,3.0,4.333333333333333,False,below within-person threshold
ef1e6564-23cf-4eff-8c4d-d7bd6cea7813,2026-06-01 00:13:00,13,2,4.0,1.39596895986916,0.2583123829775394,2.8906968362412164,0.0,0.0,4.133333333333334,False,below within-person threshold
ef1e6564-23cf-4eff-8c4d-d7bd6cea7813,2026-06-01 00:14:00,14,2,2.0,1.39596895986916,0.2583123829775394,2.8906968362412164,4.0,1.3333333333333333,3.9333333333333345,False,below within-person threshold
ef1e6564-23cf-4eff-8c4d-d7bd6cea7813,2026-06-01 00:15:00,15,3,,1.39596895986916,0.2583123829775394,2.8906968362412164,,2.0,3.733333333333334,False,below within-person threshold
ef1e6564-23cf-4eff-8c4d-d7bd6cea7813,2026-06-01 00:16:00,16,3,,1.39596895986916,0.2583123829775394,2.8906968362412164,,4.0,3.5333333333333345,False,cooldown active
ef1e6564-23cf-4eff-8c4d-d7bd6cea7813,2026-06-01 00:17:00,17,3,,1.39596895986916,0.2583123829775394,2.8906968362412164,,,4.0,False,missing or insufficient EMA data
ef1e6564-23cf-4eff-8c4d-d7bd6cea7813,2026-06-01 00:18:00,18,3,,1.39596895986916,0.2583123829775394,2.8906968362412164,,,4.0,False,missing or insufficient EMA data
ef1e6564-23cf-4eff-8c4d-d7bd6cea7813,2026-06-01 00:19:00,19,3,,1.39596895986916,0.2583123829775394,2.8906968362412164,,,4.0,False,missing or insufficient EMA data
ef1e6564-23cf-4eff-8c4d-d7bd6cea7813,2026-06-01 00:20:00,20,4,4.0,1.39596895986916,0.2583123829775394,2.8906968362412164,,,4.0,False,missing or insufficient EMA data
ef1e6564-23cf-4eff-8c4d-d7bd6cea7813,2026-06-01 00:21:00,21,4,1.0,1.39596895986916,0.2583123829775394,2.8906968362412164,9.0,9.0,4.0,False,cooldown active
ef1e6564-23cf-4eff-8c4d-d7bd6cea7813,2026-06-01 00:22:00,22,4,1.0,1.39596895986916,0.2583123829775394,2.8906968362412164,0.0,4.5,4.266666666666667,False,cooldown active
ef1e6564-23cf-4eff-8c4d-d7bd6cea7813,2026-06-01 00:23:00,23,4,2.0,1.39596895986916,0.2583123829775394,2.8906968362412164,1.0,3.3333333333333335,4.333333333333333,False,below within-person threshold
ef1e6564-23cf-4eff-8c4d-d7bd6cea7813,2026-06-01 00:24:00,24,4,3.0,1.39596895986916,0.2583123829775394,2.8906968362412164,1.0,0.6666666666666666,4.333333333333333,False,below within-person threshold
ef1e6564-23cf-4eff-8c4d-d7bd6cea7813,2026-06-01 00:25:00,25,5,3.0,1.39596895986916,0.2583123829775394,2.8906968362412164,0.0,0.6666666666666666,4.333333333333333,False,below within-person threshold
ef1e6564-23cf-4eff-8c4d-d7bd6cea7813,2026-06-01 00:26:00,26,5,2.0,1.39596895986916,0.2583123829775394,2.8906968362412164,1.0,0.6666666666666666,4.333333333333333,False,below within-person threshold
ef1e6564-23cf-4eff-8c4d-d7bd6cea7813,2026-06-01 00:27:00,27,5,2.0,1.39596895986916,0.2583123829775394,2.8906968362412164,0.0,0.3333333333333333,4.266666666666667,False,below within-person threshold
ef1e6564-23cf-4eff-8c4d-d7bd6cea7813,2026-06-01 00:28:00,28,5,2.0,1.39596895986916,0.2583123829775394,2.8906968362412164,0.0,0.3333333333333333,4.2,False,below within-person threshold
ef1e6564-23cf-4eff-8c4d-d7bd6cea7813,2026-06-01 00:29:00,29,5,3.0,1.39596895986916,0.2583123829775394,2.8906968362412164,1.0,0.3333333333333333,4.133333333333334,False,below within-person threshold
ef1e6564-23cf-4eff-8c4d-d7bd6cea7813,2026-06-01 00:30:00,30,6,4.0,1.39596895986916,0.2583123829775394,2.8906968362412164,1.0,0.6666666666666666,4.066666666666667,False,below within-person threshold
ef1e6564-23cf-4eff-8c4d-d7bd6cea7813,2026-06-01 00:31:00,31,6,2.0,1.39596895986916,0.2583123829775394,2.8906968362412164,4.0,2.0,4.0,False,below within-person threshold
ef1e6564-23cf-4eff-8c4d-d7bd6cea7813,2026-06-01 00:32:00,32,6,4.0,1.39596895986916,0.2583123829775394,2.8906968362412164,4.0,3.0,3.866666666666667,False,below within-person threshold
ef1e6564-23cf-4eff-8c4d-d7bd6cea7813,2026-06-01 00:33:00,33,6,2.0,1.39596895986916,0.2583123829775394,2.8906968362412164,4.0,4.0,3.7333333333333343,False,cooldown active
ef1e6564-23cf-4eff-8c4d-d7bd6cea7813,2026-06-01 00:34:00,34,6,3.0,1.39596895986916,0.2583123829775394,2.8906968362412164,1.0,3.0,4.0,False,below within-person threshold
f1a9004e-4d04-4c99-8076-fc9df80a4cbf,2026-06-01 00:00:00,0,0,3.0,0.5806846540944297,0.7286894781051192,0.18296892243960805,,,,False,missing or insufficient EMA data
f1a9004e-4d04-4c99-8076-fc9df80a4cbf,2026-06-01 00:01:00,1,0,3.0,0.5806846540944297,0.7286894781051192,0.18296892243960805,0.0,0.0,,False,insufficient within-person history
f1a9004e-4d04-4c99-8076-fc9df80a4cbf,2026-06-01 00:02:00,2,0,3.0,0.5806846540944297,0.7286894781051192,0.18296892243960805,0.0,0.0,,False,insufficient within-person history
f1a9004e-4d04-4c99-8076-fc9df80a4cbf,2026-06-01 00:03:00,3,0,3.0,0.5806846540944297,0.7286894781051192,0.18296892243960805,0.0,0.0,,False,insufficient within-person history
f1a9004e-4d04-4c99-8076-fc9df80a4cbf,2026-06-01 00:04:00,4,0,2.0,0.5806846540944297,0.7286894781051192,0.18296892243960805,1.0,0.3333333333333333,0.0,True,prompt sent
f1a9004e-4d04-4c99-8076-fc9df80a4cbf,2026-06-01 00:05:00,5,1,2.0,0.5806846540944297,0.7286894781051192,0.18296892243960805,0.0,0.3333333333333333,0.13333333333333344,False,cooldown active
f1a9004e-4d04-4c99-8076-fc9df80a4cbf,2026-06-01 00:06:00,6,1,3.0,0.5806846540944297,0.7286894781051192,0.18296892243960805,1.0,0.6666666666666666,0.3333333333333333,False,cooldown active
f1a9004e-4d04-4c99-8076-fc9df80a4cbf,2026-06-01 00:07:00,7,1,3.0,0.5806846540944297,0.7286894781051192,0.18296892243960805,0.0,0.3333333333333333,0.3333333333333333,False,below within-person threshold
f1a9004e-4d04-4c99-8076-fc9df80a4cbf,2026-06-01 00:08:00,8,1,4.0,0.5806846540944297,0.7286894781051192,0.18296892243960805,1.0,0.6666666666666666,0.3333333333333333,False,cooldown active
f1a9004e-4d04-4c99-8076-fc9df80a4cbf,2026-06-01 00:09:00,9,1,4.0,0.5806846540944297,0.7286894781051192,0.18296892243960805,0.0,0.3333333333333333,0.5333333333333334,False,below within-person threshold
f1a9004e-4d04-4c99-8076-fc9df80a4cbf,2026-06-01 00:10:00,10,2,3.0,0.5806846540944297,0.7286894781051192,0.18296892243960805,1.0,0.6666666666666666,0.4666666666666668,False,cooldown active
f1a9004e-4d04-4c99-8076-fc9df80a4cbf,2026-06-01 00:11:00,11,2,4.0,0.5806846540944297,0.7286894781051192,0.18296892243960805,1.0,0.6666666666666666,0.6666666666666666,False,below within-person threshold
f1a9004e-4d04-4c99-8076-fc9df80a4cbf,2026-06-01 00:12:00,12,2,4.0,0.5806846540944297,0.7286894781051192,0.18296892243960805,0.0,0.6666666666666666,0.6666666666666666,False,below within-person threshold
f1a9004e-4d04-4c99-8076-fc9df80a4cbf,2026-06-01 00:13:00,13,2,3.0,0.5806846540944297,0.7286894781051192,0.18296892243960805,1.0,0.6666666666666666,0.6666666666666666,False,below within-person threshold
f1a9004e-4d04-4c99-8076-fc9df80a4cbf,2026-06-01 00:14:00,14,2,2.0,0.5806846540944297,0.7286894781051192,0.18296892243960805,1.0,0.6666666666666666,0.6666666666666666,False,below within-person threshold
f1a9004e-4d04-4c99-8076-fc9df80a4cbf,2026-06-01 00:15:00,15,3,2.0,0.5806846540944297,0.7286894781051192,0.18296892243960805,0.0,0.6666666666666666,0.6666666666666666,False,below within-person threshold
f1a9004e-4d04-4c99-8076-fc9df80a4cbf,2026-06-01 00:16:00,16,3,2.0,0.5806846540944297,0.7286894781051192,0.18296892243960805,0.0,0.3333333333333333,0.6666666666666666,False,below within-person threshold
f1a9004e-4d04-4c99-8076-fc9df80a4cbf,2026-06-01 00:17:00,17,3,3.0,0.5806846540944297,0.7286894781051192,0.18296892243960805,1.0,0.3333333333333333,0.6666666666666666,False,below within-person threshold
f1a9004e-4d04-4c99-8076-fc9df80a4cbf,2026-06-01 00:18:00,18,3,3.0,0.5806846540944297,0.7286894781051192,0.18296892243960805,0.0,0.3333333333333333,0.6666666666666666,False,below within-person threshold
f1a9004e-4d04-4c99-8076-fc9df80a4cbf,2026-06-01 00:19:00,19,3,3.0,0.5806846540944297,0.7286894781051192,0.18296892243960805,0.0,0.3333333333333333,0.6666666666666666,False,below within-person threshold
f1a9004e-4d04-4c99-8076-fc9df80a4cbf,2026-06-01 00:20:00,20,4,3.0,0.5806846540944297,0.7286894781051192,0.18296892243960805,0.0,0.0,0.6666666666666666,False,below within-person threshold
f1a9004e-4d04-4c99-8076-fc9df80a4cbf,2026-06-01 00:21:00,21,4,4.0,0.5806846540944297,0.7286894781051192,0.18296892243960805,1.0,0.3333333333333333,0.6666666666666666,False,below within-person threshold
f1a9004e-4d04-4c99-8076-fc9df80a4cbf,2026-06-01 00:22:00,22,4,3.0,0.5806846540944297,0.7286894781051192,0.18296892243960805,1.0,0.6666666666666666,0.6666666666666666,False,below within-person threshold
f1a9004e-4d04-4c99-8076-fc9df80a4cbf,2026-06-01 00:23:00,23,4,3.0,0.5806846540944297,0.7286894781051192,0.18296892243960805,0.0,0.6666666666666666,0.6666666666666666,False,below within-person threshold
f1a9004e-4d04-4c99-8076-fc9df80a4cbf,2026-06-01 00:24:00,24,4,4.0,0.5806846540944297,0.7286894781051192,0.18296892243960805,1.0,0.6666666666666666,0.6666666666666666,False,below within-person threshold
f1a9004e-4d04-4c99-8076-fc9df80a4cbf,2026-06-01 00:25:00,25,5,4.0,0.5806846540944297,0.7286894781051192,0.18296892243960805,0.0,0.3333333333333333,0.6666666666666666,False,below within-person threshold
f1a9004e-4d04-4c99-8076-fc9df80a4cbf,2026-06-01 00:26:00,26,5,3.0,0.5806846540944297,0.7286894781051192,0.18296892243960805,1.0,0.6666666666666666,0.6666666666666666,False,below within-person threshold
f1a9004e-4d04-4c99-8076-fc9df80a4cbf,2026-06-01 00:27:00,27,5,2.0,0.5806846540944297,0.7286894781051192,0.18296892243960805,1.0,0.6666666666666666,0.6666666666666666,False,below within-person threshold
f1a9004e-4d04-4c99-8076-fc9df80a4cbf,2026-06-01 00:28:00,28,5,2.0,0.5806846540944297,0.7286894781051192,0.18296892243960805,0.0,0.6666666666666666,0.6666666666666666,False,below within-person threshold
f1a9004e-4d04-4c99-8076-fc9df80a4cbf,2026-06-01 00:29:00,29,5,3.0,0.5806846540944297,0.7286894781051192,0.18296892243960805,1.0,0.6666666666666666,0.6666666666666666,False,below within-person threshold
f1a9004e-4d04-4c99-8076-fc9df80a4cbf,2026-06-01 00:30:00,30,6,3.0,0.5806846540944297,0.7286894781051192,0.18296892243960805,0.0,0.3333333333333333,0.6666666666666666,False,below within-person threshold
f1a9004e-4d04-4c99-8076-fc9df80a4cbf,2026-06-01 00:31:00,31,6,2.0,0.5806846540944297,0.7286894781051192,0.18296892243960805,1.0,0.6666666666666666,0.6666666666666666,False,below within-person threshold
f1a9004e-4d04-4c99-8076-fc9df80a4cbf,2026-06-01 00:32:00,32,6,3.0,0.5806846540944297,0.7286894781051192,0.18296892243960805,1.0,0.6666666666666666,0.6666666666666666,False,below within-person threshold
f1a9004e-4d04-4c99-8076-fc9df80a4cbf,2026-06-01 00:33:00,33,6,2.0,0.5806846540944297,0.7286894781051192,0.18296892243960805,1.0,1.0,0.6666666666666666,False,cooldown active
f1a9004e-4d04-4c99-8076-fc9df80a4cbf,2026-06-01 00:34:00,34,6,3.0,0.5806846540944297,0.7286894781051192,0.18296892243960805,1.0,1.0,0.6666666666666666,False,cooldown active
f5bd7e6b-d64c-4ccd-8c67-727c9129d12f,2026-06-01 00:00:00,0,0,3.0,0.3684839549233672,0.2757565720498877,0.19667616095314272,,,,False,missing or insufficient EMA data
f5bd7e6b-d64c-4ccd-8c67-727c9129d12f,2026-06-01 00:01:00,1,0,4.0,0.3684839549233672,0.2757565720498877,0.19667616095314272,1.0,1.0,,False,insufficient within-person history
f5bd7e6b-d64c-4ccd-8c67-727c9129d12f,2026-06-01 00:02:00,2,0,4.0,0.3684839549233672,0.2757565720498877,0.19667616095314272,0.0,0.5,,False,insufficient within-person history
f5bd7e6b-d64c-4ccd-8c67-727c9129d12f,2026-06-01 00:03:00,3,0,4.0,0.3684839549233672,0.2757565720498877,0.19667616095314272,0.0,0.3333333333333333,,False,insufficient within-person history
f5bd7e6b-d64c-4ccd-8c67-727c9129d12f,2026-06-01 00:04:00,4,0,4.0,0.3684839549233672,0.2757565720498877,0.19667616095314272,0.0,0.0,0.8,False,below within-person threshold
f5bd7e6b-d64c-4ccd-8c67-727c9129d12f,2026-06-01 00:05:00,5,1,4.0,0.3684839549233672,0.2757565720498877,0.19667616095314272,0.0,0.0,0.7000000000000002,False,below within-person threshold
f5bd7e6b-d64c-4ccd-8c67-727c9129d12f,2026-06-01 00:06:00,6,1,4.0,0.3684839549233672,0.2757565720498877,0.19667616095314272,0.0,0.0,0.6000000000000001,False,below within-person threshold
f5bd7e6b-d64c-4ccd-8c67-727c9129d12f,2026-06-01 00:07:00,7,1,4.0,0.3684839549233672,0.2757565720498877,0.19667616095314272,0.0,0.0,0.5,False,below within-person threshold
f5bd7e6b-d64c-4ccd-8c67-727c9129d12f,2026-06-01 00:08:00,8,1,4.0,0.3684839549233672,0.2757565720498877,0.19667616095314272,0.0,0.0,0.4666666666666668,False,below within-person threshold
f5bd7e6b-d64c-4ccd-8c67-727c9129d12f,2026-06-01 00:09:00,9,1,4.0,0.3684839549233672,0.2757565720498877,0.19667616095314272,0.0,0.0,0.4333333333333334,False,below within-person threshold
f5bd7e6b-d64c-4ccd-8c67-727c9129d12f,2026-06-01 00:10:00,10,2,3.0,0.3684839549233672,0.2757565720498877,0.19667616095314272,1.0,0.3333333333333333,0.4,False,below within-person threshold
f5bd7e6b-d64c-4ccd-8c67-727c9129d12f,2026-06-01 00:11:00,11,2,3.0,0.3684839549233672,0.2757565720498877,0.19667616095314272,0.0,0.3333333333333333,0.3666666666666667,False,below within-person threshold
f5bd7e6b-d64c-4ccd-8c67-727c9129d12f,2026-06-01 00:12:00,12,2,4.0,0.3684839549233672,0.2757565720498877,0.19667616095314272,1.0,0.6666666666666666,0.3333333333333333,True,prompt sent
f5bd7e6b-d64c-4ccd-8c67-727c9129d12f,2026-06-01 00:13:00,13,2,4.0,0.3684839549233672,0.2757565720498877,0.19667616095314272,0.0,0.3333333333333333,0.4666666666666668,False,below within-person threshold
f5bd7e6b-d64c-4ccd-8c67-727c9129d12f,2026-06-01 00:14:00,14,2,4.0,0.3684839549233672,0.2757565720498877,0.19667616095314272,0.0,0.3333333333333333,0.43333333333333357,False,below within-person threshold
f5bd7e6b-d64c-4ccd-8c67-727c9129d12f,2026-06-01 00:15:00,15,3,3.0,0.3684839549233672,0.2757565720498877,0.19667616095314272,1.0,0.3333333333333333,0.4,False,below within-person threshold
f5bd7e6b-d64c-4ccd-8c67-727c9129d12f,2026-06-01 00:16:00,16,3,4.0,0.3684839549233672,0.2757565720498877,0.19667616095314272,1.0,0.6666666666666666,0.3666666666666668,False,cooldown active
f5bd7e6b-d64c-4ccd-8c67-727c9129d12f,2026-06-01 00:17:00,17,3,3.0,0.3684839549233672,0.2757565720498877,0.19667616095314272,1.0,1.0,0.5,False,cooldown active
f5bd7e6b-d64c-4ccd-8c67-727c9129d12f,2026-06-01 00:18:00,18,3,4.0,0.3684839549233672,0.2757565720498877,0.19667616095314272,1.0,1.0,0.6333333333333334,False,cooldown active
f5bd7e6b-d64c-4ccd-8c67-727c9129d12f,2026-06-01 00:19:00,19,3,4.0,0.3684839549233672,0.2757565720498877,0.19667616095314272,0.0,0.6666666666666666,0.6666666666666666,False,below within-person threshold
f5bd7e6b-d64c-4ccd-8c67-727c9129d12f,2026-06-01 00:20:00,20,4,4.0,0.3684839549233672,0.2757565720498877,0.19667616095314272,0.0,0.3333333333333333,0.6666666666666666,False,below within-person threshold
f5bd7e6b-d64c-4ccd-8c67-727c9129d12f,2026-06-01 00:21:00,21,4,3.0,0.3684839549233672,0.2757565720498877,0.19667616095314272,1.0,0.3333333333333333,0.6666666666666666,False,below within-person threshold
f5bd7e6b-d64c-4ccd-8c67-727c9129d12f,2026-06-01 00:22:00,22,4,4.0,0.3684839549233672,0.2757565720498877,0.19667616095314272,1.0,0.6666666666666666,0.6666666666666666,False,below within-person threshold
f5bd7e6b-d64c-4ccd-8c67-727c9129d12f,2026-06-01 00:23:00,23,4,4.0,0.3684839549233672,0.2757565720498877,0.19667616095314272,0.0,0.6666666666666666,0.6666666666666666,False,below within-person threshold
f5bd7e6b-d64c-4ccd-8c67-727c9129d12f,2026-06-01 00:24:00,24,4,4.0,0.3684839549233672,0.2757565720498877,0.19667616095314272,0.0,0.3333333333333333,0.6666666666666666,False,below within-person threshold
f5bd7e6b-d64c-4ccd-8c67-727c9129d12f,2026-06-01 00:25:00,25,5,4.0,0.3684839549233672,0.2757565720498877,0.19667616095314272,0.0,0.0,0.6666666666666666,False,below within-person threshold
f5bd7e6b-d64c-4ccd-8c67-727c9129d12f,2026-06-01 00:26:00,26,5,3.0,0.3684839549233672,0.2757565720498877,0.19667616095314272,1.0,0.3333333333333333,0.6666666666666666,False,below within-person threshold
f5bd7e6b-d64c-4ccd-8c67-727c9129d12f,2026-06-01 00:27:00,27,5,4.0,0.3684839549233672,0.2757565720498877,0.19667616095314272,1.0,0.6666666666666666,0.6666666666666666,False,below within-person threshold
f5bd7e6b-d64c-4ccd-8c67-727c9129d12f,2026-06-01 00:28:00,28,5,4.0,0.3684839549233672,0.2757565720498877,0.19667616095314272,0.0,0.6666666666666666,0.6666666666666666,False,below within-person threshold
f5bd7e6b-d64c-4ccd-8c67-727c9129d12f,2026-06-01 00:29:00,29,5,4.0,0.3684839549233672,0.2757565720498877,0.19667616095314272,0.0,0.3333333333333333,0.6666666666666666,False,below within-person threshold
f5bd7e6b-d64c-4ccd-8c67-727c9129d12f,2026-06-01 00:30:00,30,6,4.0,0.3684839549233672,0.2757565720498877,0.19667616095314272,0.0,0.0,0.6666666666666666,False,below within-person threshold
f5bd7e6b-d64c-4ccd-8c67-727c9129d12f,2026-06-01 00:31:00,31,6,4.0,0.3684839549233672,0.2757565720498877,0.19667616095314272,0.0,0.0,0.6666666666666666,False,below within-person threshold
f5bd7e6b-d64c-4ccd-8c67-727c9129d12f,2026-06-01 00:32:00,32,6,4.0,0.3684839549233672,0.2757565720498877,0.19667616095314272,0.0,0.0,0.6666666666666666,False,below within-person threshold
f5bd7e6b-d64c-4ccd-8c67-727c9129d12f,2026-06-01 00:33:00,33,6,4.0,0.3684839549233672,0.2757565720498877,0.19667616095314272,0.0,0.0,0.6666666666666666,False,below within-person threshold
f5bd7e6b-d64c-4ccd-8c67-727c9129d12f,2026-06-01 00:34:00,34,6,4.0,0.3684839549233672,0.2757565720498877,0.19667616095314272,0.0,0.0,0.6666666666666666,False,below within-person threshold
f82a6169-8ffc-4532-8320-551e5acbc117,2026-06-01 00:00:00,0,0,1.0,1.2263227418307199,0.5698001724503954,1.2939270500346183,,,,False,missing or insufficient EMA data
f82a6169-8ffc-4532-8320-551e5acbc117,2026-06-01 00:01:00,1,0,3.0,1.2263227418307199,0.5698001724503954,1.2939270500346183,4.0,4.0,,False,insufficient within-person history
f82a6169-8ffc-4532-8320-551e5acbc117,2026-06-01 00:02:00,2,0,2.0,1.2263227418307199,0.5698001724503954,1.2939270500346183,1.0,2.5,,False,insufficient within-person history
f82a6169-8ffc-4532-8320-551e5acbc117,2026-06-01 00:03:00,3,0,1.0,1.2263227418307199,0.5698001724503954,1.2939270500346183,1.0,2.0,,False,insufficient within-person history
f82a6169-8ffc-4532-8320-551e5acbc117,2026-06-01 00:04:00,4,0,2.0,1.2263227418307199,0.5698001724503954,1.2939270500346183,1.0,1.0,3.4000000000000004,False,below within-person threshold
f82a6169-8ffc-4532-8320-551e5acbc117,2026-06-01 00:05:00,5,1,3.0,1.2263227418307199,0.5698001724503954,1.2939270500346183,1.0,1.0,3.1000000000000005,False,below within-person threshold
f82a6169-8ffc-4532-8320-551e5acbc117,2026-06-01 00:06:00,6,1,2.0,1.2263227418307199,0.5698001724503954,1.2939270500346183,1.0,1.0,2.8000000000000003,False,below within-person threshold
f82a6169-8ffc-4532-8320-551e5acbc117,2026-06-01 00:07:00,7,1,2.0,1.2263227418307199,0.5698001724503954,1.2939270500346183,0.0,0.6666666666666666,2.5,False,below within-person threshold
f82a6169-8ffc-4532-8320-551e5acbc117,2026-06-01 00:08:00,8,1,5.0,1.2263227418307199,0.5698001724503954,1.2939270500346183,9.0,3.3333333333333335,2.4000000000000004,True,prompt sent
f82a6169-8ffc-4532-8320-551e5acbc117,2026-06-01 00:09:00,9,1,3.0,1.2263227418307199,0.5698001724503954,1.2939270500346183,4.0,4.333333333333333,3.0000000000000004,False,cooldown active
f82a6169-8ffc-4532-8320-551e5acbc117,2026-06-01 00:10:00,10,2,2.0,1.2263227418307199,0.5698001724503954,1.2939270500346183,1.0,4.666666666666667,3.6000000000000005,False,cooldown active
f82a6169-8ffc-4532-8320-551e5acbc117,2026-06-01 00:11:00,11,2,4.0,1.2263227418307199,0.5698001724503954,1.2939270500346183,4.0,3.0,4.066666666666666,False,below within-person threshold
f82a6169-8ffc-4532-8320-551e5acbc117,2026-06-01 00:12:00,12,2,4.0,1.2263227418307199,0.5698001724503954,1.2939270500346183,0.0,1.6666666666666667,4.0,False,below within-person threshold
f82a6169-8ffc-4532-8320-551e5acbc117,2026-06-01 00:13:00,13,2,5.0,1.2263227418307199,0.5698001724503954,1.2939270500346183,1.0,1.6666666666666667,3.866666666666667,False,below within-person threshold
f82a6169-8ffc-4532-8320-551e5acbc117,2026-06-01 00:14:00,14,2,5.0,1.2263227418307199,0.5698001724503954,1.2939270500346183,0.0,0.3333333333333333,3.7333333333333343,False,below within-person threshold
f82a6169-8ffc-4532-8320-551e5acbc117,2026-06-01 00:15:00,15,3,4.0,1.2263227418307199,0.5698001724503954,1.2939270500346183,1.0,0.6666666666666666,3.6000000000000005,False,below within-person threshold
f82a6169-8ffc-4532-8320-551e5acbc117,2026-06-01 00:16:00,16,3,3.0,1.2263227418307199,0.5698001724503954,1.2939270500346183,1.0,0.6666666666666666,3.4666666666666677,False,below within-person threshold
f82a6169-8ffc-4532-8320-551e5acbc117,2026-06-01 00:17:00,17,3,3.0,1.2263227418307199,0.5698001724503954,1.2939270500346183,0.0,0.6666666666666666,3.3333333333333335,False,below within-person threshold
f82a6169-8ffc-4532-8320-551e5acbc117,2026-06-01 00:18:00,18,3,3.0,1.2263227418307199,0.5698001724503954,1.2939270500346183,0.0,0.3333333333333333,3.266666666666667,False,below within-person threshold
f82a6169-8ffc-4532-8320-551e5acbc117,2026-06-01 00:19:00,19,3,4.0,1.2263227418307199,0.5698001724503954,1.2939270500346183,1.0,0.3333333333333333,3.2000000000000006,False,below within-person threshold
f82a6169-8ffc-4532-8320-551e5acbc117,2026-06-01 00:20:00,20,4,2.0,1.2263227418307199,0.5698001724503954,1.2939270500346183,4.0,1.6666666666666667,3.1333333333333333,False,below within-person threshold
f82a6169-8ffc-4532-8320-551e5acbc117,2026-06-01 00:21:00,21,4,3.0,1.2263227418307199,0.5698001724503954,1.2939270500346183,1.0,2.0,3.066666666666667,False,below within-person threshold
f82a6169-8ffc-4532-8320-551e5acbc117,2026-06-01 00:22:00,22,4,2.0,1.2263227418307199,0.5698001724503954,1.2939270500346183,1.0,2.0,3.0,False,below within-person threshold
f82a6169-8ffc-4532-8320-551e5acbc117,2026-06-01 00:23:00,23,4,2.0,1.2263227418307199,0.5698001724503954,1.2939270500346183,0.0,0.6666666666666666,2.9000000000000004,False,below within-person threshold
f82a6169-8ffc-4532-8320-551e5acbc117,2026-06-01 00:24:00,24,4,2.0,1.2263227418307199,0.5698001724503954,1.2939270500346183,0.0,0.3333333333333333,2.8000000000000007,False,below within-person threshold
f82a6169-8ffc-4532-8320-551e5acbc117,2026-06-01 00:25:00,25,5,3.0,1.2263227418307199,0.5698001724503954,1.2939270500346183,1.0,0.3333333333333333,2.700000000000001,False,below within-person threshold
f82a6169-8ffc-4532-8320-551e5acbc117,2026-06-01 00:26:00,26,5,1.0,1.2263227418307199,0.5698001724503954,1.2939270500346183,4.0,1.6666666666666667,2.6000000000000014,False,below within-person threshold
f82a6169-8ffc-4532-8320-551e5acbc117,2026-06-01 00:27:00,27,5,2.0,1.2263227418307199,0.5698001724503954,1.2939270500346183,1.0,2.0,2.5,False,below within-person threshold
f82a6169-8ffc-4532-8320-551e5acbc117,2026-06-01 00:28:00,28,5,1.0,1.2263227418307199,0.5698001724503954,1.2939270500346183,1.0,2.0,2.4000000000000004,False,below within-person threshold
f82a6169-8ffc-4532-8320-551e5acbc117,2026-06-01 00:29:00,29,5,3.0,1.2263227418307199,0.5698001724503954,1.2939270500346183,4.0,2.0,2.3000000000000007,False,below within-person threshold
f82a6169-8ffc-4532-8320-551e5acbc117,2026-06-01 00:30:00,30,6,,1.2263227418307199,0.5698001724503954,1.2939270500346183,,2.5,2.200000000000001,False,cooldown active
f82a6169-8ffc-4532-8320-551e5acbc117,2026-06-01 00:31:00,31,6,2.0,1.2263227418307199,0.5698001724503954,1.2939270500346183,,4.0,2.5,False,cooldown active
f82a6169-8ffc-4532-8320-551e5acbc117,2026-06-01 00:32:00,32,6,,1.2263227418307199,0.5698001724503954,1.2939270500346183,,,2.5,False,missing or insufficient EMA data
f82a6169-8ffc-4532-8320-551e5acbc117,2026-06-01 00:33:00,33,6,2.0,1.2263227418307199,0.5698001724503954,1.2939270500346183,,,2.5,False,missing or insufficient EMA data
f82a6169-8ffc-4532-8320-551e5acbc117,2026-06-01 00:34:00,34,6,4.0,1.2263227418307199,0.5698001724503954,1.2939270500346183,4.0,4.0,2.5,False,cooldown active
f86d1afc-d9c6-4c3e-a2d3-537a43450d14,2026-06-01 00:00:00,0,0,4.0,1.1785346549733038,0.6733122575477691,0.907501915711373,,,,False,missing or insufficient EMA data
f86d1afc-d9c6-4c3e-a2d3-537a43450d14,2026-06-01 00:01:00,1,0,4.0,1.1785346549733038,0.6733122575477691,0.907501915711373,0.0,0.0,,False,insufficient within-person history
f86d1afc-d9c6-4c3e-a2d3-537a43450d14,2026-06-01 00:02:00,2,0,4.0,1.1785346549733038,0.6733122575477691,0.907501915711373,0.0,0.0,,False,insufficient within-person history
f86d1afc-d9c6-4c3e-a2d3-537a43450d14,2026-06-01 00:03:00,3,0,5.0,1.1785346549733038,0.6733122575477691,0.907501915711373,1.0,0.3333333333333333,,False,insufficient within-person history
f86d1afc-d9c6-4c3e-a2d3-537a43450d14,2026-06-01 00:04:00,4,0,4.0,1.1785346549733038,0.6733122575477691,0.907501915711373,1.0,0.6666666666666666,0.2,True,prompt sent
f86d1afc-d9c6-4c3e-a2d3-537a43450d14,2026-06-01 00:05:00,5,1,5.0,1.1785346549733038,0.6733122575477691,0.907501915711373,1.0,1.0,0.4666666666666668,False,cooldown active
f86d1afc-d9c6-4c3e-a2d3-537a43450d14,2026-06-01 00:06:00,6,1,3.0,1.1785346549733038,0.6733122575477691,0.907501915711373,4.0,2.0,0.7333333333333334,False,cooldown active
f86d1afc-d9c6-4c3e-a2d3-537a43450d14,2026-06-01 00:07:00,7,1,4.0,1.1785346549733038,0.6733122575477691,0.907501915711373,1.0,2.0,1.0,False,cooldown active
f86d1afc-d9c6-4c3e-a2d3-537a43450d14,2026-06-01 00:08:00,8,1,4.0,1.1785346549733038,0.6733122575477691,0.907501915711373,0.0,1.6666666666666667,1.8000000000000007,False,below within-person threshold
f86d1afc-d9c6-4c3e-a2d3-537a43450d14,2026-06-01 00:09:00,9,1,3.0,1.1785346549733038,0.6733122575477691,0.907501915711373,1.0,0.6666666666666666,1.866666666666667,False,below within-person threshold
f86d1afc-d9c6-4c3e-a2d3-537a43450d14,2026-06-01 00:10:00,10,2,3.0,1.1785346549733038,0.6733122575477691,0.907501915711373,0.0,0.3333333333333333,1.8000000000000003,False,below within-person threshold
f86d1afc-d9c6-4c3e-a2d3-537a43450d14,2026-06-01 00:11:00,11,2,2.0,1.1785346549733038,0.6733122575477691,0.907501915711373,1.0,0.6666666666666666,1.7333333333333334,False,below within-person threshold
f86d1afc-d9c6-4c3e-a2d3-537a43450d14,2026-06-01 00:12:00,12,2,2.0,1.1785346549733038,0.6733122575477691,0.907501915711373,0.0,0.3333333333333333,1.6666666666666667,False,below within-person threshold
f86d1afc-d9c6-4c3e-a2d3-537a43450d14,2026-06-01 00:13:00,13,2,3.0,1.1785346549733038,0.6733122575477691,0.907501915711373,1.0,0.6666666666666666,1.5333333333333339,False,below within-person threshold
f86d1afc-d9c6-4c3e-a2d3-537a43450d14,2026-06-01 00:14:00,14,2,2.0,1.1785346549733038,0.6733122575477691,0.907501915711373,1.0,0.6666666666666666,1.400000000000001,False,below within-person threshold
f86d1afc-d9c6-4c3e-a2d3-537a43450d14,2026-06-01 00:15:00,15,3,2.0,1.1785346549733038,0.6733122575477691,0.907501915711373,0.0,0.6666666666666666,1.2666666666666668,False,below within-person threshold
f86d1afc-d9c6-4c3e-a2d3-537a43450d14,2026-06-01 00:16:00,16,3,1.0,1.1785346549733038,0.6733122575477691,0.907501915711373,1.0,0.6666666666666666,1.133333333333334,False,below within-person threshold
f86d1afc-d9c6-4c3e-a2d3-537a43450d14,2026-06-01 00:17:00,17,3,3.0,1.1785346549733038,0.6733122575477691,0.907501915711373,4.0,1.6666666666666667,1.0,False,cooldown active
f86d1afc-d9c6-4c3e-a2d3-537a43450d14,2026-06-01 00:18:00,18,3,4.0,1.1785346549733038,0.6733122575477691,0.907501915711373,1.0,2.0,1.5333333333333339,False,cooldown active
f86d1afc-d9c6-4c3e-a2d3-537a43450d14,2026-06-01 00:19:00,19,3,4.0,1.1785346549733038,0.6733122575477691,0.907501915711373,0.0,1.6666666666666667,1.6666666666666667,False,below within-person threshold
f86d1afc-d9c6-4c3e-a2d3-537a43450d14,2026-06-01 00:20:00,20,4,4.0,1.1785346549733038,0.6733122575477691,0.907501915711373,0.0,0.3333333333333333,1.6666666666666667,False,below within-person threshold
f86d1afc-d9c6-4c3e-a2d3-537a43450d14,2026-06-01 00:21:00,21,4,2.0,1.1785346549733038,0.6733122575477691,0.907501915711373,4.0,1.3333333333333333,1.6666666666666667,False,below within-person threshold
f86d1afc-d9c6-4c3e-a2d3-537a43450d14,2026-06-01 00:22:00,22,4,3.0,1.1785346549733038,0.6733122575477691,0.907501915711373,1.0,1.6666666666666667,1.6666666666666667,False,below within-person threshold
f86d1afc-d9c6-4c3e-a2d3-537a43450d14,2026-06-01 00:23:00,23,4,4.0,1.1785346549733038,0.6733122575477691,0.907501915711373,1.0,2.0,1.6666666666666667,False,cooldown active
f86d1afc-d9c6-4c3e-a2d3-537a43450d14,2026-06-01 00:24:00,24,4,5.0,1.1785346549733038,0.6733122575477691,0.907501915711373,1.0,1.0,1.6666666666666667,False,below within-person threshold
f86d1afc-d9c6-4c3e-a2d3-537a43450d14,2026-06-01 00:25:00,25,5,5.0,1.1785346549733038,0.6733122575477691,0.907501915711373,0.0,0.6666666666666666,1.6666666666666667,False,below within-person threshold
f86d1afc-d9c6-4c3e-a2d3-537a43450d14,2026-06-01 00:26:00,26,5,3.0,1.1785346549733038,0.6733122575477691,0.907501915711373,4.0,1.6666666666666667,1.6666666666666667,False,below within-person threshold
f86d1afc-d9c6-4c3e-a2d3-537a43450d14,2026-06-01 00:27:00,27,5,4.0,1.1785346549733038,0.6733122575477691,0.907501915711373,1.0,1.6666666666666667,1.6666666666666667,False,below within-person threshold
f86d1afc-d9c6-4c3e-a2d3-537a43450d14,2026-06-01 00:28:00,28,5,2.0,1.1785346549733038,0.6733122575477691,0.907501915711373,4.0,3.0,1.6666666666666667,False,cooldown active
f86d1afc-d9c6-4c3e-a2d3-537a43450d14,2026-06-01 00:29:00,29,5,4.0,1.1785346549733038,0.6733122575477691,0.907501915711373,4.0,3.0,1.6666666666666667,False,cooldown active
f86d1afc-d9c6-4c3e-a2d3-537a43450d14,2026-06-01 00:30:00,30,6,3.0,1.1785346549733038,0.6733122575477691,0.907501915711373,1.0,3.0,1.8000000000000007,False,cooldown active
f86d1afc-d9c6-4c3e-a2d3-537a43450d14,2026-06-01 00:31:00,31,6,4.0,1.1785346549733038,0.6733122575477691,0.907501915711373,1.0,2.0,2.0,False,below within-person threshold
f86d1afc-d9c6-4c3e-a2d3-537a43450d14,2026-06-01 00:32:00,32,6,4.0,1.1785346549733038,0.6733122575477691,0.907501915711373,0.0,0.6666666666666666,2.0,False,below within-person threshold
f86d1afc-d9c6-4c3e-a2d3-537a43450d14,2026-06-01 00:33:00,33,6,3.0,1.1785346549733038,0.6733122575477691,0.907501915711373,1.0,0.6666666666666666,2.0,False,below within-person threshold
f86d1afc-d9c6-4c3e-a2d3-537a43450d14,2026-06-01 00:34:00,34,6,3.0,1.1785346549733038,0.6733122575477691,0.907501915711373,0.0,0.3333333333333333,2.0,False,below within-person threshold
fbd7921b-a992-4bb5-be4d-920cf2643c33,2026-06-01 00:00:00,0,0,3.0,0.45232596264009084,0.459789525068192,0.22105280442360217,,,,False,missing or insufficient EMA data
fbd7921b-a992-4bb5-be4d-920cf2643c33,2026-06-01 00:01:00,1,0,3.0,0.45232596264009084,0.459789525068192,0.22105280442360217,0.0,0.0,,False,insufficient within-person history
fbd7921b-a992-4bb5-be4d-920cf2643c33,2026-06-01 00:02:00,2,0,3.0,0.45232596264009084,0.459789525068192,0.22105280442360217,0.0,0.0,,False,insufficient within-person history
fbd7921b-a992-4bb5-be4d-920cf2643c33,2026-06-01 00:03:00,3,0,3.0,0.45232596264009084,0.459789525068192,0.22105280442360217,0.0,0.0,,False,insufficient within-person history
fbd7921b-a992-4bb5-be4d-920cf2643c33,2026-06-01 00:04:00,4,0,3.0,0.45232596264009084,0.459789525068192,0.22105280442360217,0.0,0.0,0.0,False,below within-person threshold
fbd7921b-a992-4bb5-be4d-920cf2643c33,2026-06-01 00:05:00,5,1,3.0,0.45232596264009084,0.459789525068192,0.22105280442360217,0.0,0.0,0.0,False,below within-person threshold
fbd7921b-a992-4bb5-be4d-920cf2643c33,2026-06-01 00:06:00,6,1,3.0,0.45232596264009084,0.459789525068192,0.22105280442360217,0.0,0.0,0.0,False,below within-person threshold
fbd7921b-a992-4bb5-be4d-920cf2643c33,2026-06-01 00:07:00,7,1,3.0,0.45232596264009084,0.459789525068192,0.22105280442360217,0.0,0.0,0.0,False,below within-person threshold
fbd7921b-a992-4bb5-be4d-920cf2643c33,2026-06-01 00:08:00,8,1,,0.45232596264009084,0.459789525068192,0.22105280442360217,,0.0,0.0,False,below within-person threshold
fbd7921b-a992-4bb5-be4d-920cf2643c33,2026-06-01 00:09:00,9,1,3.0,0.45232596264009084,0.459789525068192,0.22105280442360217,,0.0,0.0,False,below within-person threshold
fbd7921b-a992-4bb5-be4d-920cf2643c33,2026-06-01 00:10:00,10,2,3.0,0.45232596264009084,0.459789525068192,0.22105280442360217,0.0,0.0,0.0,False,below within-person threshold
fbd7921b-a992-4bb5-be4d-920cf2643c33,2026-06-01 00:11:00,11,2,,0.45232596264009084,0.459789525068192,0.22105280442360217,,0.0,0.0,False,below within-person threshold
fbd7921b-a992-4bb5-be4d-920cf2643c33,2026-06-01 00:12:00,12,2,2.0,0.45232596264009084,0.459789525068192,0.22105280442360217,,0.0,0.0,False,below within-person threshold
fbd7921b-a992-4bb5-be4d-920cf2643c33,2026-06-01 00:13:00,13,2,,0.45232596264009084,0.459789525068192,0.22105280442360217,,,0.0,False,missing or insufficient EMA data
fbd7921b-a992-4bb5-be4d-920cf2643c33,2026-06-01 00:14:00,14,2,,0.45232596264009084,0.459789525068192,0.22105280442360217,,,0.0,False,missing or insufficient EMA data
fbd7921b-a992-4bb5-be4d-920cf2643c33,2026-06-01 00:15:00,15,3,,0.45232596264009084,0.459789525068192,0.22105280442360217,,,0.0,False,missing or insufficient EMA data
fbd7921b-a992-4bb5-be4d-920cf2643c33,2026-06-01 00:16:00,16,3,3.0,0.45232596264009084,0.459789525068192,0.22105280442360217,,,0.0,False,missing or insufficient EMA data
fbd7921b-a992-4bb5-be4d-920cf2643c33,2026-06-01 00:17:00,17,3,2.0,0.45232596264009084,0.459789525068192,0.22105280442360217,1.0,1.0,0.0,True,prompt sent
fbd7921b-a992-4bb5-be4d-920cf2643c33,2026-06-01 00:18:00,18,3,3.0,0.45232596264009084,0.459789525068192,0.22105280442360217,1.0,1.0,0.0,False,cooldown active
fbd7921b-a992-4bb5-be4d-920cf2643c33,2026-06-01 00:19:00,19,3,3.0,0.45232596264009084,0.459789525068192,0.22105280442360217,0.0,0.6666666666666666,0.0,False,cooldown active
fbd7921b-a992-4bb5-be4d-920cf2643c33,2026-06-01 00:20:00,20,4,3.0,0.45232596264009084,0.459789525068192,0.22105280442360217,0.0,0.3333333333333333,0.13333333333333403,False,cooldown active
fbd7921b-a992-4bb5-be4d-920cf2643c33,2026-06-01 00:21:00,21,4,3.0,0.45232596264009084,0.459789525068192,0.22105280442360217,0.0,0.0,0.3333333333333333,False,below within-person threshold
fbd7921b-a992-4bb5-be4d-920cf2643c33,2026-06-01 00:22:00,22,4,3.0,0.45232596264009084,0.459789525068192,0.22105280442360217,0.0,0.0,0.2666666666666669,False,below within-person threshold
fbd7921b-a992-4bb5-be4d-920cf2643c33,2026-06-01 00:23:00,23,4,3.0,0.45232596264009084,0.459789525068192,0.22105280442360217,0.0,0.0,0.20000000000000046,False,below within-person threshold
fbd7921b-a992-4bb5-be4d-920cf2643c33,2026-06-01 00:24:00,24,4,3.0,0.45232596264009084,0.459789525068192,0.22105280442360217,0.0,0.0,0.13333333333333344,False,below within-person threshold
fbd7921b-a992-4bb5-be4d-920cf2643c33,2026-06-01 00:25:00,25,5,3.0,0.45232596264009084,0.459789525068192,0.22105280442360217,0.0,0.0,0.06666666666666701,False,below within-person threshold
fbd7921b-a992-4bb5-be4d-920cf2643c33,2026-06-01 00:26:00,26,5,,0.45232596264009084,0.459789525068192,0.22105280442360217,,0.0,0.0,False,below within-person threshold
fbd7921b-a992-4bb5-be4d-920cf2643c33,2026-06-01 00:27:00,27,5,3.0,0.45232596264009084,0.459789525068192,0.22105280442360217,,0.0,0.0,False,below within-person threshold
fbd7921b-a992-4bb5-be4d-920cf2643c33,2026-06-01 00:28:00,28,5,2.0,0.45232596264009084,0.459789525068192,0.22105280442360217,1.0,1.0,0.0,False,cooldown active
fbd7921b-a992-4bb5-be4d-920cf2643c33,2026-06-01 00:29:00,29,5,3.0,0.45232596264009084,0.459789525068192,0.22105280442360217,1.0,1.0,0.13333333333333403,False,cooldown active
fbd7921b-a992-4bb5-be4d-920cf2643c33,2026-06-01 00:30:00,30,6,3.0,0.45232596264009084,0.459789525068192,0.22105280442360217,0.0,0.6666666666666666,0.4000000000000009,False,cooldown active
fbd7921b-a992-4bb5-be4d-920cf2643c33,2026-06-01 00:31:00,31,6,3.0,0.45232596264009084,0.459789525068192,0.22105280442360217,0.0,0.3333333333333333,0.6666666666666666,False,below within-person threshold
fbd7921b-a992-4bb5-be4d-920cf2643c33,2026-06-01 00:32:00,32,6,3.0,0.45232596264009084,0.459789525068192,0.22105280442360217,0.0,0.0,0.6000000000000002,False,below within-person threshold
fbd7921b-a992-4bb5-be4d-920cf2643c33,2026-06-01 00:33:00,33,6,2.0,0.45232596264009084,0.459789525068192,0.22105280442360217,1.0,0.3333333333333333,0.5333333333333338,False,below within-person threshold
fbd7921b-a992-4bb5-be4d-920cf2643c33,2026-06-01 00:34:00,34,6,,0.45232596264009084,0.459789525068192,0.22105280442360217,,0.5,0.46666666666666734,False,cooldown active
fde3e05f-a436-42dc-a3d7-5b49edd8b63b,2026-06-01 00:00:00,0,0,4.0,1.4826279674111102,0.5776798190277476,1.8566763566113333,,,,False,missing or insufficient EMA data
fde3e05f-a436-42dc-a3d7-5b49edd8b63b,2026-06-01 00:01:00,1,0,,1.4826279674111102,0.5776798190277476,1.8566763566113333,,,,False,missing or insufficient EMA data
fde3e05f-a436-42dc-a3d7-5b49edd8b63b,2026-06-01 00:02:00,2,0,,1.4826279674111102,0.5776798190277476,1.8566763566113333,,,,False,missing or insufficient EMA data
fde3e05f-a436-42dc-a3d7-5b49edd8b63b,2026-06-01 00:03:00,3,0,4.0,1.4826279674111102,0.5776798190277476,1.8566763566113333,,,,False,missing or insufficient EMA data
fde3e05f-a436-42dc-a3d7-5b49edd8b63b,2026-06-01 00:04:00,4,0,5.0,1.4826279674111102,0.5776798190277476,1.8566763566113333,1.0,1.0,,False,insufficient within-person history
fde3e05f-a436-42dc-a3d7-5b49edd8b63b,2026-06-01 00:05:00,5,1,5.0,1.4826279674111102,0.5776798190277476,1.8566763566113333,0.0,0.5,,False,insufficient within-person history
fde3e05f-a436-42dc-a3d7-5b49edd8b63b,2026-06-01 00:06:00,6,1,3.0,1.4826279674111102,0.5776798190277476,1.8566763566113333,4.0,1.6666666666666667,,False,insufficient within-person history
fde3e05f-a436-42dc-a3d7-5b49edd8b63b,2026-06-01 00:07:00,7,1,2.0,1.4826279674111102,0.5776798190277476,1.8566763566113333,1.0,1.6666666666666667,1.4000000000000001,True,prompt sent
fde3e05f-a436-42dc-a3d7-5b49edd8b63b,2026-06-01 00:08:00,8,1,3.0,1.4826279674111102,0.5776798190277476,1.8566763566113333,1.0,2.0,1.6666666666666667,False,cooldown active
fde3e05f-a436-42dc-a3d7-5b49edd8b63b,2026-06-01 00:09:00,9,1,4.0,1.4826279674111102,0.5776798190277476,1.8566763566113333,1.0,1.0,1.7333333333333334,False,below within-person threshold
fde3e05f-a436-42dc-a3d7-5b49edd8b63b,2026-06-01 00:10:00,10,2,3.0,1.4826279674111102,0.5776798190277476,1.8566763566113333,1.0,1.0,1.6666666666666667,False,below within-person threshold
fde3e05f-a436-42dc-a3d7-5b49edd8b63b,2026-06-01 00:11:00,11,2,5.0,1.4826279674111102,0.5776798190277476,1.8566763566113333,4.0,2.0,1.6666666666666667,False,cooldown active
fde3e05f-a436-42dc-a3d7-5b49edd8b63b,2026-06-01 00:12:00,12,2,4.0,1.4826279674111102,0.5776798190277476,1.8566763566113333,1.0,2.0,1.866666666666667,False,cooldown active
fde3e05f-a436-42dc-a3d7-5b49edd8b63b,2026-06-01 00:13:00,13,2,4.0,1.4826279674111102,0.5776798190277476,1.8566763566113333,0.0,1.6666666666666667,2.0,False,below within-person threshold
fde3e05f-a436-42dc-a3d7-5b49edd8b63b,2026-06-01 00:14:00,14,2,3.0,1.4826279674111102,0.5776798190277476,1.8566763566113333,1.0,0.6666666666666666,2.0,False,below within-person threshold
fde3e05f-a436-42dc-a3d7-5b49edd8b63b,2026-06-01 00:15:00,15,3,5.0,1.4826279674111102,0.5776798190277476,1.8566763566113333,4.0,1.6666666666666667,2.0,False,below within-person threshold
fde3e05f-a436-42dc-a3d7-5b49edd8b63b,2026-06-01 00:16:00,16,3,3.0,1.4826279674111102,0.5776798190277476,1.8566763566113333,4.0,3.0,1.9333333333333336,False,cooldown active
fde3e05f-a436-42dc-a3d7-5b49edd8b63b,2026-06-01 00:17:00,17,3,5.0,1.4826279674111102,0.5776798190277476,1.8566763566113333,4.0,4.0,2.0,False,cooldown active
fde3e05f-a436-42dc-a3d7-5b49edd8b63b,2026-06-01 00:18:00,18,3,4.0,1.4826279674111102,0.5776798190277476,1.8566763566113333,1.0,3.0,2.0,False,cooldown active
fde3e05f-a436-42dc-a3d7-5b49edd8b63b,2026-06-01 00:19:00,19,3,4.0,1.4826279674111102,0.5776798190277476,1.8566763566113333,0.0,1.6666666666666667,2.200000000000001,False,below within-person threshold
fde3e05f-a436-42dc-a3d7-5b49edd8b63b,2026-06-01 00:20:00,20,4,3.0,1.4826279674111102,0.5776798190277476,1.8566763566113333,1.0,0.6666666666666666,2.0,False,below within-person threshold
fde3e05f-a436-42dc-a3d7-5b49edd8b63b,2026-06-01 00:21:00,21,4,,1.4826279674111102,0.5776798190277476,1.8566763566113333,,0.5,2.0,False,below within-person threshold
fde3e05f-a436-42dc-a3d7-5b49edd8b63b,2026-06-01 00:22:00,22,4,3.0,1.4826279674111102,0.5776798190277476,1.8566763566113333,,1.0,2.0,False,below within-person threshold
fde3e05f-a436-42dc-a3d7-5b49edd8b63b,2026-06-01 00:23:00,23,4,,1.4826279674111102,0.5776798190277476,1.8566763566113333,,,2.0,False,missing or insufficient EMA data
fde3e05f-a436-42dc-a3d7-5b49edd8b63b,2026-06-01 00:24:00,24,4,4.0,1.4826279674111102,0.5776798190277476,1.8566763566113333,,,2.0,False,missing or insufficient EMA data
fde3e05f-a436-42dc-a3d7-5b49edd8b63b,2026-06-01 00:25:00,25,5,5.0,1.4826279674111102,0.5776798190277476,1.8566763566113333,1.0,1.0,2.0,False,below within-person threshold
fde3e05f-a436-42dc-a3d7-5b49edd8b63b,2026-06-01 00:26:00,26,5,4.0,1.4826279674111102,0.5776798190277476,1.8566763566113333,1.0,1.0,2.0,False,below within-person threshold
fde3e05f-a436-42dc-a3d7-5b49edd8b63b,2026-06-01 00:27:00,27,5,4.0,1.4826279674111102,0.5776798190277476,1.8566763566113333,0.0,0.6666666666666666,2.0,False,below within-person threshold
fde3e05f-a436-42dc-a3d7-5b49edd8b63b,2026-06-01 00:28:00,28,5,5.0,1.4826279674111102,0.5776798190277476,1.8566763566113333,1.0,0.6666666666666666,2.0,False,below within-person threshold
fde3e05f-a436-42dc-a3d7-5b49edd8b63b,2026-06-01 00:29:00,29,5,5.0,1.4826279674111102,0.5776798190277476,1.8566763566113333,0.0,0.3333333333333333,2.0,False,below within-person threshold
fde3e05f-a436-42dc-a3d7-5b49edd8b63b,2026-06-01 00:30:00,30,6,5.0,1.4826279674111102,0.5776798190277476,1.8566763566113333,0.0,0.3333333333333333,2.0,False,below within-person threshold
fde3e05f-a436-42dc-a3d7-5b49edd8b63b,2026-06-01 00:31:00,31,6,3.0,1.4826279674111102,0.5776798190277476,1.8566763566113333,4.0,1.3333333333333333,2.0,False,below within-person threshold
fde3e05f-a436-42dc-a3d7-5b49edd8b63b,2026-06-01 00:32:00,32,6,2.0,1.4826279674111102,0.5776798190277476,1.8566763566113333,1.0,1.6666666666666667,2.0,False,below within-person threshold
fde3e05f-a436-42dc-a3d7-5b49edd8b63b,2026-06-01 00:33:00,33,6,,1.4826279674111102,0.5776798190277476,1.8566763566113333,,2.5,1.9333333333333336,False,cooldown active
fde3e05f-a436-42dc-a3d7-5b49edd8b63b,2026-06-01 00:34:00,34,6,2.0,1.4826279674111102,0.5776798190277476,1.8566763566113333,,1.0,2.0,False,below within-person threshold
