user_id,timestamp,prompt_idx,day,ema,true_sigma,true_rho,true_expected_mssd,ema_diff_squared,observed_mssd,user_threshold,send_prompt,decision_reason
00bbb8eb-c316-4bc6-973a-dabf455c7146,2026-06-01 09:00:00,0,0,3.0,0.3936406056500592,0.3141590586080124,0.2125461218499338,,,,False,missing or insufficient EMA data
00bbb8eb-c316-4bc6-973a-dabf455c7146,2026-06-01 12:00:00,1,0,,0.3936406056500592,0.3141590586080124,0.2125461218499338,,,,False,missing or insufficient EMA data
00bbb8eb-c316-4bc6-973a-dabf455c7146,2026-06-01 15:00:00,2,0,,0.3936406056500592,0.3141590586080124,0.2125461218499338,,,,False,missing or insufficient EMA data
00bbb8eb-c316-4bc6-973a-dabf455c7146,2026-06-01 18:00:00,3,0,,0.3936406056500592,0.3141590586080124,0.2125461218499338,,,,False,missing or insufficient EMA data
00bbb8eb-c316-4bc6-973a-dabf455c7146,2026-06-01 21:00:00,4,0,3.0,0.3936406056500592,0.3141590586080124,0.2125461218499338,,,,False,missing or insufficient EMA data
00bbb8eb-c316-4bc6-973a-dabf455c7146,2026-06-02 09:00:00,5,1,3.0,0.3936406056500592,0.3141590586080124,0.2125461218499338,0.0,0.0,,False,insufficient within-person history
00bbb8eb-c316-4bc6-973a-dabf455c7146,2026-06-02 12:00:00,6,1,3.0,0.3936406056500592,0.3141590586080124,0.2125461218499338,0.0,0.0,,False,insufficient within-person history
00bbb8eb-c316-4bc6-973a-dabf455c7146,2026-06-02 15:00:00,7,1,3.0,0.3936406056500592,0.3141590586080124,0.2125461218499338,0.0,0.0,,False,insufficient within-person history
00bbb8eb-c316-4bc6-973a-dabf455c7146,2026-06-02 18:00:00,8,1,3.0,0.3936406056500592,0.3141590586080124,0.2125461218499338,0.0,0.0,0.0,False,below within-person threshold
00bbb8eb-c316-4bc6-973a-dabf455c7146,2026-06-02 21:00:00,9,1,2.0,0.3936406056500592,0.3141590586080124,0.2125461218499338,1.0,0.3333333333333333,0.0,True,prompt sent
00bbb8eb-c316-4bc6-973a-dabf455c7146,2026-06-03 09:00:00,10,2,3.0,0.3936406056500592,0.3141590586080124,0.2125461218499338,1.0,0.6666666666666666,0.06666666666666672,True,prompt sent
00bbb8eb-c316-4bc6-973a-dabf455c7146,2026-06-03 12:00:00,11,2,,0.3936406056500592,0.3141590586080124,0.2125461218499338,,1.0,0.3333333333333333,False,missing or insufficient EMA data
00bbb8eb-c316-4bc6-973a-dabf455c7146,2026-06-03 15:00:00,12,2,,0.3936406056500592,0.3141590586080124,0.2125461218499338,,1.0,0.6000000000000002,False,missing or insufficient EMA data
00bbb8eb-c316-4bc6-973a-dabf455c7146,2026-06-03 18:00:00,13,2,3.0,0.3936406056500592,0.3141590586080124,0.2125461218499338,,,0.8666666666666668,False,missing or insufficient EMA data
00bbb8eb-c316-4bc6-973a-dabf455c7146,2026-06-03 21:00:00,14,2,,0.3936406056500592,0.3141590586080124,0.2125461218499338,,,0.8666666666666668,False,missing or insufficient EMA data
00bbb8eb-c316-4bc6-973a-dabf455c7146,2026-06-04 09:00:00,15,3,,0.3936406056500592,0.3141590586080124,0.2125461218499338,,,0.8666666666666668,False,missing or insufficient EMA data
00bbb8eb-c316-4bc6-973a-dabf455c7146,2026-06-04 12:00:00,16,3,,0.3936406056500592,0.3141590586080124,0.2125461218499338,,,0.8666666666666668,False,missing or insufficient EMA data
00bbb8eb-c316-4bc6-973a-dabf455c7146,2026-06-04 15:00:00,17,3,3.0,0.3936406056500592,0.3141590586080124,0.2125461218499338,,,0.8666666666666668,False,missing or insufficient EMA data
00bbb8eb-c316-4bc6-973a-dabf455c7146,2026-06-04 18:00:00,18,3,3.0,0.3936406056500592,0.3141590586080124,0.2125461218499338,0.0,0.0,0.8666666666666668,False,below within-person threshold
00bbb8eb-c316-4bc6-973a-dabf455c7146,2026-06-04 21:00:00,19,3,3.0,0.3936406056500592,0.3141590586080124,0.2125461218499338,0.0,0.0,0.8,False,below within-person threshold
00bbb8eb-c316-4bc6-973a-dabf455c7146,2026-06-05 09:00:00,20,4,3.0,0.3936406056500592,0.3141590586080124,0.2125461218499338,0.0,0.0,0.7333333333333334,False,below within-person threshold
00bbb8eb-c316-4bc6-973a-dabf455c7146,2026-06-05 12:00:00,21,4,3.0,0.3936406056500592,0.3141590586080124,0.2125461218499338,0.0,0.0,0.6666666666666666,False,below within-person threshold
00bbb8eb-c316-4bc6-973a-dabf455c7146,2026-06-05 15:00:00,22,4,3.0,0.3936406056500592,0.3141590586080124,0.2125461218499338,0.0,0.0,0.6000000000000002,False,below within-person threshold
00bbb8eb-c316-4bc6-973a-dabf455c7146,2026-06-05 18:00:00,23,4,3.0,0.3936406056500592,0.3141590586080124,0.2125461218499338,0.0,0.0,0.5333333333333338,False,below within-person threshold
00bbb8eb-c316-4bc6-973a-dabf455c7146,2026-06-05 21:00:00,24,4,3.0,0.3936406056500592,0.3141590586080124,0.2125461218499338,0.0,0.0,0.4666666666666668,False,below within-person threshold
00bbb8eb-c316-4bc6-973a-dabf455c7146,2026-06-06 09:00:00,25,5,3.0,0.3936406056500592,0.3141590586080124,0.2125461218499338,0.0,0.0,0.40000000000000036,False,below within-person threshold
00bbb8eb-c316-4bc6-973a-dabf455c7146,2026-06-06 12:00:00,26,5,2.0,0.3936406056500592,0.3141590586080124,0.2125461218499338,1.0,0.3333333333333333,0.3333333333333333,False,below within-person threshold
00bbb8eb-c316-4bc6-973a-dabf455c7146,2026-06-06 15:00:00,27,5,2.0,0.3936406056500592,0.3141590586080124,0.2125461218499338,0.0,0.3333333333333333,0.3333333333333333,False,below within-person threshold
00bbb8eb-c316-4bc6-973a-dabf455c7146,2026-06-06 18:00:00,28,5,3.0,0.3936406056500592,0.3141590586080124,0.2125461218499338,1.0,0.6666666666666666,0.3333333333333333,True,prompt sent
00bbb8eb-c316-4bc6-973a-dabf455c7146,2026-06-06 21:00:00,29,5,4.0,0.3936406056500592,0.3141590586080124,0.2125461218499338,1.0,0.6666666666666666,0.4666666666666668,True,prompt sent
00bbb8eb-c316-4bc6-973a-dabf455c7146,2026-06-07 09:00:00,30,6,3.0,0.3936406056500592,0.3141590586080124,0.2125461218499338,1.0,1.0,0.6666666666666666,True,prompt sent
00bbb8eb-c316-4bc6-973a-dabf455c7146,2026-06-07 12:00:00,31,6,,0.3936406056500592,0.3141590586080124,0.2125461218499338,,1.0,0.6666666666666666,False,missing or insufficient EMA data
00bbb8eb-c316-4bc6-973a-dabf455c7146,2026-06-07 15:00:00,32,6,,0.3936406056500592,0.3141590586080124,0.2125461218499338,,1.0,0.6666666666666666,False,missing or insufficient EMA data
00bbb8eb-c316-4bc6-973a-dabf455c7146,2026-06-07 18:00:00,33,6,,0.3936406056500592,0.3141590586080124,0.2125461218499338,,,0.8666666666666671,False,missing or insufficient EMA data
00bbb8eb-c316-4bc6-973a-dabf455c7146,2026-06-07 21:00:00,34,6,,0.3936406056500592,0.3141590586080124,0.2125461218499338,,,0.8666666666666671,False,missing or insufficient EMA data
0152a9e5-8e93-4038-9690-11e503d0ada0,2026-06-01 09:00:00,0,0,3.0,1.4897517305775099,0.1677106188126366,3.6942998862050356,,,,False,missing or insufficient EMA data
0152a9e5-8e93-4038-9690-11e503d0ada0,2026-06-01 12:00:00,1,0,3.0,1.4897517305775099,0.1677106188126366,3.6942998862050356,0.0,0.0,,False,insufficient within-person history
0152a9e5-8e93-4038-9690-11e503d0ada0,2026-06-01 15:00:00,2,0,5.0,1.4897517305775099,0.1677106188126366,3.6942998862050356,4.0,2.0,,False,insufficient within-person history
0152a9e5-8e93-4038-9690-11e503d0ada0,2026-06-01 18:00:00,3,0,4.0,1.4897517305775099,0.1677106188126366,3.6942998862050356,1.0,1.6666666666666667,,False,insufficient within-person history
0152a9e5-8e93-4038-9690-11e503d0ada0,2026-06-01 21:00:00,4,0,5.0,1.4897517305775099,0.1677106188126366,3.6942998862050356,1.0,2.0,1.8666666666666667,True,prompt sent
0152a9e5-8e93-4038-9690-11e503d0ada0,2026-06-02 09:00:00,5,1,5.0,1.4897517305775099,0.1677106188126366,3.6942998862050356,0.0,0.6666666666666666,2.0,False,below within-person threshold
0152a9e5-8e93-4038-9690-11e503d0ada0,2026-06-02 12:00:00,6,1,5.0,1.4897517305775099,0.1677106188126366,3.6942998862050356,0.0,0.3333333333333333,2.0,False,below within-person threshold
0152a9e5-8e93-4038-9690-11e503d0ada0,2026-06-02 15:00:00,7,1,5.0,1.4897517305775099,0.1677106188126366,3.6942998862050356,0.0,0.0,2.0,False,below within-person threshold
0152a9e5-8e93-4038-9690-11e503d0ada0,2026-06-02 18:00:00,8,1,1.0,1.4897517305775099,0.1677106188126366,3.6942998862050356,16.0,5.333333333333333,1.9333333333333336,True,prompt sent
0152a9e5-8e93-4038-9690-11e503d0ada0,2026-06-02 21:00:00,9,1,4.0,1.4897517305775099,0.1677106188126366,3.6942998862050356,9.0,8.333333333333334,2.0,True,prompt sent
0152a9e5-8e93-4038-9690-11e503d0ada0,2026-06-03 09:00:00,10,2,3.0,1.4897517305775099,0.1677106188126366,3.6942998862050356,1.0,8.666666666666666,3.3333333333333344,True,prompt sent
0152a9e5-8e93-4038-9690-11e503d0ada0,2026-06-03 12:00:00,11,2,2.0,1.4897517305775099,0.1677106188126366,3.6942998862050356,1.0,3.6666666666666665,5.933333333333334,False,below within-person threshold
0152a9e5-8e93-4038-9690-11e503d0ada0,2026-06-03 15:00:00,12,2,3.0,1.4897517305775099,0.1677106188126366,3.6942998862050356,1.0,1.0,5.333333333333333,False,below within-person threshold
0152a9e5-8e93-4038-9690-11e503d0ada0,2026-06-03 18:00:00,13,2,1.0,1.4897517305775099,0.1677106188126366,3.6942998862050356,4.0,2.0,5.000000000000001,False,below within-person threshold
0152a9e5-8e93-4038-9690-11e503d0ada0,2026-06-03 21:00:00,14,2,1.0,1.4897517305775099,0.1677106188126366,3.6942998862050356,0.0,1.6666666666666667,4.666666666666669,False,below within-person threshold
0152a9e5-8e93-4038-9690-11e503d0ada0,2026-06-04 09:00:00,15,3,1.0,1.4897517305775099,0.1677106188126366,3.6942998862050356,0.0,1.3333333333333333,4.333333333333334,False,below within-person threshold
0152a9e5-8e93-4038-9690-11e503d0ada0,2026-06-04 12:00:00,16,3,2.0,1.4897517305775099,0.1677106188126366,3.6942998862050356,1.0,0.3333333333333333,4.000000000000002,False,below within-person threshold
0152a9e5-8e93-4038-9690-11e503d0ada0,2026-06-04 15:00:00,17,3,1.0,1.4897517305775099,0.1677106188126366,3.6942998862050356,1.0,0.6666666666666666,3.6666666666666665,False,below within-person threshold
0152a9e5-8e93-4038-9690-11e503d0ada0,2026-06-04 18:00:00,18,3,2.0,1.4897517305775099,0.1677106188126366,3.6942998862050356,1.0,1.0,3.3333333333333344,False,below within-person threshold
0152a9e5-8e93-4038-9690-11e503d0ada0,2026-06-04 21:00:00,19,3,4.0,1.4897517305775099,0.1677106188126366,3.6942998862050356,4.0,2.0,3.000000000000002,False,below within-person threshold
0152a9e5-8e93-4038-9690-11e503d0ada0,2026-06-05 09:00:00,20,4,4.0,1.4897517305775099,0.1677106188126366,3.6942998862050356,0.0,1.6666666666666667,2.666666666666667,False,below within-person threshold
0152a9e5-8e93-4038-9690-11e503d0ada0,2026-06-05 12:00:00,21,4,1.0,1.4897517305775099,0.1677106188126366,3.6942998862050356,9.0,4.333333333333333,2.3333333333333353,True,prompt sent
0152a9e5-8e93-4038-9690-11e503d0ada0,2026-06-05 15:00:00,22,4,4.0,1.4897517305775099,0.1677106188126366,3.6942998862050356,9.0,6.0,3.6666666666666665,True,prompt sent
0152a9e5-8e93-4038-9690-11e503d0ada0,2026-06-05 18:00:00,23,4,5.0,1.4897517305775099,0.1677106188126366,3.6942998862050356,1.0,6.333333333333333,4.2,True,prompt sent
0152a9e5-8e93-4038-9690-11e503d0ada0,2026-06-05 21:00:00,24,4,4.0,1.4897517305775099,0.1677106188126366,3.6942998862050356,1.0,3.6666666666666665,4.9333333333333345,False,below within-person threshold
0152a9e5-8e93-4038-9690-11e503d0ada0,2026-06-06 09:00:00,25,5,3.0,1.4897517305775099,0.1677106188126366,3.6942998862050356,1.0,1.0,4.733333333333335,False,below within-person threshold
0152a9e5-8e93-4038-9690-11e503d0ada0,2026-06-06 12:00:00,26,5,3.0,1.4897517305775099,0.1677106188126366,3.6942998862050356,0.0,0.6666666666666666,4.533333333333336,False,below within-person threshold
0152a9e5-8e93-4038-9690-11e503d0ada0,2026-06-06 15:00:00,27,5,2.0,1.4897517305775099,0.1677106188126366,3.6942998862050356,1.0,0.6666666666666666,4.333333333333333,False,below within-person threshold
0152a9e5-8e93-4038-9690-11e503d0ada0,2026-06-06 18:00:00,28,5,,1.4897517305775099,0.1677106188126366,3.6942998862050356,,0.5,4.2,False,missing or insufficient EMA data
0152a9e5-8e93-4038-9690-11e503d0ada0,2026-06-06 21:00:00,29,5,4.0,1.4897517305775099,0.1677106188126366,3.6942998862050356,,1.0,4.066666666666667,False,below within-person threshold
0152a9e5-8e93-4038-9690-11e503d0ada0,2026-06-07 09:00:00,30,6,3.0,1.4897517305775099,0.1677106188126366,3.6942998862050356,1.0,1.0,3.9333333333333345,False,below within-person threshold
0152a9e5-8e93-4038-9690-11e503d0ada0,2026-06-07 12:00:00,31,6,3.0,1.4897517305775099,0.1677106188126366,3.6942998862050356,0.0,0.5,3.8000000000000016,False,below within-person threshold
0152a9e5-8e93-4038-9690-11e503d0ada0,2026-06-07 15:00:00,32,6,3.0,1.4897517305775099,0.1677106188126366,3.6942998862050356,0.0,0.3333333333333333,3.6666666666666665,False,below within-person threshold
0152a9e5-8e93-4038-9690-11e503d0ada0,2026-06-07 18:00:00,33,6,5.0,1.4897517305775099,0.1677106188126366,3.6942998862050356,4.0,1.3333333333333333,3.6666666666666665,False,below within-person threshold
0152a9e5-8e93-4038-9690-11e503d0ada0,2026-06-07 21:00:00,34,6,,1.4897517305775099,0.1677106188126366,3.6942998862050356,,2.0,3.6666666666666665,False,missing or insufficient EMA data
021af155-2977-4af0-9f41-b4a8a4ed7bac,2026-06-01 09:00:00,0,0,4.0,1.4826279674111105,0.5776798190277476,1.856676356611334,,,,False,missing or insufficient EMA data
021af155-2977-4af0-9f41-b4a8a4ed7bac,2026-06-01 12:00:00,1,0,,1.4826279674111105,0.5776798190277476,1.856676356611334,,,,False,missing or insufficient EMA data
021af155-2977-4af0-9f41-b4a8a4ed7bac,2026-06-01 15:00:00,2,0,,1.4826279674111105,0.5776798190277476,1.856676356611334,,,,False,missing or insufficient EMA data
021af155-2977-4af0-9f41-b4a8a4ed7bac,2026-06-01 18:00:00,3,0,4.0,1.4826279674111105,0.5776798190277476,1.856676356611334,,,,False,missing or insufficient EMA data
021af155-2977-4af0-9f41-b4a8a4ed7bac,2026-06-01 21:00:00,4,0,5.0,1.4826279674111105,0.5776798190277476,1.856676356611334,1.0,1.0,,False,insufficient within-person history
021af155-2977-4af0-9f41-b4a8a4ed7bac,2026-06-02 09:00:00,5,1,5.0,1.4826279674111105,0.5776798190277476,1.856676356611334,0.0,0.5,,False,insufficient within-person history
021af155-2977-4af0-9f41-b4a8a4ed7bac,2026-06-02 12:00:00,6,1,3.0,1.4826279674111105,0.5776798190277476,1.856676356611334,4.0,1.6666666666666667,,False,insufficient within-person history
021af155-2977-4af0-9f41-b4a8a4ed7bac,2026-06-02 15:00:00,7,1,2.0,1.4826279674111105,0.5776798190277476,1.856676356611334,1.0,1.6666666666666667,1.4000000000000001,True,prompt sent
021af155-2977-4af0-9f41-b4a8a4ed7bac,2026-06-02 18:00:00,8,1,3.0,1.4826279674111105,0.5776798190277476,1.856676356611334,1.0,2.0,1.6666666666666667,True,prompt sent
021af155-2977-4af0-9f41-b4a8a4ed7bac,2026-06-02 21:00:00,9,1,4.0,1.4826279674111105,0.5776798190277476,1.856676356611334,1.0,1.0,1.7333333333333334,False,below within-person threshold
021af155-2977-4af0-9f41-b4a8a4ed7bac,2026-06-03 09:00:00,10,2,3.0,1.4826279674111105,0.5776798190277476,1.856676356611334,1.0,1.0,1.6666666666666667,False,below within-person threshold
021af155-2977-4af0-9f41-b4a8a4ed7bac,2026-06-03 12:00:00,11,2,5.0,1.4826279674111105,0.5776798190277476,1.856676356611334,4.0,2.0,1.6666666666666667,True,prompt sent
021af155-2977-4af0-9f41-b4a8a4ed7bac,2026-06-03 15:00:00,12,2,4.0,1.4826279674111105,0.5776798190277476,1.856676356611334,1.0,2.0,1.866666666666667,True,prompt sent
021af155-2977-4af0-9f41-b4a8a4ed7bac,2026-06-03 18:00:00,13,2,4.0,1.4826279674111105,0.5776798190277476,1.856676356611334,0.0,1.6666666666666667,2.0,False,below within-person threshold
021af155-2977-4af0-9f41-b4a8a4ed7bac,2026-06-03 21:00:00,14,2,3.0,1.4826279674111105,0.5776798190277476,1.856676356611334,1.0,0.6666666666666666,2.0,False,below within-person threshold
021af155-2977-4af0-9f41-b4a8a4ed7bac,2026-06-04 09:00:00,15,3,5.0,1.4826279674111105,0.5776798190277476,1.856676356611334,4.0,1.6666666666666667,2.0,False,below within-person threshold
021af155-2977-4af0-9f41-b4a8a4ed7bac,2026-06-04 12:00:00,16,3,3.0,1.4826279674111105,0.5776798190277476,1.856676356611334,4.0,3.0,1.9333333333333336,True,prompt sent
021af155-2977-4af0-9f41-b4a8a4ed7bac,2026-06-04 15:00:00,17,3,5.0,1.4826279674111105,0.5776798190277476,1.856676356611334,4.0,4.0,2.0,True,prompt sent
021af155-2977-4af0-9f41-b4a8a4ed7bac,2026-06-04 18:00:00,18,3,4.0,1.4826279674111105,0.5776798190277476,1.856676356611334,1.0,3.0,2.0,True,prompt sent
021af155-2977-4af0-9f41-b4a8a4ed7bac,2026-06-04 21:00:00,19,3,4.0,1.4826279674111105,0.5776798190277476,1.856676356611334,0.0,1.6666666666666667,2.200000000000001,False,below within-person threshold
021af155-2977-4af0-9f41-b4a8a4ed7bac,2026-06-05 09:00:00,20,4,3.0,1.4826279674111105,0.5776798190277476,1.856676356611334,1.0,0.6666666666666666,2.0,False,below within-person threshold
021af155-2977-4af0-9f41-b4a8a4ed7bac,2026-06-05 12:00:00,21,4,,1.4826279674111105,0.5776798190277476,1.856676356611334,,0.5,2.0,False,missing or insufficient EMA data
021af155-2977-4af0-9f41-b4a8a4ed7bac,2026-06-05 15:00:00,22,4,3.0,1.4826279674111105,0.5776798190277476,1.856676356611334,,1.0,2.0,False,below within-person threshold
021af155-2977-4af0-9f41-b4a8a4ed7bac,2026-06-05 18:00:00,23,4,,1.4826279674111105,0.5776798190277476,1.856676356611334,,,2.0,False,missing or insufficient EMA data
021af155-2977-4af0-9f41-b4a8a4ed7bac,2026-06-05 21:00:00,24,4,4.0,1.4826279674111105,0.5776798190277476,1.856676356611334,,,2.0,False,missing or insufficient EMA data
021af155-2977-4af0-9f41-b4a8a4ed7bac,2026-06-06 09:00:00,25,5,5.0,1.4826279674111105,0.5776798190277476,1.856676356611334,1.0,1.0,2.0,False,below within-person threshold
021af155-2977-4af0-9f41-b4a8a4ed7bac,2026-06-06 12:00:00,26,5,4.0,1.4826279674111105,0.5776798190277476,1.856676356611334,1.0,1.0,2.0,False,below within-person threshold
021af155-2977-4af0-9f41-b4a8a4ed7bac,2026-06-06 15:00:00,27,5,4.0,1.4826279674111105,0.5776798190277476,1.856676356611334,0.0,0.6666666666666666,2.0,False,below within-person threshold
021af155-2977-4af0-9f41-b4a8a4ed7bac,2026-06-06 18:00:00,28,5,5.0,1.4826279674111105,0.5776798190277476,1.856676356611334,1.0,0.6666666666666666,2.0,False,below within-person threshold
021af155-2977-4af0-9f41-b4a8a4ed7bac,2026-06-06 21:00:00,29,5,5.0,1.4826279674111105,0.5776798190277476,1.856676356611334,0.0,0.3333333333333333,2.0,False,below within-person threshold
021af155-2977-4af0-9f41-b4a8a4ed7bac,2026-06-07 09:00:00,30,6,5.0,1.4826279674111105,0.5776798190277476,1.856676356611334,0.0,0.3333333333333333,2.0,False,below within-person threshold
021af155-2977-4af0-9f41-b4a8a4ed7bac,2026-06-07 12:00:00,31,6,3.0,1.4826279674111105,0.5776798190277476,1.856676356611334,4.0,1.3333333333333333,2.0,False,below within-person threshold
021af155-2977-4af0-9f41-b4a8a4ed7bac,2026-06-07 15:00:00,32,6,2.0,1.4826279674111105,0.5776798190277476,1.856676356611334,1.0,1.6666666666666667,2.0,False,below within-person threshold
021af155-2977-4af0-9f41-b4a8a4ed7bac,2026-06-07 18:00:00,33,6,,1.4826279674111105,0.5776798190277476,1.856676356611334,,2.5,1.9333333333333336,False,missing or insufficient EMA data
021af155-2977-4af0-9f41-b4a8a4ed7bac,2026-06-07 21:00:00,34,6,2.0,1.4826279674111105,0.5776798190277476,1.856676356611334,,1.0,2.0,False,below within-person threshold
0505112f-fdac-4739-96d6-a1303cda7aa1,2026-06-01 09:00:00,0,0,4.0,0.3926721518540918,0.29079882914304644,0.21870546955728967,,,,False,missing or insufficient EMA data
0505112f-fdac-4739-96d6-a1303cda7aa1,2026-06-01 12:00:00,1,0,3.0,0.3926721518540918,0.29079882914304644,0.21870546955728967,1.0,1.0,,False,insufficient within-person history
0505112f-fdac-4739-96d6-a1303cda7aa1,2026-06-01 15:00:00,2,0,3.0,0.3926721518540918,0.29079882914304644,0.21870546955728967,0.0,0.5,,False,insufficient within-person history
0505112f-fdac-4739-96d6-a1303cda7aa1,2026-06-01 18:00:00,3,0,4.0,0.3926721518540918,0.29079882914304644,0.21870546955728967,1.0,0.6666666666666666,,False,insufficient within-person history
0505112f-fdac-4739-96d6-a1303cda7aa1,2026-06-01 21:00:00,4,0,4.0,0.3926721518540918,0.29079882914304644,0.21870546955728967,0.0,0.3333333333333333,0.8666666666666667,False,below within-person threshold
0505112f-fdac-4739-96d6-a1303cda7aa1,2026-06-02 09:00:00,5,1,4.0,0.3926721518540918,0.29079882914304644,0.21870546955728967,0.0,0.3333333333333333,0.8,False,below within-person threshold
0505112f-fdac-4739-96d6-a1303cda7aa1,2026-06-02 12:00:00,6,1,4.0,0.3926721518540918,0.29079882914304644,0.21870546955728967,0.0,0.0,0.7333333333333334,False,below within-person threshold
0505112f-fdac-4739-96d6-a1303cda7aa1,2026-06-02 15:00:00,7,1,4.0,0.3926721518540918,0.29079882914304644,0.21870546955728967,0.0,0.0,0.6666666666666666,False,below within-person threshold
0505112f-fdac-4739-96d6-a1303cda7aa1,2026-06-02 18:00:00,8,1,4.0,0.3926721518540918,0.29079882914304644,0.21870546955728967,0.0,0.0,0.6333333333333334,False,below within-person threshold
0505112f-fdac-4739-96d6-a1303cda7aa1,2026-06-02 21:00:00,9,1,3.0,0.3926721518540918,0.29079882914304644,0.21870546955728967,1.0,0.3333333333333333,0.6000000000000001,False,below within-person threshold
0505112f-fdac-4739-96d6-a1303cda7aa1,2026-06-03 09:00:00,10,2,3.0,0.3926721518540918,0.29079882914304644,0.21870546955728967,0.0,0.3333333333333333,0.5666666666666667,False,below within-person threshold
0505112f-fdac-4739-96d6-a1303cda7aa1,2026-06-03 12:00:00,11,2,4.0,0.3926721518540918,0.29079882914304644,0.21870546955728967,1.0,0.6666666666666666,0.5333333333333333,True,prompt sent
0505112f-fdac-4739-96d6-a1303cda7aa1,2026-06-03 15:00:00,12,2,4.0,0.3926721518540918,0.29079882914304644,0.21870546955728967,0.0,0.3333333333333333,0.6666666666666666,False,below within-person threshold
0505112f-fdac-4739-96d6-a1303cda7aa1,2026-06-03 18:00:00,13,2,4.0,0.3926721518540918,0.29079882914304644,0.21870546955728967,0.0,0.3333333333333333,0.6333333333333334,False,below within-person threshold
0505112f-fdac-4739-96d6-a1303cda7aa1,2026-06-03 21:00:00,14,2,3.0,0.3926721518540918,0.29079882914304644,0.21870546955728967,1.0,0.3333333333333333,0.6000000000000002,False,below within-person threshold
0505112f-fdac-4739-96d6-a1303cda7aa1,2026-06-04 09:00:00,15,3,4.0,0.3926721518540918,0.29079882914304644,0.21870546955728967,1.0,0.6666666666666666,0.5666666666666667,True,prompt sent
0505112f-fdac-4739-96d6-a1303cda7aa1,2026-06-04 12:00:00,16,3,4.0,0.3926721518540918,0.29079882914304644,0.21870546955728967,0.0,0.6666666666666666,0.6666666666666666,False,below within-person threshold
0505112f-fdac-4739-96d6-a1303cda7aa1,2026-06-04 15:00:00,17,3,4.0,0.3926721518540918,0.29079882914304644,0.21870546955728967,0.0,0.3333333333333333,0.6666666666666666,False,below within-person threshold
0505112f-fdac-4739-96d6-a1303cda7aa1,2026-06-04 18:00:00,18,3,3.0,0.3926721518540918,0.29079882914304644,0.21870546955728967,1.0,0.3333333333333333,0.6666666666666666,False,below within-person threshold
0505112f-fdac-4739-96d6-a1303cda7aa1,2026-06-04 21:00:00,19,3,4.0,0.3926721518540918,0.29079882914304644,0.21870546955728967,1.0,0.6666666666666666,0.6666666666666666,False,below within-person threshold
0505112f-fdac-4739-96d6-a1303cda7aa1,2026-06-05 09:00:00,20,4,4.0,0.3926721518540918,0.29079882914304644,0.21870546955728967,0.0,0.6666666666666666,0.6666666666666666,False,below within-person threshold
0505112f-fdac-4739-96d6-a1303cda7aa1,2026-06-05 12:00:00,21,4,4.0,0.3926721518540918,0.29079882914304644,0.21870546955728967,0.0,0.3333333333333333,0.6666666666666666,False,below within-person threshold
0505112f-fdac-4739-96d6-a1303cda7aa1,2026-06-05 15:00:00,22,4,3.0,0.3926721518540918,0.29079882914304644,0.21870546955728967,1.0,0.3333333333333333,0.6666666666666666,False,below within-person threshold
0505112f-fdac-4739-96d6-a1303cda7aa1,2026-06-05 18:00:00,23,4,3.0,0.3926721518540918,0.29079882914304644,0.21870546955728967,0.0,0.3333333333333333,0.6666666666666666,False,below within-person threshold
0505112f-fdac-4739-96d6-a1303cda7aa1,2026-06-05 21:00:00,24,4,4.0,0.3926721518540918,0.29079882914304644,0.21870546955728967,1.0,0.6666666666666666,0.6666666666666666,False,below within-person threshold
0505112f-fdac-4739-96d6-a1303cda7aa1,2026-06-06 09:00:00,25,5,5.0,0.3926721518540918,0.29079882914304644,0.21870546955728967,1.0,0.6666666666666666,0.6666666666666666,False,below within-person threshold
0505112f-fdac-4739-96d6-a1303cda7aa1,2026-06-06 12:00:00,26,5,4.0,0.3926721518540918,0.29079882914304644,0.21870546955728967,1.0,1.0,0.6666666666666666,True,prompt sent
0505112f-fdac-4739-96d6-a1303cda7aa1,2026-06-06 15:00:00,27,5,4.0,0.3926721518540918,0.29079882914304644,0.21870546955728967,0.0,0.6666666666666666,0.6666666666666666,False,below within-person threshold
0505112f-fdac-4739-96d6-a1303cda7aa1,2026-06-06 18:00:00,28,5,4.0,0.3926721518540918,0.29079882914304644,0.21870546955728967,0.0,0.3333333333333333,0.6666666666666666,False,below within-person threshold
0505112f-fdac-4739-96d6-a1303cda7aa1,2026-06-06 21:00:00,29,5,4.0,0.3926721518540918,0.29079882914304644,0.21870546955728967,0.0,0.0,0.6666666666666666,False,below within-person threshold
0505112f-fdac-4739-96d6-a1303cda7aa1,2026-06-07 09:00:00,30,6,4.0,0.3926721518540918,0.29079882914304644,0.21870546955728967,0.0,0.0,0.6666666666666666,False,below within-person threshold
0505112f-fdac-4739-96d6-a1303cda7aa1,2026-06-07 12:00:00,31,6,4.0,0.3926721518540918,0.29079882914304644,0.21870546955728967,0.0,0.0,0.6666666666666666,False,below within-person threshold
0505112f-fdac-4739-96d6-a1303cda7aa1,2026-06-07 15:00:00,32,6,4.0,0.3926721518540918,0.29079882914304644,0.21870546955728967,0.0,0.0,0.6666666666666666,False,below within-person threshold
0505112f-fdac-4739-96d6-a1303cda7aa1,2026-06-07 18:00:00,33,6,4.0,0.3926721518540918,0.29079882914304644,0.21870546955728967,0.0,0.0,0.6666666666666666,False,below within-person threshold
0505112f-fdac-4739-96d6-a1303cda7aa1,2026-06-07 21:00:00,34,6,4.0,0.3926721518540918,0.29079882914304644,0.21870546955728967,0.0,0.0,0.6666666666666666,False,below within-person threshold
07fcb80a-f2e9-4096-856c-302d6c9a44cb,2026-06-01 09:00:00,0,0,4.0,0.9222959650595444,0.15575778036248678,1.4362752605211928,,,,False,missing or insufficient EMA data
07fcb80a-f2e9-4096-856c-302d6c9a44cb,2026-06-01 12:00:00,1,0,2.0,0.9222959650595444,0.15575778036248678,1.4362752605211928,4.0,4.0,,False,insufficient within-person history
07fcb80a-f2e9-4096-856c-302d6c9a44cb,2026-06-01 15:00:00,2,0,4.0,0.9222959650595444,0.15575778036248678,1.4362752605211928,4.0,4.0,,False,insufficient within-person history
07fcb80a-f2e9-4096-856c-302d6c9a44cb,2026-06-01 18:00:00,3,0,2.0,0.9222959650595444,0.15575778036248678,1.4362752605211928,4.0,4.0,,False,insufficient within-person history
07fcb80a-f2e9-4096-856c-302d6c9a44cb,2026-06-01 21:00:00,4,0,2.0,0.9222959650595444,0.15575778036248678,1.4362752605211928,0.0,2.6666666666666665,4.0,False,below within-person threshold
07fcb80a-f2e9-4096-856c-302d6c9a44cb,2026-06-02 09:00:00,5,1,3.0,0.9222959650595444,0.15575778036248678,1.4362752605211928,1.0,1.6666666666666667,4.0,False,below within-person threshold
07fcb80a-f2e9-4096-856c-302d6c9a44cb,2026-06-02 12:00:00,6,1,2.0,0.9222959650595444,0.15575778036248678,1.4362752605211928,1.0,0.6666666666666666,4.0,False,below within-person threshold
07fcb80a-f2e9-4096-856c-302d6c9a44cb,2026-06-02 15:00:00,7,1,5.0,0.9222959650595444,0.15575778036248678,1.4362752605211928,9.0,3.6666666666666665,4.0,False,below within-person threshold
07fcb80a-f2e9-4096-856c-302d6c9a44cb,2026-06-02 18:00:00,8,1,1.0,0.9222959650595444,0.15575778036248678,1.4362752605211928,16.0,8.666666666666666,4.0,True,prompt sent
07fcb80a-f2e9-4096-856c-302d6c9a44cb,2026-06-02 21:00:00,9,1,2.0,0.9222959650595444,0.15575778036248678,1.4362752605211928,1.0,8.666666666666666,4.0,True,prompt sent
07fcb80a-f2e9-4096-856c-302d6c9a44cb,2026-06-03 09:00:00,10,2,2.0,0.9222959650595444,0.15575778036248678,1.4362752605211928,0.0,5.666666666666667,5.866666666666668,False,below within-person threshold
07fcb80a-f2e9-4096-856c-302d6c9a44cb,2026-06-03 12:00:00,11,2,2.0,0.9222959650595444,0.15575778036248678,1.4362752605211928,0.0,0.3333333333333333,6.2666666666666675,False,below within-person threshold
07fcb80a-f2e9-4096-856c-302d6c9a44cb,2026-06-03 15:00:00,12,2,2.0,0.9222959650595444,0.15575778036248678,1.4362752605211928,0.0,0.0,5.666666666666667,False,below within-person threshold
07fcb80a-f2e9-4096-856c-302d6c9a44cb,2026-06-03 18:00:00,13,2,1.0,0.9222959650595444,0.15575778036248678,1.4362752605211928,1.0,0.3333333333333333,5.333333333333335,False,below within-person threshold
07fcb80a-f2e9-4096-856c-302d6c9a44cb,2026-06-03 21:00:00,14,2,3.0,0.9222959650595444,0.15575778036248678,1.4362752605211928,4.0,1.6666666666666667,5.000000000000003,False,below within-person threshold
07fcb80a-f2e9-4096-856c-302d6c9a44cb,2026-06-04 09:00:00,15,3,,0.9222959650595444,0.15575778036248678,1.4362752605211928,,2.5,4.666666666666668,False,missing or insufficient EMA data
07fcb80a-f2e9-4096-856c-302d6c9a44cb,2026-06-04 12:00:00,16,3,3.0,0.9222959650595444,0.15575778036248678,1.4362752605211928,,4.0,4.333333333333335,False,below within-person threshold
07fcb80a-f2e9-4096-856c-302d6c9a44cb,2026-06-04 15:00:00,17,3,3.0,0.9222959650595444,0.15575778036248678,1.4362752605211928,0.0,0.0,4.0,False,below within-person threshold
07fcb80a-f2e9-4096-856c-302d6c9a44cb,2026-06-04 18:00:00,18,3,2.0,0.9222959650595444,0.15575778036248678,1.4362752605211928,1.0,0.5,4.0,False,below within-person threshold
07fcb80a-f2e9-4096-856c-302d6c9a44cb,2026-06-04 21:00:00,19,3,3.0,0.9222959650595444,0.15575778036248678,1.4362752605211928,1.0,0.6666666666666666,4.0,False,below within-person threshold
07fcb80a-f2e9-4096-856c-302d6c9a44cb,2026-06-05 09:00:00,20,4,3.0,0.9222959650595444,0.15575778036248678,1.4362752605211928,0.0,0.6666666666666666,4.0,False,below within-person threshold
07fcb80a-f2e9-4096-856c-302d6c9a44cb,2026-06-05 12:00:00,21,4,2.0,0.9222959650595444,0.15575778036248678,1.4362752605211928,1.0,0.6666666666666666,4.0,False,below within-person threshold
07fcb80a-f2e9-4096-856c-302d6c9a44cb,2026-06-05 15:00:00,22,4,3.0,0.9222959650595444,0.15575778036248678,1.4362752605211928,1.0,0.6666666666666666,4.0,False,below within-person threshold
07fcb80a-f2e9-4096-856c-302d6c9a44cb,2026-06-05 18:00:00,23,4,4.0,0.9222959650595444,0.15575778036248678,1.4362752605211928,1.0,1.0,4.0,False,below within-person threshold
07fcb80a-f2e9-4096-856c-302d6c9a44cb,2026-06-05 21:00:00,24,4,4.0,0.9222959650595444,0.15575778036248678,1.4362752605211928,0.0,0.6666666666666666,4.0,False,below within-person threshold
07fcb80a-f2e9-4096-856c-302d6c9a44cb,2026-06-06 09:00:00,25,5,3.0,0.9222959650595444,0.15575778036248678,1.4362752605211928,1.0,0.6666666666666666,4.0,False,below within-person threshold
07fcb80a-f2e9-4096-856c-302d6c9a44cb,2026-06-06 12:00:00,26,5,2.0,0.9222959650595444,0.15575778036248678,1.4362752605211928,1.0,0.6666666666666666,4.0,False,below within-person threshold
07fcb80a-f2e9-4096-856c-302d6c9a44cb,2026-06-06 15:00:00,27,5,2.0,0.9222959650595444,0.15575778036248678,1.4362752605211928,0.0,0.6666666666666666,4.0,False,below within-person threshold
07fcb80a-f2e9-4096-856c-302d6c9a44cb,2026-06-06 18:00:00,28,5,3.0,0.9222959650595444,0.15575778036248678,1.4362752605211928,1.0,0.6666666666666666,4.0,False,below within-person threshold
07fcb80a-f2e9-4096-856c-302d6c9a44cb,2026-06-06 21:00:00,29,5,3.0,0.9222959650595444,0.15575778036248678,1.4362752605211928,0.0,0.3333333333333333,4.0,False,below within-person threshold
07fcb80a-f2e9-4096-856c-302d6c9a44cb,2026-06-07 09:00:00,30,6,2.0,0.9222959650595444,0.15575778036248678,1.4362752605211928,1.0,0.6666666666666666,4.0,False,below within-person threshold
07fcb80a-f2e9-4096-856c-302d6c9a44cb,2026-06-07 12:00:00,31,6,2.0,0.9222959650595444,0.15575778036248678,1.4362752605211928,0.0,0.3333333333333333,4.0,False,below within-person threshold
07fcb80a-f2e9-4096-856c-302d6c9a44cb,2026-06-07 15:00:00,32,6,1.0,0.9222959650595444,0.15575778036248678,1.4362752605211928,1.0,0.6666666666666666,4.0,False,below within-person threshold
07fcb80a-f2e9-4096-856c-302d6c9a44cb,2026-06-07 18:00:00,33,6,2.0,0.9222959650595444,0.15575778036248678,1.4362752605211928,1.0,0.6666666666666666,3.9333333333333336,False,below within-person threshold
07fcb80a-f2e9-4096-856c-302d6c9a44cb,2026-06-07 21:00:00,34,6,3.0,0.9222959650595444,0.15575778036248678,1.4362752605211928,1.0,1.0,3.866666666666667,False,below within-person threshold
086ebbb4-63a5-4cf2-afa8-74c750bdf072,2026-06-01 09:00:00,0,0,,0.9341893742042433,0.6345551678613482,0.6378545631414013,,,,False,missing or insufficient EMA data
086ebbb4-63a5-4cf2-afa8-74c750bdf072,2026-06-01 12:00:00,1,0,,0.9341893742042433,0.6345551678613482,0.6378545631414013,,,,False,missing or insufficient EMA data
086ebbb4-63a5-4cf2-afa8-74c750bdf072,2026-06-01 15:00:00,2,0,,0.9341893742042433,0.6345551678613482,0.6378545631414013,,,,False,missing or insufficient EMA data
086ebbb4-63a5-4cf2-afa8-74c750bdf072,2026-06-01 18:00:00,3,0,,0.9341893742042433,0.6345551678613482,0.6378545631414013,,,,False,missing or insufficient EMA data
086ebbb4-63a5-4cf2-afa8-74c750bdf072,2026-06-01 21:00:00,4,0,4.0,0.9341893742042433,0.6345551678613482,0.6378545631414013,,,,False,missing or insufficient EMA data
086ebbb4-63a5-4cf2-afa8-74c750bdf072,2026-06-02 09:00:00,5,1,,0.9341893742042433,0.6345551678613482,0.6378545631414013,,,,False,missing or insufficient EMA data
086ebbb4-63a5-4cf2-afa8-74c750bdf072,2026-06-02 12:00:00,6,1,,0.9341893742042433,0.6345551678613482,0.6378545631414013,,,,False,missing or insufficient EMA data
086ebbb4-63a5-4cf2-afa8-74c750bdf072,2026-06-02 15:00:00,7,1,,0.9341893742042433,0.6345551678613482,0.6378545631414013,,,,False,missing or insufficient EMA data
086ebbb4-63a5-4cf2-afa8-74c750bdf072,2026-06-02 18:00:00,8,1,,0.9341893742042433,0.6345551678613482,0.6378545631414013,,,,False,missing or insufficient EMA data
086ebbb4-63a5-4cf2-afa8-74c750bdf072,2026-06-02 21:00:00,9,1,,0.9341893742042433,0.6345551678613482,0.6378545631414013,,,,False,missing or insufficient EMA data
086ebbb4-63a5-4cf2-afa8-74c750bdf072,2026-06-03 09:00:00,10,2,3.0,0.9341893742042433,0.6345551678613482,0.6378545631414013,,,,False,missing or insufficient EMA data
086ebbb4-63a5-4cf2-afa8-74c750bdf072,2026-06-03 12:00:00,11,2,2.0,0.9341893742042433,0.6345551678613482,0.6378545631414013,1.0,1.0,,False,insufficient within-person history
086ebbb4-63a5-4cf2-afa8-74c750bdf072,2026-06-03 15:00:00,12,2,1.0,0.9341893742042433,0.6345551678613482,0.6378545631414013,1.0,1.0,,False,insufficient within-person history
086ebbb4-63a5-4cf2-afa8-74c750bdf072,2026-06-03 18:00:00,13,2,2.0,0.9341893742042433,0.6345551678613482,0.6378545631414013,1.0,1.0,,False,insufficient within-person history
086ebbb4-63a5-4cf2-afa8-74c750bdf072,2026-06-03 21:00:00,14,2,3.0,0.9341893742042433,0.6345551678613482,0.6378545631414013,1.0,1.0,1.0,False,below within-person threshold
086ebbb4-63a5-4cf2-afa8-74c750bdf072,2026-06-04 09:00:00,15,3,3.0,0.9341893742042433,0.6345551678613482,0.6378545631414013,0.0,0.6666666666666666,1.0,False,below within-person threshold
086ebbb4-63a5-4cf2-afa8-74c750bdf072,2026-06-04 12:00:00,16,3,4.0,0.9341893742042433,0.6345551678613482,0.6378545631414013,1.0,0.6666666666666666,1.0,False,below within-person threshold
086ebbb4-63a5-4cf2-afa8-74c750bdf072,2026-06-04 15:00:00,17,3,3.0,0.9341893742042433,0.6345551678613482,0.6378545631414013,1.0,0.6666666666666666,1.0,False,below within-person threshold
086ebbb4-63a5-4cf2-afa8-74c750bdf072,2026-06-04 18:00:00,18,3,2.0,0.9341893742042433,0.6345551678613482,0.6378545631414013,1.0,1.0,1.0,False,below within-person threshold
086ebbb4-63a5-4cf2-afa8-74c750bdf072,2026-06-04 21:00:00,19,3,2.0,0.9341893742042433,0.6345551678613482,0.6378545631414013,0.0,0.6666666666666666,1.0,False,below within-person threshold
086ebbb4-63a5-4cf2-afa8-74c750bdf072,2026-06-05 09:00:00,20,4,2.0,0.9341893742042433,0.6345551678613482,0.6378545631414013,0.0,0.3333333333333333,1.0,False,below within-person threshold
086ebbb4-63a5-4cf2-afa8-74c750bdf072,2026-06-05 12:00:00,21,4,3.0,0.9341893742042433,0.6345551678613482,0.6378545631414013,1.0,0.3333333333333333,1.0,False,below within-person threshold
086ebbb4-63a5-4cf2-afa8-74c750bdf072,2026-06-05 15:00:00,22,4,,0.9341893742042433,0.6345551678613482,0.6378545631414013,,0.5,1.0,False,missing or insufficient EMA data
086ebbb4-63a5-4cf2-afa8-74c750bdf072,2026-06-05 18:00:00,23,4,,0.9341893742042433,0.6345551678613482,0.6378545631414013,,1.0,1.0,False,missing or insufficient EMA data
086ebbb4-63a5-4cf2-afa8-74c750bdf072,2026-06-05 21:00:00,24,4,,0.9341893742042433,0.6345551678613482,0.6378545631414013,,,1.0,False,missing or insufficient EMA data
086ebbb4-63a5-4cf2-afa8-74c750bdf072,2026-06-06 09:00:00,25,5,2.0,0.9341893742042433,0.6345551678613482,0.6378545631414013,,,1.0,False,missing or insufficient EMA data
086ebbb4-63a5-4cf2-afa8-74c750bdf072,2026-06-06 12:00:00,26,5,2.0,0.9341893742042433,0.6345551678613482,0.6378545631414013,0.0,0.0,1.0,False,below within-person threshold
086ebbb4-63a5-4cf2-afa8-74c750bdf072,2026-06-06 15:00:00,27,5,2.0,0.9341893742042433,0.6345551678613482,0.6378545631414013,0.0,0.0,1.0,False,below within-person threshold
086ebbb4-63a5-4cf2-afa8-74c750bdf072,2026-06-06 18:00:00,28,5,2.0,0.9341893742042433,0.6345551678613482,0.6378545631414013,0.0,0.0,1.0,False,below within-person threshold
086ebbb4-63a5-4cf2-afa8-74c750bdf072,2026-06-06 21:00:00,29,5,2.0,0.9341893742042433,0.6345551678613482,0.6378545631414013,0.0,0.0,1.0,False,below within-person threshold
086ebbb4-63a5-4cf2-afa8-74c750bdf072,2026-06-07 09:00:00,30,6,1.0,0.9341893742042433,0.6345551678613482,0.6378545631414013,1.0,0.3333333333333333,1.0,False,below within-person threshold
086ebbb4-63a5-4cf2-afa8-74c750bdf072,2026-06-07 12:00:00,31,6,,0.9341893742042433,0.6345551678613482,0.6378545631414013,,0.5,1.0,False,missing or insufficient EMA data
086ebbb4-63a5-4cf2-afa8-74c750bdf072,2026-06-07 15:00:00,32,6,2.0,0.9341893742042433,0.6345551678613482,0.6378545631414013,,1.0,1.0,False,below within-person threshold
086ebbb4-63a5-4cf2-afa8-74c750bdf072,2026-06-07 18:00:00,33,6,3.0,0.9341893742042433,0.6345551678613482,0.6378545631414013,1.0,1.0,1.0,False,below within-person threshold
086ebbb4-63a5-4cf2-afa8-74c750bdf072,2026-06-07 21:00:00,34,6,3.0,0.9341893742042433,0.6345551678613482,0.6378545631414013,0.0,0.5,1.0,False,below within-person threshold
08c51d7d-7afc-4c60-b86f-42afd85e5660,2026-06-01 09:00:00,0,0,3.0,0.9146463800333973,0.35259435727840926,1.0832106362115062,,,,False,missing or insufficient EMA data
08c51d7d-7afc-4c60-b86f-42afd85e5660,2026-06-01 12:00:00,1,0,5.0,0.9146463800333973,0.35259435727840926,1.0832106362115062,4.0,4.0,,False,insufficient within-person history
08c51d7d-7afc-4c60-b86f-42afd85e5660,2026-06-01 15:00:00,2,0,5.0,0.9146463800333973,0.35259435727840926,1.0832106362115062,0.0,2.0,,False,insufficient within-person history
08c51d7d-7afc-4c60-b86f-42afd85e5660,2026-06-01 18:00:00,3,0,3.0,0.9146463800333973,0.35259435727840926,1.0832106362115062,4.0,2.6666666666666665,,False,insufficient within-person history
08c51d7d-7afc-4c60-b86f-42afd85e5660,2026-06-01 21:00:00,4,0,2.0,0.9146463800333973,0.35259435727840926,1.0832106362115062,1.0,1.6666666666666667,3.466666666666667,False,below within-person threshold
08c51d7d-7afc-4c60-b86f-42afd85e5660,2026-06-02 09:00:00,5,1,4.0,0.9146463800333973,0.35259435727840926,1.0832106362115062,4.0,3.0,3.2,False,below within-person threshold
08c51d7d-7afc-4c60-b86f-42afd85e5660,2026-06-02 12:00:00,6,1,5.0,0.9146463800333973,0.35259435727840926,1.0832106362115062,1.0,2.0,3.2,False,below within-person threshold
08c51d7d-7afc-4c60-b86f-42afd85e5660,2026-06-02 15:00:00,7,1,4.0,0.9146463800333973,0.35259435727840926,1.0832106362115062,1.0,2.0,3.0,False,below within-person threshold
08c51d7d-7afc-4c60-b86f-42afd85e5660,2026-06-02 18:00:00,8,1,4.0,0.9146463800333973,0.35259435727840926,1.0832106362115062,0.0,0.6666666666666666,2.9333333333333336,False,below within-person threshold
08c51d7d-7afc-4c60-b86f-42afd85e5660,2026-06-02 21:00:00,9,1,5.0,0.9146463800333973,0.35259435727840926,1.0832106362115062,1.0,0.6666666666666666,2.8666666666666667,False,below within-person threshold
08c51d7d-7afc-4c60-b86f-42afd85e5660,2026-06-03 09:00:00,10,2,5.0,0.9146463800333973,0.35259435727840926,1.0832106362115062,0.0,0.3333333333333333,2.8,False,below within-person threshold
08c51d7d-7afc-4c60-b86f-42afd85e5660,2026-06-03 12:00:00,11,2,5.0,0.9146463800333973,0.35259435727840926,1.0832106362115062,0.0,0.3333333333333333,2.7333333333333334,False,below within-person threshold
08c51d7d-7afc-4c60-b86f-42afd85e5660,2026-06-03 15:00:00,12,2,5.0,0.9146463800333973,0.35259435727840926,1.0832106362115062,0.0,0.0,2.6666666666666665,False,below within-person threshold
08c51d7d-7afc-4c60-b86f-42afd85e5660,2026-06-03 18:00:00,13,2,5.0,0.9146463800333973,0.35259435727840926,1.0832106362115062,0.0,0.0,2.5333333333333337,False,below within-person threshold
08c51d7d-7afc-4c60-b86f-42afd85e5660,2026-06-03 21:00:00,14,2,3.0,0.9146463800333973,0.35259435727840926,1.0832106362115062,4.0,1.3333333333333333,2.400000000000001,False,below within-person threshold
08c51d7d-7afc-4c60-b86f-42afd85e5660,2026-06-04 09:00:00,15,3,1.0,0.9146463800333973,0.35259435727840926,1.0832106362115062,4.0,2.6666666666666665,2.2666666666666666,True,prompt sent
08c51d7d-7afc-4c60-b86f-42afd85e5660,2026-06-04 12:00:00,16,3,3.0,0.9146463800333973,0.35259435727840926,1.0832106362115062,4.0,4.0,2.6666666666666665,True,prompt sent
08c51d7d-7afc-4c60-b86f-42afd85e5660,2026-06-04 15:00:00,17,3,4.0,0.9146463800333973,0.35259435727840926,1.0832106362115062,1.0,3.0,2.6666666666666665,True,prompt sent
08c51d7d-7afc-4c60-b86f-42afd85e5660,2026-06-04 18:00:00,18,3,5.0,0.9146463800333973,0.35259435727840926,1.0832106362115062,1.0,2.0,2.9333333333333336,False,below within-person threshold
08c51d7d-7afc-4c60-b86f-42afd85e5660,2026-06-04 21:00:00,19,3,5.0,0.9146463800333973,0.35259435727840926,1.0832106362115062,0.0,0.6666666666666666,2.866666666666667,False,below within-person threshold
08c51d7d-7afc-4c60-b86f-42afd85e5660,2026-06-05 09:00:00,20,4,5.0,0.9146463800333973,0.35259435727840926,1.0832106362115062,0.0,0.3333333333333333,2.8,False,below within-person threshold
08c51d7d-7afc-4c60-b86f-42afd85e5660,2026-06-05 12:00:00,21,4,5.0,0.9146463800333973,0.35259435727840926,1.0832106362115062,0.0,0.0,2.7333333333333334,False,below within-person threshold
08c51d7d-7afc-4c60-b86f-42afd85e5660,2026-06-05 15:00:00,22,4,,0.9146463800333973,0.35259435727840926,1.0832106362115062,,0.0,2.6666666666666665,False,missing or insufficient EMA data
08c51d7d-7afc-4c60-b86f-42afd85e5660,2026-06-05 18:00:00,23,4,3.0,0.9146463800333973,0.35259435727840926,1.0832106362115062,,0.0,2.6666666666666665,False,below within-person threshold
08c51d7d-7afc-4c60-b86f-42afd85e5660,2026-06-05 21:00:00,24,4,4.0,0.9146463800333973,0.35259435727840926,1.0832106362115062,1.0,1.0,2.6666666666666665,False,below within-person threshold
08c51d7d-7afc-4c60-b86f-42afd85e5660,2026-06-06 09:00:00,25,5,2.0,0.9146463800333973,0.35259435727840926,1.0832106362115062,4.0,2.5,2.6666666666666665,False,below within-person threshold
08c51d7d-7afc-4c60-b86f-42afd85e5660,2026-06-06 12:00:00,26,5,4.0,0.9146463800333973,0.35259435727840926,1.0832106362115062,4.0,3.0,2.6666666666666665,True,prompt sent
08c51d7d-7afc-4c60-b86f-42afd85e5660,2026-06-06 15:00:00,27,5,4.0,0.9146463800333973,0.35259435727840926,1.0832106362115062,0.0,2.6666666666666665,2.6666666666666665,False,below within-person threshold
08c51d7d-7afc-4c60-b86f-42afd85e5660,2026-06-06 18:00:00,28,5,3.0,0.9146463800333973,0.35259435727840926,1.0832106362115062,1.0,1.6666666666666667,2.6666666666666665,False,below within-person threshold
08c51d7d-7afc-4c60-b86f-42afd85e5660,2026-06-06 21:00:00,29,5,4.0,0.9146463800333973,0.35259435727840926,1.0832106362115062,1.0,0.6666666666666666,2.6666666666666665,False,below within-person threshold
08c51d7d-7afc-4c60-b86f-42afd85e5660,2026-06-07 09:00:00,30,6,4.0,0.9146463800333973,0.35259435727840926,1.0832106362115062,0.0,0.6666666666666666,2.6666666666666665,False,below within-person threshold
08c51d7d-7afc-4c60-b86f-42afd85e5660,2026-06-07 12:00:00,31,6,4.0,0.9146463800333973,0.35259435727840926,1.0832106362115062,0.0,0.3333333333333333,2.6666666666666665,False,below within-person threshold
08c51d7d-7afc-4c60-b86f-42afd85e5660,2026-06-07 15:00:00,32,6,4.0,0.9146463800333973,0.35259435727840926,1.0832106362115062,0.0,0.0,2.6666666666666665,False,below within-person threshold
08c51d7d-7afc-4c60-b86f-42afd85e5660,2026-06-07 18:00:00,33,6,4.0,0.9146463800333973,0.35259435727840926,1.0832106362115062,0.0,0.0,2.6666666666666665,False,below within-person threshold
08c51d7d-7afc-4c60-b86f-42afd85e5660,2026-06-07 21:00:00,34,6,4.0,0.9146463800333973,0.35259435727840926,1.0832106362115062,0.0,0.0,2.6666666666666665,False,below within-person threshold
0ae3f4e0-ec39-463e-b71f-d3a3e008a6ff,2026-06-01 09:00:00,0,0,1.0,1.3981623645474028,0.46268156419067474,2.1007624830390936,,,,False,missing or insufficient EMA data
0ae3f4e0-ec39-463e-b71f-d3a3e008a6ff,2026-06-01 12:00:00,1,0,3.0,1.3981623645474028,0.46268156419067474,2.1007624830390936,4.0,4.0,,False,insufficient within-person history
0ae3f4e0-ec39-463e-b71f-d3a3e008a6ff,2026-06-01 15:00:00,2,0,2.0,1.3981623645474028,0.46268156419067474,2.1007624830390936,1.0,2.5,,False,insufficient within-person history
0ae3f4e0-ec39-463e-b71f-d3a3e008a6ff,2026-06-01 18:00:00,3,0,3.0,1.3981623645474028,0.46268156419067474,2.1007624830390936,1.0,2.0,,False,insufficient within-person history
0ae3f4e0-ec39-463e-b71f-d3a3e008a6ff,2026-06-01 21:00:00,4,0,4.0,1.3981623645474028,0.46268156419067474,2.1007624830390936,1.0,1.0,3.4000000000000004,False,below within-person threshold
0ae3f4e0-ec39-463e-b71f-d3a3e008a6ff,2026-06-02 09:00:00,5,1,5.0,1.3981623645474028,0.46268156419067474,2.1007624830390936,1.0,1.0,3.1000000000000005,False,below within-person threshold
0ae3f4e0-ec39-463e-b71f-d3a3e008a6ff,2026-06-02 12:00:00,6,1,4.0,1.3981623645474028,0.46268156419067474,2.1007624830390936,1.0,1.0,2.8000000000000003,False,below within-person threshold
0ae3f4e0-ec39-463e-b71f-d3a3e008a6ff,2026-06-02 15:00:00,7,1,4.0,1.3981623645474028,0.46268156419067474,2.1007624830390936,0.0,0.6666666666666666,2.5,False,below within-person threshold
0ae3f4e0-ec39-463e-b71f-d3a3e008a6ff,2026-06-02 18:00:00,8,1,4.0,1.3981623645474028,0.46268156419067474,2.1007624830390936,0.0,0.3333333333333333,2.4000000000000004,False,below within-person threshold
0ae3f4e0-ec39-463e-b71f-d3a3e008a6ff,2026-06-02 21:00:00,9,1,,1.3981623645474028,0.46268156419067474,2.1007624830390936,,0.0,2.3000000000000003,False,missing or insufficient EMA data
0ae3f4e0-ec39-463e-b71f-d3a3e008a6ff,2026-06-03 09:00:00,10,2,,1.3981623645474028,0.46268156419067474,2.1007624830390936,,0.0,2.2,False,missing or insufficient EMA data
0ae3f4e0-ec39-463e-b71f-d3a3e008a6ff,2026-06-03 12:00:00,11,2,,1.3981623645474028,0.46268156419067474,2.1007624830390936,,,2.1,False,missing or insufficient EMA data
0ae3f4e0-ec39-463e-b71f-d3a3e008a6ff,2026-06-03 15:00:00,12,2,,1.3981623645474028,0.46268156419067474,2.1007624830390936,,,2.1,False,missing or insufficient EMA data
0ae3f4e0-ec39-463e-b71f-d3a3e008a6ff,2026-06-03 18:00:00,13,2,5.0,1.3981623645474028,0.46268156419067474,2.1007624830390936,,,2.1,False,missing or insufficient EMA data
0ae3f4e0-ec39-463e-b71f-d3a3e008a6ff,2026-06-03 21:00:00,14,2,5.0,1.3981623645474028,0.46268156419067474,2.1007624830390936,0.0,0.0,2.1,False,below within-person threshold
0ae3f4e0-ec39-463e-b71f-d3a3e008a6ff,2026-06-04 09:00:00,15,3,5.0,1.3981623645474028,0.46268156419067474,2.1007624830390936,0.0,0.0,2.0,False,below within-person threshold
0ae3f4e0-ec39-463e-b71f-d3a3e008a6ff,2026-06-04 12:00:00,16,3,4.0,1.3981623645474028,0.46268156419067474,2.1007624830390936,1.0,0.3333333333333333,1.8000000000000007,False,below within-person threshold
0ae3f4e0-ec39-463e-b71f-d3a3e008a6ff,2026-06-04 15:00:00,17,3,4.0,1.3981623645474028,0.46268156419067474,2.1007624830390936,0.0,0.3333333333333333,1.6000000000000014,False,below within-person threshold
0ae3f4e0-ec39-463e-b71f-d3a3e008a6ff,2026-06-04 18:00:00,18,3,4.0,1.3981623645474028,0.46268156419067474,2.1007624830390936,0.0,0.3333333333333333,1.4000000000000004,False,below within-person threshold
0ae3f4e0-ec39-463e-b71f-d3a3e008a6ff,2026-06-04 21:00:00,19,3,4.0,1.3981623645474028,0.46268156419067474,2.1007624830390936,0.0,0.0,1.200000000000001,False,below within-person threshold
0ae3f4e0-ec39-463e-b71f-d3a3e008a6ff,2026-06-05 09:00:00,20,4,5.0,1.3981623645474028,0.46268156419067474,2.1007624830390936,1.0,0.3333333333333333,1.0,False,below within-person threshold
0ae3f4e0-ec39-463e-b71f-d3a3e008a6ff,2026-06-05 12:00:00,21,4,4.0,1.3981623645474028,0.46268156419067474,2.1007624830390936,1.0,0.6666666666666666,1.0,False,below within-person threshold
0ae3f4e0-ec39-463e-b71f-d3a3e008a6ff,2026-06-05 15:00:00,22,4,5.0,1.3981623645474028,0.46268156419067474,2.1007624830390936,1.0,1.0,1.0,False,below within-person threshold
0ae3f4e0-ec39-463e-b71f-d3a3e008a6ff,2026-06-05 18:00:00,23,4,4.0,1.3981623645474028,0.46268156419067474,2.1007624830390936,1.0,1.0,1.0,False,below within-person threshold
0ae3f4e0-ec39-463e-b71f-d3a3e008a6ff,2026-06-05 21:00:00,24,4,3.0,1.3981623645474028,0.46268156419067474,2.1007624830390936,1.0,1.0,1.0,False,below within-person threshold
0ae3f4e0-ec39-463e-b71f-d3a3e008a6ff,2026-06-06 09:00:00,25,5,2.0,1.3981623645474028,0.46268156419067474,2.1007624830390936,1.0,1.0,1.0,False,below within-person threshold
0ae3f4e0-ec39-463e-b71f-d3a3e008a6ff,2026-06-06 12:00:00,26,5,2.0,1.3981623645474028,0.46268156419067474,2.1007624830390936,0.0,0.6666666666666666,1.0,False,below within-person threshold
0ae3f4e0-ec39-463e-b71f-d3a3e008a6ff,2026-06-06 15:00:00,27,5,2.0,1.3981623645474028,0.46268156419067474,2.1007624830390936,0.0,0.3333333333333333,1.0,False,below within-person threshold
0ae3f4e0-ec39-463e-b71f-d3a3e008a6ff,2026-06-06 18:00:00,28,5,4.0,1.3981623645474028,0.46268156419067474,2.1007624830390936,4.0,1.3333333333333333,1.0,True,prompt sent
0ae3f4e0-ec39-463e-b71f-d3a3e008a6ff,2026-06-06 21:00:00,29,5,4.0,1.3981623645474028,0.46268156419067474,2.1007624830390936,0.0,1.3333333333333333,1.0,True,prompt sent
0ae3f4e0-ec39-463e-b71f-d3a3e008a6ff,2026-06-07 09:00:00,30,6,,1.3981623645474028,0.46268156419067474,2.1007624830390936,,2.0,1.0,False,missing or insufficient EMA data
0ae3f4e0-ec39-463e-b71f-d3a3e008a6ff,2026-06-07 12:00:00,31,6,2.0,1.3981623645474028,0.46268156419067474,2.1007624830390936,,0.0,1.2666666666666668,False,below within-person threshold
0ae3f4e0-ec39-463e-b71f-d3a3e008a6ff,2026-06-07 15:00:00,32,6,,1.3981623645474028,0.46268156419067474,2.1007624830390936,,,1.2000000000000004,False,missing or insufficient EMA data
0ae3f4e0-ec39-463e-b71f-d3a3e008a6ff,2026-06-07 18:00:00,33,6,,1.3981623645474028,0.46268156419067474,2.1007624830390936,,,1.2000000000000004,False,missing or insufficient EMA data
0ae3f4e0-ec39-463e-b71f-d3a3e008a6ff,2026-06-07 21:00:00,34,6,,1.3981623645474028,0.46268156419067474,2.1007624830390936,,,1.2000000000000004,False,missing or insufficient EMA data
12b11432-73a7-4c7c-aedd-d4c5ebf95895,2026-06-01 09:00:00,0,0,5.0,1.2402471718430839,0.220674395193329,2.3975376267622552,,,,False,missing or insufficient EMA data
12b11432-73a7-4c7c-aedd-d4c5ebf95895,2026-06-01 12:00:00,1,0,3.0,1.2402471718430839,0.220674395193329,2.3975376267622552,4.0,4.0,,False,insufficient within-person history
12b11432-73a7-4c7c-aedd-d4c5ebf95895,2026-06-01 15:00:00,2,0,,1.2402471718430839,0.220674395193329,2.3975376267622552,,4.0,,False,missing or insufficient EMA data
12b11432-73a7-4c7c-aedd-d4c5ebf95895,2026-06-01 18:00:00,3,0,4.0,1.2402471718430839,0.220674395193329,2.3975376267622552,,4.0,,False,insufficient within-person history
12b11432-73a7-4c7c-aedd-d4c5ebf95895,2026-06-01 21:00:00,4,0,3.0,1.2402471718430839,0.220674395193329,2.3975376267622552,1.0,1.0,4.0,False,below within-person threshold
12b11432-73a7-4c7c-aedd-d4c5ebf95895,2026-06-02 09:00:00,5,1,5.0,1.2402471718430839,0.220674395193329,2.3975376267622552,4.0,2.5,4.0,False,below within-person threshold
12b11432-73a7-4c7c-aedd-d4c5ebf95895,2026-06-02 12:00:00,6,1,2.0,1.2402471718430839,0.220674395193329,2.3975376267622552,9.0,4.666666666666667,4.0,True,prompt sent
12b11432-73a7-4c7c-aedd-d4c5ebf95895,2026-06-02 15:00:00,7,1,2.0,1.2402471718430839,0.220674395193329,2.3975376267622552,0.0,4.333333333333333,4.0,True,prompt sent
12b11432-73a7-4c7c-aedd-d4c5ebf95895,2026-06-02 18:00:00,8,1,3.0,1.2402471718430839,0.220674395193329,2.3975376267622552,1.0,3.3333333333333335,4.266666666666667,False,below within-person threshold
12b11432-73a7-4c7c-aedd-d4c5ebf95895,2026-06-02 21:00:00,9,1,2.0,1.2402471718430839,0.220674395193329,2.3975376267622552,1.0,0.6666666666666666,4.2,False,below within-person threshold
12b11432-73a7-4c7c-aedd-d4c5ebf95895,2026-06-03 09:00:00,10,2,,1.2402471718430839,0.220674395193329,2.3975376267622552,,1.0,4.133333333333334,False,missing or insufficient EMA data
12b11432-73a7-4c7c-aedd-d4c5ebf95895,2026-06-03 12:00:00,11,2,,1.2402471718430839,0.220674395193329,2.3975376267622552,,1.0,4.066666666666666,False,missing or insufficient EMA data
12b11432-73a7-4c7c-aedd-d4c5ebf95895,2026-06-03 15:00:00,12,2,,1.2402471718430839,0.220674395193329,2.3975376267622552,,,4.0,False,missing or insufficient EMA data
12b11432-73a7-4c7c-aedd-d4c5ebf95895,2026-06-03 18:00:00,13,2,,1.2402471718430839,0.220674395193329,2.3975376267622552,,,4.0,False,missing or insufficient EMA data
12b11432-73a7-4c7c-aedd-d4c5ebf95895,2026-06-03 21:00:00,14,2,2.0,1.2402471718430839,0.220674395193329,2.3975376267622552,,,4.0,False,missing or insufficient EMA data
12b11432-73a7-4c7c-aedd-d4c5ebf95895,2026-06-04 09:00:00,15,3,4.0,1.2402471718430839,0.220674395193329,2.3975376267622552,4.0,4.0,4.0,False,below within-person threshold
12b11432-73a7-4c7c-aedd-d4c5ebf95895,2026-06-04 12:00:00,16,3,3.0,1.2402471718430839,0.220674395193329,2.3975376267622552,1.0,2.5,4.0,False,below within-person threshold
12b11432-73a7-4c7c-aedd-d4c5ebf95895,2026-06-04 15:00:00,17,3,2.0,1.2402471718430839,0.220674395193329,2.3975376267622552,1.0,2.0,4.0,False,below within-person threshold
12b11432-73a7-4c7c-aedd-d4c5ebf95895,2026-06-04 18:00:00,18,3,3.0,1.2402471718430839,0.220674395193329,2.3975376267622552,1.0,1.0,4.0,False,below within-person threshold
12b11432-73a7-4c7c-aedd-d4c5ebf95895,2026-06-04 21:00:00,19,3,1.0,1.2402471718430839,0.220674395193329,2.3975376267622552,4.0,2.0,4.0,False,below within-person threshold
12b11432-73a7-4c7c-aedd-d4c5ebf95895,2026-06-05 09:00:00,20,4,2.0,1.2402471718430839,0.220674395193329,2.3975376267622552,1.0,2.0,4.0,False,below within-person threshold
12b11432-73a7-4c7c-aedd-d4c5ebf95895,2026-06-05 12:00:00,21,4,1.0,1.2402471718430839,0.220674395193329,2.3975376267622552,1.0,2.0,4.0,False,below within-person threshold
12b11432-73a7-4c7c-aedd-d4c5ebf95895,2026-06-05 15:00:00,22,4,4.0,1.2402471718430839,0.220674395193329,2.3975376267622552,9.0,3.6666666666666665,4.0,False,below within-person threshold
12b11432-73a7-4c7c-aedd-d4c5ebf95895,2026-06-05 18:00:00,23,4,4.0,1.2402471718430839,0.220674395193329,2.3975376267622552,0.0,3.3333333333333335,4.0,False,below within-person threshold
12b11432-73a7-4c7c-aedd-d4c5ebf95895,2026-06-05 21:00:00,24,4,2.0,1.2402471718430839,0.220674395193329,2.3975376267622552,4.0,4.333333333333333,4.0,True,prompt sent
12b11432-73a7-4c7c-aedd-d4c5ebf95895,2026-06-06 09:00:00,25,5,2.0,1.2402471718430839,0.220674395193329,2.3975376267622552,0.0,1.3333333333333333,4.0,False,below within-person threshold
12b11432-73a7-4c7c-aedd-d4c5ebf95895,2026-06-06 12:00:00,26,5,3.0,1.2402471718430839,0.220674395193329,2.3975376267622552,1.0,1.6666666666666667,4.0,False,below within-person threshold
12b11432-73a7-4c7c-aedd-d4c5ebf95895,2026-06-06 15:00:00,27,5,4.0,1.2402471718430839,0.220674395193329,2.3975376267622552,1.0,0.6666666666666666,4.0,False,below within-person threshold
12b11432-73a7-4c7c-aedd-d4c5ebf95895,2026-06-06 18:00:00,28,5,3.0,1.2402471718430839,0.220674395193329,2.3975376267622552,1.0,1.0,4.0,False,below within-person threshold
12b11432-73a7-4c7c-aedd-d4c5ebf95895,2026-06-06 21:00:00,29,5,3.0,1.2402471718430839,0.220674395193329,2.3975376267622552,0.0,0.6666666666666666,4.0,False,below within-person threshold
12b11432-73a7-4c7c-aedd-d4c5ebf95895,2026-06-07 09:00:00,30,6,3.0,1.2402471718430839,0.220674395193329,2.3975376267622552,0.0,0.3333333333333333,4.0,False,below within-person threshold
12b11432-73a7-4c7c-aedd-d4c5ebf95895,2026-06-07 12:00:00,31,6,2.0,1.2402471718430839,0.220674395193329,2.3975376267622552,1.0,0.3333333333333333,4.0,False,below within-person threshold
12b11432-73a7-4c7c-aedd-d4c5ebf95895,2026-06-07 15:00:00,32,6,3.0,1.2402471718430839,0.220674395193329,2.3975376267622552,1.0,0.6666666666666666,4.0,False,below within-person threshold
12b11432-73a7-4c7c-aedd-d4c5ebf95895,2026-06-07 18:00:00,33,6,3.0,1.2402471718430839,0.220674395193329,2.3975376267622552,0.0,0.6666666666666666,4.0,False,below within-person threshold
12b11432-73a7-4c7c-aedd-d4c5ebf95895,2026-06-07 21:00:00,34,6,3.0,1.2402471718430839,0.220674395193329,2.3975376267622552,0.0,0.3333333333333333,4.0,False,below within-person threshold
18dc7406-ea6d-4097-9927-6f7850abc0e4,2026-06-01 09:00:00,0,0,5.0,1.43010972889878,0.146289483196871,3.4920411229886694,,,,False,missing or insufficient EMA data
18dc7406-ea6d-4097-9927-6f7850abc0e4,2026-06-01 12:00:00,1,0,4.0,1.43010972889878,0.146289483196871,3.4920411229886694,1.0,1.0,,False,insufficient within-person history
18dc7406-ea6d-4097-9927-6f7850abc0e4,2026-06-01 15:00:00,2,0,1.0,1.43010972889878,0.146289483196871,3.4920411229886694,9.0,5.0,,False,insufficient within-person history
18dc7406-ea6d-4097-9927-6f7850abc0e4,2026-06-01 18:00:00,3,0,3.0,1.43010972889878,0.146289483196871,3.4920411229886694,4.0,4.666666666666667,,False,insufficient within-person history
18dc7406-ea6d-4097-9927-6f7850abc0e4,2026-06-01 21:00:00,4,0,4.0,1.43010972889878,0.146289483196871,3.4920411229886694,1.0,4.666666666666667,4.866666666666667,False,below within-person threshold
18dc7406-ea6d-4097-9927-6f7850abc0e4,2026-06-02 09:00:00,5,1,2.0,1.43010972889878,0.146289483196871,3.4920411229886694,4.0,3.0,4.800000000000001,False,below within-person threshold
18dc7406-ea6d-4097-9927-6f7850abc0e4,2026-06-02 12:00:00,6,1,2.0,1.43010972889878,0.146289483196871,3.4920411229886694,0.0,1.6666666666666667,4.733333333333333,False,below within-person threshold
18dc7406-ea6d-4097-9927-6f7850abc0e4,2026-06-02 15:00:00,7,1,3.0,1.43010972889878,0.146289483196871,3.4920411229886694,1.0,1.6666666666666667,4.666666666666667,False,below within-person threshold
18dc7406-ea6d-4097-9927-6f7850abc0e4,2026-06-02 18:00:00,8,1,1.0,1.43010972889878,0.146289483196871,3.4920411229886694,4.0,1.6666666666666667,4.666666666666667,False,below within-person threshold
18dc7406-ea6d-4097-9927-6f7850abc0e4,2026-06-02 21:00:00,9,1,1.0,1.43010972889878,0.146289483196871,3.4920411229886694,0.0,1.6666666666666667,4.666666666666667,False,below within-person threshold
18dc7406-ea6d-4097-9927-6f7850abc0e4,2026-06-03 09:00:00,10,2,2.0,1.43010972889878,0.146289483196871,3.4920411229886694,1.0,1.6666666666666667,4.666666666666667,False,below within-person threshold
18dc7406-ea6d-4097-9927-6f7850abc0e4,2026-06-03 12:00:00,11,2,1.0,1.43010972889878,0.146289483196871,3.4920411229886694,1.0,0.6666666666666666,4.666666666666667,False,below within-person threshold
18dc7406-ea6d-4097-9927-6f7850abc0e4,2026-06-03 15:00:00,12,2,,1.43010972889878,0.146289483196871,3.4920411229886694,,1.0,4.666666666666667,False,missing or insufficient EMA data
18dc7406-ea6d-4097-9927-6f7850abc0e4,2026-06-03 18:00:00,13,2,,1.43010972889878,0.146289483196871,3.4920411229886694,,1.0,4.333333333333335,False,missing or insufficient EMA data
18dc7406-ea6d-4097-9927-6f7850abc0e4,2026-06-03 21:00:00,14,2,1.0,1.43010972889878,0.146289483196871,3.4920411229886694,,,4.000000000000003,False,missing or insufficient EMA data
18dc7406-ea6d-4097-9927-6f7850abc0e4,2026-06-04 09:00:00,15,3,1.0,1.43010972889878,0.146289483196871,3.4920411229886694,0.0,0.0,4.000000000000003,False,below within-person threshold
18dc7406-ea6d-4097-9927-6f7850abc0e4,2026-06-04 12:00:00,16,3,1.0,1.43010972889878,0.146289483196871,3.4920411229886694,0.0,0.0,3.6666666666666674,False,below within-person threshold
18dc7406-ea6d-4097-9927-6f7850abc0e4,2026-06-04 15:00:00,17,3,1.0,1.43010972889878,0.146289483196871,3.4920411229886694,0.0,0.0,3.3333333333333353,False,below within-person threshold
18dc7406-ea6d-4097-9927-6f7850abc0e4,2026-06-04 18:00:00,18,3,2.0,1.43010972889878,0.146289483196871,3.4920411229886694,1.0,0.3333333333333333,3.0,False,below within-person threshold
18dc7406-ea6d-4097-9927-6f7850abc0e4,2026-06-04 21:00:00,19,3,1.0,1.43010972889878,0.146289483196871,3.4920411229886694,1.0,0.6666666666666666,2.7333333333333343,False,below within-person threshold
18dc7406-ea6d-4097-9927-6f7850abc0e4,2026-06-05 09:00:00,20,4,3.0,1.43010972889878,0.146289483196871,3.4920411229886694,4.0,2.0,2.4666666666666686,False,below within-person threshold
18dc7406-ea6d-4097-9927-6f7850abc0e4,2026-06-05 12:00:00,21,4,3.0,1.43010972889878,0.146289483196871,3.4920411229886694,0.0,1.6666666666666667,2.4000000000000004,False,below within-person threshold
18dc7406-ea6d-4097-9927-6f7850abc0e4,2026-06-05 15:00:00,22,4,1.0,1.43010972889878,0.146289483196871,3.4920411229886694,4.0,2.6666666666666665,2.200000000000001,True,prompt sent
18dc7406-ea6d-4097-9927-6f7850abc0e4,2026-06-05 18:00:00,23,4,3.0,1.43010972889878,0.146289483196871,3.4920411229886694,4.0,2.6666666666666665,2.6666666666666665,False,below within-person threshold
18dc7406-ea6d-4097-9927-6f7850abc0e4,2026-06-05 21:00:00,24,4,2.0,1.43010972889878,0.146289483196871,3.4920411229886694,1.0,3.0,2.6666666666666665,True,prompt sent
18dc7406-ea6d-4097-9927-6f7850abc0e4,2026-06-06 09:00:00,25,5,2.0,1.43010972889878,0.146289483196871,3.4920411229886694,0.0,1.6666666666666667,2.866666666666667,False,below within-person threshold
18dc7406-ea6d-4097-9927-6f7850abc0e4,2026-06-06 12:00:00,26,5,1.0,1.43010972889878,0.146289483196871,3.4920411229886694,1.0,0.6666666666666666,2.8000000000000007,False,below within-person threshold
18dc7406-ea6d-4097-9927-6f7850abc0e4,2026-06-06 15:00:00,27,5,1.0,1.43010972889878,0.146289483196871,3.4920411229886694,0.0,0.3333333333333333,2.7333333333333343,False,below within-person threshold
18dc7406-ea6d-4097-9927-6f7850abc0e4,2026-06-06 18:00:00,28,5,3.0,1.43010972889878,0.146289483196871,3.4920411229886694,4.0,1.6666666666666667,2.6666666666666665,False,below within-person threshold
18dc7406-ea6d-4097-9927-6f7850abc0e4,2026-06-06 21:00:00,29,5,2.0,1.43010972889878,0.146289483196871,3.4920411229886694,1.0,1.6666666666666667,2.6666666666666665,False,below within-person threshold
18dc7406-ea6d-4097-9927-6f7850abc0e4,2026-06-07 09:00:00,30,6,3.0,1.43010972889878,0.146289483196871,3.4920411229886694,1.0,2.0,2.6666666666666665,False,below within-person threshold
18dc7406-ea6d-4097-9927-6f7850abc0e4,2026-06-07 12:00:00,31,6,4.0,1.43010972889878,0.146289483196871,3.4920411229886694,1.0,1.0,2.6666666666666665,False,below within-person threshold
18dc7406-ea6d-4097-9927-6f7850abc0e4,2026-06-07 15:00:00,32,6,4.0,1.43010972889878,0.146289483196871,3.4920411229886694,0.0,0.6666666666666666,2.6666666666666665,False,below within-person threshold
18dc7406-ea6d-4097-9927-6f7850abc0e4,2026-06-07 18:00:00,33,6,,1.43010972889878,0.146289483196871,3.4920411229886694,,0.5,2.6666666666666665,False,missing or insufficient EMA data
18dc7406-ea6d-4097-9927-6f7850abc0e4,2026-06-07 21:00:00,34,6,2.0,1.43010972889878,0.146289483196871,3.4920411229886694,,0.0,2.5333333333333337,False,below within-person threshold
19598a89-133c-49f9-a166-517248fc7bc1,2026-06-01 09:00:00,0,0,4.0,0.3859471281678173,0.7461569478015321,0.07562247797856299,,,,False,missing or insufficient EMA data
19598a89-133c-49f9-a166-517248fc7bc1,2026-06-01 12:00:00,1,0,4.0,0.3859471281678173,0.7461569478015321,0.07562247797856299,0.0,0.0,,False,insufficient within-person history
19598a89-133c-49f9-a166-517248fc7bc1,2026-06-01 15:00:00,2,0,4.0,0.3859471281678173,0.7461569478015321,0.07562247797856299,0.0,0.0,,False,insufficient within-person history
19598a89-133c-49f9-a166-517248fc7bc1,2026-06-01 18:00:00,3,0,,0.3859471281678173,0.7461569478015321,0.07562247797856299,,0.0,,False,missing or insufficient EMA data
19598a89-133c-49f9-a166-517248fc7bc1,2026-06-01 21:00:00,4,0,,0.3859471281678173,0.7461569478015321,0.07562247797856299,,0.0,0.0,False,missing or insufficient EMA data
19598a89-133c-49f9-a166-517248fc7bc1,2026-06-02 09:00:00,5,1,,0.3859471281678173,0.7461569478015321,0.07562247797856299,,,0.0,False,missing or insufficient EMA data
19598a89-133c-49f9-a166-517248fc7bc1,2026-06-02 12:00:00,6,1,,0.3859471281678173,0.7461569478015321,0.07562247797856299,,,0.0,False,missing or insufficient EMA data
19598a89-133c-49f9-a166-517248fc7bc1,2026-06-02 15:00:00,7,1,,0.3859471281678173,0.7461569478015321,0.07562247797856299,,,0.0,False,missing or insufficient EMA data
19598a89-133c-49f9-a166-517248fc7bc1,2026-06-02 18:00:00,8,1,4.0,0.3859471281678173,0.7461569478015321,0.07562247797856299,,,0.0,False,missing or insufficient EMA data
19598a89-133c-49f9-a166-517248fc7bc1,2026-06-02 21:00:00,9,1,4.0,0.3859471281678173,0.7461569478015321,0.07562247797856299,0.0,0.0,0.0,False,below within-person threshold
19598a89-133c-49f9-a166-517248fc7bc1,2026-06-03 09:00:00,10,2,4.0,0.3859471281678173,0.7461569478015321,0.07562247797856299,0.0,0.0,0.0,False,below within-person threshold
19598a89-133c-49f9-a166-517248fc7bc1,2026-06-03 12:00:00,11,2,4.0,0.3859471281678173,0.7461569478015321,0.07562247797856299,0.0,0.0,0.0,False,below within-person threshold
19598a89-133c-49f9-a166-517248fc7bc1,2026-06-03 15:00:00,12,2,4.0,0.3859471281678173,0.7461569478015321,0.07562247797856299,0.0,0.0,0.0,False,below within-person threshold
19598a89-133c-49f9-a166-517248fc7bc1,2026-06-03 18:00:00,13,2,4.0,0.3859471281678173,0.7461569478015321,0.07562247797856299,0.0,0.0,0.0,False,below within-person threshold
19598a89-133c-49f9-a166-517248fc7bc1,2026-06-03 21:00:00,14,2,,0.3859471281678173,0.7461569478015321,0.07562247797856299,,0.0,0.0,False,missing or insufficient EMA data
19598a89-133c-49f9-a166-517248fc7bc1,2026-06-04 09:00:00,15,3,,0.3859471281678173,0.7461569478015321,0.07562247797856299,,0.0,0.0,False,missing or insufficient EMA data
19598a89-133c-49f9-a166-517248fc7bc1,2026-06-04 12:00:00,16,3,,0.3859471281678173,0.7461569478015321,0.07562247797856299,,,0.0,False,missing or insufficient EMA data
19598a89-133c-49f9-a166-517248fc7bc1,2026-06-04 15:00:00,17,3,,0.3859471281678173,0.7461569478015321,0.07562247797856299,,,0.0,False,missing or insufficient EMA data
19598a89-133c-49f9-a166-517248fc7bc1,2026-06-04 18:00:00,18,3,,0.3859471281678173,0.7461569478015321,0.07562247797856299,,,0.0,False,missing or insufficient EMA data
19598a89-133c-49f9-a166-517248fc7bc1,2026-06-04 21:00:00,19,3,,0.3859471281678173,0.7461569478015321,0.07562247797856299,,,0.0,False,missing or insufficient EMA data
19598a89-133c-49f9-a166-517248fc7bc1,2026-06-05 09:00:00,20,4,,0.3859471281678173,0.7461569478015321,0.07562247797856299,,,0.0,False,missing or insufficient EMA data
19598a89-133c-49f9-a166-517248fc7bc1,2026-06-05 12:00:00,21,4,,0.3859471281678173,0.7461569478015321,0.07562247797856299,,,0.0,False,missing or insufficient EMA data
19598a89-133c-49f9-a166-517248fc7bc1,2026-06-05 15:00:00,22,4,3.0,0.3859471281678173,0.7461569478015321,0.07562247797856299,,,0.0,False,missing or insufficient EMA data
19598a89-133c-49f9-a166-517248fc7bc1,2026-06-05 18:00:00,23,4,4.0,0.3859471281678173,0.7461569478015321,0.07562247797856299,1.0,1.0,0.0,True,prompt sent
19598a89-133c-49f9-a166-517248fc7bc1,2026-06-05 21:00:00,24,4,4.0,0.3859471281678173,0.7461569478015321,0.07562247797856299,0.0,0.5,0.0,True,prompt sent
19598a89-133c-49f9-a166-517248fc7bc1,2026-06-06 09:00:00,25,5,4.0,0.3859471281678173,0.7461569478015321,0.07562247797856299,0.0,0.3333333333333333,0.0,True,prompt sent
19598a89-133c-49f9-a166-517248fc7bc1,2026-06-06 12:00:00,26,5,4.0,0.3859471281678173,0.7461569478015321,0.07562247797856299,0.0,0.0,0.13333333333333344,False,below within-person threshold
19598a89-133c-49f9-a166-517248fc7bc1,2026-06-06 15:00:00,27,5,4.0,0.3859471281678173,0.7461569478015321,0.07562247797856299,0.0,0.0,0.06666666666666701,False,below within-person threshold
19598a89-133c-49f9-a166-517248fc7bc1,2026-06-06 18:00:00,28,5,4.0,0.3859471281678173,0.7461569478015321,0.07562247797856299,0.0,0.0,0.0,False,below within-person threshold
19598a89-133c-49f9-a166-517248fc7bc1,2026-06-06 21:00:00,29,5,4.0,0.3859471281678173,0.7461569478015321,0.07562247797856299,0.0,0.0,0.0,False,below within-person threshold
19598a89-133c-49f9-a166-517248fc7bc1,2026-06-07 09:00:00,30,6,4.0,0.3859471281678173,0.7461569478015321,0.07562247797856299,0.0,0.0,0.0,False,below within-person threshold
19598a89-133c-49f9-a166-517248fc7bc1,2026-06-07 12:00:00,31,6,4.0,0.3859471281678173,0.7461569478015321,0.07562247797856299,0.0,0.0,0.0,False,below within-person threshold
19598a89-133c-49f9-a166-517248fc7bc1,2026-06-07 15:00:00,32,6,4.0,0.3859471281678173,0.7461569478015321,0.07562247797856299,0.0,0.0,0.0,False,below within-person threshold
19598a89-133c-49f9-a166-517248fc7bc1,2026-06-07 18:00:00,33,6,4.0,0.3859471281678173,0.7461569478015321,0.07562247797856299,0.0,0.0,0.0,False,below within-person threshold
19598a89-133c-49f9-a166-517248fc7bc1,2026-06-07 21:00:00,34,6,4.0,0.3859471281678173,0.7461569478015321,0.07562247797856299,0.0,0.0,0.0,False,below within-person threshold
1b2d546f-4e00-4a3e-a81d-3b1fa933dcaa,2026-06-01 09:00:00,0,0,1.0,1.2263227418307199,0.5698001724503954,1.2939270500346183,,,,False,missing or insufficient EMA data
1b2d546f-4e00-4a3e-a81d-3b1fa933dcaa,2026-06-01 12:00:00,1,0,3.0,1.2263227418307199,0.5698001724503954,1.2939270500346183,4.0,4.0,,False,insufficient within-person history
1b2d546f-4e00-4a3e-a81d-3b1fa933dcaa,2026-06-01 15:00:00,2,0,2.0,1.2263227418307199,0.5698001724503954,1.2939270500346183,1.0,2.5,,False,insufficient within-person history
1b2d546f-4e00-4a3e-a81d-3b1fa933dcaa,2026-06-01 18:00:00,3,0,1.0,1.2263227418307199,0.5698001724503954,1.2939270500346183,1.0,2.0,,False,insufficient within-person history
1b2d546f-4e00-4a3e-a81d-3b1fa933dcaa,2026-06-01 21:00:00,4,0,2.0,1.2263227418307199,0.5698001724503954,1.2939270500346183,1.0,1.0,3.4000000000000004,False,below within-person threshold
1b2d546f-4e00-4a3e-a81d-3b1fa933dcaa,2026-06-02 09:00:00,5,1,3.0,1.2263227418307199,0.5698001724503954,1.2939270500346183,1.0,1.0,3.1000000000000005,False,below within-person threshold
1b2d546f-4e00-4a3e-a81d-3b1fa933dcaa,2026-06-02 12:00:00,6,1,2.0,1.2263227418307199,0.5698001724503954,1.2939270500346183,1.0,1.0,2.8000000000000003,False,below within-person threshold
1b2d546f-4e00-4a3e-a81d-3b1fa933dcaa,2026-06-02 15:00:00,7,1,2.0,1.2263227418307199,0.5698001724503954,1.2939270500346183,0.0,0.6666666666666666,2.5,False,below within-person threshold
1b2d546f-4e00-4a3e-a81d-3b1fa933dcaa,2026-06-02 18:00:00,8,1,5.0,1.2263227418307199,0.5698001724503954,1.2939270500346183,9.0,3.3333333333333335,2.4000000000000004,True,prompt sent
1b2d546f-4e00-4a3e-a81d-3b1fa933dcaa,2026-06-02 21:00:00,9,1,3.0,1.2263227418307199,0.5698001724503954,1.2939270500346183,4.0,4.333333333333333,3.0000000000000004,True,prompt sent
1b2d546f-4e00-4a3e-a81d-3b1fa933dcaa,2026-06-03 09:00:00,10,2,2.0,1.2263227418307199,0.5698001724503954,1.2939270500346183,1.0,4.666666666666667,3.6000000000000005,True,prompt sent
1b2d546f-4e00-4a3e-a81d-3b1fa933dcaa,2026-06-03 12:00:00,11,2,4.0,1.2263227418307199,0.5698001724503954,1.2939270500346183,4.0,3.0,4.066666666666666,False,below within-person threshold
1b2d546f-4e00-4a3e-a81d-3b1fa933dcaa,2026-06-03 15:00:00,12,2,4.0,1.2263227418307199,0.5698001724503954,1.2939270500346183,0.0,1.6666666666666667,4.0,False,below within-person threshold
1b2d546f-4e00-4a3e-a81d-3b1fa933dcaa,2026-06-03 18:00:00,13,2,5.0,1.2263227418307199,0.5698001724503954,1.2939270500346183,1.0,1.6666666666666667,3.866666666666667,False,below within-person threshold
1b2d546f-4e00-4a3e-a81d-3b1fa933dcaa,2026-06-03 21:00:00,14,2,5.0,1.2263227418307199,0.5698001724503954,1.2939270500346183,0.0,0.3333333333333333,3.7333333333333343,False,below within-person threshold
1b2d546f-4e00-4a3e-a81d-3b1fa933dcaa,2026-06-04 09:00:00,15,3,4.0,1.2263227418307199,0.5698001724503954,1.2939270500346183,1.0,0.6666666666666666,3.6000000000000005,False,below within-person threshold
1b2d546f-4e00-4a3e-a81d-3b1fa933dcaa,2026-06-04 12:00:00,16,3,3.0,1.2263227418307199,0.5698001724503954,1.2939270500346183,1.0,0.6666666666666666,3.4666666666666677,False,below within-person threshold
1b2d546f-4e00-4a3e-a81d-3b1fa933dcaa,2026-06-04 15:00:00,17,3,3.0,1.2263227418307199,0.5698001724503954,1.2939270500346183,0.0,0.6666666666666666,3.3333333333333335,False,below within-person threshold
1b2d546f-4e00-4a3e-a81d-3b1fa933dcaa,2026-06-04 18:00:00,18,3,3.0,1.2263227418307199,0.5698001724503954,1.2939270500346183,0.0,0.3333333333333333,3.266666666666667,False,below within-person threshold
1b2d546f-4e00-4a3e-a81d-3b1fa933dcaa,2026-06-04 21:00:00,19,3,4.0,1.2263227418307199,0.5698001724503954,1.2939270500346183,1.0,0.3333333333333333,3.2000000000000006,False,below within-person threshold
1b2d546f-4e00-4a3e-a81d-3b1fa933dcaa,2026-06-05 09:00:00,20,4,2.0,1.2263227418307199,0.5698001724503954,1.2939270500346183,4.0,1.6666666666666667,3.1333333333333333,False,below within-person threshold
1b2d546f-4e00-4a3e-a81d-3b1fa933dcaa,2026-06-05 12:00:00,21,4,3.0,1.2263227418307199,0.5698001724503954,1.2939270500346183,1.0,2.0,3.066666666666667,False,below within-person threshold
1b2d546f-4e00-4a3e-a81d-3b1fa933dcaa,2026-06-05 15:00:00,22,4,2.0,1.2263227418307199,0.5698001724503954,1.2939270500346183,1.0,2.0,3.0,False,below within-person threshold
1b2d546f-4e00-4a3e-a81d-3b1fa933dcaa,2026-06-05 18:00:00,23,4,2.0,1.2263227418307199,0.5698001724503954,1.2939270500346183,0.0,0.6666666666666666,2.9000000000000004,False,below within-person threshold
1b2d546f-4e00-4a3e-a81d-3b1fa933dcaa,2026-06-05 21:00:00,24,4,2.0,1.2263227418307199,0.5698001724503954,1.2939270500346183,0.0,0.3333333333333333,2.8000000000000007,False,below within-person threshold
1b2d546f-4e00-4a3e-a81d-3b1fa933dcaa,2026-06-06 09:00:00,25,5,3.0,1.2263227418307199,0.5698001724503954,1.2939270500346183,1.0,0.3333333333333333,2.700000000000001,False,below within-person threshold
1b2d546f-4e00-4a3e-a81d-3b1fa933dcaa,2026-06-06 12:00:00,26,5,1.0,1.2263227418307199,0.5698001724503954,1.2939270500346183,4.0,1.6666666666666667,2.6000000000000014,False,below within-person threshold
1b2d546f-4e00-4a3e-a81d-3b1fa933dcaa,2026-06-06 15:00:00,27,5,2.0,1.2263227418307199,0.5698001724503954,1.2939270500346183,1.0,2.0,2.5,False,below within-person threshold
1b2d546f-4e00-4a3e-a81d-3b1fa933dcaa,2026-06-06 18:00:00,28,5,1.0,1.2263227418307199,0.5698001724503954,1.2939270500346183,1.0,2.0,2.4000000000000004,False,below within-person threshold
1b2d546f-4e00-4a3e-a81d-3b1fa933dcaa,2026-06-06 21:00:00,29,5,3.0,1.2263227418307199,0.5698001724503954,1.2939270500346183,4.0,2.0,2.3000000000000007,False,below within-person threshold
1b2d546f-4e00-4a3e-a81d-3b1fa933dcaa,2026-06-07 09:00:00,30,6,,1.2263227418307199,0.5698001724503954,1.2939270500346183,,2.5,2.200000000000001,False,missing or insufficient EMA data
1b2d546f-4e00-4a3e-a81d-3b1fa933dcaa,2026-06-07 12:00:00,31,6,2.0,1.2263227418307199,0.5698001724503954,1.2939270500346183,,4.0,2.5,True,prompt sent
1b2d546f-4e00-4a3e-a81d-3b1fa933dcaa,2026-06-07 15:00:00,32,6,,1.2263227418307199,0.5698001724503954,1.2939270500346183,,,2.5,False,missing or insufficient EMA data
1b2d546f-4e00-4a3e-a81d-3b1fa933dcaa,2026-06-07 18:00:00,33,6,2.0,1.2263227418307199,0.5698001724503954,1.2939270500346183,,,2.5,False,missing or insufficient EMA data
1b2d546f-4e00-4a3e-a81d-3b1fa933dcaa,2026-06-07 21:00:00,34,6,4.0,1.2263227418307199,0.5698001724503954,1.2939270500346183,4.0,4.0,2.5,True,prompt sent
1b343a17-1cff-41fa-8372-35c588dad772,2026-06-01 09:00:00,0,0,,1.0031322178082727,0.6766857440279924,0.6506856185604141,,,,False,missing or insufficient EMA data
1b343a17-1cff-41fa-8372-35c588dad772,2026-06-01 12:00:00,1,0,,1.0031322178082727,0.6766857440279924,0.6506856185604141,,,,False,missing or insufficient EMA data
1b343a17-1cff-41fa-8372-35c588dad772,2026-06-01 15:00:00,2,0,,1.0031322178082727,0.6766857440279924,0.6506856185604141,,,,False,missing or insufficient EMA data
1b343a17-1cff-41fa-8372-35c588dad772,2026-06-01 18:00:00,3,0,2.0,1.0031322178082727,0.6766857440279924,0.6506856185604141,,,,False,missing or insufficient EMA data
1b343a17-1cff-41fa-8372-35c588dad772,2026-06-01 21:00:00,4,0,,1.0031322178082727,0.6766857440279924,0.6506856185604141,,,,False,missing or insufficient EMA data
1b343a17-1cff-41fa-8372-35c588dad772,2026-06-02 09:00:00,5,1,1.0,1.0031322178082727,0.6766857440279924,0.6506856185604141,,,,False,missing or insufficient EMA data
1b343a17-1cff-41fa-8372-35c588dad772,2026-06-02 12:00:00,6,1,3.0,1.0031322178082727,0.6766857440279924,0.6506856185604141,4.0,4.0,,False,insufficient within-person history
1b343a17-1cff-41fa-8372-35c588dad772,2026-06-02 15:00:00,7,1,4.0,1.0031322178082727,0.6766857440279924,0.6506856185604141,1.0,2.5,,False,insufficient within-person history
1b343a17-1cff-41fa-8372-35c588dad772,2026-06-02 18:00:00,8,1,3.0,1.0031322178082727,0.6766857440279924,0.6506856185604141,1.0,2.0,,False,insufficient within-person history
1b343a17-1cff-41fa-8372-35c588dad772,2026-06-02 21:00:00,9,1,2.0,1.0031322178082727,0.6766857440279924,0.6506856185604141,1.0,1.0,3.4000000000000004,False,below within-person threshold
1b343a17-1cff-41fa-8372-35c588dad772,2026-06-03 09:00:00,10,2,2.0,1.0031322178082727,0.6766857440279924,0.6506856185604141,0.0,0.6666666666666666,3.1000000000000005,False,below within-person threshold
1b343a17-1cff-41fa-8372-35c588dad772,2026-06-03 12:00:00,11,2,2.0,1.0031322178082727,0.6766857440279924,0.6506856185604141,0.0,0.3333333333333333,2.8000000000000003,False,below within-person threshold
1b343a17-1cff-41fa-8372-35c588dad772,2026-06-03 15:00:00,12,2,3.0,1.0031322178082727,0.6766857440279924,0.6506856185604141,1.0,0.3333333333333333,2.5,False,below within-person threshold
1b343a17-1cff-41fa-8372-35c588dad772,2026-06-03 18:00:00,13,2,2.0,1.0031322178082727,0.6766857440279924,0.6506856185604141,1.0,0.6666666666666666,2.4000000000000004,False,below within-person threshold
1b343a17-1cff-41fa-8372-35c588dad772,2026-06-03 21:00:00,14,2,2.0,1.0031322178082727,0.6766857440279924,0.6506856185604141,0.0,0.6666666666666666,2.3000000000000003,False,below within-person threshold
1b343a17-1cff-41fa-8372-35c588dad772,2026-06-04 09:00:00,15,3,2.0,1.0031322178082727,0.6766857440279924,0.6506856185604141,0.0,0.3333333333333333,2.2,False,below within-person threshold
1b343a17-1cff-41fa-8372-35c588dad772,2026-06-04 12:00:00,16,3,3.0,1.0031322178082727,0.6766857440279924,0.6506856185604141,1.0,0.3333333333333333,2.1,False,below within-person threshold
1b343a17-1cff-41fa-8372-35c588dad772,2026-06-04 15:00:00,17,3,3.0,1.0031322178082727,0.6766857440279924,0.6506856185604141,0.0,0.3333333333333333,2.0,False,below within-person threshold
1b343a17-1cff-41fa-8372-35c588dad772,2026-06-04 18:00:00,18,3,3.0,1.0031322178082727,0.6766857440279924,0.6506856185604141,0.0,0.3333333333333333,1.8000000000000007,False,below within-person threshold
1b343a17-1cff-41fa-8372-35c588dad772,2026-06-04 21:00:00,19,3,2.0,1.0031322178082727,0.6766857440279924,0.6506856185604141,1.0,0.3333333333333333,1.6000000000000014,False,below within-person threshold
1b343a17-1cff-41fa-8372-35c588dad772,2026-06-05 09:00:00,20,4,3.0,1.0031322178082727,0.6766857440279924,0.6506856185604141,1.0,0.6666666666666666,1.4000000000000004,False,below within-person threshold
1b343a17-1cff-41fa-8372-35c588dad772,2026-06-05 12:00:00,21,4,4.0,1.0031322178082727,0.6766857440279924,0.6506856185604141,1.0,1.0,1.200000000000001,False,below within-person threshold
1b343a17-1cff-41fa-8372-35c588dad772,2026-06-05 15:00:00,22,4,4.0,1.0031322178082727,0.6766857440279924,0.6506856185604141,0.0,0.6666666666666666,1.0,False,below within-person threshold
1b343a17-1cff-41fa-8372-35c588dad772,2026-06-05 18:00:00,23,4,4.0,1.0031322178082727,0.6766857440279924,0.6506856185604141,0.0,0.3333333333333333,1.0,False,below within-person threshold
1b343a17-1cff-41fa-8372-35c588dad772,2026-06-05 21:00:00,24,4,2.0,1.0031322178082727,0.6766857440279924,0.6506856185604141,4.0,1.3333333333333333,1.0,True,prompt sent
1b343a17-1cff-41fa-8372-35c588dad772,2026-06-06 09:00:00,25,5,2.0,1.0031322178082727,0.6766857440279924,0.6506856185604141,0.0,1.3333333333333333,1.1333333333333333,True,prompt sent
1b343a17-1cff-41fa-8372-35c588dad772,2026-06-06 12:00:00,26,5,1.0,1.0031322178082727,0.6766857440279924,0.6506856185604141,1.0,1.6666666666666667,1.3333333333333333,True,prompt sent
1b343a17-1cff-41fa-8372-35c588dad772,2026-06-06 15:00:00,27,5,2.0,1.0031322178082727,0.6766857440279924,0.6506856185604141,1.0,0.6666666666666666,1.3333333333333333,False,below within-person threshold
1b343a17-1cff-41fa-8372-35c588dad772,2026-06-06 18:00:00,28,5,3.0,1.0031322178082727,0.6766857440279924,0.6506856185604141,1.0,1.0,1.3333333333333333,False,below within-person threshold
1b343a17-1cff-41fa-8372-35c588dad772,2026-06-06 21:00:00,29,5,4.0,1.0031322178082727,0.6766857440279924,0.6506856185604141,1.0,1.0,1.3333333333333333,False,below within-person threshold
1b343a17-1cff-41fa-8372-35c588dad772,2026-06-07 09:00:00,30,6,4.0,1.0031322178082727,0.6766857440279924,0.6506856185604141,0.0,0.6666666666666666,1.3333333333333333,False,below within-person threshold
1b343a17-1cff-41fa-8372-35c588dad772,2026-06-07 12:00:00,31,6,4.0,1.0031322178082727,0.6766857440279924,0.6506856185604141,0.0,0.3333333333333333,1.3333333333333333,False,below within-person threshold
1b343a17-1cff-41fa-8372-35c588dad772,2026-06-07 15:00:00,32,6,3.0,1.0031322178082727,0.6766857440279924,0.6506856185604141,1.0,0.3333333333333333,1.3333333333333333,False,below within-person threshold
1b343a17-1cff-41fa-8372-35c588dad772,2026-06-07 18:00:00,33,6,,1.0031322178082727,0.6766857440279924,0.6506856185604141,,0.5,1.2666666666666668,False,missing or insufficient EMA data
1b343a17-1cff-41fa-8372-35c588dad772,2026-06-07 21:00:00,34,6,,1.0031322178082727,0.6766857440279924,0.6506856185604141,,1.0,1.2000000000000004,False,missing or insufficient EMA data
1beaeae1-a865-492d-b831-b53f0b4a654a,2026-06-01 09:00:00,0,0,3.0,0.3910222316980359,0.3452245444160045,0.2002282202861253,,,,False,missing or insufficient EMA data
1beaeae1-a865-492d-b831-b53f0b4a654a,2026-06-01 12:00:00,1,0,3.0,0.3910222316980359,0.3452245444160045,0.2002282202861253,0.0,0.0,,False,insufficient within-person history
1beaeae1-a865-492d-b831-b53f0b4a654a,2026-06-01 15:00:00,2,0,3.0,0.3910222316980359,0.3452245444160045,0.2002282202861253,0.0,0.0,,False,insufficient within-person history
1beaeae1-a865-492d-b831-b53f0b4a654a,2026-06-01 18:00:00,3,0,3.0,0.3910222316980359,0.3452245444160045,0.2002282202861253,0.0,0.0,,False,insufficient within-person history
1beaeae1-a865-492d-b831-b53f0b4a654a,2026-06-01 21:00:00,4,0,,0.3910222316980359,0.3452245444160045,0.2002282202861253,,0.0,0.0,False,missing or insufficient EMA data
1beaeae1-a865-492d-b831-b53f0b4a654a,2026-06-02 09:00:00,5,1,3.0,0.3910222316980359,0.3452245444160045,0.2002282202861253,,0.0,0.0,False,below within-person threshold
1beaeae1-a865-492d-b831-b53f0b4a654a,2026-06-02 12:00:00,6,1,3.0,0.3910222316980359,0.3452245444160045,0.2002282202861253,0.0,0.0,0.0,False,below within-person threshold
1beaeae1-a865-492d-b831-b53f0b4a654a,2026-06-02 15:00:00,7,1,,0.3910222316980359,0.3452245444160045,0.2002282202861253,,0.0,0.0,False,missing or insufficient EMA data
1beaeae1-a865-492d-b831-b53f0b4a654a,2026-06-02 18:00:00,8,1,,0.3910222316980359,0.3452245444160045,0.2002282202861253,,0.0,0.0,False,missing or insufficient EMA data
1beaeae1-a865-492d-b831-b53f0b4a654a,2026-06-02 21:00:00,9,1,4.0,0.3910222316980359,0.3452245444160045,0.2002282202861253,,,0.0,False,missing or insufficient EMA data
1beaeae1-a865-492d-b831-b53f0b4a654a,2026-06-03 09:00:00,10,2,3.0,0.3910222316980359,0.3452245444160045,0.2002282202861253,1.0,1.0,0.0,True,prompt sent
1beaeae1-a865-492d-b831-b53f0b4a654a,2026-06-03 12:00:00,11,2,,0.3910222316980359,0.3452245444160045,0.2002282202861253,,1.0,0.0,False,missing or insufficient EMA data
1beaeae1-a865-492d-b831-b53f0b4a654a,2026-06-03 15:00:00,12,2,,0.3910222316980359,0.3452245444160045,0.2002282202861253,,1.0,0.20000000000000018,False,missing or insufficient EMA data
1beaeae1-a865-492d-b831-b53f0b4a654a,2026-06-03 18:00:00,13,2,,0.3910222316980359,0.3452245444160045,0.2002282202861253,,,1.0,False,missing or insufficient EMA data
1beaeae1-a865-492d-b831-b53f0b4a654a,2026-06-03 21:00:00,14,2,,0.3910222316980359,0.3452245444160045,0.2002282202861253,,,1.0,False,missing or insufficient EMA data
1beaeae1-a865-492d-b831-b53f0b4a654a,2026-06-04 09:00:00,15,3,,0.3910222316980359,0.3452245444160045,0.2002282202861253,,,1.0,False,missing or insufficient EMA data
1beaeae1-a865-492d-b831-b53f0b4a654a,2026-06-04 12:00:00,16,3,,0.3910222316980359,0.3452245444160045,0.2002282202861253,,,1.0,False,missing or insufficient EMA data
1beaeae1-a865-492d-b831-b53f0b4a654a,2026-06-04 15:00:00,17,3,,0.3910222316980359,0.3452245444160045,0.2002282202861253,,,1.0,False,missing or insufficient EMA data
1beaeae1-a865-492d-b831-b53f0b4a654a,2026-06-04 18:00:00,18,3,,0.3910222316980359,0.3452245444160045,0.2002282202861253,,,1.0,False,missing or insufficient EMA data
1beaeae1-a865-492d-b831-b53f0b4a654a,2026-06-04 21:00:00,19,3,,0.3910222316980359,0.3452245444160045,0.2002282202861253,,,1.0,False,missing or insufficient EMA data
1beaeae1-a865-492d-b831-b53f0b4a654a,2026-06-05 09:00:00,20,4,,0.3910222316980359,0.3452245444160045,0.2002282202861253,,,1.0,False,missing or insufficient EMA data
1beaeae1-a865-492d-b831-b53f0b4a654a,2026-06-05 12:00:00,21,4,,0.3910222316980359,0.3452245444160045,0.2002282202861253,,,1.0,False,missing or insufficient EMA data
1beaeae1-a865-492d-b831-b53f0b4a654a,2026-06-05 15:00:00,22,4,,0.3910222316980359,0.3452245444160045,0.2002282202861253,,,1.0,False,missing or insufficient EMA data
1beaeae1-a865-492d-b831-b53f0b4a654a,2026-06-05 18:00:00,23,4,,0.3910222316980359,0.3452245444160045,0.2002282202861253,,,1.0,False,missing or insufficient EMA data
1beaeae1-a865-492d-b831-b53f0b4a654a,2026-06-05 21:00:00,24,4,,0.3910222316980359,0.3452245444160045,0.2002282202861253,,,1.0,False,missing or insufficient EMA data
1beaeae1-a865-492d-b831-b53f0b4a654a,2026-06-06 09:00:00,25,5,,0.3910222316980359,0.3452245444160045,0.2002282202861253,,,1.0,False,missing or insufficient EMA data
1beaeae1-a865-492d-b831-b53f0b4a654a,2026-06-06 12:00:00,26,5,4.0,0.3910222316980359,0.3452245444160045,0.2002282202861253,,,1.0,False,missing or insufficient EMA data
1beaeae1-a865-492d-b831-b53f0b4a654a,2026-06-06 15:00:00,27,5,,0.3910222316980359,0.3452245444160045,0.2002282202861253,,,1.0,False,missing or insufficient EMA data
1beaeae1-a865-492d-b831-b53f0b4a654a,2026-06-06 18:00:00,28,5,,0.3910222316980359,0.3452245444160045,0.2002282202861253,,,1.0,False,missing or insufficient EMA data
1beaeae1-a865-492d-b831-b53f0b4a654a,2026-06-06 21:00:00,29,5,3.0,0.3910222316980359,0.3452245444160045,0.2002282202861253,,,1.0,False,missing or insufficient EMA data
1beaeae1-a865-492d-b831-b53f0b4a654a,2026-06-07 09:00:00,30,6,,0.3910222316980359,0.3452245444160045,0.2002282202861253,,,1.0,False,missing or insufficient EMA data
1beaeae1-a865-492d-b831-b53f0b4a654a,2026-06-07 12:00:00,31,6,,0.3910222316980359,0.3452245444160045,0.2002282202861253,,,1.0,False,missing or insufficient EMA data
1beaeae1-a865-492d-b831-b53f0b4a654a,2026-06-07 15:00:00,32,6,,0.3910222316980359,0.3452245444160045,0.2002282202861253,,,1.0,False,missing or insufficient EMA data
1beaeae1-a865-492d-b831-b53f0b4a654a,2026-06-07 18:00:00,33,6,,0.3910222316980359,0.3452245444160045,0.2002282202861253,,,1.0,False,missing or insufficient EMA data
1beaeae1-a865-492d-b831-b53f0b4a654a,2026-06-07 21:00:00,34,6,,0.3910222316980359,0.3452245444160045,0.2002282202861253,,,1.0,False,missing or insufficient EMA data
1d07f979-19bf-4ca9-9e2e-bdd08d5c9aeb,2026-06-01 09:00:00,0,0,1.0,0.4810427398677057,0.20133393051616272,0.3696260394347989,,,,False,missing or insufficient EMA data
1d07f979-19bf-4ca9-9e2e-bdd08d5c9aeb,2026-06-01 12:00:00,1,0,2.0,0.4810427398677057,0.20133393051616272,0.3696260394347989,1.0,1.0,,False,insufficient within-person history
1d07f979-19bf-4ca9-9e2e-bdd08d5c9aeb,2026-06-01 15:00:00,2,0,3.0,0.4810427398677057,0.20133393051616272,0.3696260394347989,1.0,1.0,,False,insufficient within-person history
1d07f979-19bf-4ca9-9e2e-bdd08d5c9aeb,2026-06-01 18:00:00,3,0,4.0,0.4810427398677057,0.20133393051616272,0.3696260394347989,1.0,1.0,,False,insufficient within-person history
1d07f979-19bf-4ca9-9e2e-bdd08d5c9aeb,2026-06-01 21:00:00,4,0,3.0,0.4810427398677057,0.20133393051616272,0.3696260394347989,1.0,1.0,1.0,False,below within-person threshold
1d07f979-19bf-4ca9-9e2e-bdd08d5c9aeb,2026-06-02 09:00:00,5,1,2.0,0.4810427398677057,0.20133393051616272,0.3696260394347989,1.0,1.0,1.0,False,below within-person threshold
1d07f979-19bf-4ca9-9e2e-bdd08d5c9aeb,2026-06-02 12:00:00,6,1,3.0,0.4810427398677057,0.20133393051616272,0.3696260394347989,1.0,1.0,1.0,False,below within-person threshold
1d07f979-19bf-4ca9-9e2e-bdd08d5c9aeb,2026-06-02 15:00:00,7,1,1.0,0.4810427398677057,0.20133393051616272,0.3696260394347989,4.0,2.0,1.0,True,prompt sent
1d07f979-19bf-4ca9-9e2e-bdd08d5c9aeb,2026-06-02 18:00:00,8,1,2.0,0.4810427398677057,0.20133393051616272,0.3696260394347989,1.0,2.0,1.0,True,prompt sent
1d07f979-19bf-4ca9-9e2e-bdd08d5c9aeb,2026-06-02 21:00:00,9,1,2.0,0.4810427398677057,0.20133393051616272,0.3696260394347989,0.0,1.6666666666666667,1.6000000000000005,True,prompt sent
1d07f979-19bf-4ca9-9e2e-bdd08d5c9aeb,2026-06-03 09:00:00,10,2,2.0,0.4810427398677057,0.20133393051616272,0.3696260394347989,0.0,0.3333333333333333,1.8000000000000003,False,below within-person threshold
1d07f979-19bf-4ca9-9e2e-bdd08d5c9aeb,2026-06-03 12:00:00,11,2,2.0,0.4810427398677057,0.20133393051616272,0.3696260394347989,0.0,0.0,1.7333333333333334,False,below within-person threshold
1d07f979-19bf-4ca9-9e2e-bdd08d5c9aeb,2026-06-03 15:00:00,12,2,1.0,0.4810427398677057,0.20133393051616272,0.3696260394347989,1.0,0.3333333333333333,1.6666666666666667,False,below within-person threshold
1d07f979-19bf-4ca9-9e2e-bdd08d5c9aeb,2026-06-03 18:00:00,13,2,1.0,0.4810427398677057,0.20133393051616272,0.3696260394347989,0.0,0.3333333333333333,1.5333333333333339,False,below within-person threshold
1d07f979-19bf-4ca9-9e2e-bdd08d5c9aeb,2026-06-03 21:00:00,14,2,2.0,0.4810427398677057,0.20133393051616272,0.3696260394347989,1.0,0.6666666666666666,1.400000000000001,False,below within-person threshold
1d07f979-19bf-4ca9-9e2e-bdd08d5c9aeb,2026-06-04 09:00:00,15,3,3.0,0.4810427398677057,0.20133393051616272,0.3696260394347989,1.0,0.6666666666666666,1.266666666666667,False,below within-person threshold
1d07f979-19bf-4ca9-9e2e-bdd08d5c9aeb,2026-06-04 12:00:00,16,3,2.0,0.4810427398677057,0.20133393051616272,0.3696260394347989,1.0,1.0,1.133333333333334,False,below within-person threshold
1d07f979-19bf-4ca9-9e2e-bdd08d5c9aeb,2026-06-04 15:00:00,17,3,2.0,0.4810427398677057,0.20133393051616272,0.3696260394347989,0.0,0.6666666666666666,1.0,False,below within-person threshold
1d07f979-19bf-4ca9-9e2e-bdd08d5c9aeb,2026-06-04 18:00:00,18,3,2.0,0.4810427398677057,0.20133393051616272,0.3696260394347989,0.0,0.3333333333333333,1.0,False,below within-person threshold
1d07f979-19bf-4ca9-9e2e-bdd08d5c9aeb,2026-06-04 21:00:00,19,3,3.0,0.4810427398677057,0.20133393051616272,0.3696260394347989,1.0,0.3333333333333333,1.0,False,below within-person threshold
1d07f979-19bf-4ca9-9e2e-bdd08d5c9aeb,2026-06-05 09:00:00,20,4,2.0,0.4810427398677057,0.20133393051616272,0.3696260394347989,1.0,0.6666666666666666,1.0,False,below within-person threshold
1d07f979-19bf-4ca9-9e2e-bdd08d5c9aeb,2026-06-05 12:00:00,21,4,2.0,0.4810427398677057,0.20133393051616272,0.3696260394347989,0.0,0.6666666666666666,1.0,False,below within-person threshold
1d07f979-19bf-4ca9-9e2e-bdd08d5c9aeb,2026-06-05 15:00:00,22,4,3.0,0.4810427398677057,0.20133393051616272,0.3696260394347989,1.0,0.6666666666666666,1.0,False,below within-person threshold
1d07f979-19bf-4ca9-9e2e-bdd08d5c9aeb,2026-06-05 18:00:00,23,4,3.0,0.4810427398677057,0.20133393051616272,0.3696260394347989,0.0,0.3333333333333333,1.0,False,below within-person threshold
1d07f979-19bf-4ca9-9e2e-bdd08d5c9aeb,2026-06-05 21:00:00,24,4,2.0,0.4810427398677057,0.20133393051616272,0.3696260394347989,1.0,0.6666666666666666,1.0,False,below within-person threshold
1d07f979-19bf-4ca9-9e2e-bdd08d5c9aeb,2026-06-06 09:00:00,25,5,2.0,0.4810427398677057,0.20133393051616272,0.3696260394347989,0.0,0.3333333333333333,1.0,False,below within-person threshold
1d07f979-19bf-4ca9-9e2e-bdd08d5c9aeb,2026-06-06 12:00:00,26,5,2.0,0.4810427398677057,0.20133393051616272,0.3696260394347989,0.0,0.3333333333333333,1.0,False,below within-person threshold
1d07f979-19bf-4ca9-9e2e-bdd08d5c9aeb,2026-06-06 15:00:00,27,5,3.0,0.4810427398677057,0.20133393051616272,0.3696260394347989,1.0,0.3333333333333333,1.0,False,below within-person threshold
1d07f979-19bf-4ca9-9e2e-bdd08d5c9aeb,2026-06-06 18:00:00,28,5,2.0,0.4810427398677057,0.20133393051616272,0.3696260394347989,1.0,0.6666666666666666,1.0,False,below within-person threshold
1d07f979-19bf-4ca9-9e2e-bdd08d5c9aeb,2026-06-06 21:00:00,29,5,2.0,0.4810427398677057,0.20133393051616272,0.3696260394347989,0.0,0.6666666666666666,1.0,False,below within-person threshold
1d07f979-19bf-4ca9-9e2e-bdd08d5c9aeb,2026-06-07 09:00:00,30,6,2.0,0.4810427398677057,0.20133393051616272,0.3696260394347989,0.0,0.3333333333333333,1.0,False,below within-person threshold
1d07f979-19bf-4ca9-9e2e-bdd08d5c9aeb,2026-06-07 12:00:00,31,6,3.0,0.4810427398677057,0.20133393051616272,0.3696260394347989,1.0,0.3333333333333333,1.0,False,below within-person threshold
1d07f979-19bf-4ca9-9e2e-bdd08d5c9aeb,2026-06-07 15:00:00,32,6,1.0,0.4810427398677057,0.20133393051616272,0.3696260394347989,4.0,1.6666666666666667,1.0,True,prompt sent
1d07f979-19bf-4ca9-9e2e-bdd08d5c9aeb,2026-06-07 18:00:00,33,6,,0.4810427398677057,0.20133393051616272,0.3696260394347989,,2.5,1.0,False,missing or insufficient EMA data
1d07f979-19bf-4ca9-9e2e-bdd08d5c9aeb,2026-06-07 21:00:00,34,6,,0.4810427398677057,0.20133393051616272,0.3696260394347989,,4.0,1.0,False,missing or insufficient EMA data
1e8d26df-de43-4d82-b054-07120f07b7cc,2026-06-01 09:00:00,0,0,,0.3645852225626672,0.254251910940828,0.1982532284846372,,,,False,missing or insufficient EMA data
1e8d26df-de43-4d82-b054-07120f07b7cc,2026-06-01 12:00:00,1,0,,0.3645852225626672,0.254251910940828,0.1982532284846372,,,,False,missing or insufficient EMA data
1e8d26df-de43-4d82-b054-07120f07b7cc,2026-06-01 15:00:00,2,0,4.0,0.3645852225626672,0.254251910940828,0.1982532284846372,,,,False,missing or insufficient EMA data
1e8d26df-de43-4d82-b054-07120f07b7cc,2026-06-01 18:00:00,3,0,3.0,0.3645852225626672,0.254251910940828,0.1982532284846372,1.0,1.0,,False,insufficient within-person history
1e8d26df-de43-4d82-b054-07120f07b7cc,2026-06-01 21:00:00,4,0,4.0,0.3645852225626672,0.254251910940828,0.1982532284846372,1.0,1.0,,False,insufficient within-person history
1e8d26df-de43-4d82-b054-07120f07b7cc,2026-06-02 09:00:00,5,1,3.0,0.3645852225626672,0.254251910940828,0.1982532284846372,1.0,1.0,,False,insufficient within-person history
1e8d26df-de43-4d82-b054-07120f07b7cc,2026-06-02 12:00:00,6,1,3.0,0.3645852225626672,0.254251910940828,0.1982532284846372,0.0,0.6666666666666666,1.0,False,below within-person threshold
1e8d26df-de43-4d82-b054-07120f07b7cc,2026-06-02 15:00:00,7,1,3.0,0.3645852225626672,0.254251910940828,0.1982532284846372,0.0,0.3333333333333333,1.0,False,below within-person threshold
1e8d26df-de43-4d82-b054-07120f07b7cc,2026-06-02 18:00:00,8,1,,0.3645852225626672,0.254251910940828,0.1982532284846372,,0.0,1.0,False,missing or insufficient EMA data
1e8d26df-de43-4d82-b054-07120f07b7cc,2026-06-02 21:00:00,9,1,4.0,0.3645852225626672,0.254251910940828,0.1982532284846372,,0.0,1.0,False,below within-person threshold
1e8d26df-de43-4d82-b054-07120f07b7cc,2026-06-03 09:00:00,10,2,3.0,0.3645852225626672,0.254251910940828,0.1982532284846372,1.0,1.0,1.0,False,below within-person threshold
1e8d26df-de43-4d82-b054-07120f07b7cc,2026-06-03 12:00:00,11,2,4.0,0.3645852225626672,0.254251910940828,0.1982532284846372,1.0,1.0,1.0,False,below within-person threshold
1e8d26df-de43-4d82-b054-07120f07b7cc,2026-06-03 15:00:00,12,2,,0.3645852225626672,0.254251910940828,0.1982532284846372,,1.0,1.0,False,missing or insufficient EMA data
1e8d26df-de43-4d82-b054-07120f07b7cc,2026-06-03 18:00:00,13,2,4.0,0.3645852225626672,0.254251910940828,0.1982532284846372,,1.0,1.0,False,below within-person threshold
1e8d26df-de43-4d82-b054-07120f07b7cc,2026-06-03 21:00:00,14,2,,0.3645852225626672,0.254251910940828,0.1982532284846372,,,1.0,False,missing or insufficient EMA data
1e8d26df-de43-4d82-b054-07120f07b7cc,2026-06-04 09:00:00,15,3,,0.3645852225626672,0.254251910940828,0.1982532284846372,,,1.0,False,missing or insufficient EMA data
1e8d26df-de43-4d82-b054-07120f07b7cc,2026-06-04 12:00:00,16,3,,0.3645852225626672,0.254251910940828,0.1982532284846372,,,1.0,False,missing or insufficient EMA data
1e8d26df-de43-4d82-b054-07120f07b7cc,2026-06-04 15:00:00,17,3,,0.3645852225626672,0.254251910940828,0.1982532284846372,,,1.0,False,missing or insufficient EMA data
1e8d26df-de43-4d82-b054-07120f07b7cc,2026-06-04 18:00:00,18,3,,0.3645852225626672,0.254251910940828,0.1982532284846372,,,1.0,False,missing or insufficient EMA data
1e8d26df-de43-4d82-b054-07120f07b7cc,2026-06-04 21:00:00,19,3,,0.3645852225626672,0.254251910940828,0.1982532284846372,,,1.0,False,missing or insufficient EMA data
1e8d26df-de43-4d82-b054-07120f07b7cc,2026-06-05 09:00:00,20,4,4.0,0.3645852225626672,0.254251910940828,0.1982532284846372,,,1.0,False,missing or insufficient EMA data
1e8d26df-de43-4d82-b054-07120f07b7cc,2026-06-05 12:00:00,21,4,4.0,0.3645852225626672,0.254251910940828,0.1982532284846372,0.0,0.0,1.0,False,below within-person threshold
1e8d26df-de43-4d82-b054-07120f07b7cc,2026-06-05 15:00:00,22,4,3.0,0.3645852225626672,0.254251910940828,0.1982532284846372,1.0,0.5,1.0,False,below within-person threshold
1e8d26df-de43-4d82-b054-07120f07b7cc,2026-06-05 18:00:00,23,4,4.0,0.3645852225626672,0.254251910940828,0.1982532284846372,1.0,0.6666666666666666,1.0,False,below within-person threshold
1e8d26df-de43-4d82-b054-07120f07b7cc,2026-06-05 21:00:00,24,4,4.0,0.3645852225626672,0.254251910940828,0.1982532284846372,0.0,0.6666666666666666,1.0,False,below within-person threshold
1e8d26df-de43-4d82-b054-07120f07b7cc,2026-06-06 09:00:00,25,5,4.0,0.3645852225626672,0.254251910940828,0.1982532284846372,0.0,0.3333333333333333,1.0,False,below within-person threshold
1e8d26df-de43-4d82-b054-07120f07b7cc,2026-06-06 12:00:00,26,5,3.0,0.3645852225626672,0.254251910940828,0.1982532284846372,1.0,0.3333333333333333,1.0,False,below within-person threshold
1e8d26df-de43-4d82-b054-07120f07b7cc,2026-06-06 15:00:00,27,5,,0.3645852225626672,0.254251910940828,0.1982532284846372,,0.5,1.0,False,missing or insufficient EMA data
1e8d26df-de43-4d82-b054-07120f07b7cc,2026-06-06 18:00:00,28,5,,0.3645852225626672,0.254251910940828,0.1982532284846372,,1.0,1.0,False,missing or insufficient EMA data
1e8d26df-de43-4d82-b054-07120f07b7cc,2026-06-06 21:00:00,29,5,,0.3645852225626672,0.254251910940828,0.1982532284846372,,,1.0,False,missing or insufficient EMA data
1e8d26df-de43-4d82-b054-07120f07b7cc,2026-06-07 09:00:00,30,6,,0.3645852225626672,0.254251910940828,0.1982532284846372,,,1.0,False,missing or insufficient EMA data
1e8d26df-de43-4d82-b054-07120f07b7cc,2026-06-07 12:00:00,31,6,,0.3645852225626672,0.254251910940828,0.1982532284846372,,,1.0,False,missing or insufficient EMA data
1e8d26df-de43-4d82-b054-07120f07b7cc,2026-06-07 15:00:00,32,6,,0.3645852225626672,0.254251910940828,0.1982532284846372,,,1.0,False,missing or insufficient EMA data
1e8d26df-de43-4d82-b054-07120f07b7cc,2026-06-07 18:00:00,33,6,,0.3645852225626672,0.254251910940828,0.1982532284846372,,,1.0,False,missing or insufficient EMA data
1e8d26df-de43-4d82-b054-07120f07b7cc,2026-06-07 21:00:00,34,6,,0.3645852225626672,0.254251910940828,0.1982532284846372,,,1.0,False,missing or insufficient EMA data
1fcc62b1-c130-4017-b274-82e0f55f814d,2026-06-01 09:00:00,0,0,,0.3535258316114942,0.540365260888824,0.11489077154029212,,,,False,missing or insufficient EMA data
1fcc62b1-c130-4017-b274-82e0f55f814d,2026-06-01 12:00:00,1,0,2.0,0.3535258316114942,0.540365260888824,0.11489077154029212,,,,False,missing or insufficient EMA data
1fcc62b1-c130-4017-b274-82e0f55f814d,2026-06-01 15:00:00,2,0,3.0,0.3535258316114942,0.540365260888824,0.11489077154029212,1.0,1.0,,False,insufficient within-person history
1fcc62b1-c130-4017-b274-82e0f55f814d,2026-06-01 18:00:00,3,0,3.0,0.3535258316114942,0.540365260888824,0.11489077154029212,0.0,0.5,,False,insufficient within-person history
1fcc62b1-c130-4017-b274-82e0f55f814d,2026-06-01 21:00:00,4,0,3.0,0.3535258316114942,0.540365260888824,0.11489077154029212,0.0,0.3333333333333333,,False,insufficient within-person history
1fcc62b1-c130-4017-b274-82e0f55f814d,2026-06-02 09:00:00,5,1,2.0,0.3535258316114942,0.540365260888824,0.11489077154029212,1.0,0.3333333333333333,0.8,False,below within-person threshold
1fcc62b1-c130-4017-b274-82e0f55f814d,2026-06-02 12:00:00,6,1,2.0,0.3535258316114942,0.540365260888824,0.11489077154029212,0.0,0.3333333333333333,0.7000000000000002,False,below within-person threshold
1fcc62b1-c130-4017-b274-82e0f55f814d,2026-06-02 15:00:00,7,1,3.0,0.3535258316114942,0.540365260888824,0.11489077154029212,1.0,0.6666666666666666,0.6000000000000001,True,prompt sent
1fcc62b1-c130-4017-b274-82e0f55f814d,2026-06-02 18:00:00,8,1,3.0,0.3535258316114942,0.540365260888824,0.11489077154029212,0.0,0.3333333333333333,0.6666666666666666,False,below within-person threshold
1fcc62b1-c130-4017-b274-82e0f55f814d,2026-06-02 21:00:00,9,1,3.0,0.3535258316114942,0.540365260888824,0.11489077154029212,0.0,0.3333333333333333,0.6333333333333334,False,below within-person threshold
1fcc62b1-c130-4017-b274-82e0f55f814d,2026-06-03 09:00:00,10,2,3.0,0.3535258316114942,0.540365260888824,0.11489077154029212,0.0,0.0,0.6000000000000001,False,below within-person threshold
1fcc62b1-c130-4017-b274-82e0f55f814d,2026-06-03 12:00:00,11,2,,0.3535258316114942,0.540365260888824,0.11489077154029212,,0.0,0.5666666666666667,False,missing or insufficient EMA data
1fcc62b1-c130-4017-b274-82e0f55f814d,2026-06-03 15:00:00,12,2,,0.3535258316114942,0.540365260888824,0.11489077154029212,,0.0,0.5333333333333333,False,missing or insufficient EMA data
1fcc62b1-c130-4017-b274-82e0f55f814d,2026-06-03 18:00:00,13,2,,0.3535258316114942,0.540365260888824,0.11489077154029212,,,0.5,False,missing or insufficient EMA data
1fcc62b1-c130-4017-b274-82e0f55f814d,2026-06-03 21:00:00,14,2,,0.3535258316114942,0.540365260888824,0.11489077154029212,,,0.5,False,missing or insufficient EMA data
1fcc62b1-c130-4017-b274-82e0f55f814d,2026-06-04 09:00:00,15,3,,0.3535258316114942,0.540365260888824,0.11489077154029212,,,0.5,False,missing or insufficient EMA data
1fcc62b1-c130-4017-b274-82e0f55f814d,2026-06-04 12:00:00,16,3,,0.3535258316114942,0.540365260888824,0.11489077154029212,,,0.5,False,missing or insufficient EMA data
1fcc62b1-c130-4017-b274-82e0f55f814d,2026-06-04 15:00:00,17,3,,0.3535258316114942,0.540365260888824,0.11489077154029212,,,0.5,False,missing or insufficient EMA data
1fcc62b1-c130-4017-b274-82e0f55f814d,2026-06-04 18:00:00,18,3,,0.3535258316114942,0.540365260888824,0.11489077154029212,,,0.5,False,missing or insufficient EMA data
1fcc62b1-c130-4017-b274-82e0f55f814d,2026-06-04 21:00:00,19,3,,0.3535258316114942,0.540365260888824,0.11489077154029212,,,0.5,False,missing or insufficient EMA data
1fcc62b1-c130-4017-b274-82e0f55f814d,2026-06-05 09:00:00,20,4,,0.3535258316114942,0.540365260888824,0.11489077154029212,,,0.5,False,missing or insufficient EMA data
1fcc62b1-c130-4017-b274-82e0f55f814d,2026-06-05 12:00:00,21,4,,0.3535258316114942,0.540365260888824,0.11489077154029212,,,0.5,False,missing or insufficient EMA data
1fcc62b1-c130-4017-b274-82e0f55f814d,2026-06-05 15:00:00,22,4,3.0,0.3535258316114942,0.540365260888824,0.11489077154029212,,,0.5,False,missing or insufficient EMA data
1fcc62b1-c130-4017-b274-82e0f55f814d,2026-06-05 18:00:00,23,4,3.0,0.3535258316114942,0.540365260888824,0.11489077154029212,0.0,0.0,0.5,False,below within-person threshold
1fcc62b1-c130-4017-b274-82e0f55f814d,2026-06-05 21:00:00,24,4,3.0,0.3535258316114942,0.540365260888824,0.11489077154029212,0.0,0.0,0.4666666666666668,False,below within-person threshold
1fcc62b1-c130-4017-b274-82e0f55f814d,2026-06-06 09:00:00,25,5,3.0,0.3535258316114942,0.540365260888824,0.11489077154029212,0.0,0.0,0.43333333333333357,False,below within-person threshold
1fcc62b1-c130-4017-b274-82e0f55f814d,2026-06-06 12:00:00,26,5,,0.3535258316114942,0.540365260888824,0.11489077154029212,,0.0,0.4,False,missing or insufficient EMA data
1fcc62b1-c130-4017-b274-82e0f55f814d,2026-06-06 15:00:00,27,5,,0.3535258316114942,0.540365260888824,0.11489077154029212,,0.0,0.3666666666666668,False,missing or insufficient EMA data
1fcc62b1-c130-4017-b274-82e0f55f814d,2026-06-06 18:00:00,28,5,,0.3535258316114942,0.540365260888824,0.11489077154029212,,,0.3333333333333333,False,missing or insufficient EMA data
1fcc62b1-c130-4017-b274-82e0f55f814d,2026-06-06 21:00:00,29,5,,0.3535258316114942,0.540365260888824,0.11489077154029212,,,0.3333333333333333,False,missing or insufficient EMA data
1fcc62b1-c130-4017-b274-82e0f55f814d,2026-06-07 09:00:00,30,6,3.0,0.3535258316114942,0.540365260888824,0.11489077154029212,,,0.3333333333333333,False,missing or insufficient EMA data
1fcc62b1-c130-4017-b274-82e0f55f814d,2026-06-07 12:00:00,31,6,2.0,0.3535258316114942,0.540365260888824,0.11489077154029212,1.0,1.0,0.3333333333333333,True,prompt sent
1fcc62b1-c130-4017-b274-82e0f55f814d,2026-06-07 15:00:00,32,6,2.0,0.3535258316114942,0.540365260888824,0.11489077154029212,0.0,0.5,0.4666666666666668,True,prompt sent
1fcc62b1-c130-4017-b274-82e0f55f814d,2026-06-07 18:00:00,33,6,,0.3535258316114942,0.540365260888824,0.11489077154029212,,0.5,0.5,False,missing or insufficient EMA data
1fcc62b1-c130-4017-b274-82e0f55f814d,2026-06-07 21:00:00,34,6,3.0,0.3535258316114942,0.540365260888824,0.11489077154029212,,0.0,0.5,False,below within-person threshold
214068b9-cfc4-4805-8ff4-37914d59496d,2026-06-01 09:00:00,0,0,3.0,0.6097356897273276,0.3840395094747918,0.45800063967885846,,,,False,missing or insufficient EMA data
214068b9-cfc4-4805-8ff4-37914d59496d,2026-06-01 12:00:00,1,0,,0.6097356897273276,0.3840395094747918,0.45800063967885846,,,,False,missing or insufficient EMA data
214068b9-cfc4-4805-8ff4-37914d59496d,2026-06-01 15:00:00,2,0,,0.6097356897273276,0.3840395094747918,0.45800063967885846,,,,False,missing or insufficient EMA data
214068b9-cfc4-4805-8ff4-37914d59496d,2026-06-01 18:00:00,3,0,2.0,0.6097356897273276,0.3840395094747918,0.45800063967885846,,,,False,missing or insufficient EMA data
214068b9-cfc4-4805-8ff4-37914d59496d,2026-06-01 21:00:00,4,0,2.0,0.6097356897273276,0.3840395094747918,0.45800063967885846,0.0,0.0,,False,insufficient within-person history
214068b9-cfc4-4805-8ff4-37914d59496d,2026-06-02 09:00:00,5,1,2.0,0.6097356897273276,0.3840395094747918,0.45800063967885846,0.0,0.0,,False,insufficient within-person history
214068b9-cfc4-4805-8ff4-37914d59496d,2026-06-02 12:00:00,6,1,2.0,0.6097356897273276,0.3840395094747918,0.45800063967885846,0.0,0.0,,False,insufficient within-person history
214068b9-cfc4-4805-8ff4-37914d59496d,2026-06-02 15:00:00,7,1,3.0,0.6097356897273276,0.3840395094747918,0.45800063967885846,1.0,0.3333333333333333,0.0,True,prompt sent
214068b9-cfc4-4805-8ff4-37914d59496d,2026-06-02 18:00:00,8,1,3.0,0.6097356897273276,0.3840395094747918,0.45800063967885846,0.0,0.3333333333333333,0.13333333333333344,True,prompt sent
214068b9-cfc4-4805-8ff4-37914d59496d,2026-06-02 21:00:00,9,1,2.0,0.6097356897273276,0.3840395094747918,0.45800063967885846,1.0,0.6666666666666666,0.3333333333333333,True,prompt sent
214068b9-cfc4-4805-8ff4-37914d59496d,2026-06-03 09:00:00,10,2,2.0,0.6097356897273276,0.3840395094747918,0.45800063967885846,0.0,0.3333333333333333,0.3333333333333333,False,below within-person threshold
214068b9-cfc4-4805-8ff4-37914d59496d,2026-06-03 12:00:00,11,2,3.0,0.6097356897273276,0.3840395094747918,0.45800063967885846,1.0,0.6666666666666666,0.3333333333333333,True,prompt sent
214068b9-cfc4-4805-8ff4-37914d59496d,2026-06-03 15:00:00,12,2,3.0,0.6097356897273276,0.3840395094747918,0.45800063967885846,0.0,0.3333333333333333,0.5333333333333334,False,below within-person threshold
214068b9-cfc4-4805-8ff4-37914d59496d,2026-06-03 18:00:00,13,2,2.0,0.6097356897273276,0.3840395094747918,0.45800063967885846,1.0,0.6666666666666666,0.4666666666666668,True,prompt sent
214068b9-cfc4-4805-8ff4-37914d59496d,2026-06-03 21:00:00,14,2,2.0,0.6097356897273276,0.3840395094747918,0.45800063967885846,0.0,0.3333333333333333,0.6666666666666666,False,below within-person threshold
214068b9-cfc4-4805-8ff4-37914d59496d,2026-06-04 09:00:00,15,3,2.0,0.6097356897273276,0.3840395094747918,0.45800063967885846,0.0,0.3333333333333333,0.6666666666666666,False,below within-person threshold
214068b9-cfc4-4805-8ff4-37914d59496d,2026-06-04 12:00:00,16,3,3.0,0.6097356897273276,0.3840395094747918,0.45800063967885846,1.0,0.3333333333333333,0.6000000000000002,False,below within-person threshold
214068b9-cfc4-4805-8ff4-37914d59496d,2026-06-04 15:00:00,17,3,3.0,0.6097356897273276,0.3840395094747918,0.45800063967885846,0.0,0.3333333333333333,0.5333333333333338,False,below within-person threshold
214068b9-cfc4-4805-8ff4-37914d59496d,2026-06-04 18:00:00,18,3,2.0,0.6097356897273276,0.3840395094747918,0.45800063967885846,1.0,0.6666666666666666,0.4666666666666668,True,prompt sent
214068b9-cfc4-4805-8ff4-37914d59496d,2026-06-04 21:00:00,19,3,2.0,0.6097356897273276,0.3840395094747918,0.45800063967885846,0.0,0.3333333333333333,0.6666666666666666,False,below within-person threshold
214068b9-cfc4-4805-8ff4-37914d59496d,2026-06-05 09:00:00,20,4,2.0,0.6097356897273276,0.3840395094747918,0.45800063967885846,0.0,0.3333333333333333,0.6666666666666666,False,below within-person threshold
214068b9-cfc4-4805-8ff4-37914d59496d,2026-06-05 12:00:00,21,4,1.0,0.6097356897273276,0.3840395094747918,0.45800063967885846,1.0,0.3333333333333333,0.6000000000000002,False,below within-person threshold
214068b9-cfc4-4805-8ff4-37914d59496d,2026-06-05 15:00:00,22,4,2.0,0.6097356897273276,0.3840395094747918,0.45800063967885846,1.0,0.6666666666666666,0.5333333333333338,True,prompt sent
214068b9-cfc4-4805-8ff4-37914d59496d,2026-06-05 18:00:00,23,4,2.0,0.6097356897273276,0.3840395094747918,0.45800063967885846,0.0,0.6666666666666666,0.6666666666666666,False,below within-person threshold
214068b9-cfc4-4805-8ff4-37914d59496d,2026-06-05 21:00:00,24,4,2.0,0.6097356897273276,0.3840395094747918,0.45800063967885846,0.0,0.3333333333333333,0.6666666666666666,False,below within-person threshold
214068b9-cfc4-4805-8ff4-37914d59496d,2026-06-06 09:00:00,25,5,3.0,0.6097356897273276,0.3840395094747918,0.45800063967885846,1.0,0.3333333333333333,0.6666666666666666,False,below within-person threshold
214068b9-cfc4-4805-8ff4-37914d59496d,2026-06-06 12:00:00,26,5,2.0,0.6097356897273276,0.3840395094747918,0.45800063967885846,1.0,0.6666666666666666,0.6666666666666666,False,below within-person threshold
214068b9-cfc4-4805-8ff4-37914d59496d,2026-06-06 15:00:00,27,5,2.0,0.6097356897273276,0.3840395094747918,0.45800063967885846,0.0,0.6666666666666666,0.6666666666666666,False,below within-person threshold
214068b9-cfc4-4805-8ff4-37914d59496d,2026-06-06 18:00:00,28,5,2.0,0.6097356897273276,0.3840395094747918,0.45800063967885846,0.0,0.3333333333333333,0.6666666666666666,False,below within-person threshold
214068b9-cfc4-4805-8ff4-37914d59496d,2026-06-06 21:00:00,29,5,2.0,0.6097356897273276,0.3840395094747918,0.45800063967885846,0.0,0.0,0.6666666666666666,False,below within-person threshold
214068b9-cfc4-4805-8ff4-37914d59496d,2026-06-07 09:00:00,30,6,2.0,0.6097356897273276,0.3840395094747918,0.45800063967885846,0.0,0.0,0.6666666666666666,False,below within-person threshold
214068b9-cfc4-4805-8ff4-37914d59496d,2026-06-07 12:00:00,31,6,2.0,0.6097356897273276,0.3840395094747918,0.45800063967885846,0.0,0.0,0.6666666666666666,False,below within-person threshold
214068b9-cfc4-4805-8ff4-37914d59496d,2026-06-07 15:00:00,32,6,,0.6097356897273276,0.3840395094747918,0.45800063967885846,,0.0,0.6666666666666666,False,missing or insufficient EMA data
214068b9-cfc4-4805-8ff4-37914d59496d,2026-06-07 18:00:00,33,6,3.0,0.6097356897273276,0.3840395094747918,0.45800063967885846,,0.0,0.6666666666666666,False,below within-person threshold
214068b9-cfc4-4805-8ff4-37914d59496d,2026-06-07 21:00:00,34,6,3.0,0.6097356897273276,0.3840395094747918,0.45800063967885846,0.0,0.0,0.6666666666666666,False,below within-person threshold
21ad2b7a-7a3c-4d78-9b9b-dc0a324b6578,2026-06-01 09:00:00,0,0,2.0,1.242504732604738,0.49233406823778336,1.5674876175894121,,,,False,missing or insufficient EMA data
21ad2b7a-7a3c-4d78-9b9b-dc0a324b6578,2026-06-01 12:00:00,1,0,1.0,1.242504732604738,0.49233406823778336,1.5674876175894121,1.0,1.0,,False,insufficient within-person history
21ad2b7a-7a3c-4d78-9b9b-dc0a324b6578,2026-06-01 15:00:00,2,0,3.0,1.242504732604738,0.49233406823778336,1.5674876175894121,4.0,2.5,,False,insufficient within-person history
21ad2b7a-7a3c-4d78-9b9b-dc0a324b6578,2026-06-01 18:00:00,3,0,3.0,1.242504732604738,0.49233406823778336,1.5674876175894121,0.0,1.6666666666666667,,False,insufficient within-person history
21ad2b7a-7a3c-4d78-9b9b-dc0a324b6578,2026-06-01 21:00:00,4,0,3.0,1.242504732604738,0.49233406823778336,1.5674876175894121,0.0,1.3333333333333333,2.166666666666667,False,below within-person threshold
21ad2b7a-7a3c-4d78-9b9b-dc0a324b6578,2026-06-02 09:00:00,5,1,2.0,1.242504732604738,0.49233406823778336,1.5674876175894121,1.0,0.3333333333333333,2.0000000000000004,False,below within-person threshold
21ad2b7a-7a3c-4d78-9b9b-dc0a324b6578,2026-06-02 12:00:00,6,1,2.0,1.242504732604738,0.49233406823778336,1.5674876175894121,0.0,0.3333333333333333,1.8333333333333335,False,below within-person threshold
21ad2b7a-7a3c-4d78-9b9b-dc0a324b6578,2026-06-02 15:00:00,7,1,4.0,1.242504732604738,0.49233406823778336,1.5674876175894121,4.0,1.6666666666666667,1.6666666666666667,False,below within-person threshold
21ad2b7a-7a3c-4d78-9b9b-dc0a324b6578,2026-06-02 18:00:00,8,1,4.0,1.242504732604738,0.49233406823778336,1.5674876175894121,0.0,1.3333333333333333,1.6666666666666667,False,below within-person threshold
21ad2b7a-7a3c-4d78-9b9b-dc0a324b6578,2026-06-02 21:00:00,9,1,,1.242504732604738,0.49233406823778336,1.5674876175894121,,2.0,1.6666666666666667,False,missing or insufficient EMA data
21ad2b7a-7a3c-4d78-9b9b-dc0a324b6578,2026-06-03 09:00:00,10,2,,1.242504732604738,0.49233406823778336,1.5674876175894121,,0.0,1.8000000000000003,False,missing or insufficient EMA data
21ad2b7a-7a3c-4d78-9b9b-dc0a324b6578,2026-06-03 12:00:00,11,2,,1.242504732604738,0.49233406823778336,1.5674876175894121,,,1.7333333333333334,False,missing or insufficient EMA data
21ad2b7a-7a3c-4d78-9b9b-dc0a324b6578,2026-06-03 15:00:00,12,2,,1.242504732604738,0.49233406823778336,1.5674876175894121,,,1.7333333333333334,False,missing or insufficient EMA data
21ad2b7a-7a3c-4d78-9b9b-dc0a324b6578,2026-06-03 18:00:00,13,2,2.0,1.242504732604738,0.49233406823778336,1.5674876175894121,,,1.7333333333333334,False,missing or insufficient EMA data
21ad2b7a-7a3c-4d78-9b9b-dc0a324b6578,2026-06-03 21:00:00,14,2,,1.242504732604738,0.49233406823778336,1.5674876175894121,,,1.7333333333333334,False,missing or insufficient EMA data
21ad2b7a-7a3c-4d78-9b9b-dc0a324b6578,2026-06-04 09:00:00,15,3,,1.242504732604738,0.49233406823778336,1.5674876175894121,,,1.7333333333333334,False,missing or insufficient EMA data
21ad2b7a-7a3c-4d78-9b9b-dc0a324b6578,2026-06-04 12:00:00,16,3,4.0,1.242504732604738,0.49233406823778336,1.5674876175894121,,,1.7333333333333334,False,missing or insufficient EMA data
21ad2b7a-7a3c-4d78-9b9b-dc0a324b6578,2026-06-04 15:00:00,17,3,3.0,1.242504732604738,0.49233406823778336,1.5674876175894121,1.0,1.0,1.7333333333333334,False,below within-person threshold
21ad2b7a-7a3c-4d78-9b9b-dc0a324b6578,2026-06-04 18:00:00,18,3,2.0,1.242504732604738,0.49233406823778336,1.5674876175894121,1.0,1.0,1.6666666666666667,False,below within-person threshold
21ad2b7a-7a3c-4d78-9b9b-dc0a324b6578,2026-06-04 21:00:00,19,3,,1.242504732604738,0.49233406823778336,1.5674876175894121,,1.0,1.6666666666666667,False,missing or insufficient EMA data
21ad2b7a-7a3c-4d78-9b9b-dc0a324b6578,2026-06-05 09:00:00,20,4,,1.242504732604738,0.49233406823778336,1.5674876175894121,,1.0,1.6666666666666667,False,missing or insufficient EMA data
21ad2b7a-7a3c-4d78-9b9b-dc0a324b6578,2026-06-05 12:00:00,21,4,,1.242504732604738,0.49233406823778336,1.5674876175894121,,,1.6666666666666667,False,missing or insufficient EMA data
21ad2b7a-7a3c-4d78-9b9b-dc0a324b6578,2026-06-05 15:00:00,22,4,,1.242504732604738,0.49233406823778336,1.5674876175894121,,,1.6666666666666667,False,missing or insufficient EMA data
21ad2b7a-7a3c-4d78-9b9b-dc0a324b6578,2026-06-05 18:00:00,23,4,,1.242504732604738,0.49233406823778336,1.5674876175894121,,,1.6666666666666667,False,missing or insufficient EMA data
21ad2b7a-7a3c-4d78-9b9b-dc0a324b6578,2026-06-05 21:00:00,24,4,,1.242504732604738,0.49233406823778336,1.5674876175894121,,,1.6666666666666667,False,missing or insufficient EMA data
21ad2b7a-7a3c-4d78-9b9b-dc0a324b6578,2026-06-06 09:00:00,25,5,3.0,1.242504732604738,0.49233406823778336,1.5674876175894121,,,1.6666666666666667,False,missing or insufficient EMA data
21ad2b7a-7a3c-4d78-9b9b-dc0a324b6578,2026-06-06 12:00:00,26,5,3.0,1.242504732604738,0.49233406823778336,1.5674876175894121,0.0,0.0,1.6666666666666667,False,below within-person threshold
21ad2b7a-7a3c-4d78-9b9b-dc0a324b6578,2026-06-06 15:00:00,27,5,5.0,1.242504732604738,0.49233406823778336,1.5674876175894121,4.0,2.0,1.6666666666666667,True,prompt sent
21ad2b7a-7a3c-4d78-9b9b-dc0a324b6578,2026-06-06 18:00:00,28,5,3.0,1.242504732604738,0.49233406823778336,1.5674876175894121,4.0,2.6666666666666665,1.6666666666666667,True,prompt sent
21ad2b7a-7a3c-4d78-9b9b-dc0a324b6578,2026-06-06 21:00:00,29,5,3.0,1.242504732604738,0.49233406823778336,1.5674876175894121,0.0,2.6666666666666665,1.9333333333333336,True,prompt sent
21ad2b7a-7a3c-4d78-9b9b-dc0a324b6578,2026-06-07 09:00:00,30,6,4.0,1.242504732604738,0.49233406823778336,1.5674876175894121,1.0,1.6666666666666667,2.0,False,below within-person threshold
21ad2b7a-7a3c-4d78-9b9b-dc0a324b6578,2026-06-07 12:00:00,31,6,4.0,1.242504732604738,0.49233406823778336,1.5674876175894121,0.0,0.3333333333333333,2.0,False,below within-person threshold
21ad2b7a-7a3c-4d78-9b9b-dc0a324b6578,2026-06-07 15:00:00,32,6,,1.242504732604738,0.49233406823778336,1.5674876175894121,,0.5,2.0,False,missing or insufficient EMA data
21ad2b7a-7a3c-4d78-9b9b-dc0a324b6578,2026-06-07 18:00:00,33,6,,1.242504732604738,0.49233406823778336,1.5674876175894121,,0.0,2.0,False,missing or insufficient EMA data
21ad2b7a-7a3c-4d78-9b9b-dc0a324b6578,2026-06-07 21:00:00,34,6,4.0,1.242504732604738,0.49233406823778336,1.5674876175894121,,,1.9333333333333336,False,missing or insufficient EMA data
2419d859-e10f-4a78-a32f-e255444a58a7,2026-06-01 09:00:00,0,0,3.0,1.380244395278202,0.6245022681023843,1.4307023758049213,,,,False,missing or insufficient EMA data
2419d859-e10f-4a78-a32f-e255444a58a7,2026-06-01 12:00:00,1,0,4.0,1.380244395278202,0.6245022681023843,1.4307023758049213,1.0,1.0,,False,insufficient within-person history
2419d859-e10f-4a78-a32f-e255444a58a7,2026-06-01 15:00:00,2,0,3.0,1.380244395278202,0.6245022681023843,1.4307023758049213,1.0,1.0,,False,insufficient within-person history
2419d859-e10f-4a78-a32f-e255444a58a7,2026-06-01 18:00:00,3,0,3.0,1.380244395278202,0.6245022681023843,1.4307023758049213,0.0,0.6666666666666666,,False,insufficient within-person history
2419d859-e10f-4a78-a32f-e255444a58a7,2026-06-01 21:00:00,4,0,4.0,1.380244395278202,0.6245022681023843,1.4307023758049213,1.0,0.6666666666666666,1.0,False,below within-person threshold
2419d859-e10f-4a78-a32f-e255444a58a7,2026-06-02 09:00:00,5,1,4.0,1.380244395278202,0.6245022681023843,1.4307023758049213,0.0,0.3333333333333333,1.0,False,below within-person threshold
2419d859-e10f-4a78-a32f-e255444a58a7,2026-06-02 12:00:00,6,1,3.0,1.380244395278202,0.6245022681023843,1.4307023758049213,1.0,0.6666666666666666,1.0,False,below within-person threshold
2419d859-e10f-4a78-a32f-e255444a58a7,2026-06-02 15:00:00,7,1,4.0,1.380244395278202,0.6245022681023843,1.4307023758049213,1.0,0.6666666666666666,1.0,False,below within-person threshold
2419d859-e10f-4a78-a32f-e255444a58a7,2026-06-02 18:00:00,8,1,4.0,1.380244395278202,0.6245022681023843,1.4307023758049213,0.0,0.6666666666666666,0.9333333333333336,False,below within-person threshold
2419d859-e10f-4a78-a32f-e255444a58a7,2026-06-02 21:00:00,9,1,3.0,1.380244395278202,0.6245022681023843,1.4307023758049213,1.0,0.6666666666666666,0.8666666666666668,False,below within-person threshold
2419d859-e10f-4a78-a32f-e255444a58a7,2026-06-03 09:00:00,10,2,2.0,1.380244395278202,0.6245022681023843,1.4307023758049213,1.0,0.6666666666666666,0.8,False,below within-person threshold
2419d859-e10f-4a78-a32f-e255444a58a7,2026-06-03 12:00:00,11,2,,1.380244395278202,0.6245022681023843,1.4307023758049213,,1.0,0.7333333333333334,False,missing or insufficient EMA data
2419d859-e10f-4a78-a32f-e255444a58a7,2026-06-03 15:00:00,12,2,,1.380244395278202,0.6245022681023843,1.4307023758049213,,1.0,1.0,False,missing or insufficient EMA data
2419d859-e10f-4a78-a32f-e255444a58a7,2026-06-03 18:00:00,13,2,,1.380244395278202,0.6245022681023843,1.4307023758049213,,,1.0,False,missing or insufficient EMA data
2419d859-e10f-4a78-a32f-e255444a58a7,2026-06-03 21:00:00,14,2,3.0,1.380244395278202,0.6245022681023843,1.4307023758049213,,,1.0,False,missing or insufficient EMA data
2419d859-e10f-4a78-a32f-e255444a58a7,2026-06-04 09:00:00,15,3,1.0,1.380244395278202,0.6245022681023843,1.4307023758049213,4.0,4.0,1.0,True,prompt sent
2419d859-e10f-4a78-a32f-e255444a58a7,2026-06-04 12:00:00,16,3,2.0,1.380244395278202,0.6245022681023843,1.4307023758049213,1.0,2.5,1.0,True,prompt sent
2419d859-e10f-4a78-a32f-e255444a58a7,2026-06-04 15:00:00,17,3,4.0,1.380244395278202,0.6245022681023843,1.4307023758049213,4.0,3.0,1.0,True,prompt sent
2419d859-e10f-4a78-a32f-e255444a58a7,2026-06-04 18:00:00,18,3,3.0,1.380244395278202,0.6245022681023843,1.4307023758049213,1.0,2.0,1.3000000000000016,True,prompt sent
2419d859-e10f-4a78-a32f-e255444a58a7,2026-06-04 21:00:00,19,3,,1.380244395278202,0.6245022681023843,1.4307023758049213,,2.5,2.0,False,missing or insufficient EMA data
2419d859-e10f-4a78-a32f-e255444a58a7,2026-06-05 09:00:00,20,4,,1.380244395278202,0.6245022681023843,1.4307023758049213,,1.0,2.4000000000000004,False,missing or insufficient EMA data
2419d859-e10f-4a78-a32f-e255444a58a7,2026-06-05 12:00:00,21,4,4.0,1.380244395278202,0.6245022681023843,1.4307023758049213,,,2.3000000000000007,False,missing or insufficient EMA data
2419d859-e10f-4a78-a32f-e255444a58a7,2026-06-05 15:00:00,22,4,5.0,1.380244395278202,0.6245022681023843,1.4307023758049213,1.0,1.0,2.3000000000000007,False,below within-person threshold
2419d859-e10f-4a78-a32f-e255444a58a7,2026-06-05 18:00:00,23,4,5.0,1.380244395278202,0.6245022681023843,1.4307023758049213,0.0,0.5,2.2,False,below within-person threshold
2419d859-e10f-4a78-a32f-e255444a58a7,2026-06-05 21:00:00,24,4,4.0,1.380244395278202,0.6245022681023843,1.4307023758049213,1.0,0.6666666666666666,2.1000000000000005,False,below within-person threshold
2419d859-e10f-4a78-a32f-e255444a58a7,2026-06-06 09:00:00,25,5,4.0,1.380244395278202,0.6245022681023843,1.4307023758049213,0.0,0.3333333333333333,2.0,False,below within-person threshold
2419d859-e10f-4a78-a32f-e255444a58a7,2026-06-06 12:00:00,26,5,2.0,1.380244395278202,0.6245022681023843,1.4307023758049213,4.0,1.6666666666666667,1.8000000000000007,False,below within-person threshold
2419d859-e10f-4a78-a32f-e255444a58a7,2026-06-06 15:00:00,27,5,1.0,1.380244395278202,0.6245022681023843,1.4307023758049213,1.0,1.6666666666666667,1.8666666666666671,False,below within-person threshold
2419d859-e10f-4a78-a32f-e255444a58a7,2026-06-06 18:00:00,28,5,2.0,1.380244395278202,0.6245022681023843,1.4307023758049213,1.0,2.0,1.8000000000000007,True,prompt sent
2419d859-e10f-4a78-a32f-e255444a58a7,2026-06-06 21:00:00,29,5,3.0,1.380244395278202,0.6245022681023843,1.4307023758049213,1.0,1.0,2.0,False,below within-person threshold
2419d859-e10f-4a78-a32f-e255444a58a7,2026-06-07 09:00:00,30,6,3.0,1.380244395278202,0.6245022681023843,1.4307023758049213,0.0,0.6666666666666666,2.0,False,below within-person threshold
2419d859-e10f-4a78-a32f-e255444a58a7,2026-06-07 12:00:00,31,6,3.0,1.380244395278202,0.6245022681023843,1.4307023758049213,0.0,0.3333333333333333,1.9333333333333336,False,below within-person threshold
2419d859-e10f-4a78-a32f-e255444a58a7,2026-06-07 15:00:00,32,6,4.0,1.380244395278202,0.6245022681023843,1.4307023758049213,1.0,0.3333333333333333,1.8666666666666671,False,below within-person threshold
2419d859-e10f-4a78-a32f-e255444a58a7,2026-06-07 18:00:00,33,6,3.0,1.380244395278202,0.6245022681023843,1.4307023758049213,1.0,0.6666666666666666,1.8000000000000007,False,below within-person threshold
2419d859-e10f-4a78-a32f-e255444a58a7,2026-06-07 21:00:00,34,6,4.0,1.380244395278202,0.6245022681023843,1.4307023758049213,1.0,1.0,1.7333333333333343,False,below within-person threshold
267f72c4-6963-4178-b149-11198227e45c,2026-06-01 09:00:00,0,0,4.0,0.8665395016978243,0.40349685261628276,0.8958173413296131,,,,False,missing or insufficient EMA data
267f72c4-6963-4178-b149-11198227e45c,2026-06-01 12:00:00,1,0,5.0,0.8665395016978243,0.40349685261628276,0.8958173413296131,1.0,1.0,,False,insufficient within-person history
267f72c4-6963-4178-b149-11198227e45c,2026-06-01 15:00:00,2,0,4.0,0.8665395016978243,0.40349685261628276,0.8958173413296131,1.0,1.0,,False,insufficient within-person history
267f72c4-6963-4178-b149-11198227e45c,2026-06-01 18:00:00,3,0,4.0,0.8665395016978243,0.40349685261628276,0.8958173413296131,0.0,0.6666666666666666,,False,insufficient within-person history
267f72c4-6963-4178-b149-11198227e45c,2026-06-01 21:00:00,4,0,5.0,0.8665395016978243,0.40349685261628276,0.8958173413296131,1.0,0.6666666666666666,1.0,False,below within-person threshold
267f72c4-6963-4178-b149-11198227e45c,2026-06-02 09:00:00,5,1,,0.8665395016978243,0.40349685261628276,0.8958173413296131,,0.5,1.0,False,missing or insufficient EMA data
267f72c4-6963-4178-b149-11198227e45c,2026-06-02 12:00:00,6,1,,0.8665395016978243,0.40349685261628276,0.8958173413296131,,1.0,1.0,False,missing or insufficient EMA data
267f72c4-6963-4178-b149-11198227e45c,2026-06-02 15:00:00,7,1,,0.8665395016978243,0.40349685261628276,0.8958173413296131,,,1.0,False,missing or insufficient EMA data
267f72c4-6963-4178-b149-11198227e45c,2026-06-02 18:00:00,8,1,,0.8665395016978243,0.40349685261628276,0.8958173413296131,,,1.0,False,missing or insufficient EMA data
267f72c4-6963-4178-b149-11198227e45c,2026-06-02 21:00:00,9,1,,0.8665395016978243,0.40349685261628276,0.8958173413296131,,,1.0,False,missing or insufficient EMA data
267f72c4-6963-4178-b149-11198227e45c,2026-06-03 09:00:00,10,2,3.0,0.8665395016978243,0.40349685261628276,0.8958173413296131,,,1.0,False,missing or insufficient EMA data
267f72c4-6963-4178-b149-11198227e45c,2026-06-03 12:00:00,11,2,2.0,0.8665395016978243,0.40349685261628276,0.8958173413296131,1.0,1.0,1.0,False,below within-person threshold
267f72c4-6963-4178-b149-11198227e45c,2026-06-03 15:00:00,12,2,3.0,0.8665395016978243,0.40349685261628276,0.8958173413296131,1.0,1.0,1.0,False,below within-person threshold
267f72c4-6963-4178-b149-11198227e45c,2026-06-03 18:00:00,13,2,2.0,0.8665395016978243,0.40349685261628276,0.8958173413296131,1.0,1.0,1.0,False,below within-person threshold
267f72c4-6963-4178-b149-11198227e45c,2026-06-03 21:00:00,14,2,4.0,0.8665395016978243,0.40349685261628276,0.8958173413296131,4.0,2.0,1.0,True,prompt sent
267f72c4-6963-4178-b149-11198227e45c,2026-06-04 09:00:00,15,3,3.0,0.8665395016978243,0.40349685261628276,0.8958173413296131,1.0,2.0,1.0,True,prompt sent
267f72c4-6963-4178-b149-11198227e45c,2026-06-04 12:00:00,16,3,3.0,0.8665395016978243,0.40349685261628276,0.8958173413296131,0.0,1.6666666666666667,1.0,True,prompt sent
267f72c4-6963-4178-b149-11198227e45c,2026-06-04 15:00:00,17,3,3.0,0.8665395016978243,0.40349685261628276,0.8958173413296131,0.0,0.3333333333333333,1.5333333333333339,False,below within-person threshold
267f72c4-6963-4178-b149-11198227e45c,2026-06-04 18:00:00,18,3,4.0,0.8665395016978243,0.40349685261628276,0.8958173413296131,1.0,0.3333333333333333,1.400000000000001,False,below within-person threshold
267f72c4-6963-4178-b149-11198227e45c,2026-06-04 21:00:00,19,3,4.0,0.8665395016978243,0.40349685261628276,0.8958173413296131,0.0,0.3333333333333333,1.266666666666667,False,below within-person threshold
267f72c4-6963-4178-b149-11198227e45c,2026-06-05 09:00:00,20,4,4.0,0.8665395016978243,0.40349685261628276,0.8958173413296131,0.0,0.3333333333333333,1.133333333333334,False,below within-person threshold
267f72c4-6963-4178-b149-11198227e45c,2026-06-05 12:00:00,21,4,4.0,0.8665395016978243,0.40349685261628276,0.8958173413296131,0.0,0.0,1.0,False,below within-person threshold
267f72c4-6963-4178-b149-11198227e45c,2026-06-05 15:00:00,22,4,3.0,0.8665395016978243,0.40349685261628276,0.8958173413296131,1.0,0.3333333333333333,1.0,False,below within-person threshold
267f72c4-6963-4178-b149-11198227e45c,2026-06-05 18:00:00,23,4,2.0,0.8665395016978243,0.40349685261628276,0.8958173413296131,1.0,0.6666666666666666,1.0,False,below within-person threshold
267f72c4-6963-4178-b149-11198227e45c,2026-06-05 21:00:00,24,4,4.0,0.8665395016978243,0.40349685261628276,0.8958173413296131,4.0,2.0,1.0,True,prompt sent
267f72c4-6963-4178-b149-11198227e45c,2026-06-06 09:00:00,25,5,4.0,0.8665395016978243,0.40349685261628276,0.8958173413296131,0.0,1.6666666666666667,1.133333333333334,True,prompt sent
267f72c4-6963-4178-b149-11198227e45c,2026-06-06 12:00:00,26,5,4.0,0.8665395016978243,0.40349685261628276,0.8958173413296131,0.0,1.3333333333333333,1.6666666666666667,False,below within-person threshold
267f72c4-6963-4178-b149-11198227e45c,2026-06-06 15:00:00,27,5,,0.8665395016978243,0.40349685261628276,0.8958173413296131,,0.0,1.6000000000000003,False,missing or insufficient EMA data
267f72c4-6963-4178-b149-11198227e45c,2026-06-06 18:00:00,28,5,3.0,0.8665395016978243,0.40349685261628276,0.8958173413296131,,0.0,1.5333333333333339,False,below within-person threshold
267f72c4-6963-4178-b149-11198227e45c,2026-06-06 21:00:00,29,5,3.0,0.8665395016978243,0.40349685261628276,0.8958173413296131,0.0,0.0,1.4666666666666675,False,below within-person threshold
267f72c4-6963-4178-b149-11198227e45c,2026-06-07 09:00:00,30,6,3.0,0.8665395016978243,0.40349685261628276,0.8958173413296131,0.0,0.0,1.4000000000000008,False,below within-person threshold
267f72c4-6963-4178-b149-11198227e45c,2026-06-07 12:00:00,31,6,3.0,0.8665395016978243,0.40349685261628276,0.8958173413296131,0.0,0.0,1.3333333333333333,False,below within-person threshold
267f72c4-6963-4178-b149-11198227e45c,2026-06-07 15:00:00,32,6,3.0,0.8665395016978243,0.40349685261628276,0.8958173413296131,0.0,0.0,1.2666666666666668,False,below within-person threshold
267f72c4-6963-4178-b149-11198227e45c,2026-06-07 18:00:00,33,6,3.0,0.8665395016978243,0.40349685261628276,0.8958173413296131,0.0,0.0,1.2000000000000004,False,below within-person threshold
267f72c4-6963-4178-b149-11198227e45c,2026-06-07 21:00:00,34,6,4.0,0.8665395016978243,0.40349685261628276,0.8958173413296131,1.0,0.3333333333333333,1.133333333333334,False,below within-person threshold
26b1985a-ad72-4cf3-88a4-a25aedb81e04,2026-06-01 09:00:00,0,0,,0.9936855783030918,0.19929034585119698,1.5812590863100167,,,,False,missing or insufficient EMA data
26b1985a-ad72-4cf3-88a4-a25aedb81e04,2026-06-01 12:00:00,1,0,,0.9936855783030918,0.19929034585119698,1.5812590863100167,,,,False,missing or insufficient EMA data
26b1985a-ad72-4cf3-88a4-a25aedb81e04,2026-06-01 15:00:00,2,0,,0.9936855783030918,0.19929034585119698,1.5812590863100167,,,,False,missing or insufficient EMA data
26b1985a-ad72-4cf3-88a4-a25aedb81e04,2026-06-01 18:00:00,3,0,3.0,0.9936855783030918,0.19929034585119698,1.5812590863100167,,,,False,missing or insufficient EMA data
26b1985a-ad72-4cf3-88a4-a25aedb81e04,2026-06-01 21:00:00,4,0,1.0,0.9936855783030918,0.19929034585119698,1.5812590863100167,4.0,4.0,,False,insufficient within-person history
26b1985a-ad72-4cf3-88a4-a25aedb81e04,2026-06-02 09:00:00,5,1,1.0,0.9936855783030918,0.19929034585119698,1.5812590863100167,0.0,2.0,,False,insufficient within-person history
26b1985a-ad72-4cf3-88a4-a25aedb81e04,2026-06-02 12:00:00,6,1,3.0,0.9936855783030918,0.19929034585119698,1.5812590863100167,4.0,2.6666666666666665,,False,insufficient within-person history
26b1985a-ad72-4cf3-88a4-a25aedb81e04,2026-06-02 15:00:00,7,1,4.0,0.9936855783030918,0.19929034585119698,1.5812590863100167,1.0,1.6666666666666667,3.466666666666667,False,below within-person threshold
26b1985a-ad72-4cf3-88a4-a25aedb81e04,2026-06-02 18:00:00,8,1,3.0,0.9936855783030918,0.19929034585119698,1.5812590863100167,1.0,2.0,3.2,False,below within-person threshold
26b1985a-ad72-4cf3-88a4-a25aedb81e04,2026-06-02 21:00:00,9,1,3.0,0.9936855783030918,0.19929034585119698,1.5812590863100167,0.0,0.6666666666666666,2.9333333333333336,False,below within-person threshold
26b1985a-ad72-4cf3-88a4-a25aedb81e04,2026-06-03 09:00:00,10,2,4.0,0.9936855783030918,0.19929034585119698,1.5812590863100167,1.0,0.6666666666666666,2.6666666666666665,False,below within-person threshold
26b1985a-ad72-4cf3-88a4-a25aedb81e04,2026-06-03 12:00:00,11,2,4.0,0.9936855783030918,0.19929034585119698,1.5812590863100167,0.0,0.3333333333333333,2.5333333333333337,False,below within-person threshold
26b1985a-ad72-4cf3-88a4-a25aedb81e04,2026-06-03 15:00:00,12,2,3.0,0.9936855783030918,0.19929034585119698,1.5812590863100167,1.0,0.6666666666666666,2.4000000000000004,False,below within-person threshold
26b1985a-ad72-4cf3-88a4-a25aedb81e04,2026-06-03 18:00:00,13,2,3.0,0.9936855783030918,0.19929034585119698,1.5812590863100167,0.0,0.3333333333333333,2.2666666666666666,False,below within-person threshold
26b1985a-ad72-4cf3-88a4-a25aedb81e04,2026-06-03 21:00:00,14,2,4.0,0.9936855783030918,0.19929034585119698,1.5812590863100167,1.0,0.6666666666666666,2.1333333333333333,False,below within-person threshold
26b1985a-ad72-4cf3-88a4-a25aedb81e04,2026-06-04 09:00:00,15,3,4.0,0.9936855783030918,0.19929034585119698,1.5812590863100167,0.0,0.3333333333333333,2.0,False,below within-person threshold
26b1985a-ad72-4cf3-88a4-a25aedb81e04,2026-06-04 12:00:00,16,3,,0.9936855783030918,0.19929034585119698,1.5812590863100167,,0.5,2.0,False,missing or insufficient EMA data
26b1985a-ad72-4cf3-88a4-a25aedb81e04,2026-06-04 15:00:00,17,3,3.0,0.9936855783030918,0.19929034585119698,1.5812590863100167,,0.0,2.0,False,below within-person threshold
26b1985a-ad72-4cf3-88a4-a25aedb81e04,2026-06-04 18:00:00,18,3,3.0,0.9936855783030918,0.19929034585119698,1.5812590863100167,0.0,0.0,2.0,False,below within-person threshold
26b1985a-ad72-4cf3-88a4-a25aedb81e04,2026-06-04 21:00:00,19,3,2.0,0.9936855783030918,0.19929034585119698,1.5812590863100167,1.0,0.5,2.0,False,below within-person threshold
26b1985a-ad72-4cf3-88a4-a25aedb81e04,2026-06-05 09:00:00,20,4,2.0,0.9936855783030918,0.19929034585119698,1.5812590863100167,0.0,0.3333333333333333,2.0,False,below within-person threshold
26b1985a-ad72-4cf3-88a4-a25aedb81e04,2026-06-05 12:00:00,21,4,3.0,0.9936855783030918,0.19929034585119698,1.5812590863100167,1.0,0.6666666666666666,1.9333333333333336,False,below within-person threshold
26b1985a-ad72-4cf3-88a4-a25aedb81e04,2026-06-05 15:00:00,22,4,2.0,0.9936855783030918,0.19929034585119698,1.5812590863100167,1.0,0.6666666666666666,1.8666666666666671,False,below within-person threshold
26b1985a-ad72-4cf3-88a4-a25aedb81e04,2026-06-05 18:00:00,23,4,3.0,0.9936855783030918,0.19929034585119698,1.5812590863100167,1.0,1.0,1.8000000000000003,False,below within-person threshold
26b1985a-ad72-4cf3-88a4-a25aedb81e04,2026-06-05 21:00:00,24,4,3.0,0.9936855783030918,0.19929034585119698,1.5812590863100167,0.0,0.6666666666666666,1.7333333333333338,False,below within-person threshold
26b1985a-ad72-4cf3-88a4-a25aedb81e04,2026-06-06 09:00:00,25,5,4.0,0.9936855783030918,0.19929034585119698,1.5812590863100167,1.0,0.6666666666666666,1.6666666666666667,False,below within-person threshold
26b1985a-ad72-4cf3-88a4-a25aedb81e04,2026-06-06 12:00:00,26,5,1.0,0.9936855783030918,0.19929034585119698,1.5812590863100167,9.0,3.3333333333333335,1.5333333333333339,True,prompt sent
26b1985a-ad72-4cf3-88a4-a25aedb81e04,2026-06-06 15:00:00,27,5,,0.9936855783030918,0.19929034585119698,1.5812590863100167,,5.0,1.8666666666666671,False,missing or insufficient EMA data
26b1985a-ad72-4cf3-88a4-a25aedb81e04,2026-06-06 18:00:00,28,5,,0.9936855783030918,0.19929034585119698,1.5812590863100167,,9.0,2.0,False,missing or insufficient EMA data
26b1985a-ad72-4cf3-88a4-a25aedb81e04,2026-06-06 21:00:00,29,5,,0.9936855783030918,0.19929034585119698,1.5812590863100167,,,2.133333333333335,False,missing or insufficient EMA data
26b1985a-ad72-4cf3-88a4-a25aedb81e04,2026-06-07 09:00:00,30,6,,0.9936855783030918,0.19929034585119698,1.5812590863100167,,,2.133333333333335,False,missing or insufficient EMA data
26b1985a-ad72-4cf3-88a4-a25aedb81e04,2026-06-07 12:00:00,31,6,2.0,0.9936855783030918,0.19929034585119698,1.5812590863100167,,,2.133333333333335,False,missing or insufficient EMA data
26b1985a-ad72-4cf3-88a4-a25aedb81e04,2026-06-07 15:00:00,32,6,3.0,0.9936855783030918,0.19929034585119698,1.5812590863100167,1.0,1.0,2.133333333333335,False,below within-person threshold
26b1985a-ad72-4cf3-88a4-a25aedb81e04,2026-06-07 18:00:00,33,6,2.0,0.9936855783030918,0.19929034585119698,1.5812590863100167,1.0,1.0,2.0,False,below within-person threshold
26b1985a-ad72-4cf3-88a4-a25aedb81e04,2026-06-07 21:00:00,34,6,3.0,0.9936855783030918,0.19929034585119698,1.5812590863100167,1.0,1.0,2.0,False,below within-person threshold
29f39bd4-6025-4d90-9e3c-27f99f0b83fc,2026-06-01 09:00:00,0,0,4.0,0.9781099581413859,0.45834117178443634,1.0364090163218778,,,,False,missing or insufficient EMA data
29f39bd4-6025-4d90-9e3c-27f99f0b83fc,2026-06-01 12:00:00,1,0,2.0,0.9781099581413859,0.45834117178443634,1.0364090163218778,4.0,4.0,,False,insufficient within-person history
29f39bd4-6025-4d90-9e3c-27f99f0b83fc,2026-06-01 15:00:00,2,0,4.0,0.9781099581413859,0.45834117178443634,1.0364090163218778,4.0,4.0,,False,insufficient within-person history
29f39bd4-6025-4d90-9e3c-27f99f0b83fc,2026-06-01 18:00:00,3,0,3.0,0.9781099581413859,0.45834117178443634,1.0364090163218778,1.0,3.0,,False,insufficient within-person history
29f39bd4-6025-4d90-9e3c-27f99f0b83fc,2026-06-01 21:00:00,4,0,3.0,0.9781099581413859,0.45834117178443634,1.0364090163218778,0.0,1.6666666666666667,4.0,False,below within-person threshold
29f39bd4-6025-4d90-9e3c-27f99f0b83fc,2026-06-02 09:00:00,5,1,2.0,0.9781099581413859,0.45834117178443634,1.0364090163218778,1.0,0.6666666666666666,4.0,False,below within-person threshold
29f39bd4-6025-4d90-9e3c-27f99f0b83fc,2026-06-02 12:00:00,6,1,3.0,0.9781099581413859,0.45834117178443634,1.0364090163218778,1.0,0.6666666666666666,4.0,False,below within-person threshold
29f39bd4-6025-4d90-9e3c-27f99f0b83fc,2026-06-02 15:00:00,7,1,4.0,0.9781099581413859,0.45834117178443634,1.0364090163218778,1.0,1.0,4.0,False,below within-person threshold
29f39bd4-6025-4d90-9e3c-27f99f0b83fc,2026-06-02 18:00:00,8,1,4.0,0.9781099581413859,0.45834117178443634,1.0364090163218778,0.0,0.6666666666666666,3.8000000000000007,False,below within-person threshold
29f39bd4-6025-4d90-9e3c-27f99f0b83fc,2026-06-02 21:00:00,9,1,4.0,0.9781099581413859,0.45834117178443634,1.0364090163218778,0.0,0.3333333333333333,3.6000000000000005,False,below within-person threshold
29f39bd4-6025-4d90-9e3c-27f99f0b83fc,2026-06-03 09:00:00,10,2,4.0,0.9781099581413859,0.45834117178443634,1.0364090163218778,0.0,0.0,3.4000000000000004,False,below within-person threshold
29f39bd4-6025-4d90-9e3c-27f99f0b83fc,2026-06-03 12:00:00,11,2,4.0,0.9781099581413859,0.45834117178443634,1.0364090163218778,0.0,0.0,3.2,False,below within-person threshold
29f39bd4-6025-4d90-9e3c-27f99f0b83fc,2026-06-03 15:00:00,12,2,4.0,0.9781099581413859,0.45834117178443634,1.0364090163218778,0.0,0.0,3.0,False,below within-person threshold
29f39bd4-6025-4d90-9e3c-27f99f0b83fc,2026-06-03 18:00:00,13,2,3.0,0.9781099581413859,0.45834117178443634,1.0364090163218778,1.0,0.3333333333333333,2.7333333333333343,False,below within-person threshold
29f39bd4-6025-4d90-9e3c-27f99f0b83fc,2026-06-03 21:00:00,14,2,3.0,0.9781099581413859,0.45834117178443634,1.0364090163218778,0.0,0.3333333333333333,2.4666666666666686,False,below within-person threshold
29f39bd4-6025-4d90-9e3c-27f99f0b83fc,2026-06-04 09:00:00,15,3,3.0,0.9781099581413859,0.45834117178443634,1.0364090163218778,0.0,0.3333333333333333,2.2000000000000006,False,below within-person threshold
29f39bd4-6025-4d90-9e3c-27f99f0b83fc,2026-06-04 12:00:00,16,3,,0.9781099581413859,0.45834117178443634,1.0364090163218778,,0.0,1.933333333333335,False,missing or insufficient EMA data
29f39bd4-6025-4d90-9e3c-27f99f0b83fc,2026-06-04 15:00:00,17,3,,0.9781099581413859,0.45834117178443634,1.0364090163218778,,0.0,1.6666666666666667,False,missing or insufficient EMA data
29f39bd4-6025-4d90-9e3c-27f99f0b83fc,2026-06-04 18:00:00,18,3,,0.9781099581413859,0.45834117178443634,1.0364090163218778,,,1.5333333333333339,False,missing or insufficient EMA data
29f39bd4-6025-4d90-9e3c-27f99f0b83fc,2026-06-04 21:00:00,19,3,4.0,0.9781099581413859,0.45834117178443634,1.0364090163218778,,,1.5333333333333339,False,missing or insufficient EMA data
29f39bd4-6025-4d90-9e3c-27f99f0b83fc,2026-06-05 09:00:00,20,4,3.0,0.9781099581413859,0.45834117178443634,1.0364090163218778,1.0,1.0,1.5333333333333339,False,below within-person threshold
29f39bd4-6025-4d90-9e3c-27f99f0b83fc,2026-06-05 12:00:00,21,4,4.0,0.9781099581413859,0.45834117178443634,1.0364090163218778,1.0,1.0,1.400000000000001,False,below within-person threshold
29f39bd4-6025-4d90-9e3c-27f99f0b83fc,2026-06-05 15:00:00,22,4,2.0,0.9781099581413859,0.45834117178443634,1.0364090163218778,4.0,2.0,1.266666666666667,True,prompt sent
29f39bd4-6025-4d90-9e3c-27f99f0b83fc,2026-06-05 18:00:00,23,4,2.0,0.9781099581413859,0.45834117178443634,1.0364090163218778,0.0,1.6666666666666667,1.7333333333333338,False,below within-person threshold
29f39bd4-6025-4d90-9e3c-27f99f0b83fc,2026-06-05 21:00:00,24,4,,0.9781099581413859,0.45834117178443634,1.0364090163218778,,2.0,1.6666666666666667,False,missing or insufficient EMA data
29f39bd4-6025-4d90-9e3c-27f99f0b83fc,2026-06-06 09:00:00,25,5,3.0,0.9781099581413859,0.45834117178443634,1.0364090163218778,,0.0,1.9333333333333336,False,below within-person threshold
29f39bd4-6025-4d90-9e3c-27f99f0b83fc,2026-06-06 12:00:00,26,5,3.0,0.9781099581413859,0.45834117178443634,1.0364090163218778,0.0,0.0,1.8666666666666671,False,below within-person threshold
29f39bd4-6025-4d90-9e3c-27f99f0b83fc,2026-06-06 15:00:00,27,5,4.0,0.9781099581413859,0.45834117178443634,1.0364090163218778,1.0,0.5,1.8000000000000007,False,below within-person threshold
29f39bd4-6025-4d90-9e3c-27f99f0b83fc,2026-06-06 18:00:00,28,5,4.0,0.9781099581413859,0.45834117178443634,1.0364090163218778,0.0,0.3333333333333333,1.7333333333333343,False,below within-person threshold
29f39bd4-6025-4d90-9e3c-27f99f0b83fc,2026-06-06 21:00:00,29,5,3.0,0.9781099581413859,0.45834117178443634,1.0364090163218778,1.0,0.6666666666666666,1.6666666666666667,False,below within-person threshold
29f39bd4-6025-4d90-9e3c-27f99f0b83fc,2026-06-07 09:00:00,30,6,3.0,0.9781099581413859,0.45834117178443634,1.0364090163218778,0.0,0.3333333333333333,1.6666666666666667,False,below within-person threshold
29f39bd4-6025-4d90-9e3c-27f99f0b83fc,2026-06-07 12:00:00,31,6,5.0,0.9781099581413859,0.45834117178443634,1.0364090163218778,4.0,1.6666666666666667,1.6666666666666667,False,below within-person threshold
29f39bd4-6025-4d90-9e3c-27f99f0b83fc,2026-06-07 15:00:00,32,6,4.0,0.9781099581413859,0.45834117178443634,1.0364090163218778,1.0,1.6666666666666667,1.6666666666666667,False,below within-person threshold
29f39bd4-6025-4d90-9e3c-27f99f0b83fc,2026-06-07 18:00:00,33,6,2.0,0.9781099581413859,0.45834117178443634,1.0364090163218778,4.0,3.0,1.6666666666666667,True,prompt sent
29f39bd4-6025-4d90-9e3c-27f99f0b83fc,2026-06-07 21:00:00,34,6,3.0,0.9781099581413859,0.45834117178443634,1.0364090163218778,1.0,2.0,1.6666666666666667,True,prompt sent
2ff3dfcf-ae02-4260-8ef4-d9c9b8501856,2026-06-01 09:00:00,0,0,3.0,0.30801014721409115,0.2620137788988014,0.14002587574621514,,,,False,missing or insufficient EMA data
2ff3dfcf-ae02-4260-8ef4-d9c9b8501856,2026-06-01 12:00:00,1,0,3.0,0.30801014721409115,0.2620137788988014,0.14002587574621514,0.0,0.0,,False,insufficient within-person history
2ff3dfcf-ae02-4260-8ef4-d9c9b8501856,2026-06-01 15:00:00,2,0,,0.30801014721409115,0.2620137788988014,0.14002587574621514,,0.0,,False,missing or insufficient EMA data
2ff3dfcf-ae02-4260-8ef4-d9c9b8501856,2026-06-01 18:00:00,3,0,,0.30801014721409115,0.2620137788988014,0.14002587574621514,,0.0,,False,missing or insufficient EMA data
2ff3dfcf-ae02-4260-8ef4-d9c9b8501856,2026-06-01 21:00:00,4,0,,0.30801014721409115,0.2620137788988014,0.14002587574621514,,,0.0,False,missing or insufficient EMA data
2ff3dfcf-ae02-4260-8ef4-d9c9b8501856,2026-06-02 09:00:00,5,1,,0.30801014721409115,0.2620137788988014,0.14002587574621514,,,0.0,False,missing or insufficient EMA data
2ff3dfcf-ae02-4260-8ef4-d9c9b8501856,2026-06-02 12:00:00,6,1,,0.30801014721409115,0.2620137788988014,0.14002587574621514,,,0.0,False,missing or insufficient EMA data
2ff3dfcf-ae02-4260-8ef4-d9c9b8501856,2026-06-02 15:00:00,7,1,4.0,0.30801014721409115,0.2620137788988014,0.14002587574621514,,,0.0,False,missing or insufficient EMA data
2ff3dfcf-ae02-4260-8ef4-d9c9b8501856,2026-06-02 18:00:00,8,1,3.0,0.30801014721409115,0.2620137788988014,0.14002587574621514,1.0,1.0,0.0,True,prompt sent
2ff3dfcf-ae02-4260-8ef4-d9c9b8501856,2026-06-02 21:00:00,9,1,4.0,0.30801014721409115,0.2620137788988014,0.14002587574621514,1.0,1.0,0.40000000000000036,True,prompt sent
2ff3dfcf-ae02-4260-8ef4-d9c9b8501856,2026-06-03 09:00:00,10,2,4.0,0.30801014721409115,0.2620137788988014,0.14002587574621514,0.0,0.6666666666666666,1.0,False,below within-person threshold
2ff3dfcf-ae02-4260-8ef4-d9c9b8501856,2026-06-03 12:00:00,11,2,4.0,0.30801014721409115,0.2620137788988014,0.14002587574621514,0.0,0.3333333333333333,1.0,False,below within-person threshold
2ff3dfcf-ae02-4260-8ef4-d9c9b8501856,2026-06-03 15:00:00,12,2,3.0,0.30801014721409115,0.2620137788988014,0.14002587574621514,1.0,0.3333333333333333,0.9333333333333336,False,below within-person threshold
2ff3dfcf-ae02-4260-8ef4-d9c9b8501856,2026-06-03 18:00:00,13,2,4.0,0.30801014721409115,0.2620137788988014,0.14002587574621514,1.0,0.6666666666666666,0.8666666666666668,False,below within-person threshold
2ff3dfcf-ae02-4260-8ef4-d9c9b8501856,2026-06-03 21:00:00,14,2,4.0,0.30801014721409115,0.2620137788988014,0.14002587574621514,0.0,0.6666666666666666,0.8,False,below within-person threshold
2ff3dfcf-ae02-4260-8ef4-d9c9b8501856,2026-06-04 09:00:00,15,3,3.0,0.30801014721409115,0.2620137788988014,0.14002587574621514,1.0,0.6666666666666666,0.7333333333333334,False,below within-person threshold
2ff3dfcf-ae02-4260-8ef4-d9c9b8501856,2026-06-04 12:00:00,16,3,4.0,0.30801014721409115,0.2620137788988014,0.14002587574621514,1.0,0.6666666666666666,0.6666666666666666,False,below within-person threshold
2ff3dfcf-ae02-4260-8ef4-d9c9b8501856,2026-06-04 15:00:00,17,3,4.0,0.30801014721409115,0.2620137788988014,0.14002587574621514,0.0,0.6666666666666666,0.6666666666666666,False,below within-person threshold
2ff3dfcf-ae02-4260-8ef4-d9c9b8501856,2026-06-04 18:00:00,18,3,4.0,0.30801014721409115,0.2620137788988014,0.14002587574621514,0.0,0.3333333333333333,0.6666666666666666,False,below within-person threshold
2ff3dfcf-ae02-4260-8ef4-d9c9b8501856,2026-06-04 21:00:00,19,3,4.0,0.30801014721409115,0.2620137788988014,0.14002587574621514,0.0,0.0,0.6666666666666666,False,below within-person threshold
2ff3dfcf-ae02-4260-8ef4-d9c9b8501856,2026-06-05 09:00:00,20,4,4.0,0.30801014721409115,0.2620137788988014,0.14002587574621514,0.0,0.0,0.6666666666666666,False,below within-person threshold
2ff3dfcf-ae02-4260-8ef4-d9c9b8501856,2026-06-05 12:00:00,21,4,4.0,0.30801014721409115,0.2620137788988014,0.14002587574621514,0.0,0.0,0.6666666666666666,False,below within-person threshold
2ff3dfcf-ae02-4260-8ef4-d9c9b8501856,2026-06-05 15:00:00,22,4,3.0,0.30801014721409115,0.2620137788988014,0.14002587574621514,1.0,0.3333333333333333,0.6666666666666666,False,below within-person threshold
2ff3dfcf-ae02-4260-8ef4-d9c9b8501856,2026-06-05 18:00:00,23,4,4.0,0.30801014721409115,0.2620137788988014,0.14002587574621514,1.0,0.6666666666666666,0.6666666666666666,False,below within-person threshold
2ff3dfcf-ae02-4260-8ef4-d9c9b8501856,2026-06-05 21:00:00,24,4,4.0,0.30801014721409115,0.2620137788988014,0.14002587574621514,0.0,0.6666666666666666,0.6666666666666666,False,below within-person threshold
2ff3dfcf-ae02-4260-8ef4-d9c9b8501856,2026-06-06 09:00:00,25,5,4.0,0.30801014721409115,0.2620137788988014,0.14002587574621514,0.0,0.3333333333333333,0.6666666666666666,False,below within-person threshold
2ff3dfcf-ae02-4260-8ef4-d9c9b8501856,2026-06-06 12:00:00,26,5,4.0,0.30801014721409115,0.2620137788988014,0.14002587574621514,0.0,0.0,0.6666666666666666,False,below within-person threshold
2ff3dfcf-ae02-4260-8ef4-d9c9b8501856,2026-06-06 15:00:00,27,5,4.0,0.30801014721409115,0.2620137788988014,0.14002587574621514,0.0,0.0,0.6666666666666666,False,below within-person threshold
2ff3dfcf-ae02-4260-8ef4-d9c9b8501856,2026-06-06 18:00:00,28,5,,0.30801014721409115,0.2620137788988014,0.14002587574621514,,0.0,0.6666666666666666,False,missing or insufficient EMA data
2ff3dfcf-ae02-4260-8ef4-d9c9b8501856,2026-06-06 21:00:00,29,5,,0.30801014721409115,0.2620137788988014,0.14002587574621514,,0.0,0.6666666666666666,False,missing or insufficient EMA data
2ff3dfcf-ae02-4260-8ef4-d9c9b8501856,2026-06-07 09:00:00,30,6,4.0,0.30801014721409115,0.2620137788988014,0.14002587574621514,,,0.6666666666666666,False,missing or insufficient EMA data
2ff3dfcf-ae02-4260-8ef4-d9c9b8501856,2026-06-07 12:00:00,31,6,4.0,0.30801014721409115,0.2620137788988014,0.14002587574621514,0.0,0.0,0.6666666666666666,False,below within-person threshold
2ff3dfcf-ae02-4260-8ef4-d9c9b8501856,2026-06-07 15:00:00,32,6,4.0,0.30801014721409115,0.2620137788988014,0.14002587574621514,0.0,0.0,0.6666666666666666,False,below within-person threshold
2ff3dfcf-ae02-4260-8ef4-d9c9b8501856,2026-06-07 18:00:00,33,6,4.0,0.30801014721409115,0.2620137788988014,0.14002587574621514,0.0,0.0,0.6666666666666666,False,below within-person threshold
2ff3dfcf-ae02-4260-8ef4-d9c9b8501856,2026-06-07 21:00:00,34,6,3.0,0.30801014721409115,0.2620137788988014,0.14002587574621514,1.0,0.3333333333333333,0.6666666666666666,False,below within-person threshold
37ae33a7-8ed7-45f5-8606-b2cf665f57b3,2026-06-01 09:00:00,0,0,2.0,0.9330466027757109,0.6326905911253061,0.6395414846643154,,,,False,missing or insufficient EMA data
37ae33a7-8ed7-45f5-8606-b2cf665f57b3,2026-06-01 12:00:00,1,0,3.0,0.9330466027757109,0.6326905911253061,0.6395414846643154,1.0,1.0,,False,insufficient within-person history
37ae33a7-8ed7-45f5-8606-b2cf665f57b3,2026-06-01 15:00:00,2,0,3.0,0.9330466027757109,0.6326905911253061,0.6395414846643154,0.0,0.5,,False,insufficient within-person history
37ae33a7-8ed7-45f5-8606-b2cf665f57b3,2026-06-01 18:00:00,3,0,3.0,0.9330466027757109,0.6326905911253061,0.6395414846643154,0.0,0.3333333333333333,,False,insufficient within-person history
37ae33a7-8ed7-45f5-8606-b2cf665f57b3,2026-06-01 21:00:00,4,0,2.0,0.9330466027757109,0.6326905911253061,0.6395414846643154,1.0,0.3333333333333333,0.8,False,below within-person threshold
37ae33a7-8ed7-45f5-8606-b2cf665f57b3,2026-06-02 09:00:00,5,1,2.0,0.9330466027757109,0.6326905911253061,0.6395414846643154,0.0,0.3333333333333333,0.7000000000000002,False,below within-person threshold
37ae33a7-8ed7-45f5-8606-b2cf665f57b3,2026-06-02 12:00:00,6,1,2.0,0.9330466027757109,0.6326905911253061,0.6395414846643154,0.0,0.3333333333333333,0.6000000000000001,False,below within-person threshold
37ae33a7-8ed7-45f5-8606-b2cf665f57b3,2026-06-02 15:00:00,7,1,3.0,0.9330466027757109,0.6326905911253061,0.6395414846643154,1.0,0.3333333333333333,0.5,False,below within-person threshold
37ae33a7-8ed7-45f5-8606-b2cf665f57b3,2026-06-02 18:00:00,8,1,3.0,0.9330466027757109,0.6326905911253061,0.6395414846643154,0.0,0.3333333333333333,0.4666666666666668,False,below within-person threshold
37ae33a7-8ed7-45f5-8606-b2cf665f57b3,2026-06-02 21:00:00,9,1,2.0,0.9330466027757109,0.6326905911253061,0.6395414846643154,1.0,0.6666666666666666,0.4333333333333334,True,prompt sent
37ae33a7-8ed7-45f5-8606-b2cf665f57b3,2026-06-03 09:00:00,10,2,,0.9330466027757109,0.6326905911253061,0.6395414846643154,,0.5,0.5666666666666667,False,missing or insufficient EMA data
37ae33a7-8ed7-45f5-8606-b2cf665f57b3,2026-06-03 12:00:00,11,2,,0.9330466027757109,0.6326905911253061,0.6395414846643154,,1.0,0.5333333333333333,False,missing or insufficient EMA data
37ae33a7-8ed7-45f5-8606-b2cf665f57b3,2026-06-03 15:00:00,12,2,,0.9330466027757109,0.6326905911253061,0.6395414846643154,,,0.6666666666666666,False,missing or insufficient EMA data
37ae33a7-8ed7-45f5-8606-b2cf665f57b3,2026-06-03 18:00:00,13,2,,0.9330466027757109,0.6326905911253061,0.6395414846643154,,,0.6666666666666666,False,missing or insufficient EMA data
37ae33a7-8ed7-45f5-8606-b2cf665f57b3,2026-06-03 21:00:00,14,2,,0.9330466027757109,0.6326905911253061,0.6395414846643154,,,0.6666666666666666,False,missing or insufficient EMA data
37ae33a7-8ed7-45f5-8606-b2cf665f57b3,2026-06-04 09:00:00,15,3,,0.9330466027757109,0.6326905911253061,0.6395414846643154,,,0.6666666666666666,False,missing or insufficient EMA data
37ae33a7-8ed7-45f5-8606-b2cf665f57b3,2026-06-04 12:00:00,16,3,,0.9330466027757109,0.6326905911253061,0.6395414846643154,,,0.6666666666666666,False,missing or insufficient EMA data
37ae33a7-8ed7-45f5-8606-b2cf665f57b3,2026-06-04 15:00:00,17,3,2.0,0.9330466027757109,0.6326905911253061,0.6395414846643154,,,0.6666666666666666,False,missing or insufficient EMA data
37ae33a7-8ed7-45f5-8606-b2cf665f57b3,2026-06-04 18:00:00,18,3,3.0,0.9330466027757109,0.6326905911253061,0.6395414846643154,1.0,1.0,0.6666666666666666,True,prompt sent
37ae33a7-8ed7-45f5-8606-b2cf665f57b3,2026-06-04 21:00:00,19,3,2.0,0.9330466027757109,0.6326905911253061,0.6395414846643154,1.0,1.0,0.9333333333333336,True,prompt sent
37ae33a7-8ed7-45f5-8606-b2cf665f57b3,2026-06-05 09:00:00,20,4,3.0,0.9330466027757109,0.6326905911253061,0.6395414846643154,1.0,1.0,1.0,False,below within-person threshold
37ae33a7-8ed7-45f5-8606-b2cf665f57b3,2026-06-05 12:00:00,21,4,3.0,0.9330466027757109,0.6326905911253061,0.6395414846643154,0.0,0.6666666666666666,1.0,False,below within-person threshold
37ae33a7-8ed7-45f5-8606-b2cf665f57b3,2026-06-05 15:00:00,22,4,3.0,0.9330466027757109,0.6326905911253061,0.6395414846643154,0.0,0.3333333333333333,1.0,False,below within-person threshold
37ae33a7-8ed7-45f5-8606-b2cf665f57b3,2026-06-05 18:00:00,23,4,,0.9330466027757109,0.6326905911253061,0.6395414846643154,,0.0,1.0,False,missing or insufficient EMA data
37ae33a7-8ed7-45f5-8606-b2cf665f57b3,2026-06-05 21:00:00,24,4,,0.9330466027757109,0.6326905911253061,0.6395414846643154,,0.0,1.0,False,missing or insufficient EMA data
37ae33a7-8ed7-45f5-8606-b2cf665f57b3,2026-06-06 09:00:00,25,5,2.0,0.9330466027757109,0.6326905911253061,0.6395414846643154,,,1.0,False,missing or insufficient EMA data
37ae33a7-8ed7-45f5-8606-b2cf665f57b3,2026-06-06 12:00:00,26,5,2.0,0.9330466027757109,0.6326905911253061,0.6395414846643154,0.0,0.0,1.0,False,below within-person threshold
37ae33a7-8ed7-45f5-8606-b2cf665f57b3,2026-06-06 15:00:00,27,5,2.0,0.9330466027757109,0.6326905911253061,0.6395414846643154,0.0,0.0,1.0,False,below within-person threshold
37ae33a7-8ed7-45f5-8606-b2cf665f57b3,2026-06-06 18:00:00,28,5,2.0,0.9330466027757109,0.6326905911253061,0.6395414846643154,0.0,0.0,1.0,False,below within-person threshold
37ae33a7-8ed7-45f5-8606-b2cf665f57b3,2026-06-06 21:00:00,29,5,,0.9330466027757109,0.6326905911253061,0.6395414846643154,,0.0,1.0,False,missing or insufficient EMA data
37ae33a7-8ed7-45f5-8606-b2cf665f57b3,2026-06-07 09:00:00,30,6,,0.9330466027757109,0.6326905911253061,0.6395414846643154,,0.0,0.9333333333333336,False,missing or insufficient EMA data
37ae33a7-8ed7-45f5-8606-b2cf665f57b3,2026-06-07 12:00:00,31,6,3.0,0.9330466027757109,0.6326905911253061,0.6395414846643154,,,0.8666666666666671,False,missing or insufficient EMA data
37ae33a7-8ed7-45f5-8606-b2cf665f57b3,2026-06-07 15:00:00,32,6,3.0,0.9330466027757109,0.6326905911253061,0.6395414846643154,0.0,0.0,0.8666666666666671,False,below within-person threshold
37ae33a7-8ed7-45f5-8606-b2cf665f57b3,2026-06-07 18:00:00,33,6,3.0,0.9330466027757109,0.6326905911253061,0.6395414846643154,0.0,0.0,0.8000000000000007,False,below within-person threshold
37ae33a7-8ed7-45f5-8606-b2cf665f57b3,2026-06-07 21:00:00,34,6,4.0,0.9330466027757109,0.6326905911253061,0.6395414846643154,1.0,0.3333333333333333,0.7333333333333343,False,below within-person threshold
4325a4f3-8269-4232-8022-aa8399e1a9d1,2026-06-01 09:00:00,0,0,5.0,1.0456221665357022,0.5949585070336354,0.8856845599264094,,,,False,missing or insufficient EMA data
4325a4f3-8269-4232-8022-aa8399e1a9d1,2026-06-01 12:00:00,1,0,3.0,1.0456221665357022,0.5949585070336354,0.8856845599264094,4.0,4.0,,False,insufficient within-person history
4325a4f3-8269-4232-8022-aa8399e1a9d1,2026-06-01 15:00:00,2,0,4.0,1.0456221665357022,0.5949585070336354,0.8856845599264094,1.0,2.5,,False,insufficient within-person history
4325a4f3-8269-4232-8022-aa8399e1a9d1,2026-06-01 18:00:00,3,0,3.0,1.0456221665357022,0.5949585070336354,0.8856845599264094,1.0,2.0,,False,insufficient within-person history
4325a4f3-8269-4232-8022-aa8399e1a9d1,2026-06-01 21:00:00,4,0,2.0,1.0456221665357022,0.5949585070336354,0.8856845599264094,1.0,1.0,3.4000000000000004,False,below within-person threshold
4325a4f3-8269-4232-8022-aa8399e1a9d1,2026-06-02 09:00:00,5,1,2.0,1.0456221665357022,0.5949585070336354,0.8856845599264094,0.0,0.6666666666666666,3.1000000000000005,False,below within-person threshold
4325a4f3-8269-4232-8022-aa8399e1a9d1,2026-06-02 12:00:00,6,1,,1.0456221665357022,0.5949585070336354,0.8856845599264094,,0.5,2.8000000000000003,False,missing or insufficient EMA data
4325a4f3-8269-4232-8022-aa8399e1a9d1,2026-06-02 15:00:00,7,1,,1.0456221665357022,0.5949585070336354,0.8856845599264094,,0.0,2.5,False,missing or insufficient EMA data
4325a4f3-8269-4232-8022-aa8399e1a9d1,2026-06-02 18:00:00,8,1,,1.0456221665357022,0.5949585070336354,0.8856845599264094,,,2.4000000000000004,False,missing or insufficient EMA data
4325a4f3-8269-4232-8022-aa8399e1a9d1,2026-06-02 21:00:00,9,1,,1.0456221665357022,0.5949585070336354,0.8856845599264094,,,2.4000000000000004,False,missing or insufficient EMA data
4325a4f3-8269-4232-8022-aa8399e1a9d1,2026-06-03 09:00:00,10,2,,1.0456221665357022,0.5949585070336354,0.8856845599264094,,,2.4000000000000004,False,missing or insufficient EMA data
4325a4f3-8269-4232-8022-aa8399e1a9d1,2026-06-03 12:00:00,11,2,,1.0456221665357022,0.5949585070336354,0.8856845599264094,,,2.4000000000000004,False,missing or insufficient EMA data
4325a4f3-8269-4232-8022-aa8399e1a9d1,2026-06-03 15:00:00,12,2,,1.0456221665357022,0.5949585070336354,0.8856845599264094,,,2.4000000000000004,False,missing or insufficient EMA data
4325a4f3-8269-4232-8022-aa8399e1a9d1,2026-06-03 18:00:00,13,2,4.0,1.0456221665357022,0.5949585070336354,0.8856845599264094,,,2.4000000000000004,False,missing or insufficient EMA data
4325a4f3-8269-4232-8022-aa8399e1a9d1,2026-06-03 21:00:00,14,2,,1.0456221665357022,0.5949585070336354,0.8856845599264094,,,2.4000000000000004,False,missing or insufficient EMA data
4325a4f3-8269-4232-8022-aa8399e1a9d1,2026-06-04 09:00:00,15,3,,1.0456221665357022,0.5949585070336354,0.8856845599264094,,,2.4000000000000004,False,missing or insufficient EMA data
4325a4f3-8269-4232-8022-aa8399e1a9d1,2026-06-04 12:00:00,16,3,,1.0456221665357022,0.5949585070336354,0.8856845599264094,,,2.4000000000000004,False,missing or insufficient EMA data
4325a4f3-8269-4232-8022-aa8399e1a9d1,2026-06-04 15:00:00,17,3,,1.0456221665357022,0.5949585070336354,0.8856845599264094,,,2.4000000000000004,False,missing or insufficient EMA data
4325a4f3-8269-4232-8022-aa8399e1a9d1,2026-06-04 18:00:00,18,3,3.0,1.0456221665357022,0.5949585070336354,0.8856845599264094,,,2.4000000000000004,False,missing or insufficient EMA data
4325a4f3-8269-4232-8022-aa8399e1a9d1,2026-06-04 21:00:00,19,3,3.0,1.0456221665357022,0.5949585070336354,0.8856845599264094,0.0,0.0,2.4000000000000004,False,below within-person threshold
4325a4f3-8269-4232-8022-aa8399e1a9d1,2026-06-05 09:00:00,20,4,2.0,1.0456221665357022,0.5949585070336354,0.8856845599264094,1.0,0.5,2.3000000000000003,False,below within-person threshold
4325a4f3-8269-4232-8022-aa8399e1a9d1,2026-06-05 12:00:00,21,4,3.0,1.0456221665357022,0.5949585070336354,0.8856845599264094,1.0,0.6666666666666666,2.2,False,below within-person threshold
4325a4f3-8269-4232-8022-aa8399e1a9d1,2026-06-05 15:00:00,22,4,4.0,1.0456221665357022,0.5949585070336354,0.8856845599264094,1.0,1.0,2.1,False,below within-person threshold
4325a4f3-8269-4232-8022-aa8399e1a9d1,2026-06-05 18:00:00,23,4,,1.0456221665357022,0.5949585070336354,0.8856845599264094,,1.0,2.0,False,missing or insufficient EMA data
4325a4f3-8269-4232-8022-aa8399e1a9d1,2026-06-05 21:00:00,24,4,5.0,1.0456221665357022,0.5949585070336354,0.8856845599264094,,1.0,1.8000000000000007,False,below within-person threshold
4325a4f3-8269-4232-8022-aa8399e1a9d1,2026-06-06 09:00:00,25,5,5.0,1.0456221665357022,0.5949585070336354,0.8856845599264094,0.0,0.0,1.6000000000000014,False,below within-person threshold
4325a4f3-8269-4232-8022-aa8399e1a9d1,2026-06-06 12:00:00,26,5,5.0,1.0456221665357022,0.5949585070336354,0.8856845599264094,0.0,0.0,1.4000000000000004,False,below within-person threshold
4325a4f3-8269-4232-8022-aa8399e1a9d1,2026-06-06 15:00:00,27,5,3.0,1.0456221665357022,0.5949585070336354,0.8856845599264094,4.0,1.3333333333333333,1.200000000000001,True,prompt sent
4325a4f3-8269-4232-8022-aa8399e1a9d1,2026-06-06 18:00:00,28,5,4.0,1.0456221665357022,0.5949585070336354,0.8856845599264094,1.0,1.6666666666666667,1.3333333333333333,True,prompt sent
4325a4f3-8269-4232-8022-aa8399e1a9d1,2026-06-06 21:00:00,29,5,5.0,1.0456221665357022,0.5949585070336354,0.8856845599264094,1.0,2.0,1.6000000000000003,True,prompt sent
4325a4f3-8269-4232-8022-aa8399e1a9d1,2026-06-07 09:00:00,30,6,4.0,1.0456221665357022,0.5949585070336354,0.8856845599264094,1.0,1.0,1.8666666666666671,False,below within-person threshold
4325a4f3-8269-4232-8022-aa8399e1a9d1,2026-06-07 12:00:00,31,6,,1.0456221665357022,0.5949585070336354,0.8856845599264094,,1.0,1.8000000000000003,False,missing or insufficient EMA data
4325a4f3-8269-4232-8022-aa8399e1a9d1,2026-06-07 15:00:00,32,6,,1.0456221665357022,0.5949585070336354,0.8856845599264094,,1.0,1.7333333333333338,False,missing or insufficient EMA data
4325a4f3-8269-4232-8022-aa8399e1a9d1,2026-06-07 18:00:00,33,6,,1.0456221665357022,0.5949585070336354,0.8856845599264094,,,1.6666666666666667,False,missing or insufficient EMA data
4325a4f3-8269-4232-8022-aa8399e1a9d1,2026-06-07 21:00:00,34,6,,1.0456221665357022,0.5949585070336354,0.8856845599264094,,,1.6666666666666667,False,missing or insufficient EMA data
438cfdec-990b-4865-8199-c4c7dda704d4,2026-06-01 09:00:00,0,0,3.0,0.892379969946461,0.3731132432429618,0.998432520791494,,,,False,missing or insufficient EMA data
438cfdec-990b-4865-8199-c4c7dda704d4,2026-06-01 12:00:00,1,0,3.0,0.892379969946461,0.3731132432429618,0.998432520791494,0.0,0.0,,False,insufficient within-person history
438cfdec-990b-4865-8199-c4c7dda704d4,2026-06-01 15:00:00,2,0,3.0,0.892379969946461,0.3731132432429618,0.998432520791494,0.0,0.0,,False,insufficient within-person history
438cfdec-990b-4865-8199-c4c7dda704d4,2026-06-01 18:00:00,3,0,3.0,0.892379969946461,0.3731132432429618,0.998432520791494,0.0,0.0,,False,insufficient within-person history
438cfdec-990b-4865-8199-c4c7dda704d4,2026-06-01 21:00:00,4,0,2.0,0.892379969946461,0.3731132432429618,0.998432520791494,1.0,0.3333333333333333,0.0,True,prompt sent
438cfdec-990b-4865-8199-c4c7dda704d4,2026-06-02 09:00:00,5,1,2.0,0.892379969946461,0.3731132432429618,0.998432520791494,0.0,0.3333333333333333,0.13333333333333344,True,prompt sent
438cfdec-990b-4865-8199-c4c7dda704d4,2026-06-02 12:00:00,6,1,2.0,0.892379969946461,0.3731132432429618,0.998432520791494,0.0,0.3333333333333333,0.3333333333333333,False,below within-person threshold
438cfdec-990b-4865-8199-c4c7dda704d4,2026-06-02 15:00:00,7,1,,0.892379969946461,0.3731132432429618,0.998432520791494,,0.0,0.3333333333333333,False,missing or insufficient EMA data
438cfdec-990b-4865-8199-c4c7dda704d4,2026-06-02 18:00:00,8,1,,0.892379969946461,0.3731132432429618,0.998432520791494,,0.0,0.3333333333333333,False,missing or insufficient EMA data
438cfdec-990b-4865-8199-c4c7dda704d4,2026-06-02 21:00:00,9,1,2.0,0.892379969946461,0.3731132432429618,0.998432520791494,,,0.3333333333333333,False,missing or insufficient EMA data
438cfdec-990b-4865-8199-c4c7dda704d4,2026-06-03 09:00:00,10,2,3.0,0.892379969946461,0.3731132432429618,0.998432520791494,1.0,1.0,0.3333333333333333,True,prompt sent
438cfdec-990b-4865-8199-c4c7dda704d4,2026-06-03 12:00:00,11,2,3.0,0.892379969946461,0.3731132432429618,0.998432520791494,0.0,0.5,0.3333333333333333,True,prompt sent
438cfdec-990b-4865-8199-c4c7dda704d4,2026-06-03 15:00:00,12,2,4.0,0.892379969946461,0.3731132432429618,0.998432520791494,1.0,0.6666666666666666,0.3666666666666667,True,prompt sent
438cfdec-990b-4865-8199-c4c7dda704d4,2026-06-03 18:00:00,13,2,,0.892379969946461,0.3731132432429618,0.998432520791494,,0.5,0.5,False,missing or insufficient EMA data
438cfdec-990b-4865-8199-c4c7dda704d4,2026-06-03 21:00:00,14,2,,0.892379969946461,0.3731132432429618,0.998432520791494,,1.0,0.5,False,missing or insufficient EMA data
438cfdec-990b-4865-8199-c4c7dda704d4,2026-06-04 09:00:00,15,3,,0.892379969946461,0.3731132432429618,0.998432520791494,,,0.6000000000000002,False,missing or insufficient EMA data
438cfdec-990b-4865-8199-c4c7dda704d4,2026-06-04 12:00:00,16,3,,0.892379969946461,0.3731132432429618,0.998432520791494,,,0.6000000000000002,False,missing or insufficient EMA data
438cfdec-990b-4865-8199-c4c7dda704d4,2026-06-04 15:00:00,17,3,,0.892379969946461,0.3731132432429618,0.998432520791494,,,0.6000000000000002,False,missing or insufficient EMA data
438cfdec-990b-4865-8199-c4c7dda704d4,2026-06-04 18:00:00,18,3,,0.892379969946461,0.3731132432429618,0.998432520791494,,,0.6000000000000002,False,missing or insufficient EMA data
438cfdec-990b-4865-8199-c4c7dda704d4,2026-06-04 21:00:00,19,3,,0.892379969946461,0.3731132432429618,0.998432520791494,,,0.6000000000000002,False,missing or insufficient EMA data
438cfdec-990b-4865-8199-c4c7dda704d4,2026-06-05 09:00:00,20,4,3.0,0.892379969946461,0.3731132432429618,0.998432520791494,,,0.6000000000000002,False,missing or insufficient EMA data
438cfdec-990b-4865-8199-c4c7dda704d4,2026-06-05 12:00:00,21,4,4.0,0.892379969946461,0.3731132432429618,0.998432520791494,1.0,1.0,0.6000000000000002,True,prompt sent
438cfdec-990b-4865-8199-c4c7dda704d4,2026-06-05 15:00:00,22,4,3.0,0.892379969946461,0.3731132432429618,0.998432520791494,1.0,1.0,0.8,True,prompt sent
438cfdec-990b-4865-8199-c4c7dda704d4,2026-06-05 18:00:00,23,4,,0.892379969946461,0.3731132432429618,0.998432520791494,,1.0,1.0,False,missing or insufficient EMA data
438cfdec-990b-4865-8199-c4c7dda704d4,2026-06-05 21:00:00,24,4,,0.892379969946461,0.3731132432429618,0.998432520791494,,1.0,1.0,False,missing or insufficient EMA data
438cfdec-990b-4865-8199-c4c7dda704d4,2026-06-06 09:00:00,25,5,,0.892379969946461,0.3731132432429618,0.998432520791494,,,1.0,False,missing or insufficient EMA data
438cfdec-990b-4865-8199-c4c7dda704d4,2026-06-06 12:00:00,26,5,,0.892379969946461,0.3731132432429618,0.998432520791494,,,1.0,False,missing or insufficient EMA data
438cfdec-990b-4865-8199-c4c7dda704d4,2026-06-06 15:00:00,27,5,,0.892379969946461,0.3731132432429618,0.998432520791494,,,1.0,False,missing or insufficient EMA data
438cfdec-990b-4865-8199-c4c7dda704d4,2026-06-06 18:00:00,28,5,3.0,0.892379969946461,0.3731132432429618,0.998432520791494,,,1.0,False,missing or insufficient EMA data
438cfdec-990b-4865-8199-c4c7dda704d4,2026-06-06 21:00:00,29,5,4.0,0.892379969946461,0.3731132432429618,0.998432520791494,1.0,1.0,1.0,False,below within-person threshold
438cfdec-990b-4865-8199-c4c7dda704d4,2026-06-07 09:00:00,30,6,4.0,0.892379969946461,0.3731132432429618,0.998432520791494,0.0,0.5,1.0,False,below within-person threshold
438cfdec-990b-4865-8199-c4c7dda704d4,2026-06-07 12:00:00,31,6,3.0,0.892379969946461,0.3731132432429618,0.998432520791494,1.0,0.6666666666666666,1.0,False,below within-person threshold
438cfdec-990b-4865-8199-c4c7dda704d4,2026-06-07 15:00:00,32,6,5.0,0.892379969946461,0.3731132432429618,0.998432520791494,4.0,1.6666666666666667,1.0,True,prompt sent
438cfdec-990b-4865-8199-c4c7dda704d4,2026-06-07 18:00:00,33,6,,0.892379969946461,0.3731132432429618,0.998432520791494,,2.5,1.0,False,missing or insufficient EMA data
438cfdec-990b-4865-8199-c4c7dda704d4,2026-06-07 21:00:00,34,6,4.0,0.892379969946461,0.3731132432429618,0.998432520791494,,4.0,1.0,True,prompt sent
4bd17564-6a7a-4ff0-831b-5b02d46e48e6,2026-06-01 09:00:00,0,0,3.0,0.3221025561916852,0.12564359656358265,0.18142905287419703,,,,False,missing or insufficient EMA data
4bd17564-6a7a-4ff0-831b-5b02d46e48e6,2026-06-01 12:00:00,1,0,3.0,0.3221025561916852,0.12564359656358265,0.18142905287419703,0.0,0.0,,False,insufficient within-person history
4bd17564-6a7a-4ff0-831b-5b02d46e48e6,2026-06-01 15:00:00,2,0,4.0,0.3221025561916852,0.12564359656358265,0.18142905287419703,1.0,0.5,,False,insufficient within-person history
4bd17564-6a7a-4ff0-831b-5b02d46e48e6,2026-06-01 18:00:00,3,0,4.0,0.3221025561916852,0.12564359656358265,0.18142905287419703,0.0,0.3333333333333333,,False,insufficient within-person history
4bd17564-6a7a-4ff0-831b-5b02d46e48e6,2026-06-01 21:00:00,4,0,4.0,0.3221025561916852,0.12564359656358265,0.18142905287419703,0.0,0.3333333333333333,0.43333333333333335,False,below within-person threshold
4bd17564-6a7a-4ff0-831b-5b02d46e48e6,2026-06-02 09:00:00,5,1,4.0,0.3221025561916852,0.12564359656358265,0.18142905287419703,0.0,0.0,0.4,False,below within-person threshold
4bd17564-6a7a-4ff0-831b-5b02d46e48e6,2026-06-02 12:00:00,6,1,4.0,0.3221025561916852,0.12564359656358265,0.18142905287419703,0.0,0.0,0.3666666666666667,False,below within-person threshold
4bd17564-6a7a-4ff0-831b-5b02d46e48e6,2026-06-02 15:00:00,7,1,3.0,0.3221025561916852,0.12564359656358265,0.18142905287419703,1.0,0.3333333333333333,0.3333333333333333,False,below within-person threshold
4bd17564-6a7a-4ff0-831b-5b02d46e48e6,2026-06-02 18:00:00,8,1,3.0,0.3221025561916852,0.12564359656358265,0.18142905287419703,0.0,0.3333333333333333,0.3333333333333333,False,below within-person threshold
4bd17564-6a7a-4ff0-831b-5b02d46e48e6,2026-06-02 21:00:00,9,1,4.0,0.3221025561916852,0.12564359656358265,0.18142905287419703,1.0,0.6666666666666666,0.3333333333333333,True,prompt sent
4bd17564-6a7a-4ff0-831b-5b02d46e48e6,2026-06-03 09:00:00,10,2,3.0,0.3221025561916852,0.12564359656358265,0.18142905287419703,1.0,0.6666666666666666,0.4,True,prompt sent
4bd17564-6a7a-4ff0-831b-5b02d46e48e6,2026-06-03 12:00:00,11,2,4.0,0.3221025561916852,0.12564359656358265,0.18142905287419703,1.0,1.0,0.5333333333333333,True,prompt sent
4bd17564-6a7a-4ff0-831b-5b02d46e48e6,2026-06-03 15:00:00,12,2,3.0,0.3221025561916852,0.12564359656358265,0.18142905287419703,1.0,1.0,0.6666666666666666,True,prompt sent
4bd17564-6a7a-4ff0-831b-5b02d46e48e6,2026-06-03 18:00:00,13,2,3.0,0.3221025561916852,0.12564359656358265,0.18142905287419703,0.0,0.6666666666666666,0.6666666666666666,False,below within-person threshold
4bd17564-6a7a-4ff0-831b-5b02d46e48e6,2026-06-03 21:00:00,14,2,3.0,0.3221025561916852,0.12564359656358265,0.18142905287419703,0.0,0.3333333333333333,0.6666666666666666,False,below within-person threshold
4bd17564-6a7a-4ff0-831b-5b02d46e48e6,2026-06-04 09:00:00,15,3,3.0,0.3221025561916852,0.12564359656358265,0.18142905287419703,0.0,0.0,0.6666666666666666,False,below within-person threshold
4bd17564-6a7a-4ff0-831b-5b02d46e48e6,2026-06-04 12:00:00,16,3,3.0,0.3221025561916852,0.12564359656358265,0.18142905287419703,0.0,0.0,0.6666666666666666,False,below within-person threshold
4bd17564-6a7a-4ff0-831b-5b02d46e48e6,2026-06-04 15:00:00,17,3,3.0,0.3221025561916852,0.12564359656358265,0.18142905287419703,0.0,0.0,0.6666666666666666,False,below within-person threshold
4bd17564-6a7a-4ff0-831b-5b02d46e48e6,2026-06-04 18:00:00,18,3,3.0,0.3221025561916852,0.12564359656358265,0.18142905287419703,0.0,0.0,0.6666666666666666,False,below within-person threshold
4bd17564-6a7a-4ff0-831b-5b02d46e48e6,2026-06-04 21:00:00,19,3,4.0,0.3221025561916852,0.12564359656358265,0.18142905287419703,1.0,0.3333333333333333,0.6666666666666666,False,below within-person threshold
4bd17564-6a7a-4ff0-831b-5b02d46e48e6,2026-06-05 09:00:00,20,4,3.0,0.3221025561916852,0.12564359656358265,0.18142905287419703,1.0,0.6666666666666666,0.6666666666666666,False,below within-person threshold
4bd17564-6a7a-4ff0-831b-5b02d46e48e6,2026-06-05 12:00:00,21,4,4.0,0.3221025561916852,0.12564359656358265,0.18142905287419703,1.0,1.0,0.6666666666666666,True,prompt sent
4bd17564-6a7a-4ff0-831b-5b02d46e48e6,2026-06-05 15:00:00,22,4,4.0,0.3221025561916852,0.12564359656358265,0.18142905287419703,0.0,0.6666666666666666,0.6666666666666666,False,below within-person threshold
4bd17564-6a7a-4ff0-831b-5b02d46e48e6,2026-06-05 18:00:00,23,4,3.0,0.3221025561916852,0.12564359656358265,0.18142905287419703,1.0,0.6666666666666666,0.6666666666666666,False,below within-person threshold
4bd17564-6a7a-4ff0-831b-5b02d46e48e6,2026-06-05 21:00:00,24,4,4.0,0.3221025561916852,0.12564359656358265,0.18142905287419703,1.0,0.6666666666666666,0.6666666666666666,False,below within-person threshold
4bd17564-6a7a-4ff0-831b-5b02d46e48e6,2026-06-06 09:00:00,25,5,,0.3221025561916852,0.12564359656358265,0.18142905287419703,,1.0,0.6666666666666666,False,missing or insufficient EMA data
4bd17564-6a7a-4ff0-831b-5b02d46e48e6,2026-06-06 12:00:00,26,5,,0.3221025561916852,0.12564359656358265,0.18142905287419703,,1.0,0.6666666666666666,False,missing or insufficient EMA data
4bd17564-6a7a-4ff0-831b-5b02d46e48e6,2026-06-06 15:00:00,27,5,,0.3221025561916852,0.12564359656358265,0.18142905287419703,,,0.6666666666666666,False,missing or insufficient EMA data
4bd17564-6a7a-4ff0-831b-5b02d46e48e6,2026-06-06 18:00:00,28,5,4.0,0.3221025561916852,0.12564359656358265,0.18142905287419703,,,0.6666666666666666,False,missing or insufficient EMA data
4bd17564-6a7a-4ff0-831b-5b02d46e48e6,2026-06-06 21:00:00,29,5,4.0,0.3221025561916852,0.12564359656358265,0.18142905287419703,0.0,0.0,0.6666666666666666,False,below within-person threshold
4bd17564-6a7a-4ff0-831b-5b02d46e48e6,2026-06-07 09:00:00,30,6,4.0,0.3221025561916852,0.12564359656358265,0.18142905287419703,0.0,0.0,0.6666666666666666,False,below within-person threshold
4bd17564-6a7a-4ff0-831b-5b02d46e48e6,2026-06-07 12:00:00,31,6,4.0,0.3221025561916852,0.12564359656358265,0.18142905287419703,0.0,0.0,0.6666666666666666,False,below within-person threshold
4bd17564-6a7a-4ff0-831b-5b02d46e48e6,2026-06-07 15:00:00,32,6,3.0,0.3221025561916852,0.12564359656358265,0.18142905287419703,1.0,0.3333333333333333,0.6666666666666666,False,below within-person threshold
4bd17564-6a7a-4ff0-831b-5b02d46e48e6,2026-06-07 18:00:00,33,6,3.0,0.3221025561916852,0.12564359656358265,0.18142905287419703,0.0,0.3333333333333333,0.6666666666666666,False,below within-person threshold
4bd17564-6a7a-4ff0-831b-5b02d46e48e6,2026-06-07 21:00:00,34,6,4.0,0.3221025561916852,0.12564359656358265,0.18142905287419703,1.0,0.6666666666666666,0.6666666666666666,False,below within-person threshold
4fd1bbef-9f33-4b75-9305-241a5aa8aaa2,2026-06-01 09:00:00,0,0,1.0,1.355800331076925,0.2701640165100483,2.683161036606775,,,,False,missing or insufficient EMA data
4fd1bbef-9f33-4b75-9305-241a5aa8aaa2,2026-06-01 12:00:00,1,0,1.0,1.355800331076925,0.2701640165100483,2.683161036606775,0.0,0.0,,False,insufficient within-person history
4fd1bbef-9f33-4b75-9305-241a5aa8aaa2,2026-06-01 15:00:00,2,0,2.0,1.355800331076925,0.2701640165100483,2.683161036606775,1.0,0.5,,False,insufficient within-person history
4fd1bbef-9f33-4b75-9305-241a5aa8aaa2,2026-06-01 18:00:00,3,0,3.0,1.355800331076925,0.2701640165100483,2.683161036606775,1.0,0.6666666666666666,,False,insufficient within-person history
4fd1bbef-9f33-4b75-9305-241a5aa8aaa2,2026-06-01 21:00:00,4,0,3.0,1.355800331076925,0.2701640165100483,2.683161036606775,0.0,0.6666666666666666,0.6,True,prompt sent
4fd1bbef-9f33-4b75-9305-241a5aa8aaa2,2026-06-02 09:00:00,5,1,2.0,1.355800331076925,0.2701640165100483,2.683161036606775,1.0,0.6666666666666666,0.6666666666666666,False,below within-person threshold
4fd1bbef-9f33-4b75-9305-241a5aa8aaa2,2026-06-02 12:00:00,6,1,2.0,1.355800331076925,0.2701640165100483,2.683161036606775,0.0,0.3333333333333333,0.6666666666666666,False,below within-person threshold
4fd1bbef-9f33-4b75-9305-241a5aa8aaa2,2026-06-02 15:00:00,7,1,2.0,1.355800331076925,0.2701640165100483,2.683161036606775,0.0,0.3333333333333333,0.6666666666666666,False,below within-person threshold
4fd1bbef-9f33-4b75-9305-241a5aa8aaa2,2026-06-02 18:00:00,8,1,2.0,1.355800331076925,0.2701640165100483,2.683161036606775,0.0,0.0,0.6666666666666666,False,below within-person threshold
4fd1bbef-9f33-4b75-9305-241a5aa8aaa2,2026-06-02 21:00:00,9,1,1.0,1.355800331076925,0.2701640165100483,2.683161036606775,1.0,0.3333333333333333,0.6666666666666666,False,below within-person threshold
4fd1bbef-9f33-4b75-9305-241a5aa8aaa2,2026-06-03 09:00:00,10,2,1.0,1.355800331076925,0.2701640165100483,2.683161036606775,0.0,0.3333333333333333,0.6666666666666666,False,below within-person threshold
4fd1bbef-9f33-4b75-9305-241a5aa8aaa2,2026-06-03 12:00:00,11,2,2.0,1.355800331076925,0.2701640165100483,2.683161036606775,1.0,0.6666666666666666,0.6666666666666666,False,below within-person threshold
4fd1bbef-9f33-4b75-9305-241a5aa8aaa2,2026-06-03 15:00:00,12,2,2.0,1.355800331076925,0.2701640165100483,2.683161036606775,0.0,0.3333333333333333,0.6666666666666666,False,below within-person threshold
4fd1bbef-9f33-4b75-9305-241a5aa8aaa2,2026-06-03 18:00:00,13,2,1.0,1.355800331076925,0.2701640165100483,2.683161036606775,1.0,0.6666666666666666,0.6666666666666666,False,below within-person threshold
4fd1bbef-9f33-4b75-9305-241a5aa8aaa2,2026-06-03 21:00:00,14,2,2.0,1.355800331076925,0.2701640165100483,2.683161036606775,1.0,0.6666666666666666,0.6666666666666666,False,below within-person threshold
4fd1bbef-9f33-4b75-9305-241a5aa8aaa2,2026-06-04 09:00:00,15,3,,1.355800331076925,0.2701640165100483,2.683161036606775,,1.0,0.6666666666666666,False,missing or insufficient EMA data
4fd1bbef-9f33-4b75-9305-241a5aa8aaa2,2026-06-04 12:00:00,16,3,2.0,1.355800331076925,0.2701640165100483,2.683161036606775,,1.0,0.6666666666666666,True,prompt sent
4fd1bbef-9f33-4b75-9305-241a5aa8aaa2,2026-06-04 15:00:00,17,3,2.0,1.355800331076925,0.2701640165100483,2.683161036606775,0.0,0.0,0.6666666666666666,False,below within-person threshold
4fd1bbef-9f33-4b75-9305-241a5aa8aaa2,2026-06-04 18:00:00,18,3,3.0,1.355800331076925,0.2701640165100483,2.683161036606775,1.0,0.5,0.6666666666666666,False,below within-person threshold
4fd1bbef-9f33-4b75-9305-241a5aa8aaa2,2026-06-04 21:00:00,19,3,,1.355800331076925,0.2701640165100483,2.683161036606775,,0.5,0.6666666666666666,False,missing or insufficient EMA data
4fd1bbef-9f33-4b75-9305-241a5aa8aaa2,2026-06-05 09:00:00,20,4,,1.355800331076925,0.2701640165100483,2.683161036606775,,1.0,0.6666666666666666,False,missing or insufficient EMA data
4fd1bbef-9f33-4b75-9305-241a5aa8aaa2,2026-06-05 12:00:00,21,4,,1.355800331076925,0.2701640165100483,2.683161036606775,,,0.6666666666666666,False,missing or insufficient EMA data
4fd1bbef-9f33-4b75-9305-241a5aa8aaa2,2026-06-05 15:00:00,22,4,5.0,1.355800331076925,0.2701640165100483,2.683161036606775,,,0.6666666666666666,False,missing or insufficient EMA data
4fd1bbef-9f33-4b75-9305-241a5aa8aaa2,2026-06-05 18:00:00,23,4,3.0,1.355800331076925,0.2701640165100483,2.683161036606775,4.0,4.0,0.6666666666666666,True,prompt sent
4fd1bbef-9f33-4b75-9305-241a5aa8aaa2,2026-06-05 21:00:00,24,4,1.0,1.355800331076925,0.2701640165100483,2.683161036606775,4.0,4.0,0.6666666666666666,True,prompt sent
4fd1bbef-9f33-4b75-9305-241a5aa8aaa2,2026-06-06 09:00:00,25,5,3.0,1.355800331076925,0.2701640165100483,2.683161036606775,4.0,4.0,0.9333333333333336,True,prompt sent
4fd1bbef-9f33-4b75-9305-241a5aa8aaa2,2026-06-06 12:00:00,26,5,3.0,1.355800331076925,0.2701640165100483,2.683161036606775,0.0,2.6666666666666665,1.0,True,prompt sent
4fd1bbef-9f33-4b75-9305-241a5aa8aaa2,2026-06-06 15:00:00,27,5,4.0,1.355800331076925,0.2701640165100483,2.683161036606775,1.0,1.6666666666666667,1.0,True,prompt sent
4fd1bbef-9f33-4b75-9305-241a5aa8aaa2,2026-06-06 18:00:00,28,5,3.0,1.355800331076925,0.2701640165100483,2.683161036606775,1.0,0.6666666666666666,1.1333333333333353,False,below within-person threshold
4fd1bbef-9f33-4b75-9305-241a5aa8aaa2,2026-06-06 21:00:00,29,5,,1.355800331076925,0.2701640165100483,2.683161036606775,,1.0,1.0,False,missing or insufficient EMA data
4fd1bbef-9f33-4b75-9305-241a5aa8aaa2,2026-06-07 09:00:00,30,6,,1.355800331076925,0.2701640165100483,2.683161036606775,,1.0,1.0,False,missing or insufficient EMA data
4fd1bbef-9f33-4b75-9305-241a5aa8aaa2,2026-06-07 12:00:00,31,6,,1.355800331076925,0.2701640165100483,2.683161036606775,,,1.0,False,missing or insufficient EMA data
4fd1bbef-9f33-4b75-9305-241a5aa8aaa2,2026-06-07 15:00:00,32,6,,1.355800331076925,0.2701640165100483,2.683161036606775,,,1.0,False,missing or insufficient EMA data
4fd1bbef-9f33-4b75-9305-241a5aa8aaa2,2026-06-07 18:00:00,33,6,1.0,1.355800331076925,0.2701640165100483,2.683161036606775,,,1.0,False,missing or insufficient EMA data
4fd1bbef-9f33-4b75-9305-241a5aa8aaa2,2026-06-07 21:00:00,34,6,3.0,1.355800331076925,0.2701640165100483,2.683161036606775,4.0,4.0,1.0,True,prompt sent
50f43750-ead5-4922-8406-5560d36d4087,2026-06-01 09:00:00,0,0,1.0,1.2044025805435294,0.4256263767606384,1.6663561862346274,,,,False,missing or insufficient EMA data
50f43750-ead5-4922-8406-5560d36d4087,2026-06-01 12:00:00,1,0,1.0,1.2044025805435294,0.4256263767606384,1.6663561862346274,0.0,0.0,,False,insufficient within-person history
50f43750-ead5-4922-8406-5560d36d4087,2026-06-01 15:00:00,2,0,2.0,1.2044025805435294,0.4256263767606384,1.6663561862346274,1.0,0.5,,False,insufficient within-person history
50f43750-ead5-4922-8406-5560d36d4087,2026-06-01 18:00:00,3,0,2.0,1.2044025805435294,0.4256263767606384,1.6663561862346274,0.0,0.3333333333333333,,False,insufficient within-person history
50f43750-ead5-4922-8406-5560d36d4087,2026-06-01 21:00:00,4,0,,1.2044025805435294,0.4256263767606384,1.6663561862346274,,0.5,0.43333333333333335,False,missing or insufficient EMA data
50f43750-ead5-4922-8406-5560d36d4087,2026-06-02 09:00:00,5,1,,1.2044025805435294,0.4256263767606384,1.6663561862346274,,0.0,0.5,False,missing or insufficient EMA data
50f43750-ead5-4922-8406-5560d36d4087,2026-06-02 12:00:00,6,1,2.0,1.2044025805435294,0.4256263767606384,1.6663561862346274,,,0.5,False,missing or insufficient EMA data
50f43750-ead5-4922-8406-5560d36d4087,2026-06-02 15:00:00,7,1,,1.2044025805435294,0.4256263767606384,1.6663561862346274,,,0.5,False,missing or insufficient EMA data
50f43750-ead5-4922-8406-5560d36d4087,2026-06-02 18:00:00,8,1,4.0,1.2044025805435294,0.4256263767606384,1.6663561862346274,,,0.5,False,missing or insufficient EMA data
50f43750-ead5-4922-8406-5560d36d4087,2026-06-02 21:00:00,9,1,4.0,1.2044025805435294,0.4256263767606384,1.6663561862346274,0.0,0.0,0.5,False,below within-person threshold
50f43750-ead5-4922-8406-5560d36d4087,2026-06-03 09:00:00,10,2,5.0,1.2044025805435294,0.4256263767606384,1.6663561862346274,1.0,0.5,0.5,False,below within-person threshold
50f43750-ead5-4922-8406-5560d36d4087,2026-06-03 12:00:00,11,2,5.0,1.2044025805435294,0.4256263767606384,1.6663561862346274,0.0,0.3333333333333333,0.5,False,below within-person threshold
50f43750-ead5-4922-8406-5560d36d4087,2026-06-03 15:00:00,12,2,4.0,1.2044025805435294,0.4256263767606384,1.6663561862346274,1.0,0.6666666666666666,0.5,True,prompt sent
50f43750-ead5-4922-8406-5560d36d4087,2026-06-03 18:00:00,13,2,5.0,1.2044025805435294,0.4256263767606384,1.6663561862346274,1.0,0.6666666666666666,0.5,True,prompt sent
50f43750-ead5-4922-8406-5560d36d4087,2026-06-03 21:00:00,14,2,3.0,1.2044025805435294,0.4256263767606384,1.6663561862346274,4.0,2.0,0.5333333333333333,True,prompt sent
50f43750-ead5-4922-8406-5560d36d4087,2026-06-04 09:00:00,15,3,3.0,1.2044025805435294,0.4256263767606384,1.6663561862346274,0.0,1.6666666666666667,0.6666666666666666,True,prompt sent
50f43750-ead5-4922-8406-5560d36d4087,2026-06-04 12:00:00,16,3,4.0,1.2044025805435294,0.4256263767606384,1.6663561862346274,1.0,1.6666666666666667,0.6666666666666666,True,prompt sent
50f43750-ead5-4922-8406-5560d36d4087,2026-06-04 15:00:00,17,3,5.0,1.2044025805435294,0.4256263767606384,1.6663561862346274,1.0,0.6666666666666666,1.266666666666668,False,below within-person threshold
50f43750-ead5-4922-8406-5560d36d4087,2026-06-04 18:00:00,18,3,5.0,1.2044025805435294,0.4256263767606384,1.6663561862346274,0.0,0.6666666666666666,1.0666666666666669,False,below within-person threshold
50f43750-ead5-4922-8406-5560d36d4087,2026-06-04 21:00:00,19,3,5.0,1.2044025805435294,0.4256263767606384,1.6663561862346274,0.0,0.3333333333333333,0.8666666666666677,False,below within-person threshold
50f43750-ead5-4922-8406-5560d36d4087,2026-06-05 09:00:00,20,4,5.0,1.2044025805435294,0.4256263767606384,1.6663561862346274,0.0,0.0,0.6666666666666666,False,below within-person threshold
50f43750-ead5-4922-8406-5560d36d4087,2026-06-05 12:00:00,21,4,4.0,1.2044025805435294,0.4256263767606384,1.6663561862346274,1.0,0.3333333333333333,0.6666666666666666,False,below within-person threshold
50f43750-ead5-4922-8406-5560d36d4087,2026-06-05 15:00:00,22,4,5.0,1.2044025805435294,0.4256263767606384,1.6663561862346274,1.0,0.6666666666666666,0.6666666666666666,False,below within-person threshold
50f43750-ead5-4922-8406-5560d36d4087,2026-06-05 18:00:00,23,4,3.0,1.2044025805435294,0.4256263767606384,1.6663561862346274,4.0,2.0,0.6666666666666666,True,prompt sent
50f43750-ead5-4922-8406-5560d36d4087,2026-06-05 21:00:00,24,4,2.0,1.2044025805435294,0.4256263767606384,1.6663561862346274,1.0,2.0,0.8666666666666677,True,prompt sent
50f43750-ead5-4922-8406-5560d36d4087,2026-06-06 09:00:00,25,5,1.0,1.2044025805435294,0.4256263767606384,1.6663561862346274,1.0,2.0,1.6666666666666667,True,prompt sent
50f43750-ead5-4922-8406-5560d36d4087,2026-06-06 12:00:00,26,5,4.0,1.2044025805435294,0.4256263767606384,1.6663561862346274,9.0,3.6666666666666665,1.6666666666666667,True,prompt sent
50f43750-ead5-4922-8406-5560d36d4087,2026-06-06 15:00:00,27,5,4.0,1.2044025805435294,0.4256263767606384,1.6663561862346274,0.0,3.3333333333333335,1.8666666666666671,True,prompt sent
50f43750-ead5-4922-8406-5560d36d4087,2026-06-06 18:00:00,28,5,3.0,1.2044025805435294,0.4256263767606384,1.6663561862346274,1.0,3.3333333333333335,2.0,True,prompt sent
50f43750-ead5-4922-8406-5560d36d4087,2026-06-06 21:00:00,29,5,3.0,1.2044025805435294,0.4256263767606384,1.6663561862346274,0.0,0.3333333333333333,2.0,False,below within-person threshold
50f43750-ead5-4922-8406-5560d36d4087,2026-06-07 09:00:00,30,6,3.0,1.2044025805435294,0.4256263767606384,1.6663561862346274,0.0,0.3333333333333333,2.0,False,below within-person threshold
50f43750-ead5-4922-8406-5560d36d4087,2026-06-07 12:00:00,31,6,2.0,1.2044025805435294,0.4256263767606384,1.6663561862346274,1.0,0.3333333333333333,2.0,False,below within-person threshold
50f43750-ead5-4922-8406-5560d36d4087,2026-06-07 15:00:00,32,6,2.0,1.2044025805435294,0.4256263767606384,1.6663561862346274,0.0,0.3333333333333333,2.0,False,below within-person threshold
50f43750-ead5-4922-8406-5560d36d4087,2026-06-07 18:00:00,33,6,,1.2044025805435294,0.4256263767606384,1.6663561862346274,,0.5,2.0,False,missing or insufficient EMA data
50f43750-ead5-4922-8406-5560d36d4087,2026-06-07 21:00:00,34,6,4.0,1.2044025805435294,0.4256263767606384,1.6663561862346274,,0.0,2.0,False,below within-person threshold
53dad7a4-15f9-46c4-bfba-45899ba5d39e,2026-06-01 09:00:00,0,0,,0.6685660329464882,0.2784346440900506,0.6450513454512445,,,,False,missing or insufficient EMA data
53dad7a4-15f9-46c4-bfba-45899ba5d39e,2026-06-01 12:00:00,1,0,,0.6685660329464882,0.2784346440900506,0.6450513454512445,,,,False,missing or insufficient EMA data
53dad7a4-15f9-46c4-bfba-45899ba5d39e,2026-06-01 15:00:00,2,0,,0.6685660329464882,0.2784346440900506,0.6450513454512445,,,,False,missing or insufficient EMA data
53dad7a4-15f9-46c4-bfba-45899ba5d39e,2026-06-01 18:00:00,3,0,,0.6685660329464882,0.2784346440900506,0.6450513454512445,,,,False,missing or insufficient EMA data
53dad7a4-15f9-46c4-bfba-45899ba5d39e,2026-06-01 21:00:00,4,0,5.0,0.6685660329464882,0.2784346440900506,0.6450513454512445,,,,False,missing or insufficient EMA data
53dad7a4-15f9-46c4-bfba-45899ba5d39e,2026-06-02 09:00:00,5,1,4.0,0.6685660329464882,0.2784346440900506,0.6450513454512445,1.0,1.0,,False,insufficient within-person history
53dad7a4-15f9-46c4-bfba-45899ba5d39e,2026-06-02 12:00:00,6,1,3.0,0.6685660329464882,0.2784346440900506,0.6450513454512445,1.0,1.0,,False,insufficient within-person history
53dad7a4-15f9-46c4-bfba-45899ba5d39e,2026-06-02 15:00:00,7,1,3.0,0.6685660329464882,0.2784346440900506,0.6450513454512445,0.0,0.6666666666666666,,False,insufficient within-person history
53dad7a4-15f9-46c4-bfba-45899ba5d39e,2026-06-02 18:00:00,8,1,,0.6685660329464882,0.2784346440900506,0.6450513454512445,,0.5,1.0,False,missing or insufficient EMA data
53dad7a4-15f9-46c4-bfba-45899ba5d39e,2026-06-02 21:00:00,9,1,4.0,0.6685660329464882,0.2784346440900506,0.6450513454512445,,0.0,1.0,False,below within-person threshold
53dad7a4-15f9-46c4-bfba-45899ba5d39e,2026-06-03 09:00:00,10,2,5.0,0.6685660329464882,0.2784346440900506,0.6450513454512445,1.0,1.0,1.0,False,below within-person threshold
53dad7a4-15f9-46c4-bfba-45899ba5d39e,2026-06-03 12:00:00,11,2,,0.6685660329464882,0.2784346440900506,0.6450513454512445,,1.0,1.0,False,missing or insufficient EMA data
53dad7a4-15f9-46c4-bfba-45899ba5d39e,2026-06-03 15:00:00,12,2,3.0,0.6685660329464882,0.2784346440900506,0.6450513454512445,,1.0,1.0,False,below within-person threshold
53dad7a4-15f9-46c4-bfba-45899ba5d39e,2026-06-03 18:00:00,13,2,,0.6685660329464882,0.2784346440900506,0.6450513454512445,,,1.0,False,missing or insufficient EMA data
53dad7a4-15f9-46c4-bfba-45899ba5d39e,2026-06-03 21:00:00,14,2,,0.6685660329464882,0.2784346440900506,0.6450513454512445,,,1.0,False,missing or insufficient EMA data
53dad7a4-15f9-46c4-bfba-45899ba5d39e,2026-06-04 09:00:00,15,3,4.0,0.6685660329464882,0.2784346440900506,0.6450513454512445,,,1.0,False,missing or insufficient EMA data
53dad7a4-15f9-46c4-bfba-45899ba5d39e,2026-06-04 12:00:00,16,3,4.0,0.6685660329464882,0.2784346440900506,0.6450513454512445,0.0,0.0,1.0,False,below within-person threshold
53dad7a4-15f9-46c4-bfba-45899ba5d39e,2026-06-04 15:00:00,17,3,3.0,0.6685660329464882,0.2784346440900506,0.6450513454512445,1.0,0.5,1.0,False,below within-person threshold
53dad7a4-15f9-46c4-bfba-45899ba5d39e,2026-06-04 18:00:00,18,3,5.0,0.6685660329464882,0.2784346440900506,0.6450513454512445,4.0,1.6666666666666667,1.0,True,prompt sent
53dad7a4-15f9-46c4-bfba-45899ba5d39e,2026-06-04 21:00:00,19,3,3.0,0.6685660329464882,0.2784346440900506,0.6450513454512445,4.0,3.0,1.0,True,prompt sent
53dad7a4-15f9-46c4-bfba-45899ba5d39e,2026-06-05 09:00:00,20,4,3.0,0.6685660329464882,0.2784346440900506,0.6450513454512445,0.0,2.6666666666666665,1.0,True,prompt sent
53dad7a4-15f9-46c4-bfba-45899ba5d39e,2026-06-05 12:00:00,21,4,3.0,0.6685660329464882,0.2784346440900506,0.6450513454512445,0.0,1.3333333333333333,1.400000000000001,False,below within-person threshold
53dad7a4-15f9-46c4-bfba-45899ba5d39e,2026-06-05 15:00:00,22,4,,0.6685660329464882,0.2784346440900506,0.6450513454512445,,0.0,1.4666666666666668,False,missing or insufficient EMA data
53dad7a4-15f9-46c4-bfba-45899ba5d39e,2026-06-05 18:00:00,23,4,,0.6685660329464882,0.2784346440900506,0.6450513454512445,,0.0,1.4000000000000004,False,missing or insufficient EMA data
53dad7a4-15f9-46c4-bfba-45899ba5d39e,2026-06-05 21:00:00,24,4,,0.6685660329464882,0.2784346440900506,0.6450513454512445,,,1.3333333333333333,False,missing or insufficient EMA data
53dad7a4-15f9-46c4-bfba-45899ba5d39e,2026-06-06 09:00:00,25,5,,0.6685660329464882,0.2784346440900506,0.6450513454512445,,,1.3333333333333333,False,missing or insufficient EMA data
53dad7a4-15f9-46c4-bfba-45899ba5d39e,2026-06-06 12:00:00,26,5,,0.6685660329464882,0.2784346440900506,0.6450513454512445,,,1.3333333333333333,False,missing or insufficient EMA data
53dad7a4-15f9-46c4-bfba-45899ba5d39e,2026-06-06 15:00:00,27,5,,0.6685660329464882,0.2784346440900506,0.6450513454512445,,,1.3333333333333333,False,missing or insufficient EMA data
53dad7a4-15f9-46c4-bfba-45899ba5d39e,2026-06-06 18:00:00,28,5,,0.6685660329464882,0.2784346440900506,0.6450513454512445,,,1.3333333333333333,False,missing or insufficient EMA data
53dad7a4-15f9-46c4-bfba-45899ba5d39e,2026-06-06 21:00:00,29,5,,0.6685660329464882,0.2784346440900506,0.6450513454512445,,,1.3333333333333333,False,missing or insufficient EMA data
53dad7a4-15f9-46c4-bfba-45899ba5d39e,2026-06-07 09:00:00,30,6,,0.6685660329464882,0.2784346440900506,0.6450513454512445,,,1.3333333333333333,False,missing or insufficient EMA data
53dad7a4-15f9-46c4-bfba-45899ba5d39e,2026-06-07 12:00:00,31,6,,0.6685660329464882,0.2784346440900506,0.6450513454512445,,,1.3333333333333333,False,missing or insufficient EMA data
53dad7a4-15f9-46c4-bfba-45899ba5d39e,2026-06-07 15:00:00,32,6,,0.6685660329464882,0.2784346440900506,0.6450513454512445,,,1.3333333333333333,False,missing or insufficient EMA data
53dad7a4-15f9-46c4-bfba-45899ba5d39e,2026-06-07 18:00:00,33,6,,0.6685660329464882,0.2784346440900506,0.6450513454512445,,,1.3333333333333333,False,missing or insufficient EMA data
53dad7a4-15f9-46c4-bfba-45899ba5d39e,2026-06-07 21:00:00,34,6,,0.6685660329464882,0.2784346440900506,0.6450513454512445,,,1.3333333333333333,False,missing or insufficient EMA data
5408ce88-ecb1-45cc-abc4-a58ab28f1231,2026-06-01 09:00:00,0,0,,0.8266541277024628,0.7010185439379678,0.4086221697534436,,,,False,missing or insufficient EMA data
5408ce88-ecb1-45cc-abc4-a58ab28f1231,2026-06-01 12:00:00,1,0,,0.8266541277024628,0.7010185439379678,0.4086221697534436,,,,False,missing or insufficient EMA data
5408ce88-ecb1-45cc-abc4-a58ab28f1231,2026-06-01 15:00:00,2,0,,0.8266541277024628,0.7010185439379678,0.4086221697534436,,,,False,missing or insufficient EMA data
5408ce88-ecb1-45cc-abc4-a58ab28f1231,2026-06-01 18:00:00,3,0,,0.8266541277024628,0.7010185439379678,0.4086221697534436,,,,False,missing or insufficient EMA data
5408ce88-ecb1-45cc-abc4-a58ab28f1231,2026-06-01 21:00:00,4,0,,0.8266541277024628,0.7010185439379678,0.4086221697534436,,,,False,missing or insufficient EMA data
5408ce88-ecb1-45cc-abc4-a58ab28f1231,2026-06-02 09:00:00,5,1,3.0,0.8266541277024628,0.7010185439379678,0.4086221697534436,,,,False,missing or insufficient EMA data
5408ce88-ecb1-45cc-abc4-a58ab28f1231,2026-06-02 12:00:00,6,1,3.0,0.8266541277024628,0.7010185439379678,0.4086221697534436,0.0,0.0,,False,insufficient within-person history
5408ce88-ecb1-45cc-abc4-a58ab28f1231,2026-06-02 15:00:00,7,1,3.0,0.8266541277024628,0.7010185439379678,0.4086221697534436,0.0,0.0,,False,insufficient within-person history
5408ce88-ecb1-45cc-abc4-a58ab28f1231,2026-06-02 18:00:00,8,1,4.0,0.8266541277024628,0.7010185439379678,0.4086221697534436,1.0,0.3333333333333333,,False,insufficient within-person history
5408ce88-ecb1-45cc-abc4-a58ab28f1231,2026-06-02 21:00:00,9,1,4.0,0.8266541277024628,0.7010185439379678,0.4086221697534436,0.0,0.3333333333333333,0.2,True,prompt sent
5408ce88-ecb1-45cc-abc4-a58ab28f1231,2026-06-03 09:00:00,10,2,4.0,0.8266541277024628,0.7010185439379678,0.4086221697534436,0.0,0.3333333333333333,0.3333333333333333,False,below within-person threshold
5408ce88-ecb1-45cc-abc4-a58ab28f1231,2026-06-03 12:00:00,11,2,,0.8266541277024628,0.7010185439379678,0.4086221697534436,,0.0,0.3333333333333333,False,missing or insufficient EMA data
5408ce88-ecb1-45cc-abc4-a58ab28f1231,2026-06-03 15:00:00,12,2,4.0,0.8266541277024628,0.7010185439379678,0.4086221697534436,,0.0,0.3333333333333333,False,below within-person threshold
5408ce88-ecb1-45cc-abc4-a58ab28f1231,2026-06-03 18:00:00,13,2,,0.8266541277024628,0.7010185439379678,0.4086221697534436,,,0.3333333333333333,False,missing or insufficient EMA data
5408ce88-ecb1-45cc-abc4-a58ab28f1231,2026-06-03 21:00:00,14,2,,0.8266541277024628,0.7010185439379678,0.4086221697534436,,,0.3333333333333333,False,missing or insufficient EMA data
5408ce88-ecb1-45cc-abc4-a58ab28f1231,2026-06-04 09:00:00,15,3,,0.8266541277024628,0.7010185439379678,0.4086221697534436,,,0.3333333333333333,False,missing or insufficient EMA data
5408ce88-ecb1-45cc-abc4-a58ab28f1231,2026-06-04 12:00:00,16,3,,0.8266541277024628,0.7010185439379678,0.4086221697534436,,,0.3333333333333333,False,missing or insufficient EMA data
5408ce88-ecb1-45cc-abc4-a58ab28f1231,2026-06-04 15:00:00,17,3,,0.8266541277024628,0.7010185439379678,0.4086221697534436,,,0.3333333333333333,False,missing or insufficient EMA data
5408ce88-ecb1-45cc-abc4-a58ab28f1231,2026-06-04 18:00:00,18,3,,0.8266541277024628,0.7010185439379678,0.4086221697534436,,,0.3333333333333333,False,missing or insufficient EMA data
5408ce88-ecb1-45cc-abc4-a58ab28f1231,2026-06-04 21:00:00,19,3,,0.8266541277024628,0.7010185439379678,0.4086221697534436,,,0.3333333333333333,False,missing or insufficient EMA data
5408ce88-ecb1-45cc-abc4-a58ab28f1231,2026-06-05 09:00:00,20,4,4.0,0.8266541277024628,0.7010185439379678,0.4086221697534436,,,0.3333333333333333,False,missing or insufficient EMA data
5408ce88-ecb1-45cc-abc4-a58ab28f1231,2026-06-05 12:00:00,21,4,,0.8266541277024628,0.7010185439379678,0.4086221697534436,,,0.3333333333333333,False,missing or insufficient EMA data
5408ce88-ecb1-45cc-abc4-a58ab28f1231,2026-06-05 15:00:00,22,4,,0.8266541277024628,0.7010185439379678,0.4086221697534436,,,0.3333333333333333,False,missing or insufficient EMA data
5408ce88-ecb1-45cc-abc4-a58ab28f1231,2026-06-05 18:00:00,23,4,,0.8266541277024628,0.7010185439379678,0.4086221697534436,,,0.3333333333333333,False,missing or insufficient EMA data
5408ce88-ecb1-45cc-abc4-a58ab28f1231,2026-06-05 21:00:00,24,4,,0.8266541277024628,0.7010185439379678,0.4086221697534436,,,0.3333333333333333,False,missing or insufficient EMA data
5408ce88-ecb1-45cc-abc4-a58ab28f1231,2026-06-06 09:00:00,25,5,,0.8266541277024628,0.7010185439379678,0.4086221697534436,,,0.3333333333333333,False,missing or insufficient EMA data
5408ce88-ecb1-45cc-abc4-a58ab28f1231,2026-06-06 12:00:00,26,5,,0.8266541277024628,0.7010185439379678,0.4086221697534436,,,0.3333333333333333,False,missing or insufficient EMA data
5408ce88-ecb1-45cc-abc4-a58ab28f1231,2026-06-06 15:00:00,27,5,,0.8266541277024628,0.7010185439379678,0.4086221697534436,,,0.3333333333333333,False,missing or insufficient EMA data
5408ce88-ecb1-45cc-abc4-a58ab28f1231,2026-06-06 18:00:00,28,5,,0.8266541277024628,0.7010185439379678,0.4086221697534436,,,0.3333333333333333,False,missing or insufficient EMA data
5408ce88-ecb1-45cc-abc4-a58ab28f1231,2026-06-06 21:00:00,29,5,4.0,0.8266541277024628,0.7010185439379678,0.4086221697534436,,,0.3333333333333333,False,missing or insufficient EMA data
5408ce88-ecb1-45cc-abc4-a58ab28f1231,2026-06-07 09:00:00,30,6,,0.8266541277024628,0.7010185439379678,0.4086221697534436,,,0.3333333333333333,False,missing or insufficient EMA data
5408ce88-ecb1-45cc-abc4-a58ab28f1231,2026-06-07 12:00:00,31,6,,0.8266541277024628,0.7010185439379678,0.4086221697534436,,,0.3333333333333333,False,missing or insufficient EMA data
5408ce88-ecb1-45cc-abc4-a58ab28f1231,2026-06-07 15:00:00,32,6,4.0,0.8266541277024628,0.7010185439379678,0.4086221697534436,,,0.3333333333333333,False,missing or insufficient EMA data
5408ce88-ecb1-45cc-abc4-a58ab28f1231,2026-06-07 18:00:00,33,6,4.0,0.8266541277024628,0.7010185439379678,0.4086221697534436,0.0,0.0,0.3333333333333333,False,below within-person threshold
5408ce88-ecb1-45cc-abc4-a58ab28f1231,2026-06-07 21:00:00,34,6,3.0,0.8266541277024628,0.7010185439379678,0.4086221697534436,1.0,0.5,0.3333333333333333,True,prompt sent
5476e853-68c2-4445-b8ed-adca522ced6b,2026-06-01 09:00:00,0,0,4.0,0.9051154638847447,0.4809298032167897,0.8504799102593109,,,,False,missing or insufficient EMA data
5476e853-68c2-4445-b8ed-adca522ced6b,2026-06-01 12:00:00,1,0,3.0,0.9051154638847447,0.4809298032167897,0.8504799102593109,1.0,1.0,,False,insufficient within-person history
5476e853-68c2-4445-b8ed-adca522ced6b,2026-06-01 15:00:00,2,0,3.0,0.9051154638847447,0.4809298032167897,0.8504799102593109,0.0,0.5,,False,insufficient within-person history
5476e853-68c2-4445-b8ed-adca522ced6b,2026-06-01 18:00:00,3,0,3.0,0.9051154638847447,0.4809298032167897,0.8504799102593109,0.0,0.3333333333333333,,False,insufficient within-person history
5476e853-68c2-4445-b8ed-adca522ced6b,2026-06-01 21:00:00,4,0,,0.9051154638847447,0.4809298032167897,0.8504799102593109,,0.0,0.8,False,missing or insufficient EMA data
5476e853-68c2-4445-b8ed-adca522ced6b,2026-06-02 09:00:00,5,1,,0.9051154638847447,0.4809298032167897,0.8504799102593109,,0.0,0.7000000000000002,False,missing or insufficient EMA data
5476e853-68c2-4445-b8ed-adca522ced6b,2026-06-02 12:00:00,6,1,4.0,0.9051154638847447,0.4809298032167897,0.8504799102593109,,,0.6000000000000001,False,missing or insufficient EMA data
5476e853-68c2-4445-b8ed-adca522ced6b,2026-06-02 15:00:00,7,1,3.0,0.9051154638847447,0.4809298032167897,0.8504799102593109,1.0,1.0,0.6000000000000001,True,prompt sent
5476e853-68c2-4445-b8ed-adca522ced6b,2026-06-02 18:00:00,8,1,2.0,0.9051154638847447,0.4809298032167897,0.8504799102593109,1.0,1.0,1.0,False,below within-person threshold
5476e853-68c2-4445-b8ed-adca522ced6b,2026-06-02 21:00:00,9,1,2.0,0.9051154638847447,0.4809298032167897,0.8504799102593109,0.0,0.6666666666666666,1.0,False,below within-person threshold
5476e853-68c2-4445-b8ed-adca522ced6b,2026-06-03 09:00:00,10,2,3.0,0.9051154638847447,0.4809298032167897,0.8504799102593109,1.0,0.6666666666666666,1.0,False,below within-person threshold
5476e853-68c2-4445-b8ed-adca522ced6b,2026-06-03 12:00:00,11,2,4.0,0.9051154638847447,0.4809298032167897,0.8504799102593109,1.0,0.6666666666666666,1.0,False,below within-person threshold
5476e853-68c2-4445-b8ed-adca522ced6b,2026-06-03 15:00:00,12,2,4.0,0.9051154638847447,0.4809298032167897,0.8504799102593109,0.0,0.6666666666666666,1.0,False,below within-person threshold
5476e853-68c2-4445-b8ed-adca522ced6b,2026-06-03 18:00:00,13,2,4.0,0.9051154638847447,0.4809298032167897,0.8504799102593109,0.0,0.3333333333333333,1.0,False,below within-person threshold
5476e853-68c2-4445-b8ed-adca522ced6b,2026-06-03 21:00:00,14,2,3.0,0.9051154638847447,0.4809298032167897,0.8504799102593109,1.0,0.3333333333333333,0.9333333333333336,False,below within-person threshold
5476e853-68c2-4445-b8ed-adca522ced6b,2026-06-04 09:00:00,15,3,5.0,0.9051154638847447,0.4809298032167897,0.8504799102593109,4.0,1.6666666666666667,0.8666666666666671,True,prompt sent
5476e853-68c2-4445-b8ed-adca522ced6b,2026-06-04 12:00:00,16,3,4.0,0.9051154638847447,0.4809298032167897,0.8504799102593109,1.0,2.0,1.0,True,prompt sent
5476e853-68c2-4445-b8ed-adca522ced6b,2026-06-04 15:00:00,17,3,4.0,0.9051154638847447,0.4809298032167897,0.8504799102593109,0.0,1.6666666666666667,1.0,True,prompt sent
5476e853-68c2-4445-b8ed-adca522ced6b,2026-06-04 18:00:00,18,3,5.0,0.9051154638847447,0.4809298032167897,0.8504799102593109,1.0,0.6666666666666666,1.0,False,below within-person threshold
5476e853-68c2-4445-b8ed-adca522ced6b,2026-06-04 21:00:00,19,3,,0.9051154638847447,0.4809298032167897,0.8504799102593109,,0.5,1.0,False,missing or insufficient EMA data
5476e853-68c2-4445-b8ed-adca522ced6b,2026-06-05 09:00:00,20,4,4.0,0.9051154638847447,0.4809298032167897,0.8504799102593109,,1.0,1.0,False,below within-person threshold
5476e853-68c2-4445-b8ed-adca522ced6b,2026-06-05 12:00:00,21,4,3.0,0.9051154638847447,0.4809298032167897,0.8504799102593109,1.0,1.0,1.0,False,below within-person threshold
5476e853-68c2-4445-b8ed-adca522ced6b,2026-06-05 15:00:00,22,4,3.0,0.9051154638847447,0.4809298032167897,0.8504799102593109,0.0,0.5,1.0,False,below within-person threshold
5476e853-68c2-4445-b8ed-adca522ced6b,2026-06-05 18:00:00,23,4,4.0,0.9051154638847447,0.4809298032167897,0.8504799102593109,1.0,0.6666666666666666,1.0,False,below within-person threshold
5476e853-68c2-4445-b8ed-adca522ced6b,2026-06-05 21:00:00,24,4,3.0,0.9051154638847447,0.4809298032167897,0.8504799102593109,1.0,0.6666666666666666,1.0,False,below within-person threshold
5476e853-68c2-4445-b8ed-adca522ced6b,2026-06-06 09:00:00,25,5,2.0,0.9051154638847447,0.4809298032167897,0.8504799102593109,1.0,1.0,1.0,False,below within-person threshold
5476e853-68c2-4445-b8ed-adca522ced6b,2026-06-06 12:00:00,26,5,3.0,0.9051154638847447,0.4809298032167897,0.8504799102593109,1.0,1.0,1.0,False,below within-person threshold
5476e853-68c2-4445-b8ed-adca522ced6b,2026-06-06 15:00:00,27,5,2.0,0.9051154638847447,0.4809298032167897,0.8504799102593109,1.0,1.0,1.0,False,below within-person threshold
5476e853-68c2-4445-b8ed-adca522ced6b,2026-06-06 18:00:00,28,5,3.0,0.9051154638847447,0.4809298032167897,0.8504799102593109,1.0,1.0,1.0,False,below within-person threshold
5476e853-68c2-4445-b8ed-adca522ced6b,2026-06-06 21:00:00,29,5,5.0,0.9051154638847447,0.4809298032167897,0.8504799102593109,4.0,2.0,1.0,True,prompt sent
5476e853-68c2-4445-b8ed-adca522ced6b,2026-06-07 09:00:00,30,6,4.0,0.9051154638847447,0.4809298032167897,0.8504799102593109,1.0,2.0,1.0,True,prompt sent
5476e853-68c2-4445-b8ed-adca522ced6b,2026-06-07 12:00:00,31,6,4.0,0.9051154638847447,0.4809298032167897,0.8504799102593109,0.0,1.6666666666666667,1.0,True,prompt sent
5476e853-68c2-4445-b8ed-adca522ced6b,2026-06-07 15:00:00,32,6,4.0,0.9051154638847447,0.4809298032167897,0.8504799102593109,0.0,0.3333333333333333,1.1333333333333353,False,below within-person threshold
5476e853-68c2-4445-b8ed-adca522ced6b,2026-06-07 18:00:00,33,6,3.0,0.9051154638847447,0.4809298032167897,0.8504799102593109,1.0,0.3333333333333333,1.0,False,below within-person threshold
5476e853-68c2-4445-b8ed-adca522ced6b,2026-06-07 21:00:00,34,6,3.0,0.9051154638847447,0.4809298032167897,0.8504799102593109,0.0,0.3333333333333333,1.0,False,below within-person threshold
6152e59c-ffc7-47fc-bfe9-7ff95fc56970,2026-06-01 09:00:00,0,0,1.0,1.1806675238945261,0.48380724835269695,1.439120409906831,,,,False,missing or insufficient EMA data
6152e59c-ffc7-47fc-bfe9-7ff95fc56970,2026-06-01 12:00:00,1,0,2.0,1.1806675238945261,0.48380724835269695,1.439120409906831,1.0,1.0,,False,insufficient within-person history
6152e59c-ffc7-47fc-bfe9-7ff95fc56970,2026-06-01 15:00:00,2,0,4.0,1.1806675238945261,0.48380724835269695,1.439120409906831,4.0,2.5,,False,insufficient within-person history
6152e59c-ffc7-47fc-bfe9-7ff95fc56970,2026-06-01 18:00:00,3,0,3.0,1.1806675238945261,0.48380724835269695,1.439120409906831,1.0,2.0,,False,insufficient within-person history
6152e59c-ffc7-47fc-bfe9-7ff95fc56970,2026-06-01 21:00:00,4,0,4.0,1.1806675238945261,0.48380724835269695,1.439120409906831,1.0,2.0,2.3,False,below within-person threshold
6152e59c-ffc7-47fc-bfe9-7ff95fc56970,2026-06-02 09:00:00,5,1,3.0,1.1806675238945261,0.48380724835269695,1.439120409906831,1.0,1.0,2.2,False,below within-person threshold
6152e59c-ffc7-47fc-bfe9-7ff95fc56970,2026-06-02 12:00:00,6,1,3.0,1.1806675238945261,0.48380724835269695,1.439120409906831,0.0,0.6666666666666666,2.1,False,below within-person threshold
6152e59c-ffc7-47fc-bfe9-7ff95fc56970,2026-06-02 15:00:00,7,1,4.0,1.1806675238945261,0.48380724835269695,1.439120409906831,1.0,0.6666666666666666,2.0,False,below within-person threshold
6152e59c-ffc7-47fc-bfe9-7ff95fc56970,2026-06-02 18:00:00,8,1,4.0,1.1806675238945261,0.48380724835269695,1.439120409906831,0.0,0.3333333333333333,2.0,False,below within-person threshold
6152e59c-ffc7-47fc-bfe9-7ff95fc56970,2026-06-02 21:00:00,9,1,4.0,1.1806675238945261,0.48380724835269695,1.439120409906831,0.0,0.3333333333333333,2.0,False,below within-person threshold
6152e59c-ffc7-47fc-bfe9-7ff95fc56970,2026-06-03 09:00:00,10,2,4.0,1.1806675238945261,0.48380724835269695,1.439120409906831,0.0,0.0,2.0,False,below within-person threshold
6152e59c-ffc7-47fc-bfe9-7ff95fc56970,2026-06-03 12:00:00,11,2,3.0,1.1806675238945261,0.48380724835269695,1.439120409906831,1.0,0.3333333333333333,2.0,False,below within-person threshold
6152e59c-ffc7-47fc-bfe9-7ff95fc56970,2026-06-03 15:00:00,12,2,5.0,1.1806675238945261,0.48380724835269695,1.439120409906831,4.0,1.6666666666666667,2.0,False,below within-person threshold
6152e59c-ffc7-47fc-bfe9-7ff95fc56970,2026-06-03 18:00:00,13,2,5.0,1.1806675238945261,0.48380724835269695,1.439120409906831,0.0,1.6666666666666667,1.9333333333333336,False,below within-person threshold
6152e59c-ffc7-47fc-bfe9-7ff95fc56970,2026-06-03 21:00:00,14,2,,1.1806675238945261,0.48380724835269695,1.439120409906831,,2.0,1.8666666666666671,False,missing or insufficient EMA data
6152e59c-ffc7-47fc-bfe9-7ff95fc56970,2026-06-04 09:00:00,15,3,,1.1806675238945261,0.48380724835269695,1.439120409906831,,0.0,2.0,False,missing or insufficient EMA data
6152e59c-ffc7-47fc-bfe9-7ff95fc56970,2026-06-04 12:00:00,16,3,,1.1806675238945261,0.48380724835269695,1.439120409906831,,,2.0,False,missing or insufficient EMA data
6152e59c-ffc7-47fc-bfe9-7ff95fc56970,2026-06-04 15:00:00,17,3,2.0,1.1806675238945261,0.48380724835269695,1.439120409906831,,,2.0,False,missing or insufficient EMA data
6152e59c-ffc7-47fc-bfe9-7ff95fc56970,2026-06-04 18:00:00,18,3,3.0,1.1806675238945261,0.48380724835269695,1.439120409906831,1.0,1.0,2.0,False,below within-person threshold
6152e59c-ffc7-47fc-bfe9-7ff95fc56970,2026-06-04 21:00:00,19,3,3.0,1.1806675238945261,0.48380724835269695,1.439120409906831,0.0,0.5,2.0,False,below within-person threshold
6152e59c-ffc7-47fc-bfe9-7ff95fc56970,2026-06-05 09:00:00,20,4,4.0,1.1806675238945261,0.48380724835269695,1.439120409906831,1.0,0.6666666666666666,1.9333333333333336,False,below within-person threshold
6152e59c-ffc7-47fc-bfe9-7ff95fc56970,2026-06-05 12:00:00,21,4,5.0,1.1806675238945261,0.48380724835269695,1.439120409906831,1.0,0.6666666666666666,1.8666666666666671,False,below within-person threshold
6152e59c-ffc7-47fc-bfe9-7ff95fc56970,2026-06-05 15:00:00,22,4,5.0,1.1806675238945261,0.48380724835269695,1.439120409906831,0.0,0.6666666666666666,1.8000000000000003,False,below within-person threshold
6152e59c-ffc7-47fc-bfe9-7ff95fc56970,2026-06-05 18:00:00,23,4,4.0,1.1806675238945261,0.48380724835269695,1.439120409906831,1.0,0.6666666666666666,1.7333333333333338,False,below within-person threshold
6152e59c-ffc7-47fc-bfe9-7ff95fc56970,2026-06-05 21:00:00,24,4,5.0,1.1806675238945261,0.48380724835269695,1.439120409906831,1.0,0.6666666666666666,1.6666666666666667,False,below within-person threshold
6152e59c-ffc7-47fc-bfe9-7ff95fc56970,2026-06-06 09:00:00,25,5,,1.1806675238945261,0.48380724835269695,1.439120409906831,,1.0,1.6666666666666667,False,missing or insufficient EMA data
6152e59c-ffc7-47fc-bfe9-7ff95fc56970,2026-06-06 12:00:00,26,5,,1.1806675238945261,0.48380724835269695,1.439120409906831,,1.0,1.6666666666666667,False,missing or insufficient EMA data
6152e59c-ffc7-47fc-bfe9-7ff95fc56970,2026-06-06 15:00:00,27,5,5.0,1.1806675238945261,0.48380724835269695,1.439120409906831,,,1.6666666666666667,False,missing or insufficient EMA data
6152e59c-ffc7-47fc-bfe9-7ff95fc56970,2026-06-06 18:00:00,28,5,5.0,1.1806675238945261,0.48380724835269695,1.439120409906831,0.0,0.0,1.6666666666666667,False,below within-person threshold
6152e59c-ffc7-47fc-bfe9-7ff95fc56970,2026-06-06 21:00:00,29,5,4.0,1.1806675238945261,0.48380724835269695,1.439120409906831,1.0,0.5,1.6666666666666667,False,below within-person threshold
6152e59c-ffc7-47fc-bfe9-7ff95fc56970,2026-06-07 09:00:00,30,6,4.0,1.1806675238945261,0.48380724835269695,1.439120409906831,0.0,0.3333333333333333,1.6666666666666667,False,below within-person threshold
6152e59c-ffc7-47fc-bfe9-7ff95fc56970,2026-06-07 12:00:00,31,6,3.0,1.1806675238945261,0.48380724835269695,1.439120409906831,1.0,0.6666666666666666,1.5333333333333339,False,below within-person threshold
6152e59c-ffc7-47fc-bfe9-7ff95fc56970,2026-06-07 15:00:00,32,6,2.0,1.1806675238945261,0.48380724835269695,1.439120409906831,1.0,0.6666666666666666,1.400000000000001,False,below within-person threshold
6152e59c-ffc7-47fc-bfe9-7ff95fc56970,2026-06-07 18:00:00,33,6,3.0,1.1806675238945261,0.48380724835269695,1.439120409906831,1.0,1.0,1.2666666666666682,False,below within-person threshold
6152e59c-ffc7-47fc-bfe9-7ff95fc56970,2026-06-07 21:00:00,34,6,3.0,1.1806675238945261,0.48380724835269695,1.439120409906831,0.0,0.6666666666666666,1.1333333333333353,False,below within-person threshold
61e8c747-f74c-4150-8b31-112c3d87f786,2026-06-01 09:00:00,0,0,5.0,0.9518137734267826,0.42154978005886656,1.0480933279578382,,,,False,missing or insufficient EMA data
61e8c747-f74c-4150-8b31-112c3d87f786,2026-06-01 12:00:00,1,0,,0.9518137734267826,0.42154978005886656,1.0480933279578382,,,,False,missing or insufficient EMA data
61e8c747-f74c-4150-8b31-112c3d87f786,2026-06-01 15:00:00,2,0,4.0,0.9518137734267826,0.42154978005886656,1.0480933279578382,,,,False,missing or insufficient EMA data
61e8c747-f74c-4150-8b31-112c3d87f786,2026-06-01 18:00:00,3,0,3.0,0.9518137734267826,0.42154978005886656,1.0480933279578382,1.0,1.0,,False,insufficient within-person history
61e8c747-f74c-4150-8b31-112c3d87f786,2026-06-01 21:00:00,4,0,,0.9518137734267826,0.42154978005886656,1.0480933279578382,,1.0,,False,missing or insufficient EMA data
61e8c747-f74c-4150-8b31-112c3d87f786,2026-06-02 09:00:00,5,1,,0.9518137734267826,0.42154978005886656,1.0480933279578382,,1.0,,False,missing or insufficient EMA data
61e8c747-f74c-4150-8b31-112c3d87f786,2026-06-02 12:00:00,6,1,,0.9518137734267826,0.42154978005886656,1.0480933279578382,,,1.0,False,missing or insufficient EMA data
61e8c747-f74c-4150-8b31-112c3d87f786,2026-06-02 15:00:00,7,1,,0.9518137734267826,0.42154978005886656,1.0480933279578382,,,1.0,False,missing or insufficient EMA data
61e8c747-f74c-4150-8b31-112c3d87f786,2026-06-02 18:00:00,8,1,5.0,0.9518137734267826,0.42154978005886656,1.0480933279578382,,,1.0,False,missing or insufficient EMA data
61e8c747-f74c-4150-8b31-112c3d87f786,2026-06-02 21:00:00,9,1,4.0,0.9518137734267826,0.42154978005886656,1.0480933279578382,1.0,1.0,1.0,False,below within-person threshold
61e8c747-f74c-4150-8b31-112c3d87f786,2026-06-03 09:00:00,10,2,,0.9518137734267826,0.42154978005886656,1.0480933279578382,,1.0,1.0,False,missing or insufficient EMA data
61e8c747-f74c-4150-8b31-112c3d87f786,2026-06-03 12:00:00,11,2,,0.9518137734267826,0.42154978005886656,1.0480933279578382,,1.0,1.0,False,missing or insufficient EMA data
61e8c747-f74c-4150-8b31-112c3d87f786,2026-06-03 15:00:00,12,2,5.0,0.9518137734267826,0.42154978005886656,1.0480933279578382,,,1.0,False,missing or insufficient EMA data
61e8c747-f74c-4150-8b31-112c3d87f786,2026-06-03 18:00:00,13,2,5.0,0.9518137734267826,0.42154978005886656,1.0480933279578382,0.0,0.0,1.0,False,below within-person threshold
61e8c747-f74c-4150-8b31-112c3d87f786,2026-06-03 21:00:00,14,2,5.0,0.9518137734267826,0.42154978005886656,1.0480933279578382,0.0,0.0,1.0,False,below within-person threshold
61e8c747-f74c-4150-8b31-112c3d87f786,2026-06-04 09:00:00,15,3,4.0,0.9518137734267826,0.42154978005886656,1.0480933279578382,1.0,0.3333333333333333,1.0,False,below within-person threshold
61e8c747-f74c-4150-8b31-112c3d87f786,2026-06-04 12:00:00,16,3,3.0,0.9518137734267826,0.42154978005886656,1.0480933279578382,1.0,0.6666666666666666,1.0,False,below within-person threshold
61e8c747-f74c-4150-8b31-112c3d87f786,2026-06-04 15:00:00,17,3,4.0,0.9518137734267826,0.42154978005886656,1.0480933279578382,1.0,1.0,1.0,False,below within-person threshold
61e8c747-f74c-4150-8b31-112c3d87f786,2026-06-04 18:00:00,18,3,,0.9518137734267826,0.42154978005886656,1.0480933279578382,,1.0,1.0,False,missing or insufficient EMA data
61e8c747-f74c-4150-8b31-112c3d87f786,2026-06-04 21:00:00,19,3,,0.9518137734267826,0.42154978005886656,1.0480933279578382,,1.0,1.0,False,missing or insufficient EMA data
61e8c747-f74c-4150-8b31-112c3d87f786,2026-06-05 09:00:00,20,4,,0.9518137734267826,0.42154978005886656,1.0480933279578382,,,1.0,False,missing or insufficient EMA data
61e8c747-f74c-4150-8b31-112c3d87f786,2026-06-05 12:00:00,21,4,,0.9518137734267826,0.42154978005886656,1.0480933279578382,,,1.0,False,missing or insufficient EMA data
61e8c747-f74c-4150-8b31-112c3d87f786,2026-06-05 15:00:00,22,4,4.0,0.9518137734267826,0.42154978005886656,1.0480933279578382,,,1.0,False,missing or insufficient EMA data
61e8c747-f74c-4150-8b31-112c3d87f786,2026-06-05 18:00:00,23,4,4.0,0.9518137734267826,0.42154978005886656,1.0480933279578382,0.0,0.0,1.0,False,below within-person threshold
61e8c747-f74c-4150-8b31-112c3d87f786,2026-06-05 21:00:00,24,4,3.0,0.9518137734267826,0.42154978005886656,1.0480933279578382,1.0,0.5,1.0,False,below within-person threshold
61e8c747-f74c-4150-8b31-112c3d87f786,2026-06-06 09:00:00,25,5,5.0,0.9518137734267826,0.42154978005886656,1.0480933279578382,4.0,1.6666666666666667,1.0,True,prompt sent
61e8c747-f74c-4150-8b31-112c3d87f786,2026-06-06 12:00:00,26,5,4.0,0.9518137734267826,0.42154978005886656,1.0480933279578382,1.0,2.0,1.0,True,prompt sent
61e8c747-f74c-4150-8b31-112c3d87f786,2026-06-06 15:00:00,27,5,5.0,0.9518137734267826,0.42154978005886656,1.0480933279578382,1.0,2.0,1.0,True,prompt sent
61e8c747-f74c-4150-8b31-112c3d87f786,2026-06-06 18:00:00,28,5,5.0,0.9518137734267826,0.42154978005886656,1.0480933279578382,0.0,0.6666666666666666,1.0,False,below within-person threshold
61e8c747-f74c-4150-8b31-112c3d87f786,2026-06-06 21:00:00,29,5,,0.9518137734267826,0.42154978005886656,1.0480933279578382,,0.5,1.0,False,missing or insufficient EMA data
61e8c747-f74c-4150-8b31-112c3d87f786,2026-06-07 09:00:00,30,6,5.0,0.9518137734267826,0.42154978005886656,1.0480933279578382,,0.0,1.0,False,below within-person threshold
61e8c747-f74c-4150-8b31-112c3d87f786,2026-06-07 12:00:00,31,6,4.0,0.9518137734267826,0.42154978005886656,1.0480933279578382,1.0,1.0,1.0,False,below within-person threshold
61e8c747-f74c-4150-8b31-112c3d87f786,2026-06-07 15:00:00,32,6,4.0,0.9518137734267826,0.42154978005886656,1.0480933279578382,0.0,0.5,1.0,False,below within-person threshold
61e8c747-f74c-4150-8b31-112c3d87f786,2026-06-07 18:00:00,33,6,,0.9518137734267826,0.42154978005886656,1.0480933279578382,,0.5,1.0,False,missing or insufficient EMA data
61e8c747-f74c-4150-8b31-112c3d87f786,2026-06-07 21:00:00,34,6,3.0,0.9518137734267826,0.42154978005886656,1.0480933279578382,,0.0,1.0,False,below within-person threshold
61f2c336-07be-4d8d-8006-ebea6fb56ff4,2026-06-01 09:00:00,0,0,4.0,0.47059094055387285,0.4033689580040345,0.26425484919317066,,,,False,missing or insufficient EMA data
61f2c336-07be-4d8d-8006-ebea6fb56ff4,2026-06-01 12:00:00,1,0,,0.47059094055387285,0.4033689580040345,0.26425484919317066,,,,False,missing or insufficient EMA data
61f2c336-07be-4d8d-8006-ebea6fb56ff4,2026-06-01 15:00:00,2,0,4.0,0.47059094055387285,0.4033689580040345,0.26425484919317066,,,,False,missing or insufficient EMA data
61f2c336-07be-4d8d-8006-ebea6fb56ff4,2026-06-01 18:00:00,3,0,3.0,0.47059094055387285,0.4033689580040345,0.26425484919317066,1.0,1.0,,False,insufficient within-person history
61f2c336-07be-4d8d-8006-ebea6fb56ff4,2026-06-01 21:00:00,4,0,,0.47059094055387285,0.4033689580040345,0.26425484919317066,,1.0,,False,missing or insufficient EMA data
61f2c336-07be-4d8d-8006-ebea6fb56ff4,2026-06-02 09:00:00,5,1,,0.47059094055387285,0.4033689580040345,0.26425484919317066,,1.0,,False,missing or insufficient EMA data
61f2c336-07be-4d8d-8006-ebea6fb56ff4,2026-06-02 12:00:00,6,1,,0.47059094055387285,0.4033689580040345,0.26425484919317066,,,1.0,False,missing or insufficient EMA data
61f2c336-07be-4d8d-8006-ebea6fb56ff4,2026-06-02 15:00:00,7,1,3.0,0.47059094055387285,0.4033689580040345,0.26425484919317066,,,1.0,False,missing or insufficient EMA data
61f2c336-07be-4d8d-8006-ebea6fb56ff4,2026-06-02 18:00:00,8,1,3.0,0.47059094055387285,0.4033689580040345,0.26425484919317066,0.0,0.0,1.0,False,below within-person threshold
61f2c336-07be-4d8d-8006-ebea6fb56ff4,2026-06-02 21:00:00,9,1,4.0,0.47059094055387285,0.4033689580040345,0.26425484919317066,1.0,0.5,1.0,False,below within-person threshold
61f2c336-07be-4d8d-8006-ebea6fb56ff4,2026-06-03 09:00:00,10,2,4.0,0.47059094055387285,0.4033689580040345,0.26425484919317066,0.0,0.3333333333333333,1.0,False,below within-person threshold
61f2c336-07be-4d8d-8006-ebea6fb56ff4,2026-06-03 12:00:00,11,2,3.0,0.47059094055387285,0.4033689580040345,0.26425484919317066,1.0,0.6666666666666666,1.0,False,below within-person threshold
61f2c336-07be-4d8d-8006-ebea6fb56ff4,2026-06-03 15:00:00,12,2,3.0,0.47059094055387285,0.4033689580040345,0.26425484919317066,0.0,0.3333333333333333,1.0,False,below within-person threshold
61f2c336-07be-4d8d-8006-ebea6fb56ff4,2026-06-03 18:00:00,13,2,3.0,0.47059094055387285,0.4033689580040345,0.26425484919317066,0.0,0.3333333333333333,1.0,False,below within-person threshold
61f2c336-07be-4d8d-8006-ebea6fb56ff4,2026-06-03 21:00:00,14,2,3.0,0.47059094055387285,0.4033689580040345,0.26425484919317066,0.0,0.0,1.0,False,below within-person threshold
61f2c336-07be-4d8d-8006-ebea6fb56ff4,2026-06-04 09:00:00,15,3,4.0,0.47059094055387285,0.4033689580040345,0.26425484919317066,1.0,0.3333333333333333,1.0,False,below within-person threshold
61f2c336-07be-4d8d-8006-ebea6fb56ff4,2026-06-04 12:00:00,16,3,,0.47059094055387285,0.4033689580040345,0.26425484919317066,,0.5,1.0,False,missing or insufficient EMA data
61f2c336-07be-4d8d-8006-ebea6fb56ff4,2026-06-04 15:00:00,17,3,,0.47059094055387285,0.4033689580040345,0.26425484919317066,,1.0,0.9333333333333336,False,missing or insufficient EMA data
61f2c336-07be-4d8d-8006-ebea6fb56ff4,2026-06-04 18:00:00,18,3,,0.47059094055387285,0.4033689580040345,0.26425484919317066,,,1.0,False,missing or insufficient EMA data
61f2c336-07be-4d8d-8006-ebea6fb56ff4,2026-06-04 21:00:00,19,3,,0.47059094055387285,0.4033689580040345,0.26425484919317066,,,1.0,False,missing or insufficient EMA data
61f2c336-07be-4d8d-8006-ebea6fb56ff4,2026-06-05 09:00:00,20,4,4.0,0.47059094055387285,0.4033689580040345,0.26425484919317066,,,1.0,False,missing or insufficient EMA data
61f2c336-07be-4d8d-8006-ebea6fb56ff4,2026-06-05 12:00:00,21,4,3.0,0.47059094055387285,0.4033689580040345,0.26425484919317066,1.0,1.0,1.0,False,below within-person threshold
61f2c336-07be-4d8d-8006-ebea6fb56ff4,2026-06-05 15:00:00,22,4,3.0,0.47059094055387285,0.4033689580040345,0.26425484919317066,0.0,0.5,1.0,False,below within-person threshold
61f2c336-07be-4d8d-8006-ebea6fb56ff4,2026-06-05 18:00:00,23,4,,0.47059094055387285,0.4033689580040345,0.26425484919317066,,0.5,1.0,False,missing or insufficient EMA data
61f2c336-07be-4d8d-8006-ebea6fb56ff4,2026-06-05 21:00:00,24,4,,0.47059094055387285,0.4033689580040345,0.26425484919317066,,0.0,1.0,False,missing or insufficient EMA data
61f2c336-07be-4d8d-8006-ebea6fb56ff4,2026-06-06 09:00:00,25,5,,0.47059094055387285,0.4033689580040345,0.26425484919317066,,,1.0,False,missing or insufficient EMA data
61f2c336-07be-4d8d-8006-ebea6fb56ff4,2026-06-06 12:00:00,26,5,3.0,0.47059094055387285,0.4033689580040345,0.26425484919317066,,,1.0,False,missing or insufficient EMA data
61f2c336-07be-4d8d-8006-ebea6fb56ff4,2026-06-06 15:00:00,27,5,4.0,0.47059094055387285,0.4033689580040345,0.26425484919317066,1.0,1.0,1.0,False,below within-person threshold
61f2c336-07be-4d8d-8006-ebea6fb56ff4,2026-06-06 18:00:00,28,5,,0.47059094055387285,0.4033689580040345,0.26425484919317066,,1.0,1.0,False,missing or insufficient EMA data
61f2c336-07be-4d8d-8006-ebea6fb56ff4,2026-06-06 21:00:00,29,5,,0.47059094055387285,0.4033689580040345,0.26425484919317066,,1.0,1.0,False,missing or insufficient EMA data
61f2c336-07be-4d8d-8006-ebea6fb56ff4,2026-06-07 09:00:00,30,6,,0.47059094055387285,0.4033689580040345,0.26425484919317066,,,1.0,False,missing or insufficient EMA data
61f2c336-07be-4d8d-8006-ebea6fb56ff4,2026-06-07 12:00:00,31,6,4.0,0.47059094055387285,0.4033689580040345,0.26425484919317066,,,1.0,False,missing or insufficient EMA data
61f2c336-07be-4d8d-8006-ebea6fb56ff4,2026-06-07 15:00:00,32,6,4.0,0.47059094055387285,0.4033689580040345,0.26425484919317066,0.0,0.0,1.0,False,below within-person threshold
61f2c336-07be-4d8d-8006-ebea6fb56ff4,2026-06-07 18:00:00,33,6,,0.47059094055387285,0.4033689580040345,0.26425484919317066,,0.0,1.0,False,missing or insufficient EMA data
61f2c336-07be-4d8d-8006-ebea6fb56ff4,2026-06-07 21:00:00,34,6,,0.47059094055387285,0.4033689580040345,0.26425484919317066,,0.0,1.0,False,missing or insufficient EMA data
6367a053-c9a9-4731-bfa0-2b0aead75753,2026-06-01 09:00:00,0,0,5.0,0.9218666130475042,0.3624009943599059,1.0837117941415668,,,,False,missing or insufficient EMA data
6367a053-c9a9-4731-bfa0-2b0aead75753,2026-06-01 12:00:00,1,0,4.0,0.9218666130475042,0.3624009943599059,1.0837117941415668,1.0,1.0,,False,insufficient within-person history
6367a053-c9a9-4731-bfa0-2b0aead75753,2026-06-01 15:00:00,2,0,1.0,0.9218666130475042,0.3624009943599059,1.0837117941415668,9.0,5.0,,False,insufficient within-person history
6367a053-c9a9-4731-bfa0-2b0aead75753,2026-06-01 18:00:00,3,0,1.0,0.9218666130475042,0.3624009943599059,1.0837117941415668,0.0,3.3333333333333335,,False,insufficient within-person history
6367a053-c9a9-4731-bfa0-2b0aead75753,2026-06-01 21:00:00,4,0,1.0,0.9218666130475042,0.3624009943599059,1.0837117941415668,0.0,3.0,4.333333333333334,False,below within-person threshold
6367a053-c9a9-4731-bfa0-2b0aead75753,2026-06-02 09:00:00,5,1,2.0,0.9218666130475042,0.3624009943599059,1.0837117941415668,1.0,0.3333333333333333,4.000000000000001,False,below within-person threshold
6367a053-c9a9-4731-bfa0-2b0aead75753,2026-06-02 12:00:00,6,1,2.0,0.9218666130475042,0.3624009943599059,1.0837117941415668,0.0,0.3333333333333333,3.666666666666667,False,below within-person threshold
6367a053-c9a9-4731-bfa0-2b0aead75753,2026-06-02 15:00:00,7,1,1.0,0.9218666130475042,0.3624009943599059,1.0837117941415668,1.0,0.6666666666666666,3.3333333333333335,False,below within-person threshold
6367a053-c9a9-4731-bfa0-2b0aead75753,2026-06-02 18:00:00,8,1,2.0,0.9218666130475042,0.3624009943599059,1.0837117941415668,1.0,0.6666666666666666,3.266666666666667,False,below within-person threshold
6367a053-c9a9-4731-bfa0-2b0aead75753,2026-06-02 21:00:00,9,1,3.0,0.9218666130475042,0.3624009943599059,1.0837117941415668,1.0,1.0,3.2,False,below within-person threshold
6367a053-c9a9-4731-bfa0-2b0aead75753,2026-06-03 09:00:00,10,2,4.0,0.9218666130475042,0.3624009943599059,1.0837117941415668,1.0,1.0,3.1333333333333333,False,below within-person threshold
6367a053-c9a9-4731-bfa0-2b0aead75753,2026-06-03 12:00:00,11,2,3.0,0.9218666130475042,0.3624009943599059,1.0837117941415668,1.0,1.0,3.066666666666667,False,below within-person threshold
6367a053-c9a9-4731-bfa0-2b0aead75753,2026-06-03 15:00:00,12,2,3.0,0.9218666130475042,0.3624009943599059,1.0837117941415668,0.0,0.6666666666666666,3.0,False,below within-person threshold
6367a053-c9a9-4731-bfa0-2b0aead75753,2026-06-03 18:00:00,13,2,2.0,0.9218666130475042,0.3624009943599059,1.0837117941415668,1.0,0.6666666666666666,2.6000000000000014,False,below within-person threshold
6367a053-c9a9-4731-bfa0-2b0aead75753,2026-06-03 21:00:00,14,2,,0.9218666130475042,0.3624009943599059,1.0837117941415668,,0.5,2.200000000000003,False,missing or insufficient EMA data
6367a053-c9a9-4731-bfa0-2b0aead75753,2026-06-04 09:00:00,15,3,2.0,0.9218666130475042,0.3624009943599059,1.0837117941415668,,1.0,1.8000000000000007,False,below within-person threshold
6367a053-c9a9-4731-bfa0-2b0aead75753,2026-06-04 12:00:00,16,3,1.0,0.9218666130475042,0.3624009943599059,1.0837117941415668,1.0,1.0,1.4000000000000021,False,below within-person threshold
6367a053-c9a9-4731-bfa0-2b0aead75753,2026-06-04 15:00:00,17,3,,0.9218666130475042,0.3624009943599059,1.0837117941415668,,1.0,1.0,False,missing or insufficient EMA data
6367a053-c9a9-4731-bfa0-2b0aead75753,2026-06-04 18:00:00,18,3,,0.9218666130475042,0.3624009943599059,1.0837117941415668,,1.0,1.0,False,missing or insufficient EMA data
6367a053-c9a9-4731-bfa0-2b0aead75753,2026-06-04 21:00:00,19,3,,0.9218666130475042,0.3624009943599059,1.0837117941415668,,,1.0,False,missing or insufficient EMA data
6367a053-c9a9-4731-bfa0-2b0aead75753,2026-06-05 09:00:00,20,4,,0.9218666130475042,0.3624009943599059,1.0837117941415668,,,1.0,False,missing or insufficient EMA data
6367a053-c9a9-4731-bfa0-2b0aead75753,2026-06-05 12:00:00,21,4,2.0,0.9218666130475042,0.3624009943599059,1.0837117941415668,,,1.0,False,missing or insufficient EMA data
6367a053-c9a9-4731-bfa0-2b0aead75753,2026-06-05 15:00:00,22,4,2.0,0.9218666130475042,0.3624009943599059,1.0837117941415668,0.0,0.0,1.0,False,below within-person threshold
6367a053-c9a9-4731-bfa0-2b0aead75753,2026-06-05 18:00:00,23,4,3.0,0.9218666130475042,0.3624009943599059,1.0837117941415668,1.0,0.5,1.0,False,below within-person threshold
6367a053-c9a9-4731-bfa0-2b0aead75753,2026-06-05 21:00:00,24,4,4.0,0.9218666130475042,0.3624009943599059,1.0837117941415668,1.0,0.6666666666666666,1.0,False,below within-person threshold
6367a053-c9a9-4731-bfa0-2b0aead75753,2026-06-06 09:00:00,25,5,3.0,0.9218666130475042,0.3624009943599059,1.0837117941415668,1.0,1.0,1.0,False,below within-person threshold
6367a053-c9a9-4731-bfa0-2b0aead75753,2026-06-06 12:00:00,26,5,1.0,0.9218666130475042,0.3624009943599059,1.0837117941415668,4.0,2.0,1.0,True,prompt sent
6367a053-c9a9-4731-bfa0-2b0aead75753,2026-06-06 15:00:00,27,5,1.0,0.9218666130475042,0.3624009943599059,1.0837117941415668,0.0,1.6666666666666667,1.0,True,prompt sent
6367a053-c9a9-4731-bfa0-2b0aead75753,2026-06-06 18:00:00,28,5,2.0,0.9218666130475042,0.3624009943599059,1.0837117941415668,1.0,1.6666666666666667,1.2666666666666682,True,prompt sent
6367a053-c9a9-4731-bfa0-2b0aead75753,2026-06-06 21:00:00,29,5,1.0,0.9218666130475042,0.3624009943599059,1.0837117941415668,1.0,0.6666666666666666,1.6666666666666667,False,below within-person threshold
6367a053-c9a9-4731-bfa0-2b0aead75753,2026-06-07 09:00:00,30,6,3.0,0.9218666130475042,0.3624009943599059,1.0837117941415668,4.0,2.0,1.6666666666666667,True,prompt sent
6367a053-c9a9-4731-bfa0-2b0aead75753,2026-06-07 12:00:00,31,6,5.0,0.9218666130475042,0.3624009943599059,1.0837117941415668,4.0,3.0,1.6666666666666667,True,prompt sent
6367a053-c9a9-4731-bfa0-2b0aead75753,2026-06-07 15:00:00,32,6,3.0,0.9218666130475042,0.3624009943599059,1.0837117941415668,4.0,4.0,1.8666666666666671,True,prompt sent
6367a053-c9a9-4731-bfa0-2b0aead75753,2026-06-07 18:00:00,33,6,3.0,0.9218666130475042,0.3624009943599059,1.0837117941415668,0.0,2.6666666666666665,2.0,True,prompt sent
6367a053-c9a9-4731-bfa0-2b0aead75753,2026-06-07 21:00:00,34,6,3.0,0.9218666130475042,0.3624009943599059,1.0837117941415668,0.0,1.3333333333333333,2.133333333333335,False,below within-person threshold
667a931f-214a-4816-b84c-6183a1fc928b,2026-06-01 09:00:00,0,0,5.0,0.8619743618610822,0.6888635688263148,0.4623486125842817,,,,False,missing or insufficient EMA data
667a931f-214a-4816-b84c-6183a1fc928b,2026-06-01 12:00:00,1,0,4.0,0.8619743618610822,0.6888635688263148,0.4623486125842817,1.0,1.0,,False,insufficient within-person history
667a931f-214a-4816-b84c-6183a1fc928b,2026-06-01 15:00:00,2,0,4.0,0.8619743618610822,0.6888635688263148,0.4623486125842817,0.0,0.5,,False,insufficient within-person history
667a931f-214a-4816-b84c-6183a1fc928b,2026-06-01 18:00:00,3,0,3.0,0.8619743618610822,0.6888635688263148,0.4623486125842817,1.0,0.6666666666666666,,False,insufficient within-person history
667a931f-214a-4816-b84c-6183a1fc928b,2026-06-01 21:00:00,4,0,3.0,0.8619743618610822,0.6888635688263148,0.4623486125842817,0.0,0.3333333333333333,0.8666666666666667,False,below within-person threshold
667a931f-214a-4816-b84c-6183a1fc928b,2026-06-02 09:00:00,5,1,,0.8619743618610822,0.6888635688263148,0.4623486125842817,,0.5,0.8,False,missing or insufficient EMA data
667a931f-214a-4816-b84c-6183a1fc928b,2026-06-02 12:00:00,6,1,,0.8619743618610822,0.6888635688263148,0.4623486125842817,,0.0,0.7333333333333334,False,missing or insufficient EMA data
667a931f-214a-4816-b84c-6183a1fc928b,2026-06-02 15:00:00,7,1,3.0,0.8619743618610822,0.6888635688263148,0.4623486125842817,,,0.6666666666666666,False,missing or insufficient EMA data
667a931f-214a-4816-b84c-6183a1fc928b,2026-06-02 18:00:00,8,1,3.0,0.8619743618610822,0.6888635688263148,0.4623486125842817,0.0,0.0,0.6666666666666666,False,below within-person threshold
667a931f-214a-4816-b84c-6183a1fc928b,2026-06-02 21:00:00,9,1,3.0,0.8619743618610822,0.6888635688263148,0.4623486125842817,0.0,0.0,0.6333333333333334,False,below within-person threshold
667a931f-214a-4816-b84c-6183a1fc928b,2026-06-03 09:00:00,10,2,4.0,0.8619743618610822,0.6888635688263148,0.4623486125842817,1.0,0.3333333333333333,0.6000000000000001,False,below within-person threshold
667a931f-214a-4816-b84c-6183a1fc928b,2026-06-03 12:00:00,11,2,3.0,0.8619743618610822,0.6888635688263148,0.4623486125842817,1.0,0.6666666666666666,0.5666666666666667,True,prompt sent
667a931f-214a-4816-b84c-6183a1fc928b,2026-06-03 15:00:00,12,2,3.0,0.8619743618610822,0.6888635688263148,0.4623486125842817,0.0,0.6666666666666666,0.6666666666666666,False,below within-person threshold
667a931f-214a-4816-b84c-6183a1fc928b,2026-06-03 18:00:00,13,2,4.0,0.8619743618610822,0.6888635688263148,0.4623486125842817,1.0,0.6666666666666666,0.6666666666666666,False,below within-person threshold
667a931f-214a-4816-b84c-6183a1fc928b,2026-06-03 21:00:00,14,2,4.0,0.8619743618610822,0.6888635688263148,0.4623486125842817,0.0,0.3333333333333333,0.6666666666666666,False,below within-person threshold
667a931f-214a-4816-b84c-6183a1fc928b,2026-06-04 09:00:00,15,3,4.0,0.8619743618610822,0.6888635688263148,0.4623486125842817,0.0,0.3333333333333333,0.6666666666666666,False,below within-person threshold
667a931f-214a-4816-b84c-6183a1fc928b,2026-06-04 12:00:00,16,3,5.0,0.8619743618610822,0.6888635688263148,0.4623486125842817,1.0,0.3333333333333333,0.6666666666666666,False,below within-person threshold
667a931f-214a-4816-b84c-6183a1fc928b,2026-06-04 15:00:00,17,3,4.0,0.8619743618610822,0.6888635688263148,0.4623486125842817,1.0,0.6666666666666666,0.6666666666666666,False,below within-person threshold
667a931f-214a-4816-b84c-6183a1fc928b,2026-06-04 18:00:00,18,3,3.0,0.8619743618610822,0.6888635688263148,0.4623486125842817,1.0,1.0,0.6666666666666666,True,prompt sent
667a931f-214a-4816-b84c-6183a1fc928b,2026-06-04 21:00:00,19,3,3.0,0.8619743618610822,0.6888635688263148,0.4623486125842817,0.0,0.6666666666666666,0.6666666666666666,False,below within-person threshold
667a931f-214a-4816-b84c-6183a1fc928b,2026-06-05 09:00:00,20,4,2.0,0.8619743618610822,0.6888635688263148,0.4623486125842817,1.0,0.6666666666666666,0.6666666666666666,False,below within-person threshold
667a931f-214a-4816-b84c-6183a1fc928b,2026-06-05 12:00:00,21,4,2.0,0.8619743618610822,0.6888635688263148,0.4623486125842817,0.0,0.3333333333333333,0.6666666666666666,False,below within-person threshold
667a931f-214a-4816-b84c-6183a1fc928b,2026-06-05 15:00:00,22,4,3.0,0.8619743618610822,0.6888635688263148,0.4623486125842817,1.0,0.6666666666666666,0.6666666666666666,False,below within-person threshold
667a931f-214a-4816-b84c-6183a1fc928b,2026-06-05 18:00:00,23,4,4.0,0.8619743618610822,0.6888635688263148,0.4623486125842817,1.0,0.6666666666666666,0.6666666666666666,False,below within-person threshold
667a931f-214a-4816-b84c-6183a1fc928b,2026-06-05 21:00:00,24,4,3.0,0.8619743618610822,0.6888635688263148,0.4623486125842817,1.0,1.0,0.6666666666666666,True,prompt sent
667a931f-214a-4816-b84c-6183a1fc928b,2026-06-06 09:00:00,25,5,2.0,0.8619743618610822,0.6888635688263148,0.4623486125842817,1.0,1.0,0.6666666666666666,True,prompt sent
667a931f-214a-4816-b84c-6183a1fc928b,2026-06-06 12:00:00,26,5,3.0,0.8619743618610822,0.6888635688263148,0.4623486125842817,1.0,1.0,0.6666666666666666,True,prompt sent
667a931f-214a-4816-b84c-6183a1fc928b,2026-06-06 15:00:00,27,5,3.0,0.8619743618610822,0.6888635688263148,0.4623486125842817,0.0,0.6666666666666666,0.7333333333333343,False,below within-person threshold
667a931f-214a-4816-b84c-6183a1fc928b,2026-06-06 18:00:00,28,5,4.0,0.8619743618610822,0.6888635688263148,0.4623486125842817,1.0,0.6666666666666666,0.6666666666666666,False,below within-person threshold
667a931f-214a-4816-b84c-6183a1fc928b,2026-06-06 21:00:00,29,5,4.0,0.8619743618610822,0.6888635688263148,0.4623486125842817,0.0,0.3333333333333333,0.6666666666666666,False,below within-person threshold
667a931f-214a-4816-b84c-6183a1fc928b,2026-06-07 09:00:00,30,6,5.0,0.8619743618610822,0.6888635688263148,0.4623486125842817,1.0,0.6666666666666666,0.6666666666666666,False,below within-person threshold
667a931f-214a-4816-b84c-6183a1fc928b,2026-06-07 12:00:00,31,6,5.0,0.8619743618610822,0.6888635688263148,0.4623486125842817,0.0,0.3333333333333333,0.6666666666666666,False,below within-person threshold
667a931f-214a-4816-b84c-6183a1fc928b,2026-06-07 15:00:00,32,6,5.0,0.8619743618610822,0.6888635688263148,0.4623486125842817,0.0,0.3333333333333333,0.6666666666666666,False,below within-person threshold
667a931f-214a-4816-b84c-6183a1fc928b,2026-06-07 18:00:00,33,6,3.0,0.8619743618610822,0.6888635688263148,0.4623486125842817,4.0,1.3333333333333333,0.6666666666666666,True,prompt sent
667a931f-214a-4816-b84c-6183a1fc928b,2026-06-07 21:00:00,34,6,4.0,0.8619743618610822,0.6888635688263148,0.4623486125842817,1.0,1.6666666666666667,0.6666666666666666,True,prompt sent
677ee700-8d65-4195-adbd-528065d67599,2026-06-01 09:00:00,0,0,,0.873226283186237,0.4519161673434726,0.8358543080943073,,,,False,missing or insufficient EMA data
677ee700-8d65-4195-adbd-528065d67599,2026-06-01 12:00:00,1,0,3.0,0.873226283186237,0.4519161673434726,0.8358543080943073,,,,False,missing or insufficient EMA data
677ee700-8d65-4195-adbd-528065d67599,2026-06-01 15:00:00,2,0,4.0,0.873226283186237,0.4519161673434726,0.8358543080943073,1.0,1.0,,False,insufficient within-person history
677ee700-8d65-4195-adbd-528065d67599,2026-06-01 18:00:00,3,0,3.0,0.873226283186237,0.4519161673434726,0.8358543080943073,1.0,1.0,,False,insufficient within-person history
677ee700-8d65-4195-adbd-528065d67599,2026-06-01 21:00:00,4,0,4.0,0.873226283186237,0.4519161673434726,0.8358543080943073,1.0,1.0,,False,insufficient within-person history
677ee700-8d65-4195-adbd-528065d67599,2026-06-02 09:00:00,5,1,3.0,0.873226283186237,0.4519161673434726,0.8358543080943073,1.0,1.0,1.0,False,below within-person threshold
677ee700-8d65-4195-adbd-528065d67599,2026-06-02 12:00:00,6,1,3.0,0.873226283186237,0.4519161673434726,0.8358543080943073,0.0,0.6666666666666666,1.0,False,below within-person threshold
677ee700-8d65-4195-adbd-528065d67599,2026-06-02 15:00:00,7,1,4.0,0.873226283186237,0.4519161673434726,0.8358543080943073,1.0,0.6666666666666666,1.0,False,below within-person threshold
677ee700-8d65-4195-adbd-528065d67599,2026-06-02 18:00:00,8,1,5.0,0.873226283186237,0.4519161673434726,0.8358543080943073,1.0,0.6666666666666666,1.0,False,below within-person threshold
677ee700-8d65-4195-adbd-528065d67599,2026-06-02 21:00:00,9,1,4.0,0.873226283186237,0.4519161673434726,0.8358543080943073,1.0,1.0,1.0,False,below within-person threshold
677ee700-8d65-4195-adbd-528065d67599,2026-06-03 09:00:00,10,2,2.0,0.873226283186237,0.4519161673434726,0.8358543080943073,4.0,2.0,1.0,True,prompt sent
677ee700-8d65-4195-adbd-528065d67599,2026-06-03 12:00:00,11,2,1.0,0.873226283186237,0.4519161673434726,0.8358543080943073,1.0,2.0,1.0,True,prompt sent
677ee700-8d65-4195-adbd-528065d67599,2026-06-03 15:00:00,12,2,3.0,0.873226283186237,0.4519161673434726,0.8358543080943073,4.0,3.0,1.2000000000000002,True,prompt sent
677ee700-8d65-4195-adbd-528065d67599,2026-06-03 18:00:00,13,2,3.0,0.873226283186237,0.4519161673434726,0.8358543080943073,0.0,1.6666666666666667,2.0,False,below within-person threshold
677ee700-8d65-4195-adbd-528065d67599,2026-06-03 21:00:00,14,2,2.0,0.873226283186237,0.4519161673434726,0.8358543080943073,1.0,1.6666666666666667,1.9333333333333336,False,below within-person threshold
677ee700-8d65-4195-adbd-528065d67599,2026-06-04 09:00:00,15,3,4.0,0.873226283186237,0.4519161673434726,0.8358543080943073,4.0,1.6666666666666667,1.8666666666666671,False,below within-person threshold
677ee700-8d65-4195-adbd-528065d67599,2026-06-04 12:00:00,16,3,4.0,0.873226283186237,0.4519161673434726,0.8358543080943073,0.0,1.6666666666666667,1.8000000000000003,False,below within-person threshold
677ee700-8d65-4195-adbd-528065d67599,2026-06-04 15:00:00,17,3,3.0,0.873226283186237,0.4519161673434726,0.8358543080943073,1.0,1.6666666666666667,1.7333333333333338,False,below within-person threshold
677ee700-8d65-4195-adbd-528065d67599,2026-06-04 18:00:00,18,3,3.0,0.873226283186237,0.4519161673434726,0.8358543080943073,0.0,0.3333333333333333,1.6666666666666667,False,below within-person threshold
677ee700-8d65-4195-adbd-528065d67599,2026-06-04 21:00:00,19,3,3.0,0.873226283186237,0.4519161673434726,0.8358543080943073,0.0,0.3333333333333333,1.6666666666666667,False,below within-person threshold
677ee700-8d65-4195-adbd-528065d67599,2026-06-05 09:00:00,20,4,3.0,0.873226283186237,0.4519161673434726,0.8358543080943073,0.0,0.0,1.6666666666666667,False,below within-person threshold
677ee700-8d65-4195-adbd-528065d67599,2026-06-05 12:00:00,21,4,4.0,0.873226283186237,0.4519161673434726,0.8358543080943073,1.0,0.3333333333333333,1.6666666666666667,False,below within-person threshold
677ee700-8d65-4195-adbd-528065d67599,2026-06-05 15:00:00,22,4,3.0,0.873226283186237,0.4519161673434726,0.8358543080943073,1.0,0.6666666666666666,1.6666666666666667,False,below within-person threshold
677ee700-8d65-4195-adbd-528065d67599,2026-06-05 18:00:00,23,4,3.0,0.873226283186237,0.4519161673434726,0.8358543080943073,0.0,0.6666666666666666,1.6666666666666667,False,below within-person threshold
677ee700-8d65-4195-adbd-528065d67599,2026-06-05 21:00:00,24,4,4.0,0.873226283186237,0.4519161673434726,0.8358543080943073,1.0,0.6666666666666666,1.6666666666666667,False,below within-person threshold
677ee700-8d65-4195-adbd-528065d67599,2026-06-06 09:00:00,25,5,4.0,0.873226283186237,0.4519161673434726,0.8358543080943073,0.0,0.3333333333333333,1.6666666666666667,False,below within-person threshold
677ee700-8d65-4195-adbd-528065d67599,2026-06-06 12:00:00,26,5,,0.873226283186237,0.4519161673434726,0.8358543080943073,,0.5,1.6666666666666667,False,missing or insufficient EMA data
677ee700-8d65-4195-adbd-528065d67599,2026-06-06 15:00:00,27,5,3.0,0.873226283186237,0.4519161673434726,0.8358543080943073,,0.0,1.6666666666666667,False,below within-person threshold
677ee700-8d65-4195-adbd-528065d67599,2026-06-06 18:00:00,28,5,2.0,0.873226283186237,0.4519161673434726,0.8358543080943073,1.0,1.0,1.6666666666666667,False,below within-person threshold
677ee700-8d65-4195-adbd-528065d67599,2026-06-06 21:00:00,29,5,3.0,0.873226283186237,0.4519161673434726,0.8358543080943073,1.0,1.0,1.6666666666666667,False,below within-person threshold
677ee700-8d65-4195-adbd-528065d67599,2026-06-07 09:00:00,30,6,4.0,0.873226283186237,0.4519161673434726,0.8358543080943073,1.0,1.0,1.6666666666666667,False,below within-person threshold
677ee700-8d65-4195-adbd-528065d67599,2026-06-07 12:00:00,31,6,2.0,0.873226283186237,0.4519161673434726,0.8358543080943073,4.0,2.0,1.6666666666666667,True,prompt sent
677ee700-8d65-4195-adbd-528065d67599,2026-06-07 15:00:00,32,6,4.0,0.873226283186237,0.4519161673434726,0.8358543080943073,4.0,3.0,1.6666666666666667,True,prompt sent
677ee700-8d65-4195-adbd-528065d67599,2026-06-07 18:00:00,33,6,5.0,0.873226283186237,0.4519161673434726,0.8358543080943073,1.0,3.0,1.6666666666666667,True,prompt sent
677ee700-8d65-4195-adbd-528065d67599,2026-06-07 21:00:00,34,6,4.0,0.873226283186237,0.4519161673434726,0.8358543080943073,1.0,2.0,1.6666666666666667,True,prompt sent
67e92336-6582-466b-9faf-189e9532ad1f,2026-06-01 09:00:00,0,0,4.0,0.5104250922382838,0.5309092920739551,0.24442794570645107,,,,False,missing or insufficient EMA data
67e92336-6582-466b-9faf-189e9532ad1f,2026-06-01 12:00:00,1,0,,0.5104250922382838,0.5309092920739551,0.24442794570645107,,,,False,missing or insufficient EMA data
67e92336-6582-466b-9faf-189e9532ad1f,2026-06-01 15:00:00,2,0,3.0,0.5104250922382838,0.5309092920739551,0.24442794570645107,,,,False,missing or insufficient EMA data
67e92336-6582-466b-9faf-189e9532ad1f,2026-06-01 18:00:00,3,0,3.0,0.5104250922382838,0.5309092920739551,0.24442794570645107,0.0,0.0,,False,insufficient within-person history
67e92336-6582-466b-9faf-189e9532ad1f,2026-06-01 21:00:00,4,0,3.0,0.5104250922382838,0.5309092920739551,0.24442794570645107,0.0,0.0,,False,insufficient within-person history
67e92336-6582-466b-9faf-189e9532ad1f,2026-06-02 09:00:00,5,1,3.0,0.5104250922382838,0.5309092920739551,0.24442794570645107,0.0,0.0,,False,insufficient within-person history
67e92336-6582-466b-9faf-189e9532ad1f,2026-06-02 12:00:00,6,1,3.0,0.5104250922382838,0.5309092920739551,0.24442794570645107,0.0,0.0,0.0,False,below within-person threshold
67e92336-6582-466b-9faf-189e9532ad1f,2026-06-02 15:00:00,7,1,3.0,0.5104250922382838,0.5309092920739551,0.24442794570645107,0.0,0.0,0.0,False,below within-person threshold
67e92336-6582-466b-9faf-189e9532ad1f,2026-06-02 18:00:00,8,1,3.0,0.5104250922382838,0.5309092920739551,0.24442794570645107,0.0,0.0,0.0,False,below within-person threshold
67e92336-6582-466b-9faf-189e9532ad1f,2026-06-02 21:00:00,9,1,4.0,0.5104250922382838,0.5309092920739551,0.24442794570645107,1.0,0.3333333333333333,0.0,True,prompt sent
67e92336-6582-466b-9faf-189e9532ad1f,2026-06-03 09:00:00,10,2,4.0,0.5104250922382838,0.5309092920739551,0.24442794570645107,0.0,0.3333333333333333,0.0,True,prompt sent
67e92336-6582-466b-9faf-189e9532ad1f,2026-06-03 12:00:00,11,2,2.0,0.5104250922382838,0.5309092920739551,0.24442794570645107,4.0,1.6666666666666667,0.20000000000000018,True,prompt sent
67e92336-6582-466b-9faf-189e9532ad1f,2026-06-03 15:00:00,12,2,3.0,0.5104250922382838,0.5309092920739551,0.24442794570645107,1.0,1.6666666666666667,0.3333333333333333,True,prompt sent
67e92336-6582-466b-9faf-189e9532ad1f,2026-06-03 18:00:00,13,2,4.0,0.5104250922382838,0.5309092920739551,0.24442794570645107,1.0,2.0,0.6000000000000003,True,prompt sent
67e92336-6582-466b-9faf-189e9532ad1f,2026-06-03 21:00:00,14,2,4.0,0.5104250922382838,0.5309092920739551,0.24442794570645107,0.0,0.6666666666666666,1.6666666666666667,False,below within-person threshold
67e92336-6582-466b-9faf-189e9532ad1f,2026-06-04 09:00:00,15,3,,0.5104250922382838,0.5309092920739551,0.24442794570645107,,0.5,1.4666666666666672,False,missing or insufficient EMA data
67e92336-6582-466b-9faf-189e9532ad1f,2026-06-04 12:00:00,16,3,,0.5104250922382838,0.5309092920739551,0.24442794570645107,,0.0,1.266666666666668,False,missing or insufficient EMA data
67e92336-6582-466b-9faf-189e9532ad1f,2026-06-04 15:00:00,17,3,4.0,0.5104250922382838,0.5309092920739551,0.24442794570645107,,,1.0666666666666669,False,missing or insufficient EMA data
67e92336-6582-466b-9faf-189e9532ad1f,2026-06-04 18:00:00,18,3,,0.5104250922382838,0.5309092920739551,0.24442794570645107,,,1.0666666666666669,False,missing or insufficient EMA data
67e92336-6582-466b-9faf-189e9532ad1f,2026-06-04 21:00:00,19,3,,0.5104250922382838,0.5309092920739551,0.24442794570645107,,,1.0666666666666669,False,missing or insufficient EMA data
67e92336-6582-466b-9faf-189e9532ad1f,2026-06-05 09:00:00,20,4,3.0,0.5104250922382838,0.5309092920739551,0.24442794570645107,,,1.0666666666666669,False,missing or insufficient EMA data
67e92336-6582-466b-9faf-189e9532ad1f,2026-06-05 12:00:00,21,4,3.0,0.5104250922382838,0.5309092920739551,0.24442794570645107,0.0,0.0,1.0666666666666669,False,below within-person threshold
67e92336-6582-466b-9faf-189e9532ad1f,2026-06-05 15:00:00,22,4,3.0,0.5104250922382838,0.5309092920739551,0.24442794570645107,0.0,0.0,0.8666666666666677,False,below within-person threshold
67e92336-6582-466b-9faf-189e9532ad1f,2026-06-05 18:00:00,23,4,3.0,0.5104250922382838,0.5309092920739551,0.24442794570645107,0.0,0.0,0.6666666666666666,False,below within-person threshold
67e92336-6582-466b-9faf-189e9532ad1f,2026-06-05 21:00:00,24,4,3.0,0.5104250922382838,0.5309092920739551,0.24442794570645107,0.0,0.0,0.6333333333333334,False,below within-person threshold
67e92336-6582-466b-9faf-189e9532ad1f,2026-06-06 09:00:00,25,5,3.0,0.5104250922382838,0.5309092920739551,0.24442794570645107,0.0,0.0,0.6000000000000002,False,below within-person threshold
67e92336-6582-466b-9faf-189e9532ad1f,2026-06-06 12:00:00,26,5,4.0,0.5104250922382838,0.5309092920739551,0.24442794570645107,1.0,0.3333333333333333,0.5666666666666667,False,below within-person threshold
67e92336-6582-466b-9faf-189e9532ad1f,2026-06-06 15:00:00,27,5,4.0,0.5104250922382838,0.5309092920739551,0.24442794570645107,0.0,0.3333333333333333,0.5333333333333335,False,below within-person threshold
67e92336-6582-466b-9faf-189e9532ad1f,2026-06-06 18:00:00,28,5,3.0,0.5104250922382838,0.5309092920739551,0.24442794570645107,1.0,0.6666666666666666,0.5,True,prompt sent
67e92336-6582-466b-9faf-189e9532ad1f,2026-06-06 21:00:00,29,5,4.0,0.5104250922382838,0.5309092920739551,0.24442794570645107,1.0,0.6666666666666666,0.6333333333333334,True,prompt sent
67e92336-6582-466b-9faf-189e9532ad1f,2026-06-07 09:00:00,30,6,4.0,0.5104250922382838,0.5309092920739551,0.24442794570645107,0.0,0.6666666666666666,0.6666666666666666,False,below within-person threshold
67e92336-6582-466b-9faf-189e9532ad1f,2026-06-07 12:00:00,31,6,3.0,0.5104250922382838,0.5309092920739551,0.24442794570645107,1.0,0.6666666666666666,0.6666666666666666,False,below within-person threshold
67e92336-6582-466b-9faf-189e9532ad1f,2026-06-07 15:00:00,32,6,4.0,0.5104250922382838,0.5309092920739551,0.24442794570645107,1.0,0.6666666666666666,0.6666666666666666,False,below within-person threshold
67e92336-6582-466b-9faf-189e9532ad1f,2026-06-07 18:00:00,33,6,3.0,0.5104250922382838,0.5309092920739551,0.24442794570645107,1.0,1.0,0.6666666666666666,True,prompt sent
67e92336-6582-466b-9faf-189e9532ad1f,2026-06-07 21:00:00,34,6,3.0,0.5104250922382838,0.5309092920739551,0.24442794570645107,0.0,0.6666666666666666,0.6666666666666666,False,below within-person threshold
6a0f6bd4-14c4-474f-9286-06ed97a05840,2026-06-01 09:00:00,0,0,4.0,0.9280075549688913,0.1459976562003308,1.470930258662791,,,,False,missing or insufficient EMA data
6a0f6bd4-14c4-474f-9286-06ed97a05840,2026-06-01 12:00:00,1,0,5.0,0.9280075549688913,0.1459976562003308,1.470930258662791,1.0,1.0,,False,insufficient within-person history
6a0f6bd4-14c4-474f-9286-06ed97a05840,2026-06-01 15:00:00,2,0,5.0,0.9280075549688913,0.1459976562003308,1.470930258662791,0.0,0.5,,False,insufficient within-person history
6a0f6bd4-14c4-474f-9286-06ed97a05840,2026-06-01 18:00:00,3,0,3.0,0.9280075549688913,0.1459976562003308,1.470930258662791,4.0,1.6666666666666667,,False,insufficient within-person history
6a0f6bd4-14c4-474f-9286-06ed97a05840,2026-06-01 21:00:00,4,0,4.0,0.9280075549688913,0.1459976562003308,1.470930258662791,1.0,1.6666666666666667,1.4000000000000001,True,prompt sent
6a0f6bd4-14c4-474f-9286-06ed97a05840,2026-06-02 09:00:00,5,1,4.0,0.9280075549688913,0.1459976562003308,1.470930258662791,0.0,1.6666666666666667,1.6666666666666667,False,below within-person threshold
6a0f6bd4-14c4-474f-9286-06ed97a05840,2026-06-02 12:00:00,6,1,,0.9280075549688913,0.1459976562003308,1.470930258662791,,0.5,1.6666666666666667,False,missing or insufficient EMA data
6a0f6bd4-14c4-474f-9286-06ed97a05840,2026-06-02 15:00:00,7,1,,0.9280075549688913,0.1459976562003308,1.470930258662791,,0.0,1.6666666666666667,False,missing or insufficient EMA data
6a0f6bd4-14c4-474f-9286-06ed97a05840,2026-06-02 18:00:00,8,1,,0.9280075549688913,0.1459976562003308,1.470930258662791,,,1.6666666666666667,False,missing or insufficient EMA data
6a0f6bd4-14c4-474f-9286-06ed97a05840,2026-06-02 21:00:00,9,1,3.0,0.9280075549688913,0.1459976562003308,1.470930258662791,,,1.6666666666666667,False,missing or insufficient EMA data
6a0f6bd4-14c4-474f-9286-06ed97a05840,2026-06-03 09:00:00,10,2,3.0,0.9280075549688913,0.1459976562003308,1.470930258662791,0.0,0.0,1.6666666666666667,False,below within-person threshold
6a0f6bd4-14c4-474f-9286-06ed97a05840,2026-06-03 12:00:00,11,2,3.0,0.9280075549688913,0.1459976562003308,1.470930258662791,0.0,0.0,1.6666666666666667,False,below within-person threshold
6a0f6bd4-14c4-474f-9286-06ed97a05840,2026-06-03 15:00:00,12,2,4.0,0.9280075549688913,0.1459976562003308,1.470930258662791,1.0,0.3333333333333333,1.6666666666666667,False,below within-person threshold
6a0f6bd4-14c4-474f-9286-06ed97a05840,2026-06-03 18:00:00,13,2,4.0,0.9280075549688913,0.1459976562003308,1.470930258662791,0.0,0.3333333333333333,1.6666666666666667,False,below within-person threshold
6a0f6bd4-14c4-474f-9286-06ed97a05840,2026-06-03 21:00:00,14,2,5.0,0.9280075549688913,0.1459976562003308,1.470930258662791,1.0,0.6666666666666666,1.6666666666666667,False,below within-person threshold
6a0f6bd4-14c4-474f-9286-06ed97a05840,2026-06-04 09:00:00,15,3,4.0,0.9280075549688913,0.1459976562003308,1.470930258662791,1.0,0.6666666666666666,1.5333333333333339,False,below within-person threshold
6a0f6bd4-14c4-474f-9286-06ed97a05840,2026-06-04 12:00:00,16,3,4.0,0.9280075549688913,0.1459976562003308,1.470930258662791,0.0,0.6666666666666666,1.400000000000001,False,below within-person threshold
6a0f6bd4-14c4-474f-9286-06ed97a05840,2026-06-04 15:00:00,17,3,3.0,0.9280075549688913,0.1459976562003308,1.470930258662791,1.0,0.6666666666666666,1.266666666666667,False,below within-person threshold
6a0f6bd4-14c4-474f-9286-06ed97a05840,2026-06-04 18:00:00,18,3,3.0,0.9280075549688913,0.1459976562003308,1.470930258662791,0.0,0.3333333333333333,1.133333333333334,False,below within-person threshold
6a0f6bd4-14c4-474f-9286-06ed97a05840,2026-06-04 21:00:00,19,3,5.0,0.9280075549688913,0.1459976562003308,1.470930258662791,4.0,1.6666666666666667,1.0,True,prompt sent
6a0f6bd4-14c4-474f-9286-06ed97a05840,2026-06-05 09:00:00,20,4,5.0,0.9280075549688913,0.1459976562003308,1.470930258662791,0.0,1.3333333333333333,1.5333333333333339,False,below within-person threshold
6a0f6bd4-14c4-474f-9286-06ed97a05840,2026-06-05 12:00:00,21,4,4.0,0.9280075549688913,0.1459976562003308,1.470930258662791,1.0,1.6666666666666667,1.5333333333333339,True,prompt sent
6a0f6bd4-14c4-474f-9286-06ed97a05840,2026-06-05 15:00:00,22,4,4.0,0.9280075549688913,0.1459976562003308,1.470930258662791,0.0,0.3333333333333333,1.6666666666666667,False,below within-person threshold
6a0f6bd4-14c4-474f-9286-06ed97a05840,2026-06-05 18:00:00,23,4,4.0,0.9280075549688913,0.1459976562003308,1.470930258662791,0.0,0.3333333333333333,1.6666666666666667,False,below within-person threshold
6a0f6bd4-14c4-474f-9286-06ed97a05840,2026-06-05 21:00:00,24,4,3.0,0.9280075549688913,0.1459976562003308,1.470930258662791,1.0,0.3333333333333333,1.6666666666666667,False,below within-person threshold
6a0f6bd4-14c4-474f-9286-06ed97a05840,2026-06-06 09:00:00,25,5,5.0,0.9280075549688913,0.1459976562003308,1.470930258662791,4.0,1.6666666666666667,1.6000000000000003,True,prompt sent
6a0f6bd4-14c4-474f-9286-06ed97a05840,2026-06-06 12:00:00,26,5,,0.9280075549688913,0.1459976562003308,1.470930258662791,,2.5,1.6666666666666667,False,missing or insufficient EMA data
6a0f6bd4-14c4-474f-9286-06ed97a05840,2026-06-06 15:00:00,27,5,,0.9280075549688913,0.1459976562003308,1.470930258662791,,4.0,1.6666666666666667,False,missing or insufficient EMA data
6a0f6bd4-14c4-474f-9286-06ed97a05840,2026-06-06 18:00:00,28,5,,0.9280075549688913,0.1459976562003308,1.470930258662791,,,1.6666666666666667,False,missing or insufficient EMA data
6a0f6bd4-14c4-474f-9286-06ed97a05840,2026-06-06 21:00:00,29,5,,0.9280075549688913,0.1459976562003308,1.470930258662791,,,1.6666666666666667,False,missing or insufficient EMA data
6a0f6bd4-14c4-474f-9286-06ed97a05840,2026-06-07 09:00:00,30,6,4.0,0.9280075549688913,0.1459976562003308,1.470930258662791,,,1.6666666666666667,False,missing or insufficient EMA data
6a0f6bd4-14c4-474f-9286-06ed97a05840,2026-06-07 12:00:00,31,6,5.0,0.9280075549688913,0.1459976562003308,1.470930258662791,1.0,1.0,1.6666666666666667,False,below within-person threshold
6a0f6bd4-14c4-474f-9286-06ed97a05840,2026-06-07 15:00:00,32,6,5.0,0.9280075549688913,0.1459976562003308,1.470930258662791,0.0,0.5,1.6666666666666667,False,below within-person threshold
6a0f6bd4-14c4-474f-9286-06ed97a05840,2026-06-07 18:00:00,33,6,5.0,0.9280075549688913,0.1459976562003308,1.470930258662791,0.0,0.3333333333333333,1.6666666666666667,False,below within-person threshold
6a0f6bd4-14c4-474f-9286-06ed97a05840,2026-06-07 21:00:00,34,6,4.0,0.9280075549688913,0.1459976562003308,1.470930258662791,1.0,0.3333333333333333,1.6666666666666667,False,below within-person threshold
6daf34bc-5822-4fef-8acb-292599aeaf06,2026-06-01 09:00:00,0,0,4.0,0.6300548933171408,0.3988650462554596,0.4772640856001716,,,,False,missing or insufficient EMA data
6daf34bc-5822-4fef-8acb-292599aeaf06,2026-06-01 12:00:00,1,0,3.0,0.6300548933171408,0.3988650462554596,0.4772640856001716,1.0,1.0,,False,insufficient within-person history
6daf34bc-5822-4fef-8acb-292599aeaf06,2026-06-01 15:00:00,2,0,3.0,0.6300548933171408,0.3988650462554596,0.4772640856001716,0.0,0.5,,False,insufficient within-person history
6daf34bc-5822-4fef-8acb-292599aeaf06,2026-06-01 18:00:00,3,0,4.0,0.6300548933171408,0.3988650462554596,0.4772640856001716,1.0,0.6666666666666666,,False,insufficient within-person history
6daf34bc-5822-4fef-8acb-292599aeaf06,2026-06-01 21:00:00,4,0,3.0,0.6300548933171408,0.3988650462554596,0.4772640856001716,1.0,0.6666666666666666,0.8666666666666667,False,below within-person threshold
6daf34bc-5822-4fef-8acb-292599aeaf06,2026-06-02 09:00:00,5,1,2.0,0.6300548933171408,0.3988650462554596,0.4772640856001716,1.0,1.0,0.8,True,prompt sent
6daf34bc-5822-4fef-8acb-292599aeaf06,2026-06-02 12:00:00,6,1,4.0,0.6300548933171408,0.3988650462554596,0.4772640856001716,4.0,2.0,1.0,True,prompt sent
6daf34bc-5822-4fef-8acb-292599aeaf06,2026-06-02 15:00:00,7,1,5.0,0.6300548933171408,0.3988650462554596,0.4772640856001716,1.0,2.0,1.0,True,prompt sent
6daf34bc-5822-4fef-8acb-292599aeaf06,2026-06-02 18:00:00,8,1,4.0,0.6300548933171408,0.3988650462554596,0.4772640856001716,1.0,2.0,1.8000000000000007,True,prompt sent
6daf34bc-5822-4fef-8acb-292599aeaf06,2026-06-02 21:00:00,9,1,3.0,0.6300548933171408,0.3988650462554596,0.4772640856001716,1.0,1.0,2.0,False,below within-person threshold
6daf34bc-5822-4fef-8acb-292599aeaf06,2026-06-03 09:00:00,10,2,4.0,0.6300548933171408,0.3988650462554596,0.4772640856001716,1.0,1.0,2.0,False,below within-person threshold
6daf34bc-5822-4fef-8acb-292599aeaf06,2026-06-03 12:00:00,11,2,4.0,0.6300548933171408,0.3988650462554596,0.4772640856001716,0.0,0.6666666666666666,2.0,False,below within-person threshold
6daf34bc-5822-4fef-8acb-292599aeaf06,2026-06-03 15:00:00,12,2,2.0,0.6300548933171408,0.3988650462554596,0.4772640856001716,4.0,1.6666666666666667,2.0,False,below within-person threshold
6daf34bc-5822-4fef-8acb-292599aeaf06,2026-06-03 18:00:00,13,2,3.0,0.6300548933171408,0.3988650462554596,0.4772640856001716,1.0,1.6666666666666667,1.9333333333333336,False,below within-person threshold
6daf34bc-5822-4fef-8acb-292599aeaf06,2026-06-03 21:00:00,14,2,3.0,0.6300548933171408,0.3988650462554596,0.4772640856001716,0.0,1.6666666666666667,1.8666666666666671,False,below within-person threshold
6daf34bc-5822-4fef-8acb-292599aeaf06,2026-06-04 09:00:00,15,3,3.0,0.6300548933171408,0.3988650462554596,0.4772640856001716,0.0,0.3333333333333333,1.8000000000000003,False,below within-person threshold
6daf34bc-5822-4fef-8acb-292599aeaf06,2026-06-04 12:00:00,16,3,3.0,0.6300548933171408,0.3988650462554596,0.4772640856001716,0.0,0.0,1.7333333333333338,False,below within-person threshold
6daf34bc-5822-4fef-8acb-292599aeaf06,2026-06-04 15:00:00,17,3,3.0,0.6300548933171408,0.3988650462554596,0.4772640856001716,0.0,0.0,1.6666666666666667,False,below within-person threshold
6daf34bc-5822-4fef-8acb-292599aeaf06,2026-06-04 18:00:00,18,3,3.0,0.6300548933171408,0.3988650462554596,0.4772640856001716,0.0,0.0,1.6666666666666667,False,below within-person threshold
6daf34bc-5822-4fef-8acb-292599aeaf06,2026-06-04 21:00:00,19,3,3.0,0.6300548933171408,0.3988650462554596,0.4772640856001716,0.0,0.0,1.6666666666666667,False,below within-person threshold
6daf34bc-5822-4fef-8acb-292599aeaf06,2026-06-05 09:00:00,20,4,,0.6300548933171408,0.3988650462554596,0.4772640856001716,,0.0,1.6666666666666667,False,missing or insufficient EMA data
6daf34bc-5822-4fef-8acb-292599aeaf06,2026-06-05 12:00:00,21,4,,0.6300548933171408,0.3988650462554596,0.4772640856001716,,0.0,1.6666666666666667,False,missing or insufficient EMA data
6daf34bc-5822-4fef-8acb-292599aeaf06,2026-06-05 15:00:00,22,4,,0.6300548933171408,0.3988650462554596,0.4772640856001716,,,1.6666666666666667,False,missing or insufficient EMA data
6daf34bc-5822-4fef-8acb-292599aeaf06,2026-06-05 18:00:00,23,4,,0.6300548933171408,0.3988650462554596,0.4772640856001716,,,1.6666666666666667,False,missing or insufficient EMA data
6daf34bc-5822-4fef-8acb-292599aeaf06,2026-06-05 21:00:00,24,4,,0.6300548933171408,0.3988650462554596,0.4772640856001716,,,1.6666666666666667,False,missing or insufficient EMA data
6daf34bc-5822-4fef-8acb-292599aeaf06,2026-06-06 09:00:00,25,5,,0.6300548933171408,0.3988650462554596,0.4772640856001716,,,1.6666666666666667,False,missing or insufficient EMA data
6daf34bc-5822-4fef-8acb-292599aeaf06,2026-06-06 12:00:00,26,5,,0.6300548933171408,0.3988650462554596,0.4772640856001716,,,1.6666666666666667,False,missing or insufficient EMA data
6daf34bc-5822-4fef-8acb-292599aeaf06,2026-06-06 15:00:00,27,5,,0.6300548933171408,0.3988650462554596,0.4772640856001716,,,1.6666666666666667,False,missing or insufficient EMA data
6daf34bc-5822-4fef-8acb-292599aeaf06,2026-06-06 18:00:00,28,5,3.0,0.6300548933171408,0.3988650462554596,0.4772640856001716,,,1.6666666666666667,False,missing or insufficient EMA data
6daf34bc-5822-4fef-8acb-292599aeaf06,2026-06-06 21:00:00,29,5,4.0,0.6300548933171408,0.3988650462554596,0.4772640856001716,1.0,1.0,1.6666666666666667,False,below within-person threshold
6daf34bc-5822-4fef-8acb-292599aeaf06,2026-06-07 09:00:00,30,6,5.0,0.6300548933171408,0.3988650462554596,0.4772640856001716,1.0,1.0,1.6666666666666667,False,below within-person threshold
6daf34bc-5822-4fef-8acb-292599aeaf06,2026-06-07 12:00:00,31,6,3.0,0.6300548933171408,0.3988650462554596,0.4772640856001716,4.0,2.0,1.6666666666666667,True,prompt sent
6daf34bc-5822-4fef-8acb-292599aeaf06,2026-06-07 15:00:00,32,6,4.0,0.6300548933171408,0.3988650462554596,0.4772640856001716,1.0,2.0,1.6666666666666667,True,prompt sent
6daf34bc-5822-4fef-8acb-292599aeaf06,2026-06-07 18:00:00,33,6,,0.6300548933171408,0.3988650462554596,0.4772640856001716,,2.5,1.7333333333333343,False,missing or insufficient EMA data
6daf34bc-5822-4fef-8acb-292599aeaf06,2026-06-07 21:00:00,34,6,,0.6300548933171408,0.3988650462554596,0.4772640856001716,,1.0,2.0,False,missing or insufficient EMA data
70b5d2c0-cbc7-4bc1-89a9-5db8a9a82ddd,2026-06-01 09:00:00,0,0,2.0,1.1685670210944052,0.32553252837218505,1.8420366047183785,,,,False,missing or insufficient EMA data
70b5d2c0-cbc7-4bc1-89a9-5db8a9a82ddd,2026-06-01 12:00:00,1,0,4.0,1.1685670210944052,0.32553252837218505,1.8420366047183785,4.0,4.0,,False,insufficient within-person history
70b5d2c0-cbc7-4bc1-89a9-5db8a9a82ddd,2026-06-01 15:00:00,2,0,2.0,1.1685670210944052,0.32553252837218505,1.8420366047183785,4.0,4.0,,False,insufficient within-person history
70b5d2c0-cbc7-4bc1-89a9-5db8a9a82ddd,2026-06-01 18:00:00,3,0,3.0,1.1685670210944052,0.32553252837218505,1.8420366047183785,1.0,3.0,,False,insufficient within-person history
70b5d2c0-cbc7-4bc1-89a9-5db8a9a82ddd,2026-06-01 21:00:00,4,0,3.0,1.1685670210944052,0.32553252837218505,1.8420366047183785,0.0,1.6666666666666667,4.0,False,below within-person threshold
70b5d2c0-cbc7-4bc1-89a9-5db8a9a82ddd,2026-06-02 09:00:00,5,1,4.0,1.1685670210944052,0.32553252837218505,1.8420366047183785,1.0,0.6666666666666666,4.0,False,below within-person threshold
70b5d2c0-cbc7-4bc1-89a9-5db8a9a82ddd,2026-06-02 12:00:00,6,1,2.0,1.1685670210944052,0.32553252837218505,1.8420366047183785,4.0,1.6666666666666667,4.0,False,below within-person threshold
70b5d2c0-cbc7-4bc1-89a9-5db8a9a82ddd,2026-06-02 15:00:00,7,1,3.0,1.1685670210944052,0.32553252837218505,1.8420366047183785,1.0,2.0,4.0,False,below within-person threshold
70b5d2c0-cbc7-4bc1-89a9-5db8a9a82ddd,2026-06-02 18:00:00,8,1,4.0,1.1685670210944052,0.32553252837218505,1.8420366047183785,1.0,2.0,3.8000000000000007,False,below within-person threshold
70b5d2c0-cbc7-4bc1-89a9-5db8a9a82ddd,2026-06-02 21:00:00,9,1,2.0,1.1685670210944052,0.32553252837218505,1.8420366047183785,4.0,2.0,3.6000000000000005,False,below within-person threshold
70b5d2c0-cbc7-4bc1-89a9-5db8a9a82ddd,2026-06-03 09:00:00,10,2,2.0,1.1685670210944052,0.32553252837218505,1.8420366047183785,0.0,1.6666666666666667,3.4000000000000004,False,below within-person threshold
70b5d2c0-cbc7-4bc1-89a9-5db8a9a82ddd,2026-06-03 12:00:00,11,2,4.0,1.1685670210944052,0.32553252837218505,1.8420366047183785,4.0,2.6666666666666665,3.2,False,below within-person threshold
70b5d2c0-cbc7-4bc1-89a9-5db8a9a82ddd,2026-06-03 15:00:00,12,2,2.0,1.1685670210944052,0.32553252837218505,1.8420366047183785,4.0,2.6666666666666665,3.0,False,below within-person threshold
70b5d2c0-cbc7-4bc1-89a9-5db8a9a82ddd,2026-06-03 18:00:00,13,2,,1.1685670210944052,0.32553252837218505,1.8420366047183785,,4.0,2.9333333333333336,False,missing or insufficient EMA data
70b5d2c0-cbc7-4bc1-89a9-5db8a9a82ddd,2026-06-03 21:00:00,14,2,3.0,1.1685670210944052,0.32553252837218505,1.8420366047183785,,4.0,3.6000000000000014,True,prompt sent
70b5d2c0-cbc7-4bc1-89a9-5db8a9a82ddd,2026-06-04 09:00:00,15,3,2.0,1.1685670210944052,0.32553252837218505,1.8420366047183785,1.0,1.0,4.0,False,below within-person threshold
70b5d2c0-cbc7-4bc1-89a9-5db8a9a82ddd,2026-06-04 12:00:00,16,3,4.0,1.1685670210944052,0.32553252837218505,1.8420366047183785,4.0,2.5,4.0,False,below within-person threshold
70b5d2c0-cbc7-4bc1-89a9-5db8a9a82ddd,2026-06-04 15:00:00,17,3,3.0,1.1685670210944052,0.32553252837218505,1.8420366047183785,1.0,2.0,4.0,False,below within-person threshold
70b5d2c0-cbc7-4bc1-89a9-5db8a9a82ddd,2026-06-04 18:00:00,18,3,4.0,1.1685670210944052,0.32553252837218505,1.8420366047183785,1.0,2.0,3.8000000000000007,False,below within-person threshold
70b5d2c0-cbc7-4bc1-89a9-5db8a9a82ddd,2026-06-04 21:00:00,19,3,,1.1685670210944052,0.32553252837218505,1.8420366047183785,,1.0,3.6000000000000014,False,missing or insufficient EMA data
70b5d2c0-cbc7-4bc1-89a9-5db8a9a82ddd,2026-06-05 09:00:00,20,4,,1.1685670210944052,0.32553252837218505,1.8420366047183785,,1.0,3.4000000000000004,False,missing or insufficient EMA data
70b5d2c0-cbc7-4bc1-89a9-5db8a9a82ddd,2026-06-05 12:00:00,21,4,4.0,1.1685670210944052,0.32553252837218505,1.8420366047183785,,,3.200000000000001,False,missing or insufficient EMA data
70b5d2c0-cbc7-4bc1-89a9-5db8a9a82ddd,2026-06-05 15:00:00,22,4,4.0,1.1685670210944052,0.32553252837218505,1.8420366047183785,0.0,0.0,3.200000000000001,False,below within-person threshold
70b5d2c0-cbc7-4bc1-89a9-5db8a9a82ddd,2026-06-05 18:00:00,23,4,4.0,1.1685670210944052,0.32553252837218505,1.8420366047183785,0.0,0.0,3.0,False,below within-person threshold
70b5d2c0-cbc7-4bc1-89a9-5db8a9a82ddd,2026-06-05 21:00:00,24,4,4.0,1.1685670210944052,0.32553252837218505,1.8420366047183785,0.0,0.0,2.9333333333333336,False,below within-person threshold
70b5d2c0-cbc7-4bc1-89a9-5db8a9a82ddd,2026-06-06 09:00:00,25,5,1.0,1.1685670210944052,0.32553252837218505,1.8420366047183785,9.0,3.0,2.866666666666667,True,prompt sent
70b5d2c0-cbc7-4bc1-89a9-5db8a9a82ddd,2026-06-06 12:00:00,26,5,2.0,1.1685670210944052,0.32553252837218505,1.8420366047183785,1.0,3.3333333333333335,3.0,True,prompt sent
70b5d2c0-cbc7-4bc1-89a9-5db8a9a82ddd,2026-06-06 15:00:00,27,5,3.0,1.1685670210944052,0.32553252837218505,1.8420366047183785,1.0,3.6666666666666665,3.0666666666666678,True,prompt sent
70b5d2c0-cbc7-4bc1-89a9-5db8a9a82ddd,2026-06-06 18:00:00,28,5,2.0,1.1685670210944052,0.32553252837218505,1.8420366047183785,1.0,1.0,3.3333333333333335,False,below within-person threshold
70b5d2c0-cbc7-4bc1-89a9-5db8a9a82ddd,2026-06-06 21:00:00,29,5,1.0,1.1685670210944052,0.32553252837218505,1.8420366047183785,1.0,1.0,3.266666666666667,False,below within-person threshold
70b5d2c0-cbc7-4bc1-89a9-5db8a9a82ddd,2026-06-07 09:00:00,30,6,2.0,1.1685670210944052,0.32553252837218505,1.8420366047183785,1.0,1.0,3.2000000000000006,False,below within-person threshold
70b5d2c0-cbc7-4bc1-89a9-5db8a9a82ddd,2026-06-07 12:00:00,31,6,3.0,1.1685670210944052,0.32553252837218505,1.8420366047183785,1.0,1.0,3.133333333333334,False,below within-person threshold
70b5d2c0-cbc7-4bc1-89a9-5db8a9a82ddd,2026-06-07 15:00:00,32,6,4.0,1.1685670210944052,0.32553252837218505,1.8420366047183785,1.0,1.0,3.0666666666666678,False,below within-person threshold
70b5d2c0-cbc7-4bc1-89a9-5db8a9a82ddd,2026-06-07 18:00:00,33,6,4.0,1.1685670210944052,0.32553252837218505,1.8420366047183785,0.0,0.6666666666666666,3.0,False,below within-person threshold
70b5d2c0-cbc7-4bc1-89a9-5db8a9a82ddd,2026-06-07 21:00:00,34,6,3.0,1.1685670210944052,0.32553252837218505,1.8420366047183785,1.0,0.6666666666666666,3.0,False,below within-person threshold
7438bb5c-db24-4ed7-b45e-7a970e98c704,2026-06-01 09:00:00,0,0,3.0,0.5806846540944297,0.7286894781051192,0.18296892243960805,,,,False,missing or insufficient EMA data
7438bb5c-db24-4ed7-b45e-7a970e98c704,2026-06-01 12:00:00,1,0,3.0,0.5806846540944297,0.7286894781051192,0.18296892243960805,0.0,0.0,,False,insufficient within-person history
7438bb5c-db24-4ed7-b45e-7a970e98c704,2026-06-01 15:00:00,2,0,3.0,0.5806846540944297,0.7286894781051192,0.18296892243960805,0.0,0.0,,False,insufficient within-person history
7438bb5c-db24-4ed7-b45e-7a970e98c704,2026-06-01 18:00:00,3,0,3.0,0.5806846540944297,0.7286894781051192,0.18296892243960805,0.0,0.0,,False,insufficient within-person history
7438bb5c-db24-4ed7-b45e-7a970e98c704,2026-06-01 21:00:00,4,0,2.0,0.5806846540944297,0.7286894781051192,0.18296892243960805,1.0,0.3333333333333333,0.0,True,prompt sent
7438bb5c-db24-4ed7-b45e-7a970e98c704,2026-06-02 09:00:00,5,1,2.0,0.5806846540944297,0.7286894781051192,0.18296892243960805,0.0,0.3333333333333333,0.13333333333333344,True,prompt sent
7438bb5c-db24-4ed7-b45e-7a970e98c704,2026-06-02 12:00:00,6,1,3.0,0.5806846540944297,0.7286894781051192,0.18296892243960805,1.0,0.6666666666666666,0.3333333333333333,True,prompt sent
7438bb5c-db24-4ed7-b45e-7a970e98c704,2026-06-02 15:00:00,7,1,3.0,0.5806846540944297,0.7286894781051192,0.18296892243960805,0.0,0.3333333333333333,0.3333333333333333,False,below within-person threshold
7438bb5c-db24-4ed7-b45e-7a970e98c704,2026-06-02 18:00:00,8,1,4.0,0.5806846540944297,0.7286894781051192,0.18296892243960805,1.0,0.6666666666666666,0.3333333333333333,True,prompt sent
7438bb5c-db24-4ed7-b45e-7a970e98c704,2026-06-02 21:00:00,9,1,4.0,0.5806846540944297,0.7286894781051192,0.18296892243960805,0.0,0.3333333333333333,0.5333333333333334,False,below within-person threshold
7438bb5c-db24-4ed7-b45e-7a970e98c704,2026-06-03 09:00:00,10,2,3.0,0.5806846540944297,0.7286894781051192,0.18296892243960805,1.0,0.6666666666666666,0.4666666666666668,True,prompt sent
7438bb5c-db24-4ed7-b45e-7a970e98c704,2026-06-03 12:00:00,11,2,4.0,0.5806846540944297,0.7286894781051192,0.18296892243960805,1.0,0.6666666666666666,0.6666666666666666,False,below within-person threshold
7438bb5c-db24-4ed7-b45e-7a970e98c704,2026-06-03 15:00:00,12,2,4.0,0.5806846540944297,0.7286894781051192,0.18296892243960805,0.0,0.6666666666666666,0.6666666666666666,False,below within-person threshold
7438bb5c-db24-4ed7-b45e-7a970e98c704,2026-06-03 18:00:00,13,2,3.0,0.5806846540944297,0.7286894781051192,0.18296892243960805,1.0,0.6666666666666666,0.6666666666666666,False,below within-person threshold
7438bb5c-db24-4ed7-b45e-7a970e98c704,2026-06-03 21:00:00,14,2,2.0,0.5806846540944297,0.7286894781051192,0.18296892243960805,1.0,0.6666666666666666,0.6666666666666666,False,below within-person threshold
7438bb5c-db24-4ed7-b45e-7a970e98c704,2026-06-04 09:00:00,15,3,2.0,0.5806846540944297,0.7286894781051192,0.18296892243960805,0.0,0.6666666666666666,0.6666666666666666,False,below within-person threshold
7438bb5c-db24-4ed7-b45e-7a970e98c704,2026-06-04 12:00:00,16,3,2.0,0.5806846540944297,0.7286894781051192,0.18296892243960805,0.0,0.3333333333333333,0.6666666666666666,False,below within-person threshold
7438bb5c-db24-4ed7-b45e-7a970e98c704,2026-06-04 15:00:00,17,3,3.0,0.5806846540944297,0.7286894781051192,0.18296892243960805,1.0,0.3333333333333333,0.6666666666666666,False,below within-person threshold
7438bb5c-db24-4ed7-b45e-7a970e98c704,2026-06-04 18:00:00,18,3,3.0,0.5806846540944297,0.7286894781051192,0.18296892243960805,0.0,0.3333333333333333,0.6666666666666666,False,below within-person threshold
7438bb5c-db24-4ed7-b45e-7a970e98c704,2026-06-04 21:00:00,19,3,3.0,0.5806846540944297,0.7286894781051192,0.18296892243960805,0.0,0.3333333333333333,0.6666666666666666,False,below within-person threshold
7438bb5c-db24-4ed7-b45e-7a970e98c704,2026-06-05 09:00:00,20,4,3.0,0.5806846540944297,0.7286894781051192,0.18296892243960805,0.0,0.0,0.6666666666666666,False,below within-person threshold
7438bb5c-db24-4ed7-b45e-7a970e98c704,2026-06-05 12:00:00,21,4,4.0,0.5806846540944297,0.7286894781051192,0.18296892243960805,1.0,0.3333333333333333,0.6666666666666666,False,below within-person threshold
7438bb5c-db24-4ed7-b45e-7a970e98c704,2026-06-05 15:00:00,22,4,3.0,0.5806846540944297,0.7286894781051192,0.18296892243960805,1.0,0.6666666666666666,0.6666666666666666,False,below within-person threshold
7438bb5c-db24-4ed7-b45e-7a970e98c704,2026-06-05 18:00:00,23,4,3.0,0.5806846540944297,0.7286894781051192,0.18296892243960805,0.0,0.6666666666666666,0.6666666666666666,False,below within-person threshold
7438bb5c-db24-4ed7-b45e-7a970e98c704,2026-06-05 21:00:00,24,4,4.0,0.5806846540944297,0.7286894781051192,0.18296892243960805,1.0,0.6666666666666666,0.6666666666666666,False,below within-person threshold
7438bb5c-db24-4ed7-b45e-7a970e98c704,2026-06-06 09:00:00,25,5,4.0,0.5806846540944297,0.7286894781051192,0.18296892243960805,0.0,0.3333333333333333,0.6666666666666666,False,below within-person threshold
7438bb5c-db24-4ed7-b45e-7a970e98c704,2026-06-06 12:00:00,26,5,3.0,0.5806846540944297,0.7286894781051192,0.18296892243960805,1.0,0.6666666666666666,0.6666666666666666,False,below within-person threshold
7438bb5c-db24-4ed7-b45e-7a970e98c704,2026-06-06 15:00:00,27,5,2.0,0.5806846540944297,0.7286894781051192,0.18296892243960805,1.0,0.6666666666666666,0.6666666666666666,False,below within-person threshold
7438bb5c-db24-4ed7-b45e-7a970e98c704,2026-06-06 18:00:00,28,5,2.0,0.5806846540944297,0.7286894781051192,0.18296892243960805,0.0,0.6666666666666666,0.6666666666666666,False,below within-person threshold
7438bb5c-db24-4ed7-b45e-7a970e98c704,2026-06-06 21:00:00,29,5,3.0,0.5806846540944297,0.7286894781051192,0.18296892243960805,1.0,0.6666666666666666,0.6666666666666666,False,below within-person threshold
7438bb5c-db24-4ed7-b45e-7a970e98c704,2026-06-07 09:00:00,30,6,3.0,0.5806846540944297,0.7286894781051192,0.18296892243960805,0.0,0.3333333333333333,0.6666666666666666,False,below within-person threshold
7438bb5c-db24-4ed7-b45e-7a970e98c704,2026-06-07 12:00:00,31,6,2.0,0.5806846540944297,0.7286894781051192,0.18296892243960805,1.0,0.6666666666666666,0.6666666666666666,False,below within-person threshold
7438bb5c-db24-4ed7-b45e-7a970e98c704,2026-06-07 15:00:00,32,6,3.0,0.5806846540944297,0.7286894781051192,0.18296892243960805,1.0,0.6666666666666666,0.6666666666666666,False,below within-person threshold
7438bb5c-db24-4ed7-b45e-7a970e98c704,2026-06-07 18:00:00,33,6,2.0,0.5806846540944297,0.7286894781051192,0.18296892243960805,1.0,1.0,0.6666666666666666,True,prompt sent
7438bb5c-db24-4ed7-b45e-7a970e98c704,2026-06-07 21:00:00,34,6,3.0,0.5806846540944297,0.7286894781051192,0.18296892243960805,1.0,1.0,0.6666666666666666,True,prompt sent
78918032-5af4-437d-a482-76c30cf0a649,2026-06-01 09:00:00,0,0,,1.0213786992169391,0.4726338609709759,1.1003119504131809,,,,False,missing or insufficient EMA data
78918032-5af4-437d-a482-76c30cf0a649,2026-06-01 12:00:00,1,0,,1.0213786992169391,0.4726338609709759,1.1003119504131809,,,,False,missing or insufficient EMA data
78918032-5af4-437d-a482-76c30cf0a649,2026-06-01 15:00:00,2,0,,1.0213786992169391,0.4726338609709759,1.1003119504131809,,,,False,missing or insufficient EMA data
78918032-5af4-437d-a482-76c30cf0a649,2026-06-01 18:00:00,3,0,,1.0213786992169391,0.4726338609709759,1.1003119504131809,,,,False,missing or insufficient EMA data
78918032-5af4-437d-a482-76c30cf0a649,2026-06-01 21:00:00,4,0,,1.0213786992169391,0.4726338609709759,1.1003119504131809,,,,False,missing or insufficient EMA data
78918032-5af4-437d-a482-76c30cf0a649,2026-06-02 09:00:00,5,1,4.0,1.0213786992169391,0.4726338609709759,1.1003119504131809,,,,False,missing or insufficient EMA data
78918032-5af4-437d-a482-76c30cf0a649,2026-06-02 12:00:00,6,1,4.0,1.0213786992169391,0.4726338609709759,1.1003119504131809,0.0,0.0,,False,insufficient within-person history
78918032-5af4-437d-a482-76c30cf0a649,2026-06-02 15:00:00,7,1,,1.0213786992169391,0.4726338609709759,1.1003119504131809,,0.0,,False,missing or insufficient EMA data
78918032-5af4-437d-a482-76c30cf0a649,2026-06-02 18:00:00,8,1,,1.0213786992169391,0.4726338609709759,1.1003119504131809,,0.0,,False,missing or insufficient EMA data
78918032-5af4-437d-a482-76c30cf0a649,2026-06-02 21:00:00,9,1,2.0,1.0213786992169391,0.4726338609709759,1.1003119504131809,,,0.0,False,missing or insufficient EMA data
78918032-5af4-437d-a482-76c30cf0a649,2026-06-03 09:00:00,10,2,2.0,1.0213786992169391,0.4726338609709759,1.1003119504131809,0.0,0.0,0.0,False,below within-person threshold
78918032-5af4-437d-a482-76c30cf0a649,2026-06-03 12:00:00,11,2,5.0,1.0213786992169391,0.4726338609709759,1.1003119504131809,9.0,4.5,0.0,True,prompt sent
78918032-5af4-437d-a482-76c30cf0a649,2026-06-03 15:00:00,12,2,5.0,1.0213786992169391,0.4726338609709759,1.1003119504131809,0.0,3.0,0.9000000000000008,True,prompt sent
78918032-5af4-437d-a482-76c30cf0a649,2026-06-03 18:00:00,13,2,4.0,1.0213786992169391,0.4726338609709759,1.1003119504131809,1.0,3.3333333333333335,3.0,True,prompt sent
78918032-5af4-437d-a482-76c30cf0a649,2026-06-03 21:00:00,14,2,1.0,1.0213786992169391,0.4726338609709759,1.1003119504131809,9.0,3.3333333333333335,3.266666666666667,True,prompt sent
78918032-5af4-437d-a482-76c30cf0a649,2026-06-04 09:00:00,15,3,4.0,1.0213786992169391,0.4726338609709759,1.1003119504131809,9.0,6.333333333333333,3.3333333333333335,True,prompt sent
78918032-5af4-437d-a482-76c30cf0a649,2026-06-04 12:00:00,16,3,3.0,1.0213786992169391,0.4726338609709759,1.1003119504131809,1.0,6.333333333333333,3.8000000000000007,True,prompt sent
78918032-5af4-437d-a482-76c30cf0a649,2026-06-04 15:00:00,17,3,4.0,1.0213786992169391,0.4726338609709759,1.1003119504131809,1.0,3.6666666666666665,4.866666666666667,False,below within-person threshold
78918032-5af4-437d-a482-76c30cf0a649,2026-06-04 18:00:00,18,3,3.0,1.0213786992169391,0.4726338609709759,1.1003119504131809,1.0,1.0,4.5,False,below within-person threshold
78918032-5af4-437d-a482-76c30cf0a649,2026-06-04 21:00:00,19,3,4.0,1.0213786992169391,0.4726338609709759,1.1003119504131809,1.0,1.0,4.333333333333334,False,below within-person threshold
78918032-5af4-437d-a482-76c30cf0a649,2026-06-05 09:00:00,20,4,3.0,1.0213786992169391,0.4726338609709759,1.1003119504131809,1.0,1.0,4.166666666666668,False,below within-person threshold
78918032-5af4-437d-a482-76c30cf0a649,2026-06-05 12:00:00,21,4,4.0,1.0213786992169391,0.4726338609709759,1.1003119504131809,1.0,1.0,4.0,False,below within-person threshold
78918032-5af4-437d-a482-76c30cf0a649,2026-06-05 15:00:00,22,4,3.0,1.0213786992169391,0.4726338609709759,1.1003119504131809,1.0,1.0,3.833333333333334,False,below within-person threshold
78918032-5af4-437d-a482-76c30cf0a649,2026-06-05 18:00:00,23,4,3.0,1.0213786992169391,0.4726338609709759,1.1003119504131809,0.0,0.6666666666666666,3.6666666666666665,False,below within-person threshold
78918032-5af4-437d-a482-76c30cf0a649,2026-06-05 21:00:00,24,4,4.0,1.0213786992169391,0.4726338609709759,1.1003119504131809,1.0,0.6666666666666666,3.6,False,below within-person threshold
78918032-5af4-437d-a482-76c30cf0a649,2026-06-06 09:00:00,25,5,4.0,1.0213786992169391,0.4726338609709759,1.1003119504131809,0.0,0.3333333333333333,3.5333333333333337,False,below within-person threshold
78918032-5af4-437d-a482-76c30cf0a649,2026-06-06 12:00:00,26,5,5.0,1.0213786992169391,0.4726338609709759,1.1003119504131809,1.0,0.6666666666666666,3.466666666666667,False,below within-person threshold
78918032-5af4-437d-a482-76c30cf0a649,2026-06-06 15:00:00,27,5,5.0,1.0213786992169391,0.4726338609709759,1.1003119504131809,0.0,0.3333333333333333,3.4000000000000004,False,below within-person threshold
78918032-5af4-437d-a482-76c30cf0a649,2026-06-06 18:00:00,28,5,5.0,1.0213786992169391,0.4726338609709759,1.1003119504131809,0.0,0.3333333333333333,3.3333333333333335,False,below within-person threshold
78918032-5af4-437d-a482-76c30cf0a649,2026-06-06 21:00:00,29,5,3.0,1.0213786992169391,0.4726338609709759,1.1003119504131809,4.0,1.3333333333333333,3.3333333333333335,False,below within-person threshold
78918032-5af4-437d-a482-76c30cf0a649,2026-06-07 09:00:00,30,6,3.0,1.0213786992169391,0.4726338609709759,1.1003119504131809,0.0,1.3333333333333333,3.3333333333333335,False,below within-person threshold
78918032-5af4-437d-a482-76c30cf0a649,2026-06-07 12:00:00,31,6,3.0,1.0213786992169391,0.4726338609709759,1.1003119504131809,0.0,1.3333333333333333,3.3333333333333335,False,below within-person threshold
78918032-5af4-437d-a482-76c30cf0a649,2026-06-07 15:00:00,32,6,,1.0213786992169391,0.4726338609709759,1.1003119504131809,,0.0,3.3333333333333335,False,missing or insufficient EMA data
78918032-5af4-437d-a482-76c30cf0a649,2026-06-07 18:00:00,33,6,3.0,1.0213786992169391,0.4726338609709759,1.1003119504131809,,0.0,3.3333333333333335,False,below within-person threshold
78918032-5af4-437d-a482-76c30cf0a649,2026-06-07 21:00:00,34,6,3.0,1.0213786992169391,0.4726338609709759,1.1003119504131809,0.0,0.0,3.266666666666667,False,below within-person threshold
7984ba1c-29f9-4ec8-ac83-5caf9418d7ad,2026-06-01 09:00:00,0,0,4.0,1.2239266075895827,0.6117834487250574,1.163093946469122,,,,False,missing or insufficient EMA data
7984ba1c-29f9-4ec8-ac83-5caf9418d7ad,2026-06-01 12:00:00,1,0,4.0,1.2239266075895827,0.6117834487250574,1.163093946469122,0.0,0.0,,False,insufficient within-person history
7984ba1c-29f9-4ec8-ac83-5caf9418d7ad,2026-06-01 15:00:00,2,0,4.0,1.2239266075895827,0.6117834487250574,1.163093946469122,0.0,0.0,,False,insufficient within-person history
7984ba1c-29f9-4ec8-ac83-5caf9418d7ad,2026-06-01 18:00:00,3,0,4.0,1.2239266075895827,0.6117834487250574,1.163093946469122,0.0,0.0,,False,insufficient within-person history
7984ba1c-29f9-4ec8-ac83-5caf9418d7ad,2026-06-01 21:00:00,4,0,4.0,1.2239266075895827,0.6117834487250574,1.163093946469122,0.0,0.0,0.0,False,below within-person threshold
7984ba1c-29f9-4ec8-ac83-5caf9418d7ad,2026-06-02 09:00:00,5,1,4.0,1.2239266075895827,0.6117834487250574,1.163093946469122,0.0,0.0,0.0,False,below within-person threshold
7984ba1c-29f9-4ec8-ac83-5caf9418d7ad,2026-06-02 12:00:00,6,1,3.0,1.2239266075895827,0.6117834487250574,1.163093946469122,1.0,0.3333333333333333,0.0,True,prompt sent
7984ba1c-29f9-4ec8-ac83-5caf9418d7ad,2026-06-02 15:00:00,7,1,4.0,1.2239266075895827,0.6117834487250574,1.163093946469122,1.0,0.6666666666666666,0.0,True,prompt sent
7984ba1c-29f9-4ec8-ac83-5caf9418d7ad,2026-06-02 18:00:00,8,1,3.0,1.2239266075895827,0.6117834487250574,1.163093946469122,1.0,1.0,0.2666666666666669,True,prompt sent
7984ba1c-29f9-4ec8-ac83-5caf9418d7ad,2026-06-02 21:00:00,9,1,3.0,1.2239266075895827,0.6117834487250574,1.163093946469122,0.0,0.6666666666666666,0.5333333333333334,True,prompt sent
7984ba1c-29f9-4ec8-ac83-5caf9418d7ad,2026-06-03 09:00:00,10,2,3.0,1.2239266075895827,0.6117834487250574,1.163093946469122,0.0,0.3333333333333333,0.6666666666666666,False,below within-person threshold
7984ba1c-29f9-4ec8-ac83-5caf9418d7ad,2026-06-03 12:00:00,11,2,3.0,1.2239266075895827,0.6117834487250574,1.163093946469122,0.0,0.0,0.6666666666666666,False,below within-person threshold
7984ba1c-29f9-4ec8-ac83-5caf9418d7ad,2026-06-03 15:00:00,12,2,3.0,1.2239266075895827,0.6117834487250574,1.163093946469122,0.0,0.0,0.6666666666666666,False,below within-person threshold
7984ba1c-29f9-4ec8-ac83-5caf9418d7ad,2026-06-03 18:00:00,13,2,1.0,1.2239266075895827,0.6117834487250574,1.163093946469122,4.0,1.3333333333333333,0.6000000000000002,True,prompt sent
7984ba1c-29f9-4ec8-ac83-5caf9418d7ad,2026-06-03 21:00:00,14,2,1.0,1.2239266075895827,0.6117834487250574,1.163093946469122,0.0,1.3333333333333333,0.6666666666666666,True,prompt sent
7984ba1c-29f9-4ec8-ac83-5caf9418d7ad,2026-06-04 09:00:00,15,3,2.0,1.2239266075895827,0.6117834487250574,1.163093946469122,1.0,1.6666666666666667,0.8,True,prompt sent
7984ba1c-29f9-4ec8-ac83-5caf9418d7ad,2026-06-04 12:00:00,16,3,3.0,1.2239266075895827,0.6117834487250574,1.163093946469122,1.0,0.6666666666666666,1.066666666666667,False,below within-person threshold
7984ba1c-29f9-4ec8-ac83-5caf9418d7ad,2026-06-04 15:00:00,17,3,4.0,1.2239266075895827,0.6117834487250574,1.163093946469122,1.0,1.0,1.0,False,below within-person threshold
7984ba1c-29f9-4ec8-ac83-5caf9418d7ad,2026-06-04 18:00:00,18,3,,1.2239266075895827,0.6117834487250574,1.163093946469122,,1.0,1.0,False,missing or insufficient EMA data
7984ba1c-29f9-4ec8-ac83-5caf9418d7ad,2026-06-04 21:00:00,19,3,,1.2239266075895827,0.6117834487250574,1.163093946469122,,1.0,1.0,False,missing or insufficient EMA data
7984ba1c-29f9-4ec8-ac83-5caf9418d7ad,2026-06-05 09:00:00,20,4,3.0,1.2239266075895827,0.6117834487250574,1.163093946469122,,,1.0,False,missing or insufficient EMA data
7984ba1c-29f9-4ec8-ac83-5caf9418d7ad,2026-06-05 12:00:00,21,4,4.0,1.2239266075895827,0.6117834487250574,1.163093946469122,1.0,1.0,1.0,False,below within-person threshold
7984ba1c-29f9-4ec8-ac83-5caf9418d7ad,2026-06-05 15:00:00,22,4,4.0,1.2239266075895827,0.6117834487250574,1.163093946469122,0.0,0.5,1.0,False,below within-person threshold
7984ba1c-29f9-4ec8-ac83-5caf9418d7ad,2026-06-05 18:00:00,23,4,4.0,1.2239266075895827,0.6117834487250574,1.163093946469122,0.0,0.3333333333333333,1.0,False,below within-person threshold
7984ba1c-29f9-4ec8-ac83-5caf9418d7ad,2026-06-05 21:00:00,24,4,4.0,1.2239266075895827,0.6117834487250574,1.163093946469122,0.0,0.0,1.0,False,below within-person threshold
7984ba1c-29f9-4ec8-ac83-5caf9418d7ad,2026-06-06 09:00:00,25,5,3.0,1.2239266075895827,0.6117834487250574,1.163093946469122,1.0,0.3333333333333333,1.0,False,below within-person threshold
7984ba1c-29f9-4ec8-ac83-5caf9418d7ad,2026-06-06 12:00:00,26,5,1.0,1.2239266075895827,0.6117834487250574,1.163093946469122,4.0,1.6666666666666667,1.0,True,prompt sent
7984ba1c-29f9-4ec8-ac83-5caf9418d7ad,2026-06-06 15:00:00,27,5,2.0,1.2239266075895827,0.6117834487250574,1.163093946469122,1.0,2.0,1.0,True,prompt sent
7984ba1c-29f9-4ec8-ac83-5caf9418d7ad,2026-06-06 18:00:00,28,5,2.0,1.2239266075895827,0.6117834487250574,1.163093946469122,0.0,1.6666666666666667,1.0,True,prompt sent
7984ba1c-29f9-4ec8-ac83-5caf9418d7ad,2026-06-06 21:00:00,29,5,1.0,1.2239266075895827,0.6117834487250574,1.163093946469122,1.0,0.6666666666666666,1.2666666666666668,False,below within-person threshold
7984ba1c-29f9-4ec8-ac83-5caf9418d7ad,2026-06-07 09:00:00,30,6,1.0,1.2239266075895827,0.6117834487250574,1.163093946469122,0.0,0.3333333333333333,1.2000000000000004,False,below within-person threshold
7984ba1c-29f9-4ec8-ac83-5caf9418d7ad,2026-06-07 12:00:00,31,6,1.0,1.2239266075895827,0.6117834487250574,1.163093946469122,0.0,0.3333333333333333,1.133333333333334,False,below within-person threshold
7984ba1c-29f9-4ec8-ac83-5caf9418d7ad,2026-06-07 15:00:00,32,6,2.0,1.2239266075895827,0.6117834487250574,1.163093946469122,1.0,0.3333333333333333,1.0666666666666675,False,below within-person threshold
7984ba1c-29f9-4ec8-ac83-5caf9418d7ad,2026-06-07 18:00:00,33,6,2.0,1.2239266075895827,0.6117834487250574,1.163093946469122,0.0,0.3333333333333333,1.0,False,below within-person threshold
7984ba1c-29f9-4ec8-ac83-5caf9418d7ad,2026-06-07 21:00:00,34,6,3.0,1.2239266075895827,0.6117834487250574,1.163093946469122,1.0,0.6666666666666666,1.0,False,below within-person threshold
7abaf3fb-9678-43ad-97df-34b50dda6156,2026-06-01 09:00:00,0,0,3.0,1.39596895986916,0.25831238297753933,2.8906968362412164,,,,False,missing or insufficient EMA data
7abaf3fb-9678-43ad-97df-34b50dda6156,2026-06-01 12:00:00,1,0,2.0,1.39596895986916,0.25831238297753933,2.8906968362412164,1.0,1.0,,False,insufficient within-person history
7abaf3fb-9678-43ad-97df-34b50dda6156,2026-06-01 15:00:00,2,0,5.0,1.39596895986916,0.25831238297753933,2.8906968362412164,9.0,5.0,,False,insufficient within-person history
7abaf3fb-9678-43ad-97df-34b50dda6156,2026-06-01 18:00:00,3,0,5.0,1.39596895986916,0.25831238297753933,2.8906968362412164,0.0,3.3333333333333335,,False,insufficient within-person history
7abaf3fb-9678-43ad-97df-34b50dda6156,2026-06-01 21:00:00,4,0,4.0,1.39596895986916,0.25831238297753933,2.8906968362412164,1.0,3.3333333333333335,4.333333333333334,False,below within-person threshold
7abaf3fb-9678-43ad-97df-34b50dda6156,2026-06-02 09:00:00,5,1,4.0,1.39596895986916,0.25831238297753933,2.8906968362412164,0.0,0.3333333333333333,4.000000000000001,False,below within-person threshold
7abaf3fb-9678-43ad-97df-34b50dda6156,2026-06-02 12:00:00,6,1,2.0,1.39596895986916,0.25831238297753933,2.8906968362412164,4.0,1.6666666666666667,3.666666666666667,False,below within-person threshold
7abaf3fb-9678-43ad-97df-34b50dda6156,2026-06-02 15:00:00,7,1,3.0,1.39596895986916,0.25831238297753933,2.8906968362412164,1.0,1.6666666666666667,3.3333333333333335,False,below within-person threshold
7abaf3fb-9678-43ad-97df-34b50dda6156,2026-06-02 18:00:00,8,1,3.0,1.39596895986916,0.25831238297753933,2.8906968362412164,0.0,1.6666666666666667,3.3333333333333335,False,below within-person threshold
7abaf3fb-9678-43ad-97df-34b50dda6156,2026-06-02 21:00:00,9,1,1.0,1.39596895986916,0.25831238297753933,2.8906968362412164,4.0,1.6666666666666667,3.3333333333333335,False,below within-person threshold
7abaf3fb-9678-43ad-97df-34b50dda6156,2026-06-03 09:00:00,10,2,4.0,1.39596895986916,0.25831238297753933,2.8906968362412164,9.0,4.333333333333333,3.3333333333333335,True,prompt sent
7abaf3fb-9678-43ad-97df-34b50dda6156,2026-06-03 12:00:00,11,2,4.0,1.39596895986916,0.25831238297753933,2.8906968362412164,0.0,4.333333333333333,3.5333333333333337,True,prompt sent
7abaf3fb-9678-43ad-97df-34b50dda6156,2026-06-03 15:00:00,12,2,4.0,1.39596895986916,0.25831238297753933,2.8906968362412164,0.0,3.0,4.333333333333333,False,below within-person threshold
7abaf3fb-9678-43ad-97df-34b50dda6156,2026-06-03 18:00:00,13,2,4.0,1.39596895986916,0.25831238297753933,2.8906968362412164,0.0,0.0,4.133333333333334,False,below within-person threshold
7abaf3fb-9678-43ad-97df-34b50dda6156,2026-06-03 21:00:00,14,2,2.0,1.39596895986916,0.25831238297753933,2.8906968362412164,4.0,1.3333333333333333,3.9333333333333345,False,below within-person threshold
7abaf3fb-9678-43ad-97df-34b50dda6156,2026-06-04 09:00:00,15,3,,1.39596895986916,0.25831238297753933,2.8906968362412164,,2.0,3.733333333333334,False,missing or insufficient EMA data
7abaf3fb-9678-43ad-97df-34b50dda6156,2026-06-04 12:00:00,16,3,,1.39596895986916,0.25831238297753933,2.8906968362412164,,4.0,3.5333333333333345,False,missing or insufficient EMA data
7abaf3fb-9678-43ad-97df-34b50dda6156,2026-06-04 15:00:00,17,3,,1.39596895986916,0.25831238297753933,2.8906968362412164,,,4.0,False,missing or insufficient EMA data
7abaf3fb-9678-43ad-97df-34b50dda6156,2026-06-04 18:00:00,18,3,,1.39596895986916,0.25831238297753933,2.8906968362412164,,,4.0,False,missing or insufficient EMA data
7abaf3fb-9678-43ad-97df-34b50dda6156,2026-06-04 21:00:00,19,3,,1.39596895986916,0.25831238297753933,2.8906968362412164,,,4.0,False,missing or insufficient EMA data
7abaf3fb-9678-43ad-97df-34b50dda6156,2026-06-05 09:00:00,20,4,4.0,1.39596895986916,0.25831238297753933,2.8906968362412164,,,4.0,False,missing or insufficient EMA data
7abaf3fb-9678-43ad-97df-34b50dda6156,2026-06-05 12:00:00,21,4,1.0,1.39596895986916,0.25831238297753933,2.8906968362412164,9.0,9.0,4.0,True,prompt sent
7abaf3fb-9678-43ad-97df-34b50dda6156,2026-06-05 15:00:00,22,4,1.0,1.39596895986916,0.25831238297753933,2.8906968362412164,0.0,4.5,4.266666666666667,True,prompt sent
7abaf3fb-9678-43ad-97df-34b50dda6156,2026-06-05 18:00:00,23,4,2.0,1.39596895986916,0.25831238297753933,2.8906968362412164,1.0,3.3333333333333335,4.333333333333333,False,below within-person threshold
7abaf3fb-9678-43ad-97df-34b50dda6156,2026-06-05 21:00:00,24,4,3.0,1.39596895986916,0.25831238297753933,2.8906968362412164,1.0,0.6666666666666666,4.333333333333333,False,below within-person threshold
7abaf3fb-9678-43ad-97df-34b50dda6156,2026-06-06 09:00:00,25,5,3.0,1.39596895986916,0.25831238297753933,2.8906968362412164,0.0,0.6666666666666666,4.333333333333333,False,below within-person threshold
7abaf3fb-9678-43ad-97df-34b50dda6156,2026-06-06 12:00:00,26,5,2.0,1.39596895986916,0.25831238297753933,2.8906968362412164,1.0,0.6666666666666666,4.333333333333333,False,below within-person threshold
7abaf3fb-9678-43ad-97df-34b50dda6156,2026-06-06 15:00:00,27,5,2.0,1.39596895986916,0.25831238297753933,2.8906968362412164,0.0,0.3333333333333333,4.266666666666667,False,below within-person threshold
7abaf3fb-9678-43ad-97df-34b50dda6156,2026-06-06 18:00:00,28,5,2.0,1.39596895986916,0.25831238297753933,2.8906968362412164,0.0,0.3333333333333333,4.2,False,below within-person threshold
7abaf3fb-9678-43ad-97df-34b50dda6156,2026-06-06 21:00:00,29,5,3.0,1.39596895986916,0.25831238297753933,2.8906968362412164,1.0,0.3333333333333333,4.133333333333334,False,below within-person threshold
7abaf3fb-9678-43ad-97df-34b50dda6156,2026-06-07 09:00:00,30,6,4.0,1.39596895986916,0.25831238297753933,2.8906968362412164,1.0,0.6666666666666666,4.066666666666667,False,below within-person threshold
7abaf3fb-9678-43ad-97df-34b50dda6156,2026-06-07 12:00:00,31,6,2.0,1.39596895986916,0.25831238297753933,2.8906968362412164,4.0,2.0,4.0,False,below within-person threshold
7abaf3fb-9678-43ad-97df-34b50dda6156,2026-06-07 15:00:00,32,6,4.0,1.39596895986916,0.25831238297753933,2.8906968362412164,4.0,3.0,3.866666666666667,False,below within-person threshold
7abaf3fb-9678-43ad-97df-34b50dda6156,2026-06-07 18:00:00,33,6,2.0,1.39596895986916,0.25831238297753933,2.8906968362412164,4.0,4.0,3.7333333333333343,True,prompt sent
7abaf3fb-9678-43ad-97df-34b50dda6156,2026-06-07 21:00:00,34,6,3.0,1.39596895986916,0.25831238297753933,2.8906968362412164,1.0,3.0,4.0,False,below within-person threshold
7b16f1b7-4288-446d-aea9-5672df6a7ac2,2026-06-01 09:00:00,0,0,3.0,1.4968359046869553,0.10129286336870418,4.02713853941941,,,,False,missing or insufficient EMA data
7b16f1b7-4288-446d-aea9-5672df6a7ac2,2026-06-01 12:00:00,1,0,3.0,1.4968359046869553,0.10129286336870418,4.02713853941941,0.0,0.0,,False,insufficient within-person history
7b16f1b7-4288-446d-aea9-5672df6a7ac2,2026-06-01 15:00:00,2,0,2.0,1.4968359046869553,0.10129286336870418,4.02713853941941,1.0,0.5,,False,insufficient within-person history
7b16f1b7-4288-446d-aea9-5672df6a7ac2,2026-06-01 18:00:00,3,0,4.0,1.4968359046869553,0.10129286336870418,4.02713853941941,4.0,1.6666666666666667,,False,insufficient within-person history
7b16f1b7-4288-446d-aea9-5672df6a7ac2,2026-06-01 21:00:00,4,0,5.0,1.4968359046869553,0.10129286336870418,4.02713853941941,1.0,2.0,1.2000000000000002,True,prompt sent
7b16f1b7-4288-446d-aea9-5672df6a7ac2,2026-06-02 09:00:00,5,1,3.0,1.4968359046869553,0.10129286336870418,4.02713853941941,4.0,3.0,1.8000000000000003,True,prompt sent
7b16f1b7-4288-446d-aea9-5672df6a7ac2,2026-06-02 12:00:00,6,1,3.0,1.4968359046869553,0.10129286336870418,4.02713853941941,0.0,1.6666666666666667,2.2,False,below within-person threshold
7b16f1b7-4288-446d-aea9-5672df6a7ac2,2026-06-02 15:00:00,7,1,4.0,1.4968359046869553,0.10129286336870418,4.02713853941941,1.0,1.6666666666666667,2.0,False,below within-person threshold
7b16f1b7-4288-446d-aea9-5672df6a7ac2,2026-06-02 18:00:00,8,1,4.0,1.4968359046869553,0.10129286336870418,4.02713853941941,0.0,0.3333333333333333,1.9333333333333336,False,below within-person threshold
7b16f1b7-4288-446d-aea9-5672df6a7ac2,2026-06-02 21:00:00,9,1,5.0,1.4968359046869553,0.10129286336870418,4.02713853941941,1.0,0.6666666666666666,1.866666666666667,False,below within-person threshold
7b16f1b7-4288-446d-aea9-5672df6a7ac2,2026-06-03 09:00:00,10,2,1.0,1.4968359046869553,0.10129286336870418,4.02713853941941,16.0,5.666666666666667,1.8000000000000003,True,prompt sent
7b16f1b7-4288-446d-aea9-5672df6a7ac2,2026-06-03 12:00:00,11,2,,1.4968359046869553,0.10129286336870418,4.02713853941941,,8.5,2.2,False,missing or insufficient EMA data
7b16f1b7-4288-446d-aea9-5672df6a7ac2,2026-06-03 15:00:00,12,2,,1.4968359046869553,0.10129286336870418,4.02713853941941,,16.0,3.0,False,missing or insufficient EMA data
7b16f1b7-4288-446d-aea9-5672df6a7ac2,2026-06-03 18:00:00,13,2,,1.4968359046869553,0.10129286336870418,4.02713853941941,,,5.1333333333333355,False,missing or insufficient EMA data
7b16f1b7-4288-446d-aea9-5672df6a7ac2,2026-06-03 21:00:00,14,2,,1.4968359046869553,0.10129286336870418,4.02713853941941,,,5.1333333333333355,False,missing or insufficient EMA data
7b16f1b7-4288-446d-aea9-5672df6a7ac2,2026-06-04 09:00:00,15,3,,1.4968359046869553,0.10129286336870418,4.02713853941941,,,5.1333333333333355,False,missing or insufficient EMA data
7b16f1b7-4288-446d-aea9-5672df6a7ac2,2026-06-04 12:00:00,16,3,4.0,1.4968359046869553,0.10129286336870418,4.02713853941941,,,5.1333333333333355,False,missing or insufficient EMA data
7b16f1b7-4288-446d-aea9-5672df6a7ac2,2026-06-04 15:00:00,17,3,5.0,1.4968359046869553,0.10129286336870418,4.02713853941941,1.0,1.0,5.1333333333333355,False,below within-person threshold
7b16f1b7-4288-446d-aea9-5672df6a7ac2,2026-06-04 18:00:00,18,3,5.0,1.4968359046869553,0.10129286336870418,4.02713853941941,0.0,0.5,4.600000000000004,False,below within-person threshold
7b16f1b7-4288-446d-aea9-5672df6a7ac2,2026-06-04 21:00:00,19,3,,1.4968359046869553,0.10129286336870418,4.02713853941941,,0.5,4.066666666666668,False,missing or insufficient EMA data
7b16f1b7-4288-446d-aea9-5672df6a7ac2,2026-06-05 09:00:00,20,4,,1.4968359046869553,0.10129286336870418,4.02713853941941,,0.0,3.5333333333333363,False,missing or insufficient EMA data
7b16f1b7-4288-446d-aea9-5672df6a7ac2,2026-06-05 12:00:00,21,4,,1.4968359046869553,0.10129286336870418,4.02713853941941,,,3.0,False,missing or insufficient EMA data
7b16f1b7-4288-446d-aea9-5672df6a7ac2,2026-06-05 15:00:00,22,4,,1.4968359046869553,0.10129286336870418,4.02713853941941,,,3.0,False,missing or insufficient EMA data
7b16f1b7-4288-446d-aea9-5672df6a7ac2,2026-06-05 18:00:00,23,4,,1.4968359046869553,0.10129286336870418,4.02713853941941,,,3.0,False,missing or insufficient EMA data
7b16f1b7-4288-446d-aea9-5672df6a7ac2,2026-06-05 21:00:00,24,4,,1.4968359046869553,0.10129286336870418,4.02713853941941,,,3.0,False,missing or insufficient EMA data
7b16f1b7-4288-446d-aea9-5672df6a7ac2,2026-06-06 09:00:00,25,5,2.0,1.4968359046869553,0.10129286336870418,4.02713853941941,,,3.0,False,missing or insufficient EMA data
7b16f1b7-4288-446d-aea9-5672df6a7ac2,2026-06-06 12:00:00,26,5,3.0,1.4968359046869553,0.10129286336870418,4.02713853941941,1.0,1.0,3.0,False,below within-person threshold
7b16f1b7-4288-446d-aea9-5672df6a7ac2,2026-06-06 15:00:00,27,5,5.0,1.4968359046869553,0.10129286336870418,4.02713853941941,4.0,2.5,2.8000000000000007,False,below within-person threshold
7b16f1b7-4288-446d-aea9-5672df6a7ac2,2026-06-06 18:00:00,28,5,2.0,1.4968359046869553,0.10129286336870418,4.02713853941941,9.0,4.666666666666667,2.8000000000000007,True,prompt sent
7b16f1b7-4288-446d-aea9-5672df6a7ac2,2026-06-06 21:00:00,29,5,4.0,1.4968359046869553,0.10129286336870418,4.02713853941941,4.0,5.666666666666667,3.6666666666666674,True,prompt sent
7b16f1b7-4288-446d-aea9-5672df6a7ac2,2026-06-07 09:00:00,30,6,4.0,1.4968359046869553,0.10129286336870418,4.02713853941941,0.0,4.333333333333333,4.866666666666668,False,below within-person threshold
7b16f1b7-4288-446d-aea9-5672df6a7ac2,2026-06-07 12:00:00,31,6,3.0,1.4968359046869553,0.10129286336870418,4.02713853941941,1.0,1.6666666666666667,4.666666666666667,False,below within-person threshold
7b16f1b7-4288-446d-aea9-5672df6a7ac2,2026-06-07 15:00:00,32,6,3.0,1.4968359046869553,0.10129286336870418,4.02713853941941,0.0,0.3333333333333333,4.6000000000000005,False,below within-person threshold
7b16f1b7-4288-446d-aea9-5672df6a7ac2,2026-06-07 18:00:00,33,6,1.0,1.4968359046869553,0.10129286336870418,4.02713853941941,4.0,1.6666666666666667,4.533333333333334,False,below within-person threshold
7b16f1b7-4288-446d-aea9-5672df6a7ac2,2026-06-07 21:00:00,34,6,4.0,1.4968359046869553,0.10129286336870418,4.02713853941941,9.0,4.333333333333333,4.466666666666668,False,below within-person threshold
7b51906c-c872-4a2c-b21f-b448d54070a0,2026-06-01 09:00:00,0,0,3.0,1.197327964818215,0.6464881690365807,1.013585060124746,,,,False,missing or insufficient EMA data
7b51906c-c872-4a2c-b21f-b448d54070a0,2026-06-01 12:00:00,1,0,2.0,1.197327964818215,0.6464881690365807,1.013585060124746,1.0,1.0,,False,insufficient within-person history
7b51906c-c872-4a2c-b21f-b448d54070a0,2026-06-01 15:00:00,2,0,2.0,1.197327964818215,0.6464881690365807,1.013585060124746,0.0,0.5,,False,insufficient within-person history
7b51906c-c872-4a2c-b21f-b448d54070a0,2026-06-01 18:00:00,3,0,2.0,1.197327964818215,0.6464881690365807,1.013585060124746,0.0,0.3333333333333333,,False,insufficient within-person history
7b51906c-c872-4a2c-b21f-b448d54070a0,2026-06-01 21:00:00,4,0,1.0,1.197327964818215,0.6464881690365807,1.013585060124746,1.0,0.3333333333333333,0.8,False,below within-person threshold
7b51906c-c872-4a2c-b21f-b448d54070a0,2026-06-02 09:00:00,5,1,,1.197327964818215,0.6464881690365807,1.013585060124746,,0.5,0.7000000000000002,False,missing or insufficient EMA data
7b51906c-c872-4a2c-b21f-b448d54070a0,2026-06-02 12:00:00,6,1,,1.197327964818215,0.6464881690365807,1.013585060124746,,1.0,0.6000000000000001,False,missing or insufficient EMA data
7b51906c-c872-4a2c-b21f-b448d54070a0,2026-06-02 15:00:00,7,1,1.0,1.197327964818215,0.6464881690365807,1.013585060124746,,,1.0,False,missing or insufficient EMA data
7b51906c-c872-4a2c-b21f-b448d54070a0,2026-06-02 18:00:00,8,1,1.0,1.197327964818215,0.6464881690365807,1.013585060124746,0.0,0.0,1.0,False,below within-person threshold
7b51906c-c872-4a2c-b21f-b448d54070a0,2026-06-02 21:00:00,9,1,3.0,1.197327964818215,0.6464881690365807,1.013585060124746,4.0,2.0,0.9000000000000004,True,prompt sent
7b51906c-c872-4a2c-b21f-b448d54070a0,2026-06-03 09:00:00,10,2,2.0,1.197327964818215,0.6464881690365807,1.013585060124746,1.0,1.6666666666666667,1.0,True,prompt sent
7b51906c-c872-4a2c-b21f-b448d54070a0,2026-06-03 12:00:00,11,2,3.0,1.197327964818215,0.6464881690365807,1.013585060124746,1.0,2.0,1.266666666666667,True,prompt sent
7b51906c-c872-4a2c-b21f-b448d54070a0,2026-06-03 15:00:00,12,2,3.0,1.197327964818215,0.6464881690365807,1.013585060124746,0.0,0.6666666666666666,1.7333333333333334,False,below within-person threshold
7b51906c-c872-4a2c-b21f-b448d54070a0,2026-06-03 18:00:00,13,2,3.0,1.197327964818215,0.6464881690365807,1.013585060124746,0.0,0.3333333333333333,1.6666666666666667,False,below within-person threshold
7b51906c-c872-4a2c-b21f-b448d54070a0,2026-06-03 21:00:00,14,2,3.0,1.197327964818215,0.6464881690365807,1.013585060124746,0.0,0.0,1.5333333333333339,False,below within-person threshold
7b51906c-c872-4a2c-b21f-b448d54070a0,2026-06-04 09:00:00,15,3,3.0,1.197327964818215,0.6464881690365807,1.013585060124746,0.0,0.0,1.400000000000001,False,below within-person threshold
7b51906c-c872-4a2c-b21f-b448d54070a0,2026-06-04 12:00:00,16,3,3.0,1.197327964818215,0.6464881690365807,1.013585060124746,0.0,0.0,1.266666666666667,False,below within-person threshold
7b51906c-c872-4a2c-b21f-b448d54070a0,2026-06-04 15:00:00,17,3,5.0,1.197327964818215,0.6464881690365807,1.013585060124746,4.0,1.3333333333333333,1.133333333333334,True,prompt sent
7b51906c-c872-4a2c-b21f-b448d54070a0,2026-06-04 18:00:00,18,3,5.0,1.197327964818215,0.6464881690365807,1.013585060124746,0.0,1.3333333333333333,1.3333333333333333,False,below within-person threshold
7b51906c-c872-4a2c-b21f-b448d54070a0,2026-06-04 21:00:00,19,3,5.0,1.197327964818215,0.6464881690365807,1.013585060124746,0.0,1.3333333333333333,1.3333333333333333,False,below within-person threshold
7b51906c-c872-4a2c-b21f-b448d54070a0,2026-06-05 09:00:00,20,4,5.0,1.197327964818215,0.6464881690365807,1.013585060124746,0.0,0.0,1.3333333333333333,False,below within-person threshold
7b51906c-c872-4a2c-b21f-b448d54070a0,2026-06-05 12:00:00,21,4,3.0,1.197327964818215,0.6464881690365807,1.013585060124746,4.0,1.3333333333333333,1.3333333333333333,False,below within-person threshold
7b51906c-c872-4a2c-b21f-b448d54070a0,2026-06-05 15:00:00,22,4,4.0,1.197327964818215,0.6464881690365807,1.013585060124746,1.0,1.6666666666666667,1.3333333333333333,True,prompt sent
7b51906c-c872-4a2c-b21f-b448d54070a0,2026-06-05 18:00:00,23,4,3.0,1.197327964818215,0.6464881690365807,1.013585060124746,1.0,2.0,1.3333333333333333,True,prompt sent
7b51906c-c872-4a2c-b21f-b448d54070a0,2026-06-05 21:00:00,24,4,4.0,1.197327964818215,0.6464881690365807,1.013585060124746,1.0,1.0,1.6000000000000003,False,below within-person threshold
7b51906c-c872-4a2c-b21f-b448d54070a0,2026-06-06 09:00:00,25,5,4.0,1.197327964818215,0.6464881690365807,1.013585060124746,0.0,0.6666666666666666,1.5333333333333339,False,below within-person threshold
7b51906c-c872-4a2c-b21f-b448d54070a0,2026-06-06 12:00:00,26,5,4.0,1.197327964818215,0.6464881690365807,1.013585060124746,0.0,0.3333333333333333,1.4666666666666675,False,below within-person threshold
7b51906c-c872-4a2c-b21f-b448d54070a0,2026-06-06 15:00:00,27,5,3.0,1.197327964818215,0.6464881690365807,1.013585060124746,1.0,0.3333333333333333,1.4000000000000008,False,below within-person threshold
7b51906c-c872-4a2c-b21f-b448d54070a0,2026-06-06 18:00:00,28,5,3.0,1.197327964818215,0.6464881690365807,1.013585060124746,0.0,0.3333333333333333,1.3333333333333333,False,below within-person threshold
7b51906c-c872-4a2c-b21f-b448d54070a0,2026-06-06 21:00:00,29,5,3.0,1.197327964818215,0.6464881690365807,1.013585060124746,0.0,0.3333333333333333,1.3333333333333333,False,below within-person threshold
7b51906c-c872-4a2c-b21f-b448d54070a0,2026-06-07 09:00:00,30,6,3.0,1.197327964818215,0.6464881690365807,1.013585060124746,0.0,0.0,1.3333333333333333,False,below within-person threshold
7b51906c-c872-4a2c-b21f-b448d54070a0,2026-06-07 12:00:00,31,6,3.0,1.197327964818215,0.6464881690365807,1.013585060124746,0.0,0.0,1.3333333333333333,False,below within-person threshold
7b51906c-c872-4a2c-b21f-b448d54070a0,2026-06-07 15:00:00,32,6,4.0,1.197327964818215,0.6464881690365807,1.013585060124746,1.0,0.3333333333333333,1.3333333333333333,False,below within-person threshold
7b51906c-c872-4a2c-b21f-b448d54070a0,2026-06-07 18:00:00,33,6,4.0,1.197327964818215,0.6464881690365807,1.013585060124746,0.0,0.3333333333333333,1.3333333333333333,False,below within-person threshold
7b51906c-c872-4a2c-b21f-b448d54070a0,2026-06-07 21:00:00,34,6,4.0,1.197327964818215,0.6464881690365807,1.013585060124746,0.0,0.3333333333333333,1.3333333333333333,False,below within-person threshold
818e6b5a-d0b9-4806-8703-ec7665a48e7e,2026-06-01 09:00:00,0,0,2.0,0.5031639611507611,0.45417502014878597,0.27637735611418307,,,,False,missing or insufficient EMA data
818e6b5a-d0b9-4806-8703-ec7665a48e7e,2026-06-01 12:00:00,1,0,2.0,0.5031639611507611,0.45417502014878597,0.27637735611418307,0.0,0.0,,False,insufficient within-person history
818e6b5a-d0b9-4806-8703-ec7665a48e7e,2026-06-01 15:00:00,2,0,3.0,0.5031639611507611,0.45417502014878597,0.27637735611418307,1.0,0.5,,False,insufficient within-person history
818e6b5a-d0b9-4806-8703-ec7665a48e7e,2026-06-01 18:00:00,3,0,3.0,0.5031639611507611,0.45417502014878597,0.27637735611418307,0.0,0.3333333333333333,,False,insufficient within-person history
818e6b5a-d0b9-4806-8703-ec7665a48e7e,2026-06-01 21:00:00,4,0,3.0,0.5031639611507611,0.45417502014878597,0.27637735611418307,0.0,0.3333333333333333,0.43333333333333335,False,below within-person threshold
818e6b5a-d0b9-4806-8703-ec7665a48e7e,2026-06-02 09:00:00,5,1,2.0,0.5031639611507611,0.45417502014878597,0.27637735611418307,1.0,0.3333333333333333,0.4,False,below within-person threshold
818e6b5a-d0b9-4806-8703-ec7665a48e7e,2026-06-02 12:00:00,6,1,2.0,0.5031639611507611,0.45417502014878597,0.27637735611418307,0.0,0.3333333333333333,0.3666666666666667,False,below within-person threshold
818e6b5a-d0b9-4806-8703-ec7665a48e7e,2026-06-02 15:00:00,7,1,2.0,0.5031639611507611,0.45417502014878597,0.27637735611418307,0.0,0.3333333333333333,0.3333333333333333,False,below within-person threshold
818e6b5a-d0b9-4806-8703-ec7665a48e7e,2026-06-02 18:00:00,8,1,2.0,0.5031639611507611,0.45417502014878597,0.27637735611418307,0.0,0.0,0.3333333333333333,False,below within-person threshold
818e6b5a-d0b9-4806-8703-ec7665a48e7e,2026-06-02 21:00:00,9,1,2.0,0.5031639611507611,0.45417502014878597,0.27637735611418307,0.0,0.0,0.3333333333333333,False,below within-person threshold
818e6b5a-d0b9-4806-8703-ec7665a48e7e,2026-06-03 09:00:00,10,2,2.0,0.5031639611507611,0.45417502014878597,0.27637735611418307,0.0,0.0,0.3333333333333333,False,below within-person threshold
818e6b5a-d0b9-4806-8703-ec7665a48e7e,2026-06-03 12:00:00,11,2,2.0,0.5031639611507611,0.45417502014878597,0.27637735611418307,0.0,0.0,0.3333333333333333,False,below within-person threshold
818e6b5a-d0b9-4806-8703-ec7665a48e7e,2026-06-03 15:00:00,12,2,2.0,0.5031639611507611,0.45417502014878597,0.27637735611418307,0.0,0.0,0.3333333333333333,False,below within-person threshold
818e6b5a-d0b9-4806-8703-ec7665a48e7e,2026-06-03 18:00:00,13,2,2.0,0.5031639611507611,0.45417502014878597,0.27637735611418307,0.0,0.0,0.3333333333333333,False,below within-person threshold
818e6b5a-d0b9-4806-8703-ec7665a48e7e,2026-06-03 21:00:00,14,2,3.0,0.5031639611507611,0.45417502014878597,0.27637735611418307,1.0,0.3333333333333333,0.3333333333333333,False,below within-person threshold
818e6b5a-d0b9-4806-8703-ec7665a48e7e,2026-06-04 09:00:00,15,3,1.0,0.5031639611507611,0.45417502014878597,0.27637735611418307,4.0,1.6666666666666667,0.3333333333333333,True,prompt sent
818e6b5a-d0b9-4806-8703-ec7665a48e7e,2026-06-04 12:00:00,16,3,,0.5031639611507611,0.45417502014878597,0.27637735611418307,,2.5,0.3333333333333333,False,missing or insufficient EMA data
818e6b5a-d0b9-4806-8703-ec7665a48e7e,2026-06-04 15:00:00,17,3,1.0,0.5031639611507611,0.45417502014878597,0.27637735611418307,,4.0,0.3333333333333333,True,prompt sent
818e6b5a-d0b9-4806-8703-ec7665a48e7e,2026-06-04 18:00:00,18,3,2.0,0.5031639611507611,0.45417502014878597,0.27637735611418307,1.0,1.0,0.4666666666666668,True,prompt sent
818e6b5a-d0b9-4806-8703-ec7665a48e7e,2026-06-04 21:00:00,19,3,1.0,0.5031639611507611,0.45417502014878597,0.27637735611418307,1.0,1.0,0.8000000000000007,True,prompt sent
818e6b5a-d0b9-4806-8703-ec7665a48e7e,2026-06-05 09:00:00,20,4,2.0,0.5031639611507611,0.45417502014878597,0.27637735611418307,1.0,1.0,1.0,False,below within-person threshold
818e6b5a-d0b9-4806-8703-ec7665a48e7e,2026-06-05 12:00:00,21,4,2.0,0.5031639611507611,0.45417502014878597,0.27637735611418307,0.0,0.6666666666666666,1.0,False,below within-person threshold
818e6b5a-d0b9-4806-8703-ec7665a48e7e,2026-06-05 15:00:00,22,4,3.0,0.5031639611507611,0.45417502014878597,0.27637735611418307,1.0,0.6666666666666666,1.0,False,below within-person threshold
818e6b5a-d0b9-4806-8703-ec7665a48e7e,2026-06-05 18:00:00,23,4,2.0,0.5031639611507611,0.45417502014878597,0.27637735611418307,1.0,0.6666666666666666,1.0,False,below within-person threshold
818e6b5a-d0b9-4806-8703-ec7665a48e7e,2026-06-05 21:00:00,24,4,3.0,0.5031639611507611,0.45417502014878597,0.27637735611418307,1.0,1.0,1.0,False,below within-person threshold
818e6b5a-d0b9-4806-8703-ec7665a48e7e,2026-06-06 09:00:00,25,5,,0.5031639611507611,0.45417502014878597,0.27637735611418307,,1.0,1.0,False,missing or insufficient EMA data
818e6b5a-d0b9-4806-8703-ec7665a48e7e,2026-06-06 12:00:00,26,5,,0.5031639611507611,0.45417502014878597,0.27637735611418307,,1.0,1.0,False,missing or insufficient EMA data
818e6b5a-d0b9-4806-8703-ec7665a48e7e,2026-06-06 15:00:00,27,5,,0.5031639611507611,0.45417502014878597,0.27637735611418307,,,1.0,False,missing or insufficient EMA data
818e6b5a-d0b9-4806-8703-ec7665a48e7e,2026-06-06 18:00:00,28,5,,0.5031639611507611,0.45417502014878597,0.27637735611418307,,,1.0,False,missing or insufficient EMA data
818e6b5a-d0b9-4806-8703-ec7665a48e7e,2026-06-06 21:00:00,29,5,3.0,0.5031639611507611,0.45417502014878597,0.27637735611418307,,,1.0,False,missing or insufficient EMA data
818e6b5a-d0b9-4806-8703-ec7665a48e7e,2026-06-07 09:00:00,30,6,3.0,0.5031639611507611,0.45417502014878597,0.27637735611418307,0.0,0.0,1.0,False,below within-person threshold
818e6b5a-d0b9-4806-8703-ec7665a48e7e,2026-06-07 12:00:00,31,6,3.0,0.5031639611507611,0.45417502014878597,0.27637735611418307,0.0,0.0,1.0,False,below within-person threshold
818e6b5a-d0b9-4806-8703-ec7665a48e7e,2026-06-07 15:00:00,32,6,3.0,0.5031639611507611,0.45417502014878597,0.27637735611418307,0.0,0.0,1.0,False,below within-person threshold
818e6b5a-d0b9-4806-8703-ec7665a48e7e,2026-06-07 18:00:00,33,6,2.0,0.5031639611507611,0.45417502014878597,0.27637735611418307,1.0,0.3333333333333333,1.0,False,below within-person threshold
818e6b5a-d0b9-4806-8703-ec7665a48e7e,2026-06-07 21:00:00,34,6,,0.5031639611507611,0.45417502014878597,0.27637735611418307,,0.5,1.0,False,missing or insufficient EMA data
81c28754-7393-452b-8102-813963d38ec1,2026-06-01 09:00:00,0,0,2.0,0.5515593481078194,0.3095327360312188,0.42010474594275704,,,,False,missing or insufficient EMA data
81c28754-7393-452b-8102-813963d38ec1,2026-06-01 12:00:00,1,0,1.0,0.5515593481078194,0.3095327360312188,0.42010474594275704,1.0,1.0,,False,insufficient within-person history
81c28754-7393-452b-8102-813963d38ec1,2026-06-01 15:00:00,2,0,3.0,0.5515593481078194,0.3095327360312188,0.42010474594275704,4.0,2.5,,False,insufficient within-person history
81c28754-7393-452b-8102-813963d38ec1,2026-06-01 18:00:00,3,0,3.0,0.5515593481078194,0.3095327360312188,0.42010474594275704,0.0,1.6666666666666667,,False,insufficient within-person history
81c28754-7393-452b-8102-813963d38ec1,2026-06-01 21:00:00,4,0,2.0,0.5515593481078194,0.3095327360312188,0.42010474594275704,1.0,1.6666666666666667,2.166666666666667,False,below within-person threshold
81c28754-7393-452b-8102-813963d38ec1,2026-06-02 09:00:00,5,1,2.0,0.5515593481078194,0.3095327360312188,0.42010474594275704,0.0,0.3333333333333333,2.0000000000000004,False,below within-person threshold
81c28754-7393-452b-8102-813963d38ec1,2026-06-02 12:00:00,6,1,2.0,0.5515593481078194,0.3095327360312188,0.42010474594275704,0.0,0.3333333333333333,1.8333333333333335,False,below within-person threshold
81c28754-7393-452b-8102-813963d38ec1,2026-06-02 15:00:00,7,1,2.0,0.5515593481078194,0.3095327360312188,0.42010474594275704,0.0,0.0,1.6666666666666667,False,below within-person threshold
81c28754-7393-452b-8102-813963d38ec1,2026-06-02 18:00:00,8,1,2.0,0.5515593481078194,0.3095327360312188,0.42010474594275704,0.0,0.0,1.6666666666666667,False,below within-person threshold
81c28754-7393-452b-8102-813963d38ec1,2026-06-02 21:00:00,9,1,2.0,0.5515593481078194,0.3095327360312188,0.42010474594275704,0.0,0.0,1.6666666666666667,False,below within-person threshold
81c28754-7393-452b-8102-813963d38ec1,2026-06-03 09:00:00,10,2,2.0,0.5515593481078194,0.3095327360312188,0.42010474594275704,0.0,0.0,1.6666666666666667,False,below within-person threshold
81c28754-7393-452b-8102-813963d38ec1,2026-06-03 12:00:00,11,2,2.0,0.5515593481078194,0.3095327360312188,0.42010474594275704,0.0,0.0,1.6666666666666667,False,below within-person threshold
81c28754-7393-452b-8102-813963d38ec1,2026-06-03 15:00:00,12,2,2.0,0.5515593481078194,0.3095327360312188,0.42010474594275704,0.0,0.0,1.6666666666666667,False,below within-person threshold
81c28754-7393-452b-8102-813963d38ec1,2026-06-03 18:00:00,13,2,1.0,0.5515593481078194,0.3095327360312188,0.42010474594275704,1.0,0.3333333333333333,1.5333333333333339,False,below within-person threshold
81c28754-7393-452b-8102-813963d38ec1,2026-06-03 21:00:00,14,2,,0.5515593481078194,0.3095327360312188,0.42010474594275704,,0.5,1.400000000000001,False,missing or insufficient EMA data
81c28754-7393-452b-8102-813963d38ec1,2026-06-04 09:00:00,15,3,,0.5515593481078194,0.3095327360312188,0.42010474594275704,,1.0,1.266666666666667,False,missing or insufficient EMA data
81c28754-7393-452b-8102-813963d38ec1,2026-06-04 12:00:00,16,3,2.0,0.5515593481078194,0.3095327360312188,0.42010474594275704,,,1.133333333333334,False,missing or insufficient EMA data
81c28754-7393-452b-8102-813963d38ec1,2026-06-04 15:00:00,17,3,3.0,0.5515593481078194,0.3095327360312188,0.42010474594275704,1.0,1.0,1.133333333333334,False,below within-person threshold
81c28754-7393-452b-8102-813963d38ec1,2026-06-04 18:00:00,18,3,3.0,0.5515593481078194,0.3095327360312188,0.42010474594275704,0.0,0.5,1.0,False,below within-person threshold
81c28754-7393-452b-8102-813963d38ec1,2026-06-04 21:00:00,19,3,2.0,0.5515593481078194,0.3095327360312188,0.42010474594275704,1.0,0.6666666666666666,1.0,False,below within-person threshold
81c28754-7393-452b-8102-813963d38ec1,2026-06-05 09:00:00,20,4,3.0,0.5515593481078194,0.3095327360312188,0.42010474594275704,1.0,0.6666666666666666,1.0,False,below within-person threshold
81c28754-7393-452b-8102-813963d38ec1,2026-06-05 12:00:00,21,4,2.0,0.5515593481078194,0.3095327360312188,0.42010474594275704,1.0,1.0,1.0,False,below within-person threshold
81c28754-7393-452b-8102-813963d38ec1,2026-06-05 15:00:00,22,4,2.0,0.5515593481078194,0.3095327360312188,0.42010474594275704,0.0,0.6666666666666666,1.0,False,below within-person threshold
81c28754-7393-452b-8102-813963d38ec1,2026-06-05 18:00:00,23,4,2.0,0.5515593481078194,0.3095327360312188,0.42010474594275704,0.0,0.3333333333333333,1.0,False,below within-person threshold
81c28754-7393-452b-8102-813963d38ec1,2026-06-05 21:00:00,24,4,2.0,0.5515593481078194,0.3095327360312188,0.42010474594275704,0.0,0.0,1.0,False,below within-person threshold
81c28754-7393-452b-8102-813963d38ec1,2026-06-06 09:00:00,25,5,3.0,0.5515593481078194,0.3095327360312188,0.42010474594275704,1.0,0.3333333333333333,1.0,False,below within-person threshold
81c28754-7393-452b-8102-813963d38ec1,2026-06-06 12:00:00,26,5,,0.5515593481078194,0.3095327360312188,0.42010474594275704,,0.5,1.0,False,missing or insufficient EMA data
81c28754-7393-452b-8102-813963d38ec1,2026-06-06 15:00:00,27,5,2.0,0.5515593481078194,0.3095327360312188,0.42010474594275704,,1.0,1.0,False,below within-person threshold
81c28754-7393-452b-8102-813963d38ec1,2026-06-06 18:00:00,28,5,2.0,0.5515593481078194,0.3095327360312188,0.42010474594275704,0.0,0.0,1.0,False,below within-person threshold
81c28754-7393-452b-8102-813963d38ec1,2026-06-06 21:00:00,29,5,2.0,0.5515593481078194,0.3095327360312188,0.42010474594275704,0.0,0.0,1.0,False,below within-person threshold
81c28754-7393-452b-8102-813963d38ec1,2026-06-07 09:00:00,30,6,2.0,0.5515593481078194,0.3095327360312188,0.42010474594275704,0.0,0.0,1.0,False,below within-person threshold
81c28754-7393-452b-8102-813963d38ec1,2026-06-07 12:00:00,31,6,2.0,0.5515593481078194,0.3095327360312188,0.42010474594275704,0.0,0.0,1.0,False,below within-person threshold
81c28754-7393-452b-8102-813963d38ec1,2026-06-07 15:00:00,32,6,1.0,0.5515593481078194,0.3095327360312188,0.42010474594275704,1.0,0.3333333333333333,1.0,False,below within-person threshold
81c28754-7393-452b-8102-813963d38ec1,2026-06-07 18:00:00,33,6,2.0,0.5515593481078194,0.3095327360312188,0.42010474594275704,1.0,0.6666666666666666,1.0,False,below within-person threshold
81c28754-7393-452b-8102-813963d38ec1,2026-06-07 21:00:00,34,6,3.0,0.5515593481078194,0.3095327360312188,0.42010474594275704,1.0,1.0,1.0,False,below within-person threshold
85271d1c-cd19-46f4-a381-b45176bcf438,2026-06-01 09:00:00,0,0,4.0,0.7313052400098878,0.649363788378984,0.37504564915346683,,,,False,missing or insufficient EMA data
85271d1c-cd19-46f4-a381-b45176bcf438,2026-06-01 12:00:00,1,0,4.0,0.7313052400098878,0.649363788378984,0.37504564915346683,0.0,0.0,,False,insufficient within-person history
85271d1c-cd19-46f4-a381-b45176bcf438,2026-06-01 15:00:00,2,0,4.0,0.7313052400098878,0.649363788378984,0.37504564915346683,0.0,0.0,,False,insufficient within-person history
85271d1c-cd19-46f4-a381-b45176bcf438,2026-06-01 18:00:00,3,0,,0.7313052400098878,0.649363788378984,0.37504564915346683,,0.0,,False,missing or insufficient EMA data
85271d1c-cd19-46f4-a381-b45176bcf438,2026-06-01 21:00:00,4,0,,0.7313052400098878,0.649363788378984,0.37504564915346683,,0.0,0.0,False,missing or insufficient EMA data
85271d1c-cd19-46f4-a381-b45176bcf438,2026-06-02 09:00:00,5,1,5.0,0.7313052400098878,0.649363788378984,0.37504564915346683,,,0.0,False,missing or insufficient EMA data
85271d1c-cd19-46f4-a381-b45176bcf438,2026-06-02 12:00:00,6,1,,0.7313052400098878,0.649363788378984,0.37504564915346683,,,0.0,False,missing or insufficient EMA data
85271d1c-cd19-46f4-a381-b45176bcf438,2026-06-02 15:00:00,7,1,4.0,0.7313052400098878,0.649363788378984,0.37504564915346683,,,0.0,False,missing or insufficient EMA data
85271d1c-cd19-46f4-a381-b45176bcf438,2026-06-02 18:00:00,8,1,5.0,0.7313052400098878,0.649363788378984,0.37504564915346683,1.0,1.0,0.0,True,prompt sent
85271d1c-cd19-46f4-a381-b45176bcf438,2026-06-02 21:00:00,9,1,3.0,0.7313052400098878,0.649363788378984,0.37504564915346683,4.0,2.5,0.20000000000000018,True,prompt sent
85271d1c-cd19-46f4-a381-b45176bcf438,2026-06-03 09:00:00,10,2,3.0,0.7313052400098878,0.649363788378984,0.37504564915346683,0.0,1.6666666666666667,1.0,True,prompt sent
85271d1c-cd19-46f4-a381-b45176bcf438,2026-06-03 12:00:00,11,2,3.0,0.7313052400098878,0.649363788378984,0.37504564915346683,0.0,1.3333333333333333,1.5333333333333339,False,below within-person threshold
85271d1c-cd19-46f4-a381-b45176bcf438,2026-06-03 15:00:00,12,2,3.0,0.7313052400098878,0.649363788378984,0.37504564915346683,0.0,0.0,1.5333333333333334,False,below within-person threshold
85271d1c-cd19-46f4-a381-b45176bcf438,2026-06-03 18:00:00,13,2,3.0,0.7313052400098878,0.649363788378984,0.37504564915346683,0.0,0.0,1.4666666666666668,False,below within-person threshold
85271d1c-cd19-46f4-a381-b45176bcf438,2026-06-03 21:00:00,14,2,4.0,0.7313052400098878,0.649363788378984,0.37504564915346683,1.0,0.3333333333333333,1.4,False,below within-person threshold
85271d1c-cd19-46f4-a381-b45176bcf438,2026-06-04 09:00:00,15,3,4.0,0.7313052400098878,0.649363788378984,0.37504564915346683,0.0,0.3333333333333333,1.3333333333333333,False,below within-person threshold
85271d1c-cd19-46f4-a381-b45176bcf438,2026-06-04 12:00:00,16,3,,0.7313052400098878,0.649363788378984,0.37504564915346683,,0.5,1.2666666666666668,False,missing or insufficient EMA data
85271d1c-cd19-46f4-a381-b45176bcf438,2026-06-04 15:00:00,17,3,,0.7313052400098878,0.649363788378984,0.37504564915346683,,0.0,1.2000000000000004,False,missing or insufficient EMA data
85271d1c-cd19-46f4-a381-b45176bcf438,2026-06-04 18:00:00,18,3,,0.7313052400098878,0.649363788378984,0.37504564915346683,,,1.1333333333333333,False,missing or insufficient EMA data
85271d1c-cd19-46f4-a381-b45176bcf438,2026-06-04 21:00:00,19,3,4.0,0.7313052400098878,0.649363788378984,0.37504564915346683,,,1.1333333333333333,False,missing or insufficient EMA data
85271d1c-cd19-46f4-a381-b45176bcf438,2026-06-05 09:00:00,20,4,4.0,0.7313052400098878,0.649363788378984,0.37504564915346683,0.0,0.0,1.1333333333333333,False,below within-person threshold
85271d1c-cd19-46f4-a381-b45176bcf438,2026-06-05 12:00:00,21,4,3.0,0.7313052400098878,0.649363788378984,0.37504564915346683,1.0,0.5,1.066666666666667,False,below within-person threshold
85271d1c-cd19-46f4-a381-b45176bcf438,2026-06-05 15:00:00,22,4,4.0,0.7313052400098878,0.649363788378984,0.37504564915346683,1.0,0.6666666666666666,1.0,False,below within-person threshold
85271d1c-cd19-46f4-a381-b45176bcf438,2026-06-05 18:00:00,23,4,,0.7313052400098878,0.649363788378984,0.37504564915346683,,1.0,0.9333333333333336,False,missing or insufficient EMA data
85271d1c-cd19-46f4-a381-b45176bcf438,2026-06-05 21:00:00,24,4,5.0,0.7313052400098878,0.649363788378984,0.37504564915346683,,1.0,1.0,False,below within-person threshold
85271d1c-cd19-46f4-a381-b45176bcf438,2026-06-06 09:00:00,25,5,5.0,0.7313052400098878,0.649363788378984,0.37504564915346683,0.0,0.0,1.0,False,below within-person threshold
85271d1c-cd19-46f4-a381-b45176bcf438,2026-06-06 12:00:00,26,5,5.0,0.7313052400098878,0.649363788378984,0.37504564915346683,0.0,0.0,1.0,False,below within-person threshold
85271d1c-cd19-46f4-a381-b45176bcf438,2026-06-06 15:00:00,27,5,4.0,0.7313052400098878,0.649363788378984,0.37504564915346683,1.0,0.3333333333333333,1.0,False,below within-person threshold
85271d1c-cd19-46f4-a381-b45176bcf438,2026-06-06 18:00:00,28,5,3.0,0.7313052400098878,0.649363788378984,0.37504564915346683,1.0,0.6666666666666666,1.0,False,below within-person threshold
85271d1c-cd19-46f4-a381-b45176bcf438,2026-06-06 21:00:00,29,5,3.0,0.7313052400098878,0.649363788378984,0.37504564915346683,0.0,0.6666666666666666,1.0,False,below within-person threshold
85271d1c-cd19-46f4-a381-b45176bcf438,2026-06-07 09:00:00,30,6,3.0,0.7313052400098878,0.649363788378984,0.37504564915346683,0.0,0.3333333333333333,1.0,False,below within-person threshold
85271d1c-cd19-46f4-a381-b45176bcf438,2026-06-07 12:00:00,31,6,3.0,0.7313052400098878,0.649363788378984,0.37504564915346683,0.0,0.0,1.0,False,below within-person threshold
85271d1c-cd19-46f4-a381-b45176bcf438,2026-06-07 15:00:00,32,6,4.0,0.7313052400098878,0.649363788378984,0.37504564915346683,1.0,0.3333333333333333,1.0,False,below within-person threshold
85271d1c-cd19-46f4-a381-b45176bcf438,2026-06-07 18:00:00,33,6,4.0,0.7313052400098878,0.649363788378984,0.37504564915346683,0.0,0.3333333333333333,0.9333333333333336,False,below within-person threshold
85271d1c-cd19-46f4-a381-b45176bcf438,2026-06-07 21:00:00,34,6,4.0,0.7313052400098878,0.649363788378984,0.37504564915346683,0.0,0.3333333333333333,0.8666666666666671,False,below within-person threshold
87aaa6db-7ba1-45fd-9649-fbd022ea5bd2,2026-06-01 09:00:00,0,0,,0.5107488013359025,0.36430911717132963,0.3316581627274623,,,,False,missing or insufficient EMA data
87aaa6db-7ba1-45fd-9649-fbd022ea5bd2,2026-06-01 12:00:00,1,0,,0.5107488013359025,0.36430911717132963,0.3316581627274623,,,,False,missing or insufficient EMA data
87aaa6db-7ba1-45fd-9649-fbd022ea5bd2,2026-06-01 15:00:00,2,0,,0.5107488013359025,0.36430911717132963,0.3316581627274623,,,,False,missing or insufficient EMA data
87aaa6db-7ba1-45fd-9649-fbd022ea5bd2,2026-06-01 18:00:00,3,0,,0.5107488013359025,0.36430911717132963,0.3316581627274623,,,,False,missing or insufficient EMA data
87aaa6db-7ba1-45fd-9649-fbd022ea5bd2,2026-06-01 21:00:00,4,0,4.0,0.5107488013359025,0.36430911717132963,0.3316581627274623,,,,False,missing or insufficient EMA data
87aaa6db-7ba1-45fd-9649-fbd022ea5bd2,2026-06-02 09:00:00,5,1,3.0,0.5107488013359025,0.36430911717132963,0.3316581627274623,1.0,1.0,,False,insufficient within-person history
87aaa6db-7ba1-45fd-9649-fbd022ea5bd2,2026-06-02 12:00:00,6,1,,0.5107488013359025,0.36430911717132963,0.3316581627274623,,1.0,,False,missing or insufficient EMA data
87aaa6db-7ba1-45fd-9649-fbd022ea5bd2,2026-06-02 15:00:00,7,1,,0.5107488013359025,0.36430911717132963,0.3316581627274623,,1.0,,False,missing or insufficient EMA data
87aaa6db-7ba1-45fd-9649-fbd022ea5bd2,2026-06-02 18:00:00,8,1,4.0,0.5107488013359025,0.36430911717132963,0.3316581627274623,,,1.0,False,missing or insufficient EMA data
87aaa6db-7ba1-45fd-9649-fbd022ea5bd2,2026-06-02 21:00:00,9,1,4.0,0.5107488013359025,0.36430911717132963,0.3316581627274623,0.0,0.0,1.0,False,below within-person threshold
87aaa6db-7ba1-45fd-9649-fbd022ea5bd2,2026-06-03 09:00:00,10,2,4.0,0.5107488013359025,0.36430911717132963,0.3316581627274623,0.0,0.0,1.0,False,below within-person threshold
87aaa6db-7ba1-45fd-9649-fbd022ea5bd2,2026-06-03 12:00:00,11,2,,0.5107488013359025,0.36430911717132963,0.3316581627274623,,0.0,1.0,False,missing or insufficient EMA data
87aaa6db-7ba1-45fd-9649-fbd022ea5bd2,2026-06-03 15:00:00,12,2,,0.5107488013359025,0.36430911717132963,0.3316581627274623,,0.0,1.0,False,missing or insufficient EMA data
87aaa6db-7ba1-45fd-9649-fbd022ea5bd2,2026-06-03 18:00:00,13,2,,0.5107488013359025,0.36430911717132963,0.3316581627274623,,,1.0,False,missing or insufficient EMA data
87aaa6db-7ba1-45fd-9649-fbd022ea5bd2,2026-06-03 21:00:00,14,2,3.0,0.5107488013359025,0.36430911717132963,0.3316581627274623,,,1.0,False,missing or insufficient EMA data
87aaa6db-7ba1-45fd-9649-fbd022ea5bd2,2026-06-04 09:00:00,15,3,4.0,0.5107488013359025,0.36430911717132963,0.3316581627274623,1.0,1.0,1.0,False,below within-person threshold
87aaa6db-7ba1-45fd-9649-fbd022ea5bd2,2026-06-04 12:00:00,16,3,3.0,0.5107488013359025,0.36430911717132963,0.3316581627274623,1.0,1.0,1.0,False,below within-person threshold
87aaa6db-7ba1-45fd-9649-fbd022ea5bd2,2026-06-04 15:00:00,17,3,3.0,0.5107488013359025,0.36430911717132963,0.3316581627274623,0.0,0.6666666666666666,1.0,False,below within-person threshold
87aaa6db-7ba1-45fd-9649-fbd022ea5bd2,2026-06-04 18:00:00,18,3,4.0,0.5107488013359025,0.36430911717132963,0.3316581627274623,1.0,0.6666666666666666,1.0,False,below within-person threshold
87aaa6db-7ba1-45fd-9649-fbd022ea5bd2,2026-06-04 21:00:00,19,3,4.0,0.5107488013359025,0.36430911717132963,0.3316581627274623,0.0,0.3333333333333333,1.0,False,below within-person threshold
87aaa6db-7ba1-45fd-9649-fbd022ea5bd2,2026-06-05 09:00:00,20,4,4.0,0.5107488013359025,0.36430911717132963,0.3316581627274623,0.0,0.3333333333333333,1.0,False,below within-person threshold
87aaa6db-7ba1-45fd-9649-fbd022ea5bd2,2026-06-05 12:00:00,21,4,3.0,0.5107488013359025,0.36430911717132963,0.3316581627274623,1.0,0.3333333333333333,1.0,False,below within-person threshold
87aaa6db-7ba1-45fd-9649-fbd022ea5bd2,2026-06-05 15:00:00,22,4,3.0,0.5107488013359025,0.36430911717132963,0.3316581627274623,0.0,0.3333333333333333,1.0,False,below within-person threshold
87aaa6db-7ba1-45fd-9649-fbd022ea5bd2,2026-06-05 18:00:00,23,4,4.0,0.5107488013359025,0.36430911717132963,0.3316581627274623,1.0,0.6666666666666666,1.0,False,below within-person threshold
87aaa6db-7ba1-45fd-9649-fbd022ea5bd2,2026-06-05 21:00:00,24,4,4.0,0.5107488013359025,0.36430911717132963,0.3316581627274623,0.0,0.3333333333333333,1.0,False,below within-person threshold
87aaa6db-7ba1-45fd-9649-fbd022ea5bd2,2026-06-06 09:00:00,25,5,4.0,0.5107488013359025,0.36430911717132963,0.3316581627274623,0.0,0.3333333333333333,1.0,False,below within-person threshold
87aaa6db-7ba1-45fd-9649-fbd022ea5bd2,2026-06-06 12:00:00,26,5,3.0,0.5107488013359025,0.36430911717132963,0.3316581627274623,1.0,0.3333333333333333,1.0,False,below within-person threshold
87aaa6db-7ba1-45fd-9649-fbd022ea5bd2,2026-06-06 15:00:00,27,5,,0.5107488013359025,0.36430911717132963,0.3316581627274623,,0.5,1.0,False,missing or insufficient EMA data
87aaa6db-7ba1-45fd-9649-fbd022ea5bd2,2026-06-06 18:00:00,28,5,,0.5107488013359025,0.36430911717132963,0.3316581627274623,,1.0,1.0,False,missing or insufficient EMA data
87aaa6db-7ba1-45fd-9649-fbd022ea5bd2,2026-06-06 21:00:00,29,5,,0.5107488013359025,0.36430911717132963,0.3316581627274623,,,1.0,False,missing or insufficient EMA data
87aaa6db-7ba1-45fd-9649-fbd022ea5bd2,2026-06-07 09:00:00,30,6,,0.5107488013359025,0.36430911717132963,0.3316581627274623,,,1.0,False,missing or insufficient EMA data
87aaa6db-7ba1-45fd-9649-fbd022ea5bd2,2026-06-07 12:00:00,31,6,,0.5107488013359025,0.36430911717132963,0.3316581627274623,,,1.0,False,missing or insufficient EMA data
87aaa6db-7ba1-45fd-9649-fbd022ea5bd2,2026-06-07 15:00:00,32,6,4.0,0.5107488013359025,0.36430911717132963,0.3316581627274623,,,1.0,False,missing or insufficient EMA data
87aaa6db-7ba1-45fd-9649-fbd022ea5bd2,2026-06-07 18:00:00,33,6,,0.5107488013359025,0.36430911717132963,0.3316581627274623,,,1.0,False,missing or insufficient EMA data
87aaa6db-7ba1-45fd-9649-fbd022ea5bd2,2026-06-07 21:00:00,34,6,,0.5107488013359025,0.36430911717132963,0.3316581627274623,,,1.0,False,missing or insufficient EMA data
88277e53-4b1d-4d72-b2cd-67139b0f8937,2026-06-01 09:00:00,0,0,5.0,1.3215971007204352,0.1505396518297561,2.9673669921086137,,,,False,missing or insufficient EMA data
88277e53-4b1d-4d72-b2cd-67139b0f8937,2026-06-01 12:00:00,1,0,5.0,1.3215971007204352,0.1505396518297561,2.9673669921086137,0.0,0.0,,False,insufficient within-person history
88277e53-4b1d-4d72-b2cd-67139b0f8937,2026-06-01 15:00:00,2,0,5.0,1.3215971007204352,0.1505396518297561,2.9673669921086137,0.0,0.0,,False,insufficient within-person history
88277e53-4b1d-4d72-b2cd-67139b0f8937,2026-06-01 18:00:00,3,0,4.0,1.3215971007204352,0.1505396518297561,2.9673669921086137,1.0,0.3333333333333333,,False,insufficient within-person history
88277e53-4b1d-4d72-b2cd-67139b0f8937,2026-06-01 21:00:00,4,0,5.0,1.3215971007204352,0.1505396518297561,2.9673669921086137,1.0,0.6666666666666666,0.2,True,prompt sent
88277e53-4b1d-4d72-b2cd-67139b0f8937,2026-06-02 09:00:00,5,1,5.0,1.3215971007204352,0.1505396518297561,2.9673669921086137,0.0,0.6666666666666666,0.4666666666666668,True,prompt sent
88277e53-4b1d-4d72-b2cd-67139b0f8937,2026-06-02 12:00:00,6,1,,1.3215971007204352,0.1505396518297561,2.9673669921086137,,0.5,0.6666666666666666,False,missing or insufficient EMA data
88277e53-4b1d-4d72-b2cd-67139b0f8937,2026-06-02 15:00:00,7,1,,1.3215971007204352,0.1505396518297561,2.9673669921086137,,0.0,0.6666666666666666,False,missing or insufficient EMA data
88277e53-4b1d-4d72-b2cd-67139b0f8937,2026-06-02 18:00:00,8,1,,1.3215971007204352,0.1505396518297561,2.9673669921086137,,,0.6333333333333334,False,missing or insufficient EMA data
88277e53-4b1d-4d72-b2cd-67139b0f8937,2026-06-02 21:00:00,9,1,5.0,1.3215971007204352,0.1505396518297561,2.9673669921086137,,,0.6333333333333334,False,missing or insufficient EMA data
88277e53-4b1d-4d72-b2cd-67139b0f8937,2026-06-03 09:00:00,10,2,4.0,1.3215971007204352,0.1505396518297561,2.9673669921086137,1.0,1.0,0.6333333333333334,True,prompt sent
88277e53-4b1d-4d72-b2cd-67139b0f8937,2026-06-03 12:00:00,11,2,3.0,1.3215971007204352,0.1505396518297561,2.9673669921086137,1.0,1.0,0.6666666666666666,True,prompt sent
88277e53-4b1d-4d72-b2cd-67139b0f8937,2026-06-03 15:00:00,12,2,4.0,1.3215971007204352,0.1505396518297561,2.9673669921086137,1.0,1.0,0.8,True,prompt sent
88277e53-4b1d-4d72-b2cd-67139b0f8937,2026-06-03 18:00:00,13,2,3.0,1.3215971007204352,0.1505396518297561,2.9673669921086137,1.0,1.0,1.0,False,below within-person threshold
88277e53-4b1d-4d72-b2cd-67139b0f8937,2026-06-03 21:00:00,14,2,5.0,1.3215971007204352,0.1505396518297561,2.9673669921086137,4.0,2.0,1.0,True,prompt sent
88277e53-4b1d-4d72-b2cd-67139b0f8937,2026-06-04 09:00:00,15,3,,1.3215971007204352,0.1505396518297561,2.9673669921086137,,2.5,1.0,False,missing or insufficient EMA data
88277e53-4b1d-4d72-b2cd-67139b0f8937,2026-06-04 12:00:00,16,3,3.0,1.3215971007204352,0.1505396518297561,2.9673669921086137,,4.0,1.0,True,prompt sent
88277e53-4b1d-4d72-b2cd-67139b0f8937,2026-06-04 15:00:00,17,3,4.0,1.3215971007204352,0.1505396518297561,2.9673669921086137,1.0,1.0,1.4000000000000004,False,below within-person threshold
88277e53-4b1d-4d72-b2cd-67139b0f8937,2026-06-04 18:00:00,18,3,4.0,1.3215971007204352,0.1505396518297561,2.9673669921086137,0.0,0.5,1.200000000000001,False,below within-person threshold
88277e53-4b1d-4d72-b2cd-67139b0f8937,2026-06-04 21:00:00,19,3,,1.3215971007204352,0.1505396518297561,2.9673669921086137,,0.5,1.0,False,missing or insufficient EMA data
88277e53-4b1d-4d72-b2cd-67139b0f8937,2026-06-05 09:00:00,20,4,,1.3215971007204352,0.1505396518297561,2.9673669921086137,,0.0,1.0,False,missing or insufficient EMA data
88277e53-4b1d-4d72-b2cd-67139b0f8937,2026-06-05 12:00:00,21,4,,1.3215971007204352,0.1505396518297561,2.9673669921086137,,,1.0,False,missing or insufficient EMA data
88277e53-4b1d-4d72-b2cd-67139b0f8937,2026-06-05 15:00:00,22,4,5.0,1.3215971007204352,0.1505396518297561,2.9673669921086137,,,1.0,False,missing or insufficient EMA data
88277e53-4b1d-4d72-b2cd-67139b0f8937,2026-06-05 18:00:00,23,4,,1.3215971007204352,0.1505396518297561,2.9673669921086137,,,1.0,False,missing or insufficient EMA data
88277e53-4b1d-4d72-b2cd-67139b0f8937,2026-06-05 21:00:00,24,4,5.0,1.3215971007204352,0.1505396518297561,2.9673669921086137,,,1.0,False,missing or insufficient EMA data
88277e53-4b1d-4d72-b2cd-67139b0f8937,2026-06-06 09:00:00,25,5,4.0,1.3215971007204352,0.1505396518297561,2.9673669921086137,1.0,1.0,1.0,False,below within-person threshold
88277e53-4b1d-4d72-b2cd-67139b0f8937,2026-06-06 12:00:00,26,5,3.0,1.3215971007204352,0.1505396518297561,2.9673669921086137,1.0,1.0,1.0,False,below within-person threshold
88277e53-4b1d-4d72-b2cd-67139b0f8937,2026-06-06 15:00:00,27,5,3.0,1.3215971007204352,0.1505396518297561,2.9673669921086137,0.0,0.6666666666666666,1.0,False,below within-person threshold
88277e53-4b1d-4d72-b2cd-67139b0f8937,2026-06-06 18:00:00,28,5,3.0,1.3215971007204352,0.1505396518297561,2.9673669921086137,0.0,0.3333333333333333,1.0,False,below within-person threshold
88277e53-4b1d-4d72-b2cd-67139b0f8937,2026-06-06 21:00:00,29,5,3.0,1.3215971007204352,0.1505396518297561,2.9673669921086137,0.0,0.0,1.0,False,below within-person threshold
88277e53-4b1d-4d72-b2cd-67139b0f8937,2026-06-07 09:00:00,30,6,5.0,1.3215971007204352,0.1505396518297561,2.9673669921086137,4.0,1.3333333333333333,1.0,True,prompt sent
88277e53-4b1d-4d72-b2cd-67139b0f8937,2026-06-07 12:00:00,31,6,3.0,1.3215971007204352,0.1505396518297561,2.9673669921086137,4.0,2.6666666666666665,1.0,True,prompt sent
88277e53-4b1d-4d72-b2cd-67139b0f8937,2026-06-07 15:00:00,32,6,3.0,1.3215971007204352,0.1505396518297561,2.9673669921086137,0.0,2.6666666666666665,1.0666666666666675,True,prompt sent
88277e53-4b1d-4d72-b2cd-67139b0f8937,2026-06-07 18:00:00,33,6,4.0,1.3215971007204352,0.1505396518297561,2.9673669921086137,1.0,1.6666666666666667,1.3333333333333333,True,prompt sent
88277e53-4b1d-4d72-b2cd-67139b0f8937,2026-06-07 21:00:00,34,6,4.0,1.3215971007204352,0.1505396518297561,2.9673669921086137,0.0,0.3333333333333333,1.6000000000000003,False,below within-person threshold
888d1be4-9ca0-46cd-9ed6-55547180f34d,2026-06-01 09:00:00,0,0,2.0,0.6368987993001634,0.7305270528195786,0.2186180560006185,,,,False,missing or insufficient EMA data
888d1be4-9ca0-46cd-9ed6-55547180f34d,2026-06-01 12:00:00,1,0,4.0,0.6368987993001634,0.7305270528195786,0.2186180560006185,4.0,4.0,,False,insufficient within-person history
888d1be4-9ca0-46cd-9ed6-55547180f34d,2026-06-01 15:00:00,2,0,3.0,0.6368987993001634,0.7305270528195786,0.2186180560006185,1.0,2.5,,False,insufficient within-person history
888d1be4-9ca0-46cd-9ed6-55547180f34d,2026-06-01 18:00:00,3,0,3.0,0.6368987993001634,0.7305270528195786,0.2186180560006185,0.0,1.6666666666666667,,False,insufficient within-person history
888d1be4-9ca0-46cd-9ed6-55547180f34d,2026-06-01 21:00:00,4,0,3.0,0.6368987993001634,0.7305270528195786,0.2186180560006185,0.0,0.3333333333333333,3.4000000000000004,False,below within-person threshold
888d1be4-9ca0-46cd-9ed6-55547180f34d,2026-06-02 09:00:00,5,1,4.0,0.6368987993001634,0.7305270528195786,0.2186180560006185,1.0,0.3333333333333333,3.1000000000000005,False,below within-person threshold
888d1be4-9ca0-46cd-9ed6-55547180f34d,2026-06-02 12:00:00,6,1,,0.6368987993001634,0.7305270528195786,0.2186180560006185,,0.5,2.8000000000000003,False,missing or insufficient EMA data
888d1be4-9ca0-46cd-9ed6-55547180f34d,2026-06-02 15:00:00,7,1,,0.6368987993001634,0.7305270528195786,0.2186180560006185,,1.0,2.5,False,missing or insufficient EMA data
888d1be4-9ca0-46cd-9ed6-55547180f34d,2026-06-02 18:00:00,8,1,,0.6368987993001634,0.7305270528195786,0.2186180560006185,,,2.333333333333334,False,missing or insufficient EMA data
888d1be4-9ca0-46cd-9ed6-55547180f34d,2026-06-02 21:00:00,9,1,3.0,0.6368987993001634,0.7305270528195786,0.2186180560006185,,,2.333333333333334,False,missing or insufficient EMA data
888d1be4-9ca0-46cd-9ed6-55547180f34d,2026-06-03 09:00:00,10,2,3.0,0.6368987993001634,0.7305270528195786,0.2186180560006185,0.0,0.0,2.333333333333334,False,below within-person threshold
888d1be4-9ca0-46cd-9ed6-55547180f34d,2026-06-03 12:00:00,11,2,2.0,0.6368987993001634,0.7305270528195786,0.2186180560006185,1.0,0.5,2.166666666666667,False,below within-person threshold
888d1be4-9ca0-46cd-9ed6-55547180f34d,2026-06-03 15:00:00,12,2,3.0,0.6368987993001634,0.7305270528195786,0.2186180560006185,1.0,0.6666666666666666,2.0000000000000004,False,below within-person threshold
888d1be4-9ca0-46cd-9ed6-55547180f34d,2026-06-03 18:00:00,13,2,2.0,0.6368987993001634,0.7305270528195786,0.2186180560006185,1.0,1.0,1.8333333333333335,False,below within-person threshold
888d1be4-9ca0-46cd-9ed6-55547180f34d,2026-06-03 21:00:00,14,2,3.0,0.6368987993001634,0.7305270528195786,0.2186180560006185,1.0,1.0,1.6666666666666667,False,below within-person threshold
888d1be4-9ca0-46cd-9ed6-55547180f34d,2026-06-04 09:00:00,15,3,3.0,0.6368987993001634,0.7305270528195786,0.2186180560006185,0.0,0.6666666666666666,1.5333333333333339,False,below within-person threshold
888d1be4-9ca0-46cd-9ed6-55547180f34d,2026-06-04 12:00:00,16,3,3.0,0.6368987993001634,0.7305270528195786,0.2186180560006185,0.0,0.3333333333333333,1.400000000000001,False,below within-person threshold
888d1be4-9ca0-46cd-9ed6-55547180f34d,2026-06-04 15:00:00,17,3,4.0,0.6368987993001634,0.7305270528195786,0.2186180560006185,1.0,0.3333333333333333,1.266666666666667,False,below within-person threshold
888d1be4-9ca0-46cd-9ed6-55547180f34d,2026-06-04 18:00:00,18,3,4.0,0.6368987993001634,0.7305270528195786,0.2186180560006185,0.0,0.3333333333333333,1.133333333333334,False,below within-person threshold
888d1be4-9ca0-46cd-9ed6-55547180f34d,2026-06-04 21:00:00,19,3,3.0,0.6368987993001634,0.7305270528195786,0.2186180560006185,1.0,0.6666666666666666,1.0,False,below within-person threshold
888d1be4-9ca0-46cd-9ed6-55547180f34d,2026-06-05 09:00:00,20,4,3.0,0.6368987993001634,0.7305270528195786,0.2186180560006185,0.0,0.3333333333333333,1.0,False,below within-person threshold
888d1be4-9ca0-46cd-9ed6-55547180f34d,2026-06-05 12:00:00,21,4,4.0,0.6368987993001634,0.7305270528195786,0.2186180560006185,1.0,0.6666666666666666,1.0,False,below within-person threshold
888d1be4-9ca0-46cd-9ed6-55547180f34d,2026-06-05 15:00:00,22,4,3.0,0.6368987993001634,0.7305270528195786,0.2186180560006185,1.0,0.6666666666666666,1.0,False,below within-person threshold
888d1be4-9ca0-46cd-9ed6-55547180f34d,2026-06-05 18:00:00,23,4,4.0,0.6368987993001634,0.7305270528195786,0.2186180560006185,1.0,1.0,1.0,False,below within-person threshold
888d1be4-9ca0-46cd-9ed6-55547180f34d,2026-06-05 21:00:00,24,4,4.0,0.6368987993001634,0.7305270528195786,0.2186180560006185,0.0,0.6666666666666666,1.0,False,below within-person threshold
888d1be4-9ca0-46cd-9ed6-55547180f34d,2026-06-06 09:00:00,25,5,3.0,0.6368987993001634,0.7305270528195786,0.2186180560006185,1.0,0.6666666666666666,1.0,False,below within-person threshold
888d1be4-9ca0-46cd-9ed6-55547180f34d,2026-06-06 12:00:00,26,5,3.0,0.6368987993001634,0.7305270528195786,0.2186180560006185,0.0,0.3333333333333333,1.0,False,below within-person threshold
888d1be4-9ca0-46cd-9ed6-55547180f34d,2026-06-06 15:00:00,27,5,3.0,0.6368987993001634,0.7305270528195786,0.2186180560006185,0.0,0.3333333333333333,1.0,False,below within-person threshold
888d1be4-9ca0-46cd-9ed6-55547180f34d,2026-06-06 18:00:00,28,5,,0.6368987993001634,0.7305270528195786,0.2186180560006185,,0.0,1.0,False,missing or insufficient EMA data
888d1be4-9ca0-46cd-9ed6-55547180f34d,2026-06-06 21:00:00,29,5,2.0,0.6368987993001634,0.7305270528195786,0.2186180560006185,,0.0,1.0,False,below within-person threshold
888d1be4-9ca0-46cd-9ed6-55547180f34d,2026-06-07 09:00:00,30,6,3.0,0.6368987993001634,0.7305270528195786,0.2186180560006185,1.0,1.0,1.0,False,below within-person threshold
888d1be4-9ca0-46cd-9ed6-55547180f34d,2026-06-07 12:00:00,31,6,3.0,0.6368987993001634,0.7305270528195786,0.2186180560006185,0.0,0.5,1.0,False,below within-person threshold
888d1be4-9ca0-46cd-9ed6-55547180f34d,2026-06-07 15:00:00,32,6,4.0,0.6368987993001634,0.7305270528195786,0.2186180560006185,1.0,0.6666666666666666,1.0,False,below within-person threshold
888d1be4-9ca0-46cd-9ed6-55547180f34d,2026-06-07 18:00:00,33,6,4.0,0.6368987993001634,0.7305270528195786,0.2186180560006185,0.0,0.3333333333333333,1.0,False,below within-person threshold
888d1be4-9ca0-46cd-9ed6-55547180f34d,2026-06-07 21:00:00,34,6,3.0,0.6368987993001634,0.7305270528195786,0.2186180560006185,1.0,0.6666666666666666,1.0,False,below within-person threshold
8a0b95f5-deb3-4f60-aed2-5aef7e759817,2026-06-01 09:00:00,0,0,1.0,1.3096906146956975,0.625053252951106,1.2862844412100805,,,,False,missing or insufficient EMA data
8a0b95f5-deb3-4f60-aed2-5aef7e759817,2026-06-01 12:00:00,1,0,3.0,1.3096906146956975,0.625053252951106,1.2862844412100805,4.0,4.0,,False,insufficient within-person history
8a0b95f5-deb3-4f60-aed2-5aef7e759817,2026-06-01 15:00:00,2,0,3.0,1.3096906146956975,0.625053252951106,1.2862844412100805,0.0,2.0,,False,insufficient within-person history
8a0b95f5-deb3-4f60-aed2-5aef7e759817,2026-06-01 18:00:00,3,0,3.0,1.3096906146956975,0.625053252951106,1.2862844412100805,0.0,1.3333333333333333,,False,insufficient within-person history
8a0b95f5-deb3-4f60-aed2-5aef7e759817,2026-06-01 21:00:00,4,0,3.0,1.3096906146956975,0.625053252951106,1.2862844412100805,0.0,0.0,3.2,False,below within-person threshold
8a0b95f5-deb3-4f60-aed2-5aef7e759817,2026-06-02 09:00:00,5,1,3.0,1.3096906146956975,0.625053252951106,1.2862844412100805,0.0,0.0,2.8000000000000007,False,below within-person threshold
8a0b95f5-deb3-4f60-aed2-5aef7e759817,2026-06-02 12:00:00,6,1,3.0,1.3096906146956975,0.625053252951106,1.2862844412100805,0.0,0.0,2.4000000000000004,False,below within-person threshold
8a0b95f5-deb3-4f60-aed2-5aef7e759817,2026-06-02 15:00:00,7,1,3.0,1.3096906146956975,0.625053252951106,1.2862844412100805,0.0,0.0,2.0,False,below within-person threshold
8a0b95f5-deb3-4f60-aed2-5aef7e759817,2026-06-02 18:00:00,8,1,2.0,1.3096906146956975,0.625053252951106,1.2862844412100805,1.0,0.3333333333333333,1.8666666666666671,False,below within-person threshold
8a0b95f5-deb3-4f60-aed2-5aef7e759817,2026-06-02 21:00:00,9,1,3.0,1.3096906146956975,0.625053252951106,1.2862844412100805,1.0,0.6666666666666666,1.7333333333333336,False,below within-person threshold
8a0b95f5-deb3-4f60-aed2-5aef7e759817,2026-06-03 09:00:00,10,2,2.0,1.3096906146956975,0.625053252951106,1.2862844412100805,1.0,1.0,1.6,False,below within-person threshold
8a0b95f5-deb3-4f60-aed2-5aef7e759817,2026-06-03 12:00:00,11,2,1.0,1.3096906146956975,0.625053252951106,1.2862844412100805,1.0,1.0,1.4666666666666668,False,below within-person threshold
8a0b95f5-deb3-4f60-aed2-5aef7e759817,2026-06-03 15:00:00,12,2,2.0,1.3096906146956975,0.625053252951106,1.2862844412100805,1.0,1.0,1.3333333333333333,False,below within-person threshold
8a0b95f5-deb3-4f60-aed2-5aef7e759817,2026-06-03 18:00:00,13,2,3.0,1.3096906146956975,0.625053252951106,1.2862844412100805,1.0,1.0,1.2666666666666668,False,below within-person threshold
8a0b95f5-deb3-4f60-aed2-5aef7e759817,2026-06-03 21:00:00,14,2,,1.3096906146956975,0.625053252951106,1.2862844412100805,,1.0,1.2000000000000004,False,missing or insufficient EMA data
8a0b95f5-deb3-4f60-aed2-5aef7e759817,2026-06-04 09:00:00,15,3,,1.3096906146956975,0.625053252951106,1.2862844412100805,,1.0,1.1333333333333333,False,missing or insufficient EMA data
8a0b95f5-deb3-4f60-aed2-5aef7e759817,2026-06-04 12:00:00,16,3,,1.3096906146956975,0.625053252951106,1.2862844412100805,,,1.066666666666667,False,missing or insufficient EMA data
8a0b95f5-deb3-4f60-aed2-5aef7e759817,2026-06-04 15:00:00,17,3,5.0,1.3096906146956975,0.625053252951106,1.2862844412100805,,,1.066666666666667,False,missing or insufficient EMA data
8a0b95f5-deb3-4f60-aed2-5aef7e759817,2026-06-04 18:00:00,18,3,4.0,1.3096906146956975,0.625053252951106,1.2862844412100805,1.0,1.0,1.066666666666667,False,below within-person threshold
8a0b95f5-deb3-4f60-aed2-5aef7e759817,2026-06-04 21:00:00,19,3,4.0,1.3096906146956975,0.625053252951106,1.2862844412100805,0.0,0.5,1.0,False,below within-person threshold
8a0b95f5-deb3-4f60-aed2-5aef7e759817,2026-06-05 09:00:00,20,4,,1.3096906146956975,0.625053252951106,1.2862844412100805,,0.5,1.0,False,missing or insufficient EMA data
8a0b95f5-deb3-4f60-aed2-5aef7e759817,2026-06-05 12:00:00,21,4,,1.3096906146956975,0.625053252951106,1.2862844412100805,,0.0,1.0,False,missing or insufficient EMA data
8a0b95f5-deb3-4f60-aed2-5aef7e759817,2026-06-05 15:00:00,22,4,,1.3096906146956975,0.625053252951106,1.2862844412100805,,,1.0,False,missing or insufficient EMA data
8a0b95f5-deb3-4f60-aed2-5aef7e759817,2026-06-05 18:00:00,23,4,4.0,1.3096906146956975,0.625053252951106,1.2862844412100805,,,1.0,False,missing or insufficient EMA data
8a0b95f5-deb3-4f60-aed2-5aef7e759817,2026-06-05 21:00:00,24,4,,1.3096906146956975,0.625053252951106,1.2862844412100805,,,1.0,False,missing or insufficient EMA data
8a0b95f5-deb3-4f60-aed2-5aef7e759817,2026-06-06 09:00:00,25,5,,1.3096906146956975,0.625053252951106,1.2862844412100805,,,1.0,False,missing or insufficient EMA data
8a0b95f5-deb3-4f60-aed2-5aef7e759817,2026-06-06 12:00:00,26,5,4.0,1.3096906146956975,0.625053252951106,1.2862844412100805,,,1.0,False,missing or insufficient EMA data
8a0b95f5-deb3-4f60-aed2-5aef7e759817,2026-06-06 15:00:00,27,5,4.0,1.3096906146956975,0.625053252951106,1.2862844412100805,0.0,0.0,1.0,False,below within-person threshold
8a0b95f5-deb3-4f60-aed2-5aef7e759817,2026-06-06 18:00:00,28,5,4.0,1.3096906146956975,0.625053252951106,1.2862844412100805,0.0,0.0,1.0,False,below within-person threshold
8a0b95f5-deb3-4f60-aed2-5aef7e759817,2026-06-06 21:00:00,29,5,3.0,1.3096906146956975,0.625053252951106,1.2862844412100805,1.0,0.3333333333333333,1.0,False,below within-person threshold
8a0b95f5-deb3-4f60-aed2-5aef7e759817,2026-06-07 09:00:00,30,6,3.0,1.3096906146956975,0.625053252951106,1.2862844412100805,0.0,0.3333333333333333,1.0,False,below within-person threshold
8a0b95f5-deb3-4f60-aed2-5aef7e759817,2026-06-07 12:00:00,31,6,5.0,1.3096906146956975,0.625053252951106,1.2862844412100805,4.0,1.6666666666666667,1.0,True,prompt sent
8a0b95f5-deb3-4f60-aed2-5aef7e759817,2026-06-07 15:00:00,32,6,5.0,1.3096906146956975,0.625053252951106,1.2862844412100805,0.0,1.3333333333333333,1.0,True,prompt sent
8a0b95f5-deb3-4f60-aed2-5aef7e759817,2026-06-07 18:00:00,33,6,4.0,1.3096906146956975,0.625053252951106,1.2862844412100805,1.0,1.6666666666666667,1.0666666666666675,True,prompt sent
8a0b95f5-deb3-4f60-aed2-5aef7e759817,2026-06-07 21:00:00,34,6,3.0,1.3096906146956975,0.625053252951106,1.2862844412100805,1.0,0.6666666666666666,1.3333333333333333,False,below within-person threshold
8b1f440f-fb0d-460d-b778-08b1f1a4280f,2026-06-01 09:00:00,0,0,3.0,1.312984287582885,0.6590713970272597,1.1754725516661506,,,,False,missing or insufficient EMA data
8b1f440f-fb0d-460d-b778-08b1f1a4280f,2026-06-01 12:00:00,1,0,1.0,1.312984287582885,0.6590713970272597,1.1754725516661506,4.0,4.0,,False,insufficient within-person history
8b1f440f-fb0d-460d-b778-08b1f1a4280f,2026-06-01 15:00:00,2,0,4.0,1.312984287582885,0.6590713970272597,1.1754725516661506,9.0,6.5,,False,insufficient within-person history
8b1f440f-fb0d-460d-b778-08b1f1a4280f,2026-06-01 18:00:00,3,0,2.0,1.312984287582885,0.6590713970272597,1.1754725516661506,4.0,5.666666666666667,,False,insufficient within-person history
8b1f440f-fb0d-460d-b778-08b1f1a4280f,2026-06-01 21:00:00,4,0,3.0,1.312984287582885,0.6590713970272597,1.1754725516661506,1.0,4.666666666666667,6.166666666666667,False,below within-person threshold
8b1f440f-fb0d-460d-b778-08b1f1a4280f,2026-06-02 09:00:00,5,1,2.0,1.312984287582885,0.6590713970272597,1.1754725516661506,1.0,2.0,6.000000000000001,False,below within-person threshold
8b1f440f-fb0d-460d-b778-08b1f1a4280f,2026-06-02 12:00:00,6,1,4.0,1.312984287582885,0.6590713970272597,1.1754725516661506,4.0,2.0,5.833333333333334,False,below within-person threshold
8b1f440f-fb0d-460d-b778-08b1f1a4280f,2026-06-02 15:00:00,7,1,4.0,1.312984287582885,0.6590713970272597,1.1754725516661506,0.0,1.6666666666666667,5.666666666666667,False,below within-person threshold
8b1f440f-fb0d-460d-b778-08b1f1a4280f,2026-06-02 18:00:00,8,1,2.0,1.312984287582885,0.6590713970272597,1.1754725516661506,4.0,2.6666666666666665,5.466666666666668,False,below within-person threshold
8b1f440f-fb0d-460d-b778-08b1f1a4280f,2026-06-02 21:00:00,9,1,2.0,1.312984287582885,0.6590713970272597,1.1754725516661506,0.0,1.3333333333333333,5.2666666666666675,False,below within-person threshold
8b1f440f-fb0d-460d-b778-08b1f1a4280f,2026-06-03 09:00:00,10,2,1.0,1.312984287582885,0.6590713970272597,1.1754725516661506,1.0,1.6666666666666667,5.066666666666667,False,below within-person threshold
8b1f440f-fb0d-460d-b778-08b1f1a4280f,2026-06-03 12:00:00,11,2,1.0,1.312984287582885,0.6590713970272597,1.1754725516661506,0.0,0.3333333333333333,4.866666666666667,False,below within-person threshold
8b1f440f-fb0d-460d-b778-08b1f1a4280f,2026-06-03 15:00:00,12,2,1.0,1.312984287582885,0.6590713970272597,1.1754725516661506,0.0,0.3333333333333333,4.666666666666667,False,below within-person threshold
8b1f440f-fb0d-460d-b778-08b1f1a4280f,2026-06-03 18:00:00,13,2,1.0,1.312984287582885,0.6590713970272597,1.1754725516661506,0.0,0.0,4.533333333333334,False,below within-person threshold
8b1f440f-fb0d-460d-b778-08b1f1a4280f,2026-06-03 21:00:00,14,2,2.0,1.312984287582885,0.6590713970272597,1.1754725516661506,1.0,0.3333333333333333,4.400000000000001,False,below within-person threshold
8b1f440f-fb0d-460d-b778-08b1f1a4280f,2026-06-04 09:00:00,15,3,1.0,1.312984287582885,0.6590713970272597,1.1754725516661506,1.0,0.6666666666666666,4.266666666666667,False,below within-person threshold
8b1f440f-fb0d-460d-b778-08b1f1a4280f,2026-06-04 12:00:00,16,3,1.0,1.312984287582885,0.6590713970272597,1.1754725516661506,0.0,0.6666666666666666,4.133333333333334,False,below within-person threshold
8b1f440f-fb0d-460d-b778-08b1f1a4280f,2026-06-04 15:00:00,17,3,2.0,1.312984287582885,0.6590713970272597,1.1754725516661506,1.0,0.6666666666666666,4.0,False,below within-person threshold
8b1f440f-fb0d-460d-b778-08b1f1a4280f,2026-06-04 18:00:00,18,3,3.0,1.312984287582885,0.6590713970272597,1.1754725516661506,1.0,0.6666666666666666,3.7333333333333343,False,below within-person threshold
8b1f440f-fb0d-460d-b778-08b1f1a4280f,2026-06-04 21:00:00,19,3,4.0,1.312984287582885,0.6590713970272597,1.1754725516661506,1.0,1.0,3.4666666666666686,False,below within-person threshold
8b1f440f-fb0d-460d-b778-08b1f1a4280f,2026-06-05 09:00:00,20,4,4.0,1.312984287582885,0.6590713970272597,1.1754725516661506,0.0,0.6666666666666666,3.2,False,below within-person threshold
8b1f440f-fb0d-460d-b778-08b1f1a4280f,2026-06-05 12:00:00,21,4,4.0,1.312984287582885,0.6590713970272597,1.1754725516661506,0.0,0.3333333333333333,2.9333333333333345,False,below within-person threshold
8b1f440f-fb0d-460d-b778-08b1f1a4280f,2026-06-05 15:00:00,22,4,3.0,1.312984287582885,0.6590713970272597,1.1754725516661506,1.0,0.3333333333333333,2.6666666666666665,False,below within-person threshold
8b1f440f-fb0d-460d-b778-08b1f1a4280f,2026-06-05 18:00:00,23,4,5.0,1.312984287582885,0.6590713970272597,1.1754725516661506,4.0,1.6666666666666667,2.5333333333333337,False,below within-person threshold
8b1f440f-fb0d-460d-b778-08b1f1a4280f,2026-06-05 21:00:00,24,4,1.0,1.312984287582885,0.6590713970272597,1.1754725516661506,16.0,7.0,2.400000000000001,True,prompt sent
8b1f440f-fb0d-460d-b778-08b1f1a4280f,2026-06-06 09:00:00,25,5,2.0,1.312984287582885,0.6590713970272597,1.1754725516661506,1.0,7.0,3.200000000000003,True,prompt sent
8b1f440f-fb0d-460d-b778-08b1f1a4280f,2026-06-06 12:00:00,26,5,1.0,1.312984287582885,0.6590713970272597,1.1754725516661506,1.0,6.0,4.1333333333333355,True,prompt sent
8b1f440f-fb0d-460d-b778-08b1f1a4280f,2026-06-06 15:00:00,27,5,2.0,1.312984287582885,0.6590713970272597,1.1754725516661506,1.0,1.0,4.666666666666667,False,below within-person threshold
8b1f440f-fb0d-460d-b778-08b1f1a4280f,2026-06-06 18:00:00,28,5,1.0,1.312984287582885,0.6590713970272597,1.1754725516661506,1.0,1.0,4.533333333333334,False,below within-person threshold
8b1f440f-fb0d-460d-b778-08b1f1a4280f,2026-06-06 21:00:00,29,5,2.0,1.312984287582885,0.6590713970272597,1.1754725516661506,1.0,1.0,4.400000000000001,False,below within-person threshold
8b1f440f-fb0d-460d-b778-08b1f1a4280f,2026-06-07 09:00:00,30,6,2.0,1.312984287582885,0.6590713970272597,1.1754725516661506,0.0,0.6666666666666666,4.266666666666668,False,below within-person threshold
8b1f440f-fb0d-460d-b778-08b1f1a4280f,2026-06-07 12:00:00,31,6,1.0,1.312984287582885,0.6590713970272597,1.1754725516661506,1.0,0.6666666666666666,4.1333333333333355,False,below within-person threshold
8b1f440f-fb0d-460d-b778-08b1f1a4280f,2026-06-07 15:00:00,32,6,2.0,1.312984287582885,0.6590713970272597,1.1754725516661506,1.0,0.6666666666666666,4.0,False,below within-person threshold
8b1f440f-fb0d-460d-b778-08b1f1a4280f,2026-06-07 18:00:00,33,6,3.0,1.312984287582885,0.6590713970272597,1.1754725516661506,1.0,1.0,3.7333333333333343,False,below within-person threshold
8b1f440f-fb0d-460d-b778-08b1f1a4280f,2026-06-07 21:00:00,34,6,2.0,1.312984287582885,0.6590713970272597,1.1754725516661506,1.0,1.0,3.4666666666666686,False,below within-person threshold
8ee2cf43-3cab-4c85-a816-649fc784e9e9,2026-06-01 09:00:00,0,0,1.0,1.0118607122036787,0.37436514837493096,1.2811276271638774,,,,False,missing or insufficient EMA data
8ee2cf43-3cab-4c85-a816-649fc784e9e9,2026-06-01 12:00:00,1,0,2.0,1.0118607122036787,0.37436514837493096,1.2811276271638774,1.0,1.0,,False,insufficient within-person history
8ee2cf43-3cab-4c85-a816-649fc784e9e9,2026-06-01 15:00:00,2,0,3.0,1.0118607122036787,0.37436514837493096,1.2811276271638774,1.0,1.0,,False,insufficient within-person history
8ee2cf43-3cab-4c85-a816-649fc784e9e9,2026-06-01 18:00:00,3,0,2.0,1.0118607122036787,0.37436514837493096,1.2811276271638774,1.0,1.0,,False,insufficient within-person history
8ee2cf43-3cab-4c85-a816-649fc784e9e9,2026-06-01 21:00:00,4,0,1.0,1.0118607122036787,0.37436514837493096,1.2811276271638774,1.0,1.0,1.0,False,below within-person threshold
8ee2cf43-3cab-4c85-a816-649fc784e9e9,2026-06-02 09:00:00,5,1,2.0,1.0118607122036787,0.37436514837493096,1.2811276271638774,1.0,1.0,1.0,False,below within-person threshold
8ee2cf43-3cab-4c85-a816-649fc784e9e9,2026-06-02 12:00:00,6,1,1.0,1.0118607122036787,0.37436514837493096,1.2811276271638774,1.0,1.0,1.0,False,below within-person threshold
8ee2cf43-3cab-4c85-a816-649fc784e9e9,2026-06-02 15:00:00,7,1,2.0,1.0118607122036787,0.37436514837493096,1.2811276271638774,1.0,1.0,1.0,False,below within-person threshold
8ee2cf43-3cab-4c85-a816-649fc784e9e9,2026-06-02 18:00:00,8,1,2.0,1.0118607122036787,0.37436514837493096,1.2811276271638774,0.0,0.6666666666666666,1.0,False,below within-person threshold
8ee2cf43-3cab-4c85-a816-649fc784e9e9,2026-06-02 21:00:00,9,1,5.0,1.0118607122036787,0.37436514837493096,1.2811276271638774,9.0,3.3333333333333335,1.0,True,prompt sent
8ee2cf43-3cab-4c85-a816-649fc784e9e9,2026-06-03 09:00:00,10,2,5.0,1.0118607122036787,0.37436514837493096,1.2811276271638774,0.0,3.0,1.0,True,prompt sent
8ee2cf43-3cab-4c85-a816-649fc784e9e9,2026-06-03 12:00:00,11,2,4.0,1.0118607122036787,0.37436514837493096,1.2811276271638774,1.0,3.3333333333333335,1.4000000000000004,True,prompt sent
8ee2cf43-3cab-4c85-a816-649fc784e9e9,2026-06-03 15:00:00,12,2,4.0,1.0118607122036787,0.37436514837493096,1.2811276271638774,0.0,0.3333333333333333,3.0,False,below within-person threshold
8ee2cf43-3cab-4c85-a816-649fc784e9e9,2026-06-03 18:00:00,13,2,3.0,1.0118607122036787,0.37436514837493096,1.2811276271638774,1.0,0.6666666666666666,2.6000000000000014,False,below within-person threshold
8ee2cf43-3cab-4c85-a816-649fc784e9e9,2026-06-03 21:00:00,14,2,3.0,1.0118607122036787,0.37436514837493096,1.2811276271638774,0.0,0.3333333333333333,2.200000000000003,False,below within-person threshold
8ee2cf43-3cab-4c85-a816-649fc784e9e9,2026-06-04 09:00:00,15,3,2.0,1.0118607122036787,0.37436514837493096,1.2811276271638774,1.0,0.6666666666666666,1.8000000000000007,False,below within-person threshold
8ee2cf43-3cab-4c85-a816-649fc784e9e9,2026-06-04 12:00:00,16,3,3.0,1.0118607122036787,0.37436514837493096,1.2811276271638774,1.0,0.6666666666666666,1.4000000000000021,False,below within-person threshold
8ee2cf43-3cab-4c85-a816-649fc784e9e9,2026-06-04 15:00:00,17,3,4.0,1.0118607122036787,0.37436514837493096,1.2811276271638774,1.0,1.0,1.0,False,below within-person threshold
8ee2cf43-3cab-4c85-a816-649fc784e9e9,2026-06-04 18:00:00,18,3,3.0,1.0118607122036787,0.37436514837493096,1.2811276271638774,1.0,1.0,1.0,False,below within-person threshold
8ee2cf43-3cab-4c85-a816-649fc784e9e9,2026-06-04 21:00:00,19,3,3.0,1.0118607122036787,0.37436514837493096,1.2811276271638774,0.0,0.6666666666666666,1.0,False,below within-person threshold
8ee2cf43-3cab-4c85-a816-649fc784e9e9,2026-06-05 09:00:00,20,4,3.0,1.0118607122036787,0.37436514837493096,1.2811276271638774,0.0,0.3333333333333333,1.0,False,below within-person threshold
8ee2cf43-3cab-4c85-a816-649fc784e9e9,2026-06-05 12:00:00,21,4,4.0,1.0118607122036787,0.37436514837493096,1.2811276271638774,1.0,0.3333333333333333,1.0,False,below within-person threshold
8ee2cf43-3cab-4c85-a816-649fc784e9e9,2026-06-05 15:00:00,22,4,5.0,1.0118607122036787,0.37436514837493096,1.2811276271638774,1.0,0.6666666666666666,1.0,False,below within-person threshold
8ee2cf43-3cab-4c85-a816-649fc784e9e9,2026-06-05 18:00:00,23,4,5.0,1.0118607122036787,0.37436514837493096,1.2811276271638774,0.0,0.6666666666666666,1.0,False,below within-person threshold
8ee2cf43-3cab-4c85-a816-649fc784e9e9,2026-06-05 21:00:00,24,4,4.0,1.0118607122036787,0.37436514837493096,1.2811276271638774,1.0,0.6666666666666666,1.0,False,below within-person threshold
8ee2cf43-3cab-4c85-a816-649fc784e9e9,2026-06-06 09:00:00,25,5,4.0,1.0118607122036787,0.37436514837493096,1.2811276271638774,0.0,0.3333333333333333,1.0,False,below within-person threshold
8ee2cf43-3cab-4c85-a816-649fc784e9e9,2026-06-06 12:00:00,26,5,4.0,1.0118607122036787,0.37436514837493096,1.2811276271638774,0.0,0.3333333333333333,1.0,False,below within-person threshold
8ee2cf43-3cab-4c85-a816-649fc784e9e9,2026-06-06 15:00:00,27,5,3.0,1.0118607122036787,0.37436514837493096,1.2811276271638774,1.0,0.3333333333333333,1.0,False,below within-person threshold
8ee2cf43-3cab-4c85-a816-649fc784e9e9,2026-06-06 18:00:00,28,5,4.0,1.0118607122036787,0.37436514837493096,1.2811276271638774,1.0,0.6666666666666666,1.0,False,below within-person threshold
8ee2cf43-3cab-4c85-a816-649fc784e9e9,2026-06-06 21:00:00,29,5,3.0,1.0118607122036787,0.37436514837493096,1.2811276271638774,1.0,1.0,1.0,False,below within-person threshold
8ee2cf43-3cab-4c85-a816-649fc784e9e9,2026-06-07 09:00:00,30,6,4.0,1.0118607122036787,0.37436514837493096,1.2811276271638774,1.0,1.0,1.0,False,below within-person threshold
8ee2cf43-3cab-4c85-a816-649fc784e9e9,2026-06-07 12:00:00,31,6,3.0,1.0118607122036787,0.37436514837493096,1.2811276271638774,1.0,1.0,1.0,False,below within-person threshold
8ee2cf43-3cab-4c85-a816-649fc784e9e9,2026-06-07 15:00:00,32,6,3.0,1.0118607122036787,0.37436514837493096,1.2811276271638774,0.0,0.6666666666666666,1.0,False,below within-person threshold
8ee2cf43-3cab-4c85-a816-649fc784e9e9,2026-06-07 18:00:00,33,6,2.0,1.0118607122036787,0.37436514837493096,1.2811276271638774,1.0,0.6666666666666666,1.0,False,below within-person threshold
8ee2cf43-3cab-4c85-a816-649fc784e9e9,2026-06-07 21:00:00,34,6,4.0,1.0118607122036787,0.37436514837493096,1.2811276271638774,4.0,1.6666666666666667,1.0,True,prompt sent
8f1d32b4-0fba-4e2e-803c-a083c4e4a23e,2026-06-01 09:00:00,0,0,4.0,1.0158648323614647,0.3022042691838425,1.4402243712704594,,,,False,missing or insufficient EMA data
8f1d32b4-0fba-4e2e-803c-a083c4e4a23e,2026-06-01 12:00:00,1,0,3.0,1.0158648323614647,0.3022042691838425,1.4402243712704594,1.0,1.0,,False,insufficient within-person history
8f1d32b4-0fba-4e2e-803c-a083c4e4a23e,2026-06-01 15:00:00,2,0,4.0,1.0158648323614647,0.3022042691838425,1.4402243712704594,1.0,1.0,,False,insufficient within-person history
8f1d32b4-0fba-4e2e-803c-a083c4e4a23e,2026-06-01 18:00:00,3,0,5.0,1.0158648323614647,0.3022042691838425,1.4402243712704594,1.0,1.0,,False,insufficient within-person history
8f1d32b4-0fba-4e2e-803c-a083c4e4a23e,2026-06-01 21:00:00,4,0,5.0,1.0158648323614647,0.3022042691838425,1.4402243712704594,0.0,0.6666666666666666,1.0,False,below within-person threshold
8f1d32b4-0fba-4e2e-803c-a083c4e4a23e,2026-06-02 09:00:00,5,1,5.0,1.0158648323614647,0.3022042691838425,1.4402243712704594,0.0,0.3333333333333333,1.0,False,below within-person threshold
8f1d32b4-0fba-4e2e-803c-a083c4e4a23e,2026-06-02 12:00:00,6,1,5.0,1.0158648323614647,0.3022042691838425,1.4402243712704594,0.0,0.0,1.0,False,below within-person threshold
8f1d32b4-0fba-4e2e-803c-a083c4e4a23e,2026-06-02 15:00:00,7,1,5.0,1.0158648323614647,0.3022042691838425,1.4402243712704594,0.0,0.0,1.0,False,below within-person threshold
8f1d32b4-0fba-4e2e-803c-a083c4e4a23e,2026-06-02 18:00:00,8,1,,1.0158648323614647,0.3022042691838425,1.4402243712704594,,0.0,1.0,False,missing or insufficient EMA data
8f1d32b4-0fba-4e2e-803c-a083c4e4a23e,2026-06-02 21:00:00,9,1,,1.0158648323614647,0.3022042691838425,1.4402243712704594,,0.0,1.0,False,missing or insufficient EMA data
8f1d32b4-0fba-4e2e-803c-a083c4e4a23e,2026-06-03 09:00:00,10,2,,1.0158648323614647,0.3022042691838425,1.4402243712704594,,,1.0,False,missing or insufficient EMA data
8f1d32b4-0fba-4e2e-803c-a083c4e4a23e,2026-06-03 12:00:00,11,2,,1.0158648323614647,0.3022042691838425,1.4402243712704594,,,1.0,False,missing or insufficient EMA data
8f1d32b4-0fba-4e2e-803c-a083c4e4a23e,2026-06-03 15:00:00,12,2,,1.0158648323614647,0.3022042691838425,1.4402243712704594,,,1.0,False,missing or insufficient EMA data
8f1d32b4-0fba-4e2e-803c-a083c4e4a23e,2026-06-03 18:00:00,13,2,3.0,1.0158648323614647,0.3022042691838425,1.4402243712704594,,,1.0,False,missing or insufficient EMA data
8f1d32b4-0fba-4e2e-803c-a083c4e4a23e,2026-06-03 21:00:00,14,2,3.0,1.0158648323614647,0.3022042691838425,1.4402243712704594,0.0,0.0,1.0,False,below within-person threshold
8f1d32b4-0fba-4e2e-803c-a083c4e4a23e,2026-06-04 09:00:00,15,3,4.0,1.0158648323614647,0.3022042691838425,1.4402243712704594,1.0,0.5,1.0,False,below within-person threshold
8f1d32b4-0fba-4e2e-803c-a083c4e4a23e,2026-06-04 12:00:00,16,3,2.0,1.0158648323614647,0.3022042691838425,1.4402243712704594,4.0,1.6666666666666667,1.0,True,prompt sent
8f1d32b4-0fba-4e2e-803c-a083c4e4a23e,2026-06-04 15:00:00,17,3,2.0,1.0158648323614647,0.3022042691838425,1.4402243712704594,0.0,1.6666666666666667,1.0,True,prompt sent
8f1d32b4-0fba-4e2e-803c-a083c4e4a23e,2026-06-04 18:00:00,18,3,2.0,1.0158648323614647,0.3022042691838425,1.4402243712704594,0.0,1.3333333333333333,1.0,True,prompt sent
8f1d32b4-0fba-4e2e-803c-a083c4e4a23e,2026-06-04 21:00:00,19,3,,1.0158648323614647,0.3022042691838425,1.4402243712704594,,0.0,1.1333333333333333,False,missing or insufficient EMA data
8f1d32b4-0fba-4e2e-803c-a083c4e4a23e,2026-06-05 09:00:00,20,4,3.0,1.0158648323614647,0.3022042691838425,1.4402243712704594,,0.0,1.066666666666667,False,below within-person threshold
8f1d32b4-0fba-4e2e-803c-a083c4e4a23e,2026-06-05 12:00:00,21,4,,1.0158648323614647,0.3022042691838425,1.4402243712704594,,,1.0,False,missing or insufficient EMA data
8f1d32b4-0fba-4e2e-803c-a083c4e4a23e,2026-06-05 15:00:00,22,4,,1.0158648323614647,0.3022042691838425,1.4402243712704594,,,1.0,False,missing or insufficient EMA data
8f1d32b4-0fba-4e2e-803c-a083c4e4a23e,2026-06-05 18:00:00,23,4,,1.0158648323614647,0.3022042691838425,1.4402243712704594,,,1.0,False,missing or insufficient EMA data
8f1d32b4-0fba-4e2e-803c-a083c4e4a23e,2026-06-05 21:00:00,24,4,,1.0158648323614647,0.3022042691838425,1.4402243712704594,,,1.0,False,missing or insufficient EMA data
8f1d32b4-0fba-4e2e-803c-a083c4e4a23e,2026-06-06 09:00:00,25,5,4.0,1.0158648323614647,0.3022042691838425,1.4402243712704594,,,1.0,False,missing or insufficient EMA data
8f1d32b4-0fba-4e2e-803c-a083c4e4a23e,2026-06-06 12:00:00,26,5,4.0,1.0158648323614647,0.3022042691838425,1.4402243712704594,0.0,0.0,1.0,False,below within-person threshold
8f1d32b4-0fba-4e2e-803c-a083c4e4a23e,2026-06-06 15:00:00,27,5,4.0,1.0158648323614647,0.3022042691838425,1.4402243712704594,0.0,0.0,1.0,False,below within-person threshold
8f1d32b4-0fba-4e2e-803c-a083c4e4a23e,2026-06-06 18:00:00,28,5,3.0,1.0158648323614647,0.3022042691838425,1.4402243712704594,1.0,0.3333333333333333,1.0,False,below within-person threshold
8f1d32b4-0fba-4e2e-803c-a083c4e4a23e,2026-06-06 21:00:00,29,5,4.0,1.0158648323614647,0.3022042691838425,1.4402243712704594,1.0,0.6666666666666666,1.0,False,below within-person threshold
8f1d32b4-0fba-4e2e-803c-a083c4e4a23e,2026-06-07 09:00:00,30,6,4.0,1.0158648323614647,0.3022042691838425,1.4402243712704594,0.0,0.6666666666666666,1.0,False,below within-person threshold
8f1d32b4-0fba-4e2e-803c-a083c4e4a23e,2026-06-07 12:00:00,31,6,4.0,1.0158648323614647,0.3022042691838425,1.4402243712704594,0.0,0.3333333333333333,1.0,False,below within-person threshold
8f1d32b4-0fba-4e2e-803c-a083c4e4a23e,2026-06-07 15:00:00,32,6,4.0,1.0158648323614647,0.3022042691838425,1.4402243712704594,0.0,0.0,1.0,False,below within-person threshold
8f1d32b4-0fba-4e2e-803c-a083c4e4a23e,2026-06-07 18:00:00,33,6,3.0,1.0158648323614647,0.3022042691838425,1.4402243712704594,1.0,0.3333333333333333,1.0,False,below within-person threshold
8f1d32b4-0fba-4e2e-803c-a083c4e4a23e,2026-06-07 21:00:00,34,6,3.0,1.0158648323614647,0.3022042691838425,1.4402243712704594,0.0,0.3333333333333333,1.0,False,below within-person threshold
96961905-3e93-416c-9106-b3b69c1e5b66,2026-06-01 09:00:00,0,0,3.0,1.2912794018386022,0.18186064617307496,2.7283351973873278,,,,False,missing or insufficient EMA data
96961905-3e93-416c-9106-b3b69c1e5b66,2026-06-01 12:00:00,1,0,2.0,1.2912794018386022,0.18186064617307496,2.7283351973873278,1.0,1.0,,False,insufficient within-person history
96961905-3e93-416c-9106-b3b69c1e5b66,2026-06-01 15:00:00,2,0,2.0,1.2912794018386022,0.18186064617307496,2.7283351973873278,0.0,0.5,,False,insufficient within-person history
96961905-3e93-416c-9106-b3b69c1e5b66,2026-06-01 18:00:00,3,0,3.0,1.2912794018386022,0.18186064617307496,2.7283351973873278,1.0,0.6666666666666666,,False,insufficient within-person history
96961905-3e93-416c-9106-b3b69c1e5b66,2026-06-01 21:00:00,4,0,2.0,1.2912794018386022,0.18186064617307496,2.7283351973873278,1.0,0.6666666666666666,0.8666666666666667,False,below within-person threshold
96961905-3e93-416c-9106-b3b69c1e5b66,2026-06-02 09:00:00,5,1,,1.2912794018386022,0.18186064617307496,2.7283351973873278,,1.0,0.8,False,missing or insufficient EMA data
96961905-3e93-416c-9106-b3b69c1e5b66,2026-06-02 12:00:00,6,1,4.0,1.2912794018386022,0.18186064617307496,2.7283351973873278,,1.0,1.0,False,below within-person threshold
96961905-3e93-416c-9106-b3b69c1e5b66,2026-06-02 15:00:00,7,1,5.0,1.2912794018386022,0.18186064617307496,2.7283351973873278,1.0,1.0,1.0,False,below within-person threshold
96961905-3e93-416c-9106-b3b69c1e5b66,2026-06-02 18:00:00,8,1,4.0,1.2912794018386022,0.18186064617307496,2.7283351973873278,1.0,1.0,1.0,False,below within-person threshold
96961905-3e93-416c-9106-b3b69c1e5b66,2026-06-02 21:00:00,9,1,5.0,1.2912794018386022,0.18186064617307496,2.7283351973873278,1.0,1.0,1.0,False,below within-person threshold
96961905-3e93-416c-9106-b3b69c1e5b66,2026-06-03 09:00:00,10,2,4.0,1.2912794018386022,0.18186064617307496,2.7283351973873278,1.0,1.0,1.0,False,below within-person threshold
96961905-3e93-416c-9106-b3b69c1e5b66,2026-06-03 12:00:00,11,2,,1.2912794018386022,0.18186064617307496,2.7283351973873278,,1.0,1.0,False,missing or insufficient EMA data
96961905-3e93-416c-9106-b3b69c1e5b66,2026-06-03 15:00:00,12,2,5.0,1.2912794018386022,0.18186064617307496,2.7283351973873278,,1.0,1.0,False,below within-person threshold
96961905-3e93-416c-9106-b3b69c1e5b66,2026-06-03 18:00:00,13,2,3.0,1.2912794018386022,0.18186064617307496,2.7283351973873278,4.0,4.0,1.0,True,prompt sent
96961905-3e93-416c-9106-b3b69c1e5b66,2026-06-03 21:00:00,14,2,2.0,1.2912794018386022,0.18186064617307496,2.7283351973873278,1.0,2.5,1.0,True,prompt sent
96961905-3e93-416c-9106-b3b69c1e5b66,2026-06-04 09:00:00,15,3,4.0,1.2912794018386022,0.18186064617307496,2.7283351973873278,4.0,3.0,1.0,True,prompt sent
96961905-3e93-416c-9106-b3b69c1e5b66,2026-06-04 12:00:00,16,3,2.0,1.2912794018386022,0.18186064617307496,2.7283351973873278,4.0,3.0,1.3000000000000016,True,prompt sent
96961905-3e93-416c-9106-b3b69c1e5b66,2026-06-04 15:00:00,17,3,2.0,1.2912794018386022,0.18186064617307496,2.7283351973873278,0.0,2.6666666666666665,2.5,True,prompt sent
96961905-3e93-416c-9106-b3b69c1e5b66,2026-06-04 18:00:00,18,3,5.0,1.2912794018386022,0.18186064617307496,2.7283351973873278,9.0,4.333333333333333,2.6333333333333333,True,prompt sent
96961905-3e93-416c-9106-b3b69c1e5b66,2026-06-04 21:00:00,19,3,4.0,1.2912794018386022,0.18186064617307496,2.7283351973873278,1.0,3.3333333333333335,2.866666666666667,False,daily cap reached
96961905-3e93-416c-9106-b3b69c1e5b66,2026-06-05 09:00:00,20,4,,1.2912794018386022,0.18186064617307496,2.7283351973873278,,5.0,3.0,False,missing or insufficient EMA data
96961905-3e93-416c-9106-b3b69c1e5b66,2026-06-05 12:00:00,21,4,,1.2912794018386022,0.18186064617307496,2.7283351973873278,,1.0,3.066666666666667,False,missing or insufficient EMA data
96961905-3e93-416c-9106-b3b69c1e5b66,2026-06-05 15:00:00,22,4,,1.2912794018386022,0.18186064617307496,2.7283351973873278,,,3.0,False,missing or insufficient EMA data
96961905-3e93-416c-9106-b3b69c1e5b66,2026-06-05 18:00:00,23,4,4.0,1.2912794018386022,0.18186064617307496,2.7283351973873278,,,3.0,False,missing or insufficient EMA data
96961905-3e93-416c-9106-b3b69c1e5b66,2026-06-05 21:00:00,24,4,4.0,1.2912794018386022,0.18186064617307496,2.7283351973873278,0.0,0.0,3.0,False,below within-person threshold
96961905-3e93-416c-9106-b3b69c1e5b66,2026-06-06 09:00:00,25,5,5.0,1.2912794018386022,0.18186064617307496,2.7283351973873278,1.0,0.5,3.0,False,below within-person threshold
96961905-3e93-416c-9106-b3b69c1e5b66,2026-06-06 12:00:00,26,5,,1.2912794018386022,0.18186064617307496,2.7283351973873278,,0.5,3.0,False,missing or insufficient EMA data
96961905-3e93-416c-9106-b3b69c1e5b66,2026-06-06 15:00:00,27,5,3.0,1.2912794018386022,0.18186064617307496,2.7283351973873278,,1.0,3.0,False,below within-person threshold
96961905-3e93-416c-9106-b3b69c1e5b66,2026-06-06 18:00:00,28,5,5.0,1.2912794018386022,0.18186064617307496,2.7283351973873278,4.0,4.0,3.0,True,prompt sent
96961905-3e93-416c-9106-b3b69c1e5b66,2026-06-06 21:00:00,29,5,4.0,1.2912794018386022,0.18186064617307496,2.7283351973873278,1.0,2.5,3.0,False,below within-person threshold
96961905-3e93-416c-9106-b3b69c1e5b66,2026-06-07 09:00:00,30,6,4.0,1.2912794018386022,0.18186064617307496,2.7283351973873278,0.0,1.6666666666666667,3.0,False,below within-person threshold
96961905-3e93-416c-9106-b3b69c1e5b66,2026-06-07 12:00:00,31,6,1.0,1.2912794018386022,0.18186064617307496,2.7283351973873278,9.0,3.3333333333333335,3.0,True,prompt sent
96961905-3e93-416c-9106-b3b69c1e5b66,2026-06-07 15:00:00,32,6,4.0,1.2912794018386022,0.18186064617307496,2.7283351973873278,9.0,6.0,3.133333333333334,True,prompt sent
96961905-3e93-416c-9106-b3b69c1e5b66,2026-06-07 18:00:00,33,6,3.0,1.2912794018386022,0.18186064617307496,2.7283351973873278,1.0,6.333333333333333,3.3333333333333335,True,prompt sent
96961905-3e93-416c-9106-b3b69c1e5b66,2026-06-07 21:00:00,34,6,2.0,1.2912794018386022,0.18186064617307496,2.7283351973873278,1.0,3.6666666666666665,3.3333333333333335,True,prompt sent
9a2b19c0-393e-49cb-8c4a-467830e337eb,2026-06-01 09:00:00,0,0,,1.014928188035208,0.4596603815378071,1.1131852328638365,,,,False,missing or insufficient EMA data
9a2b19c0-393e-49cb-8c4a-467830e337eb,2026-06-01 12:00:00,1,0,,1.014928188035208,0.4596603815378071,1.1131852328638365,,,,False,missing or insufficient EMA data
9a2b19c0-393e-49cb-8c4a-467830e337eb,2026-06-01 15:00:00,2,0,,1.014928188035208,0.4596603815378071,1.1131852328638365,,,,False,missing or insufficient EMA data
9a2b19c0-393e-49cb-8c4a-467830e337eb,2026-06-01 18:00:00,3,0,3.0,1.014928188035208,0.4596603815378071,1.1131852328638365,,,,False,missing or insufficient EMA data
9a2b19c0-393e-49cb-8c4a-467830e337eb,2026-06-01 21:00:00,4,0,2.0,1.014928188035208,0.4596603815378071,1.1131852328638365,1.0,1.0,,False,insufficient within-person history
9a2b19c0-393e-49cb-8c4a-467830e337eb,2026-06-02 09:00:00,5,1,3.0,1.014928188035208,0.4596603815378071,1.1131852328638365,1.0,1.0,,False,insufficient within-person history
9a2b19c0-393e-49cb-8c4a-467830e337eb,2026-06-02 12:00:00,6,1,4.0,1.014928188035208,0.4596603815378071,1.1131852328638365,1.0,1.0,,False,insufficient within-person history
9a2b19c0-393e-49cb-8c4a-467830e337eb,2026-06-02 15:00:00,7,1,4.0,1.014928188035208,0.4596603815378071,1.1131852328638365,0.0,0.6666666666666666,1.0,False,below within-person threshold
9a2b19c0-393e-49cb-8c4a-467830e337eb,2026-06-02 18:00:00,8,1,,1.014928188035208,0.4596603815378071,1.1131852328638365,,0.5,1.0,False,missing or insufficient EMA data
9a2b19c0-393e-49cb-8c4a-467830e337eb,2026-06-02 21:00:00,9,1,,1.014928188035208,0.4596603815378071,1.1131852328638365,,0.0,1.0,False,missing or insufficient EMA data
9a2b19c0-393e-49cb-8c4a-467830e337eb,2026-06-03 09:00:00,10,2,,1.014928188035208,0.4596603815378071,1.1131852328638365,,,1.0,False,missing or insufficient EMA data
9a2b19c0-393e-49cb-8c4a-467830e337eb,2026-06-03 12:00:00,11,2,2.0,1.014928188035208,0.4596603815378071,1.1131852328638365,,,1.0,False,missing or insufficient EMA data
9a2b19c0-393e-49cb-8c4a-467830e337eb,2026-06-03 15:00:00,12,2,4.0,1.014928188035208,0.4596603815378071,1.1131852328638365,4.0,4.0,1.0,True,prompt sent
9a2b19c0-393e-49cb-8c4a-467830e337eb,2026-06-03 18:00:00,13,2,4.0,1.014928188035208,0.4596603815378071,1.1131852328638365,0.0,2.0,1.0,True,prompt sent
9a2b19c0-393e-49cb-8c4a-467830e337eb,2026-06-03 21:00:00,14,2,4.0,1.014928188035208,0.4596603815378071,1.1131852328638365,0.0,1.3333333333333333,1.6000000000000005,False,below within-person threshold
9a2b19c0-393e-49cb-8c4a-467830e337eb,2026-06-04 09:00:00,15,3,4.0,1.014928188035208,0.4596603815378071,1.1131852328638365,0.0,0.0,1.6,False,below within-person threshold
9a2b19c0-393e-49cb-8c4a-467830e337eb,2026-06-04 12:00:00,16,3,4.0,1.014928188035208,0.4596603815378071,1.1131852328638365,0.0,0.0,1.4666666666666668,False,below within-person threshold
9a2b19c0-393e-49cb-8c4a-467830e337eb,2026-06-04 15:00:00,17,3,3.0,1.014928188035208,0.4596603815378071,1.1131852328638365,1.0,0.3333333333333333,1.3333333333333333,False,below within-person threshold
9a2b19c0-393e-49cb-8c4a-467830e337eb,2026-06-04 18:00:00,18,3,,1.014928188035208,0.4596603815378071,1.1131852328638365,,0.5,1.2666666666666668,False,missing or insufficient EMA data
9a2b19c0-393e-49cb-8c4a-467830e337eb,2026-06-04 21:00:00,19,3,3.0,1.014928188035208,0.4596603815378071,1.1131852328638365,,1.0,1.2000000000000004,False,below within-person threshold
9a2b19c0-393e-49cb-8c4a-467830e337eb,2026-06-05 09:00:00,20,4,2.0,1.014928188035208,0.4596603815378071,1.1131852328638365,1.0,1.0,1.1333333333333333,False,below within-person threshold
9a2b19c0-393e-49cb-8c4a-467830e337eb,2026-06-05 12:00:00,21,4,3.0,1.014928188035208,0.4596603815378071,1.1131852328638365,1.0,1.0,1.066666666666667,False,below within-person threshold
9a2b19c0-393e-49cb-8c4a-467830e337eb,2026-06-05 15:00:00,22,4,2.0,1.014928188035208,0.4596603815378071,1.1131852328638365,1.0,1.0,1.0,False,below within-person threshold
9a2b19c0-393e-49cb-8c4a-467830e337eb,2026-06-05 18:00:00,23,4,3.0,1.014928188035208,0.4596603815378071,1.1131852328638365,1.0,1.0,1.0,False,below within-person threshold
9a2b19c0-393e-49cb-8c4a-467830e337eb,2026-06-05 21:00:00,24,4,2.0,1.014928188035208,0.4596603815378071,1.1131852328638365,1.0,1.0,1.0,False,below within-person threshold
9a2b19c0-393e-49cb-8c4a-467830e337eb,2026-06-06 09:00:00,25,5,3.0,1.014928188035208,0.4596603815378071,1.1131852328638365,1.0,1.0,1.0,False,below within-person threshold
9a2b19c0-393e-49cb-8c4a-467830e337eb,2026-06-06 12:00:00,26,5,5.0,1.014928188035208,0.4596603815378071,1.1131852328638365,4.0,2.0,1.0,True,prompt sent
9a2b19c0-393e-49cb-8c4a-467830e337eb,2026-06-06 15:00:00,27,5,,1.014928188035208,0.4596603815378071,1.1131852328638365,,2.5,1.0,False,missing or insufficient EMA data
9a2b19c0-393e-49cb-8c4a-467830e337eb,2026-06-06 18:00:00,28,5,,1.014928188035208,0.4596603815378071,1.1131852328638365,,4.0,1.2666666666666668,False,missing or insufficient EMA data
9a2b19c0-393e-49cb-8c4a-467830e337eb,2026-06-06 21:00:00,29,5,,1.014928188035208,0.4596603815378071,1.1131852328638365,,,1.7333333333333343,False,missing or insufficient EMA data
9a2b19c0-393e-49cb-8c4a-467830e337eb,2026-06-07 09:00:00,30,6,3.0,1.014928188035208,0.4596603815378071,1.1131852328638365,,,1.7333333333333343,False,missing or insufficient EMA data
9a2b19c0-393e-49cb-8c4a-467830e337eb,2026-06-07 12:00:00,31,6,4.0,1.014928188035208,0.4596603815378071,1.1131852328638365,1.0,1.0,1.7333333333333343,False,below within-person threshold
9a2b19c0-393e-49cb-8c4a-467830e337eb,2026-06-07 15:00:00,32,6,3.0,1.014928188035208,0.4596603815378071,1.1131852328638365,1.0,1.0,1.6000000000000014,False,below within-person threshold
9a2b19c0-393e-49cb-8c4a-467830e337eb,2026-06-07 18:00:00,33,6,3.0,1.014928188035208,0.4596603815378071,1.1131852328638365,0.0,0.6666666666666666,1.4666666666666686,False,below within-person threshold
9a2b19c0-393e-49cb-8c4a-467830e337eb,2026-06-07 21:00:00,34,6,3.0,1.014928188035208,0.4596603815378071,1.1131852328638365,0.0,0.3333333333333333,1.3333333333333333,False,below within-person threshold
9b2c56a0-9426-4656-a4f4-23ea5508e837,2026-06-01 09:00:00,0,0,2.0,0.3325756702740055,0.13830462120955636,0.19061835159573257,,,,False,missing or insufficient EMA data
9b2c56a0-9426-4656-a4f4-23ea5508e837,2026-06-01 12:00:00,1,0,2.0,0.3325756702740055,0.13830462120955636,0.19061835159573257,0.0,0.0,,False,insufficient within-person history
9b2c56a0-9426-4656-a4f4-23ea5508e837,2026-06-01 15:00:00,2,0,3.0,0.3325756702740055,0.13830462120955636,0.19061835159573257,1.0,0.5,,False,insufficient within-person history
9b2c56a0-9426-4656-a4f4-23ea5508e837,2026-06-01 18:00:00,3,0,3.0,0.3325756702740055,0.13830462120955636,0.19061835159573257,0.0,0.3333333333333333,,False,insufficient within-person history
9b2c56a0-9426-4656-a4f4-23ea5508e837,2026-06-01 21:00:00,4,0,3.0,0.3325756702740055,0.13830462120955636,0.19061835159573257,0.0,0.3333333333333333,0.43333333333333335,False,below within-person threshold
9b2c56a0-9426-4656-a4f4-23ea5508e837,2026-06-02 09:00:00,5,1,3.0,0.3325756702740055,0.13830462120955636,0.19061835159573257,0.0,0.0,0.4,False,below within-person threshold
9b2c56a0-9426-4656-a4f4-23ea5508e837,2026-06-02 12:00:00,6,1,3.0,0.3325756702740055,0.13830462120955636,0.19061835159573257,0.0,0.0,0.3666666666666667,False,below within-person threshold
9b2c56a0-9426-4656-a4f4-23ea5508e837,2026-06-02 15:00:00,7,1,3.0,0.3325756702740055,0.13830462120955636,0.19061835159573257,0.0,0.0,0.3333333333333333,False,below within-person threshold
9b2c56a0-9426-4656-a4f4-23ea5508e837,2026-06-02 18:00:00,8,1,,0.3325756702740055,0.13830462120955636,0.19061835159573257,,0.0,0.3333333333333333,False,missing or insufficient EMA data
9b2c56a0-9426-4656-a4f4-23ea5508e837,2026-06-02 21:00:00,9,1,3.0,0.3325756702740055,0.13830462120955636,0.19061835159573257,,0.0,0.3333333333333333,False,below within-person threshold
9b2c56a0-9426-4656-a4f4-23ea5508e837,2026-06-03 09:00:00,10,2,3.0,0.3325756702740055,0.13830462120955636,0.19061835159573257,0.0,0.0,0.3333333333333333,False,below within-person threshold
9b2c56a0-9426-4656-a4f4-23ea5508e837,2026-06-03 12:00:00,11,2,3.0,0.3325756702740055,0.13830462120955636,0.19061835159573257,0.0,0.0,0.3333333333333333,False,below within-person threshold
9b2c56a0-9426-4656-a4f4-23ea5508e837,2026-06-03 15:00:00,12,2,3.0,0.3325756702740055,0.13830462120955636,0.19061835159573257,0.0,0.0,0.3333333333333333,False,below within-person threshold
9b2c56a0-9426-4656-a4f4-23ea5508e837,2026-06-03 18:00:00,13,2,3.0,0.3325756702740055,0.13830462120955636,0.19061835159573257,0.0,0.0,0.2666666666666669,False,below within-person threshold
9b2c56a0-9426-4656-a4f4-23ea5508e837,2026-06-03 21:00:00,14,2,,0.3325756702740055,0.13830462120955636,0.19061835159573257,,0.0,0.20000000000000046,False,missing or insufficient EMA data
9b2c56a0-9426-4656-a4f4-23ea5508e837,2026-06-04 09:00:00,15,3,3.0,0.3325756702740055,0.13830462120955636,0.19061835159573257,,0.0,0.13333333333333344,False,below within-person threshold
9b2c56a0-9426-4656-a4f4-23ea5508e837,2026-06-04 12:00:00,16,3,,0.3325756702740055,0.13830462120955636,0.19061835159573257,,,0.06666666666666701,False,missing or insufficient EMA data
9b2c56a0-9426-4656-a4f4-23ea5508e837,2026-06-04 15:00:00,17,3,3.0,0.3325756702740055,0.13830462120955636,0.19061835159573257,,,0.06666666666666701,False,missing or insufficient EMA data
9b2c56a0-9426-4656-a4f4-23ea5508e837,2026-06-04 18:00:00,18,3,3.0,0.3325756702740055,0.13830462120955636,0.19061835159573257,0.0,0.0,0.06666666666666701,False,below within-person threshold
9b2c56a0-9426-4656-a4f4-23ea5508e837,2026-06-04 21:00:00,19,3,3.0,0.3325756702740055,0.13830462120955636,0.19061835159573257,0.0,0.0,0.0,False,below within-person threshold
9b2c56a0-9426-4656-a4f4-23ea5508e837,2026-06-05 09:00:00,20,4,,0.3325756702740055,0.13830462120955636,0.19061835159573257,,0.0,0.0,False,missing or insufficient EMA data
9b2c56a0-9426-4656-a4f4-23ea5508e837,2026-06-05 12:00:00,21,4,,0.3325756702740055,0.13830462120955636,0.19061835159573257,,0.0,0.0,False,missing or insufficient EMA data
9b2c56a0-9426-4656-a4f4-23ea5508e837,2026-06-05 15:00:00,22,4,,0.3325756702740055,0.13830462120955636,0.19061835159573257,,,0.0,False,missing or insufficient EMA data
9b2c56a0-9426-4656-a4f4-23ea5508e837,2026-06-05 18:00:00,23,4,,0.3325756702740055,0.13830462120955636,0.19061835159573257,,,0.0,False,missing or insufficient EMA data
9b2c56a0-9426-4656-a4f4-23ea5508e837,2026-06-05 21:00:00,24,4,,0.3325756702740055,0.13830462120955636,0.19061835159573257,,,0.0,False,missing or insufficient EMA data
9b2c56a0-9426-4656-a4f4-23ea5508e837,2026-06-06 09:00:00,25,5,,0.3325756702740055,0.13830462120955636,0.19061835159573257,,,0.0,False,missing or insufficient EMA data
9b2c56a0-9426-4656-a4f4-23ea5508e837,2026-06-06 12:00:00,26,5,,0.3325756702740055,0.13830462120955636,0.19061835159573257,,,0.0,False,missing or insufficient EMA data
9b2c56a0-9426-4656-a4f4-23ea5508e837,2026-06-06 15:00:00,27,5,,0.3325756702740055,0.13830462120955636,0.19061835159573257,,,0.0,False,missing or insufficient EMA data
9b2c56a0-9426-4656-a4f4-23ea5508e837,2026-06-06 18:00:00,28,5,3.0,0.3325756702740055,0.13830462120955636,0.19061835159573257,,,0.0,False,missing or insufficient EMA data
9b2c56a0-9426-4656-a4f4-23ea5508e837,2026-06-06 21:00:00,29,5,3.0,0.3325756702740055,0.13830462120955636,0.19061835159573257,0.0,0.0,0.0,False,below within-person threshold
9b2c56a0-9426-4656-a4f4-23ea5508e837,2026-06-07 09:00:00,30,6,3.0,0.3325756702740055,0.13830462120955636,0.19061835159573257,0.0,0.0,0.0,False,below within-person threshold
9b2c56a0-9426-4656-a4f4-23ea5508e837,2026-06-07 12:00:00,31,6,3.0,0.3325756702740055,0.13830462120955636,0.19061835159573257,0.0,0.0,0.0,False,below within-person threshold
9b2c56a0-9426-4656-a4f4-23ea5508e837,2026-06-07 15:00:00,32,6,3.0,0.3325756702740055,0.13830462120955636,0.19061835159573257,0.0,0.0,0.0,False,below within-person threshold
9b2c56a0-9426-4656-a4f4-23ea5508e837,2026-06-07 18:00:00,33,6,2.0,0.3325756702740055,0.13830462120955636,0.19061835159573257,1.0,0.3333333333333333,0.0,True,prompt sent
9b2c56a0-9426-4656-a4f4-23ea5508e837,2026-06-07 21:00:00,34,6,3.0,0.3325756702740055,0.13830462120955636,0.19061835159573257,1.0,0.6666666666666666,0.0,True,prompt sent
9d48014c-a3c6-4124-9a4e-c41e7185f3ed,2026-06-01 09:00:00,0,0,3.0,0.6574829685630772,0.6769821828081314,0.27927077382076865,,,,False,missing or insufficient EMA data
9d48014c-a3c6-4124-9a4e-c41e7185f3ed,2026-06-01 12:00:00,1,0,3.0,0.6574829685630772,0.6769821828081314,0.27927077382076865,0.0,0.0,,False,insufficient within-person history
9d48014c-a3c6-4124-9a4e-c41e7185f3ed,2026-06-01 15:00:00,2,0,4.0,0.6574829685630772,0.6769821828081314,0.27927077382076865,1.0,0.5,,False,insufficient within-person history
9d48014c-a3c6-4124-9a4e-c41e7185f3ed,2026-06-01 18:00:00,3,0,4.0,0.6574829685630772,0.6769821828081314,0.27927077382076865,0.0,0.3333333333333333,,False,insufficient within-person history
9d48014c-a3c6-4124-9a4e-c41e7185f3ed,2026-06-01 21:00:00,4,0,4.0,0.6574829685630772,0.6769821828081314,0.27927077382076865,0.0,0.3333333333333333,0.43333333333333335,False,below within-person threshold
9d48014c-a3c6-4124-9a4e-c41e7185f3ed,2026-06-02 09:00:00,5,1,5.0,0.6574829685630772,0.6769821828081314,0.27927077382076865,1.0,0.3333333333333333,0.4,False,below within-person threshold
9d48014c-a3c6-4124-9a4e-c41e7185f3ed,2026-06-02 12:00:00,6,1,4.0,0.6574829685630772,0.6769821828081314,0.27927077382076865,1.0,0.6666666666666666,0.3666666666666667,True,prompt sent
9d48014c-a3c6-4124-9a4e-c41e7185f3ed,2026-06-02 15:00:00,7,1,4.0,0.6574829685630772,0.6769821828081314,0.27927077382076865,0.0,0.6666666666666666,0.5,True,prompt sent
9d48014c-a3c6-4124-9a4e-c41e7185f3ed,2026-06-02 18:00:00,8,1,4.0,0.6574829685630772,0.6769821828081314,0.27927077382076865,0.0,0.3333333333333333,0.6333333333333334,False,below within-person threshold
9d48014c-a3c6-4124-9a4e-c41e7185f3ed,2026-06-02 21:00:00,9,1,3.0,0.6574829685630772,0.6769821828081314,0.27927077382076865,1.0,0.3333333333333333,0.6000000000000001,False,below within-person threshold
9d48014c-a3c6-4124-9a4e-c41e7185f3ed,2026-06-03 09:00:00,10,2,3.0,0.6574829685630772,0.6769821828081314,0.27927077382076865,0.0,0.3333333333333333,0.5666666666666667,False,below within-person threshold
9d48014c-a3c6-4124-9a4e-c41e7185f3ed,2026-06-03 12:00:00,11,2,3.0,0.6574829685630772,0.6769821828081314,0.27927077382076865,0.0,0.3333333333333333,0.5333333333333333,False,below within-person threshold
9d48014c-a3c6-4124-9a4e-c41e7185f3ed,2026-06-03 15:00:00,12,2,3.0,0.6574829685630772,0.6769821828081314,0.27927077382076865,0.0,0.0,0.5,False,below within-person threshold
9d48014c-a3c6-4124-9a4e-c41e7185f3ed,2026-06-03 18:00:00,13,2,2.0,0.6574829685630772,0.6769821828081314,0.27927077382076865,1.0,0.3333333333333333,0.4666666666666668,False,below within-person threshold
9d48014c-a3c6-4124-9a4e-c41e7185f3ed,2026-06-03 21:00:00,14,2,2.0,0.6574829685630772,0.6769821828081314,0.27927077382076865,0.0,0.3333333333333333,0.43333333333333357,False,below within-person threshold
9d48014c-a3c6-4124-9a4e-c41e7185f3ed,2026-06-04 09:00:00,15,3,3.0,0.6574829685630772,0.6769821828081314,0.27927077382076865,1.0,0.6666666666666666,0.4,True,prompt sent
9d48014c-a3c6-4124-9a4e-c41e7185f3ed,2026-06-04 12:00:00,16,3,3.0,0.6574829685630772,0.6769821828081314,0.27927077382076865,0.0,0.3333333333333333,0.5333333333333335,False,below within-person threshold
9d48014c-a3c6-4124-9a4e-c41e7185f3ed,2026-06-04 15:00:00,17,3,4.0,0.6574829685630772,0.6769821828081314,0.27927077382076865,1.0,0.6666666666666666,0.5,True,prompt sent
9d48014c-a3c6-4124-9a4e-c41e7185f3ed,2026-06-04 18:00:00,18,3,3.0,0.6574829685630772,0.6769821828081314,0.27927077382076865,1.0,0.6666666666666666,0.6333333333333334,True,prompt sent
9d48014c-a3c6-4124-9a4e-c41e7185f3ed,2026-06-04 21:00:00,19,3,2.0,0.6574829685630772,0.6769821828081314,0.27927077382076865,1.0,1.0,0.6666666666666666,True,prompt sent
9d48014c-a3c6-4124-9a4e-c41e7185f3ed,2026-06-05 09:00:00,20,4,2.0,0.6574829685630772,0.6769821828081314,0.27927077382076865,0.0,0.6666666666666666,0.6666666666666666,False,below within-person threshold
9d48014c-a3c6-4124-9a4e-c41e7185f3ed,2026-06-05 12:00:00,21,4,,0.6574829685630772,0.6769821828081314,0.27927077382076865,,0.5,0.6666666666666666,False,missing or insufficient EMA data
9d48014c-a3c6-4124-9a4e-c41e7185f3ed,2026-06-05 15:00:00,22,4,3.0,0.6574829685630772,0.6769821828081314,0.27927077382076865,,0.0,0.6666666666666666,False,below within-person threshold
9d48014c-a3c6-4124-9a4e-c41e7185f3ed,2026-06-05 18:00:00,23,4,3.0,0.6574829685630772,0.6769821828081314,0.27927077382076865,0.0,0.0,0.6666666666666666,False,below within-person threshold
9d48014c-a3c6-4124-9a4e-c41e7185f3ed,2026-06-05 21:00:00,24,4,3.0,0.6574829685630772,0.6769821828081314,0.27927077382076865,0.0,0.0,0.6666666666666666,False,below within-person threshold
9d48014c-a3c6-4124-9a4e-c41e7185f3ed,2026-06-06 09:00:00,25,5,3.0,0.6574829685630772,0.6769821828081314,0.27927077382076865,0.0,0.0,0.6666666666666666,False,below within-person threshold
9d48014c-a3c6-4124-9a4e-c41e7185f3ed,2026-06-06 12:00:00,26,5,,0.6574829685630772,0.6769821828081314,0.27927077382076865,,0.0,0.6666666666666666,False,missing or insufficient EMA data
9d48014c-a3c6-4124-9a4e-c41e7185f3ed,2026-06-06 15:00:00,27,5,3.0,0.6574829685630772,0.6769821828081314,0.27927077382076865,,0.0,0.6666666666666666,False,below within-person threshold
9d48014c-a3c6-4124-9a4e-c41e7185f3ed,2026-06-06 18:00:00,28,5,3.0,0.6574829685630772,0.6769821828081314,0.27927077382076865,0.0,0.0,0.6666666666666666,False,below within-person threshold
9d48014c-a3c6-4124-9a4e-c41e7185f3ed,2026-06-06 21:00:00,29,5,3.0,0.6574829685630772,0.6769821828081314,0.27927077382076865,0.0,0.0,0.6666666666666666,False,below within-person threshold
9d48014c-a3c6-4124-9a4e-c41e7185f3ed,2026-06-07 09:00:00,30,6,3.0,0.6574829685630772,0.6769821828081314,0.27927077382076865,0.0,0.0,0.6666666666666666,False,below within-person threshold
9d48014c-a3c6-4124-9a4e-c41e7185f3ed,2026-06-07 12:00:00,31,6,3.0,0.6574829685630772,0.6769821828081314,0.27927077382076865,0.0,0.0,0.6666666666666666,False,below within-person threshold
9d48014c-a3c6-4124-9a4e-c41e7185f3ed,2026-06-07 15:00:00,32,6,3.0,0.6574829685630772,0.6769821828081314,0.27927077382076865,0.0,0.0,0.6666666666666666,False,below within-person threshold
9d48014c-a3c6-4124-9a4e-c41e7185f3ed,2026-06-07 18:00:00,33,6,3.0,0.6574829685630772,0.6769821828081314,0.27927077382076865,0.0,0.0,0.6333333333333334,False,below within-person threshold
9d48014c-a3c6-4124-9a4e-c41e7185f3ed,2026-06-07 21:00:00,34,6,3.0,0.6574829685630772,0.6769821828081314,0.27927077382076865,0.0,0.0,0.6000000000000002,False,below within-person threshold
9f6698a0-36de-401a-9bbd-734ecc21064b,2026-06-01 09:00:00,0,0,3.0,1.1438250655137732,0.5819566497067021,1.0938821459756165,,,,False,missing or insufficient EMA data
9f6698a0-36de-401a-9bbd-734ecc21064b,2026-06-01 12:00:00,1,0,2.0,1.1438250655137732,0.5819566497067021,1.0938821459756165,1.0,1.0,,False,insufficient within-person history
9f6698a0-36de-401a-9bbd-734ecc21064b,2026-06-01 15:00:00,2,0,3.0,1.1438250655137732,0.5819566497067021,1.0938821459756165,1.0,1.0,,False,insufficient within-person history
9f6698a0-36de-401a-9bbd-734ecc21064b,2026-06-01 18:00:00,3,0,4.0,1.1438250655137732,0.5819566497067021,1.0938821459756165,1.0,1.0,,False,insufficient within-person history
9f6698a0-36de-401a-9bbd-734ecc21064b,2026-06-01 21:00:00,4,0,3.0,1.1438250655137732,0.5819566497067021,1.0938821459756165,1.0,1.0,1.0,False,below within-person threshold
9f6698a0-36de-401a-9bbd-734ecc21064b,2026-06-02 09:00:00,5,1,4.0,1.1438250655137732,0.5819566497067021,1.0938821459756165,1.0,1.0,1.0,False,below within-person threshold
9f6698a0-36de-401a-9bbd-734ecc21064b,2026-06-02 12:00:00,6,1,2.0,1.1438250655137732,0.5819566497067021,1.0938821459756165,4.0,2.0,1.0,True,prompt sent
9f6698a0-36de-401a-9bbd-734ecc21064b,2026-06-02 15:00:00,7,1,1.0,1.1438250655137732,0.5819566497067021,1.0938821459756165,1.0,2.0,1.0,True,prompt sent
9f6698a0-36de-401a-9bbd-734ecc21064b,2026-06-02 18:00:00,8,1,1.0,1.1438250655137732,0.5819566497067021,1.0938821459756165,0.0,1.6666666666666667,1.8000000000000007,False,below within-person threshold
9f6698a0-36de-401a-9bbd-734ecc21064b,2026-06-02 21:00:00,9,1,1.0,1.1438250655137732,0.5819566497067021,1.0938821459756165,0.0,0.3333333333333333,1.866666666666667,False,below within-person threshold
9f6698a0-36de-401a-9bbd-734ecc21064b,2026-06-03 09:00:00,10,2,2.0,1.1438250655137732,0.5819566497067021,1.0938821459756165,1.0,0.3333333333333333,1.8000000000000003,False,below within-person threshold
9f6698a0-36de-401a-9bbd-734ecc21064b,2026-06-03 12:00:00,11,2,4.0,1.1438250655137732,0.5819566497067021,1.0938821459756165,4.0,1.6666666666666667,1.7333333333333334,False,below within-person threshold
9f6698a0-36de-401a-9bbd-734ecc21064b,2026-06-03 15:00:00,12,2,3.0,1.1438250655137732,0.5819566497067021,1.0938821459756165,1.0,2.0,1.6666666666666667,True,prompt sent
9f6698a0-36de-401a-9bbd-734ecc21064b,2026-06-03 18:00:00,13,2,3.0,1.1438250655137732,0.5819566497067021,1.0938821459756165,0.0,1.6666666666666667,1.9333333333333336,False,below within-person threshold
9f6698a0-36de-401a-9bbd-734ecc21064b,2026-06-03 21:00:00,14,2,3.0,1.1438250655137732,0.5819566497067021,1.0938821459756165,0.0,0.3333333333333333,1.8666666666666671,False,below within-person threshold
9f6698a0-36de-401a-9bbd-734ecc21064b,2026-06-04 09:00:00,15,3,4.0,1.1438250655137732,0.5819566497067021,1.0938821459756165,1.0,0.3333333333333333,1.8000000000000003,False,below within-person threshold
9f6698a0-36de-401a-9bbd-734ecc21064b,2026-06-04 12:00:00,16,3,4.0,1.1438250655137732,0.5819566497067021,1.0938821459756165,0.0,0.3333333333333333,1.7333333333333338,False,below within-person threshold
9f6698a0-36de-401a-9bbd-734ecc21064b,2026-06-04 15:00:00,17,3,4.0,1.1438250655137732,0.5819566497067021,1.0938821459756165,0.0,0.3333333333333333,1.6666666666666667,False,below within-person threshold
9f6698a0-36de-401a-9bbd-734ecc21064b,2026-06-04 18:00:00,18,3,3.0,1.1438250655137732,0.5819566497067021,1.0938821459756165,1.0,0.3333333333333333,1.6666666666666667,False,below within-person threshold
9f6698a0-36de-401a-9bbd-734ecc21064b,2026-06-04 21:00:00,19,3,3.0,1.1438250655137732,0.5819566497067021,1.0938821459756165,0.0,0.3333333333333333,1.6666666666666667,False,below within-person threshold
9f6698a0-36de-401a-9bbd-734ecc21064b,2026-06-05 09:00:00,20,4,2.0,1.1438250655137732,0.5819566497067021,1.0938821459756165,1.0,0.6666666666666666,1.6666666666666667,False,below within-person threshold
9f6698a0-36de-401a-9bbd-734ecc21064b,2026-06-05 12:00:00,21,4,3.0,1.1438250655137732,0.5819566497067021,1.0938821459756165,1.0,0.6666666666666666,1.6666666666666667,False,below within-person threshold
9f6698a0-36de-401a-9bbd-734ecc21064b,2026-06-05 15:00:00,22,4,2.0,1.1438250655137732,0.5819566497067021,1.0938821459756165,1.0,1.0,1.6666666666666667,False,below within-person threshold
9f6698a0-36de-401a-9bbd-734ecc21064b,2026-06-05 18:00:00,23,4,2.0,1.1438250655137732,0.5819566497067021,1.0938821459756165,0.0,0.6666666666666666,1.6666666666666667,False,below within-person threshold
9f6698a0-36de-401a-9bbd-734ecc21064b,2026-06-05 21:00:00,24,4,1.0,1.1438250655137732,0.5819566497067021,1.0938821459756165,1.0,0.6666666666666666,1.6666666666666667,False,below within-person threshold
9f6698a0-36de-401a-9bbd-734ecc21064b,2026-06-06 09:00:00,25,5,1.0,1.1438250655137732,0.5819566497067021,1.0938821459756165,0.0,0.3333333333333333,1.6666666666666667,False,below within-person threshold
9f6698a0-36de-401a-9bbd-734ecc21064b,2026-06-06 12:00:00,26,5,1.0,1.1438250655137732,0.5819566497067021,1.0938821459756165,0.0,0.3333333333333333,1.6666666666666667,False,below within-person threshold
9f6698a0-36de-401a-9bbd-734ecc21064b,2026-06-06 15:00:00,27,5,3.0,1.1438250655137732,0.5819566497067021,1.0938821459756165,4.0,1.3333333333333333,1.6666666666666667,False,below within-person threshold
9f6698a0-36de-401a-9bbd-734ecc21064b,2026-06-06 18:00:00,28,5,2.0,1.1438250655137732,0.5819566497067021,1.0938821459756165,1.0,1.6666666666666667,1.6000000000000003,True,prompt sent
9f6698a0-36de-401a-9bbd-734ecc21064b,2026-06-06 21:00:00,29,5,3.0,1.1438250655137732,0.5819566497067021,1.0938821459756165,1.0,2.0,1.6666666666666667,True,prompt sent
9f6698a0-36de-401a-9bbd-734ecc21064b,2026-06-07 09:00:00,30,6,2.0,1.1438250655137732,0.5819566497067021,1.0938821459756165,1.0,1.0,1.6666666666666667,False,below within-person threshold
9f6698a0-36de-401a-9bbd-734ecc21064b,2026-06-07 12:00:00,31,6,3.0,1.1438250655137732,0.5819566497067021,1.0938821459756165,1.0,1.0,1.6666666666666667,False,below within-person threshold
9f6698a0-36de-401a-9bbd-734ecc21064b,2026-06-07 15:00:00,32,6,5.0,1.1438250655137732,0.5819566497067021,1.0938821459756165,4.0,2.0,1.6666666666666667,True,prompt sent
9f6698a0-36de-401a-9bbd-734ecc21064b,2026-06-07 18:00:00,33,6,3.0,1.1438250655137732,0.5819566497067021,1.0938821459756165,4.0,3.0,1.6666666666666667,True,prompt sent
9f6698a0-36de-401a-9bbd-734ecc21064b,2026-06-07 21:00:00,34,6,4.0,1.1438250655137732,0.5819566497067021,1.0938821459756165,1.0,3.0,1.6666666666666667,True,prompt sent
a075f33c-54e4-4493-b836-c83b39474ad3,2026-06-01 09:00:00,0,0,,1.0587301863234793,0.18253388987174857,1.8326112331865425,,,,False,missing or insufficient EMA data
a075f33c-54e4-4493-b836-c83b39474ad3,2026-06-01 12:00:00,1,0,4.0,1.0587301863234793,0.18253388987174857,1.8326112331865425,,,,False,missing or insufficient EMA data
a075f33c-54e4-4493-b836-c83b39474ad3,2026-06-01 15:00:00,2,0,5.0,1.0587301863234793,0.18253388987174857,1.8326112331865425,1.0,1.0,,False,insufficient within-person history
a075f33c-54e4-4493-b836-c83b39474ad3,2026-06-01 18:00:00,3,0,,1.0587301863234793,0.18253388987174857,1.8326112331865425,,1.0,,False,missing or insufficient EMA data
a075f33c-54e4-4493-b836-c83b39474ad3,2026-06-01 21:00:00,4,0,,1.0587301863234793,0.18253388987174857,1.8326112331865425,,1.0,,False,missing or insufficient EMA data
a075f33c-54e4-4493-b836-c83b39474ad3,2026-06-02 09:00:00,5,1,,1.0587301863234793,0.18253388987174857,1.8326112331865425,,,1.0,False,missing or insufficient EMA data
a075f33c-54e4-4493-b836-c83b39474ad3,2026-06-02 12:00:00,6,1,,1.0587301863234793,0.18253388987174857,1.8326112331865425,,,1.0,False,missing or insufficient EMA data
a075f33c-54e4-4493-b836-c83b39474ad3,2026-06-02 15:00:00,7,1,4.0,1.0587301863234793,0.18253388987174857,1.8326112331865425,,,1.0,False,missing or insufficient EMA data
a075f33c-54e4-4493-b836-c83b39474ad3,2026-06-02 18:00:00,8,1,5.0,1.0587301863234793,0.18253388987174857,1.8326112331865425,1.0,1.0,1.0,False,below within-person threshold
a075f33c-54e4-4493-b836-c83b39474ad3,2026-06-02 21:00:00,9,1,3.0,1.0587301863234793,0.18253388987174857,1.8326112331865425,4.0,2.5,1.0,True,prompt sent
a075f33c-54e4-4493-b836-c83b39474ad3,2026-06-03 09:00:00,10,2,,1.0587301863234793,0.18253388987174857,1.8326112331865425,,2.5,1.3000000000000003,False,missing or insufficient EMA data
a075f33c-54e4-4493-b836-c83b39474ad3,2026-06-03 12:00:00,11,2,,1.0587301863234793,0.18253388987174857,1.8326112331865425,,4.0,2.5,False,missing or insufficient EMA data
a075f33c-54e4-4493-b836-c83b39474ad3,2026-06-03 15:00:00,12,2,,1.0587301863234793,0.18253388987174857,1.8326112331865425,,,2.5,False,missing or insufficient EMA data
a075f33c-54e4-4493-b836-c83b39474ad3,2026-06-03 18:00:00,13,2,2.0,1.0587301863234793,0.18253388987174857,1.8326112331865425,,,2.5,False,missing or insufficient EMA data
a075f33c-54e4-4493-b836-c83b39474ad3,2026-06-03 21:00:00,14,2,2.0,1.0587301863234793,0.18253388987174857,1.8326112331865425,0.0,0.0,2.5,False,below within-person threshold
a075f33c-54e4-4493-b836-c83b39474ad3,2026-06-04 09:00:00,15,3,2.0,1.0587301863234793,0.18253388987174857,1.8326112331865425,0.0,0.0,2.5,False,below within-person threshold
a075f33c-54e4-4493-b836-c83b39474ad3,2026-06-04 12:00:00,16,3,3.0,1.0587301863234793,0.18253388987174857,1.8326112331865425,1.0,0.3333333333333333,2.5,False,below within-person threshold
a075f33c-54e4-4493-b836-c83b39474ad3,2026-06-04 15:00:00,17,3,,1.0587301863234793,0.18253388987174857,1.8326112331865425,,0.5,2.5,False,missing or insufficient EMA data
a075f33c-54e4-4493-b836-c83b39474ad3,2026-06-04 18:00:00,18,3,,1.0587301863234793,0.18253388987174857,1.8326112331865425,,1.0,2.5,False,missing or insufficient EMA data
a075f33c-54e4-4493-b836-c83b39474ad3,2026-06-04 21:00:00,19,3,4.0,1.0587301863234793,0.18253388987174857,1.8326112331865425,,,2.200000000000001,False,missing or insufficient EMA data
a075f33c-54e4-4493-b836-c83b39474ad3,2026-06-05 09:00:00,20,4,5.0,1.0587301863234793,0.18253388987174857,1.8326112331865425,1.0,1.0,2.200000000000001,False,below within-person threshold
a075f33c-54e4-4493-b836-c83b39474ad3,2026-06-05 12:00:00,21,4,4.0,1.0587301863234793,0.18253388987174857,1.8326112331865425,1.0,1.0,1.9000000000000021,False,below within-person threshold
a075f33c-54e4-4493-b836-c83b39474ad3,2026-06-05 15:00:00,22,4,4.0,1.0587301863234793,0.18253388987174857,1.8326112331865425,0.0,0.6666666666666666,1.6000000000000005,False,below within-person threshold
a075f33c-54e4-4493-b836-c83b39474ad3,2026-06-05 18:00:00,23,4,4.0,1.0587301863234793,0.18253388987174857,1.8326112331865425,0.0,0.3333333333333333,1.3000000000000016,False,below within-person threshold
a075f33c-54e4-4493-b836-c83b39474ad3,2026-06-05 21:00:00,24,4,4.0,1.0587301863234793,0.18253388987174857,1.8326112331865425,0.0,0.0,1.0,False,below within-person threshold
a075f33c-54e4-4493-b836-c83b39474ad3,2026-06-06 09:00:00,25,5,4.0,1.0587301863234793,0.18253388987174857,1.8326112331865425,0.0,0.0,1.0,False,below within-person threshold
a075f33c-54e4-4493-b836-c83b39474ad3,2026-06-06 12:00:00,26,5,4.0,1.0587301863234793,0.18253388987174857,1.8326112331865425,0.0,0.0,1.0,False,below within-person threshold
a075f33c-54e4-4493-b836-c83b39474ad3,2026-06-06 15:00:00,27,5,,1.0587301863234793,0.18253388987174857,1.8326112331865425,,0.0,1.0,False,missing or insufficient EMA data
a075f33c-54e4-4493-b836-c83b39474ad3,2026-06-06 18:00:00,28,5,,1.0587301863234793,0.18253388987174857,1.8326112331865425,,0.0,1.0,False,missing or insufficient EMA data
a075f33c-54e4-4493-b836-c83b39474ad3,2026-06-06 21:00:00,29,5,4.0,1.0587301863234793,0.18253388987174857,1.8326112331865425,,,1.0,False,missing or insufficient EMA data
a075f33c-54e4-4493-b836-c83b39474ad3,2026-06-07 09:00:00,30,6,5.0,1.0587301863234793,0.18253388987174857,1.8326112331865425,1.0,1.0,1.0,False,below within-person threshold
a075f33c-54e4-4493-b836-c83b39474ad3,2026-06-07 12:00:00,31,6,5.0,1.0587301863234793,0.18253388987174857,1.8326112331865425,0.0,0.5,1.0,False,below within-person threshold
a075f33c-54e4-4493-b836-c83b39474ad3,2026-06-07 15:00:00,32,6,3.0,1.0587301863234793,0.18253388987174857,1.8326112331865425,4.0,1.6666666666666667,1.0,True,prompt sent
a075f33c-54e4-4493-b836-c83b39474ad3,2026-06-07 18:00:00,33,6,5.0,1.0587301863234793,0.18253388987174857,1.8326112331865425,4.0,2.6666666666666665,1.0,True,prompt sent
a075f33c-54e4-4493-b836-c83b39474ad3,2026-06-07 21:00:00,34,6,4.0,1.0587301863234793,0.18253388987174857,1.8326112331865425,1.0,3.0,1.1333333333333353,True,prompt sent
a0b6f5ce-226a-4797-96a2-27736d539880,2026-06-01 09:00:00,0,0,5.0,0.48945718284807993,0.5228427981777073,0.22862351164215317,,,,False,missing or insufficient EMA data
a0b6f5ce-226a-4797-96a2-27736d539880,2026-06-01 12:00:00,1,0,4.0,0.48945718284807993,0.5228427981777073,0.22862351164215317,1.0,1.0,,False,insufficient within-person history
a0b6f5ce-226a-4797-96a2-27736d539880,2026-06-01 15:00:00,2,0,,0.48945718284807993,0.5228427981777073,0.22862351164215317,,1.0,,False,missing or insufficient EMA data
a0b6f5ce-226a-4797-96a2-27736d539880,2026-06-01 18:00:00,3,0,,0.48945718284807993,0.5228427981777073,0.22862351164215317,,1.0,,False,missing or insufficient EMA data
a0b6f5ce-226a-4797-96a2-27736d539880,2026-06-01 21:00:00,4,0,4.0,0.48945718284807993,0.5228427981777073,0.22862351164215317,,,1.0,False,missing or insufficient EMA data
a0b6f5ce-226a-4797-96a2-27736d539880,2026-06-02 09:00:00,5,1,4.0,0.48945718284807993,0.5228427981777073,0.22862351164215317,0.0,0.0,1.0,False,below within-person threshold
a0b6f5ce-226a-4797-96a2-27736d539880,2026-06-02 12:00:00,6,1,4.0,0.48945718284807993,0.5228427981777073,0.22862351164215317,0.0,0.0,1.0,False,below within-person threshold
a0b6f5ce-226a-4797-96a2-27736d539880,2026-06-02 15:00:00,7,1,3.0,0.48945718284807993,0.5228427981777073,0.22862351164215317,1.0,0.3333333333333333,1.0,False,below within-person threshold
a0b6f5ce-226a-4797-96a2-27736d539880,2026-06-02 18:00:00,8,1,4.0,0.48945718284807993,0.5228427981777073,0.22862351164215317,1.0,0.6666666666666666,1.0,False,below within-person threshold
a0b6f5ce-226a-4797-96a2-27736d539880,2026-06-02 21:00:00,9,1,4.0,0.48945718284807993,0.5228427981777073,0.22862351164215317,0.0,0.6666666666666666,1.0,False,below within-person threshold
a0b6f5ce-226a-4797-96a2-27736d539880,2026-06-03 09:00:00,10,2,4.0,0.48945718284807993,0.5228427981777073,0.22862351164215317,0.0,0.3333333333333333,1.0,False,below within-person threshold
a0b6f5ce-226a-4797-96a2-27736d539880,2026-06-03 12:00:00,11,2,4.0,0.48945718284807993,0.5228427981777073,0.22862351164215317,0.0,0.0,1.0,False,below within-person threshold
a0b6f5ce-226a-4797-96a2-27736d539880,2026-06-03 15:00:00,12,2,4.0,0.48945718284807993,0.5228427981777073,0.22862351164215317,0.0,0.0,1.0,False,below within-person threshold
a0b6f5ce-226a-4797-96a2-27736d539880,2026-06-03 18:00:00,13,2,4.0,0.48945718284807993,0.5228427981777073,0.22862351164215317,0.0,0.0,1.0,False,below within-person threshold
a0b6f5ce-226a-4797-96a2-27736d539880,2026-06-03 21:00:00,14,2,3.0,0.48945718284807993,0.5228427981777073,0.22862351164215317,1.0,0.3333333333333333,0.9333333333333336,False,below within-person threshold
a0b6f5ce-226a-4797-96a2-27736d539880,2026-06-04 09:00:00,15,3,,0.48945718284807993,0.5228427981777073,0.22862351164215317,,0.5,0.8666666666666671,False,missing or insufficient EMA data
a0b6f5ce-226a-4797-96a2-27736d539880,2026-06-04 12:00:00,16,3,4.0,0.48945718284807993,0.5228427981777073,0.22862351164215317,,1.0,0.8,True,prompt sent
a0b6f5ce-226a-4797-96a2-27736d539880,2026-06-04 15:00:00,17,3,4.0,0.48945718284807993,0.5228427981777073,0.22862351164215317,0.0,0.0,1.0,False,below within-person threshold
a0b6f5ce-226a-4797-96a2-27736d539880,2026-06-04 18:00:00,18,3,4.0,0.48945718284807993,0.5228427981777073,0.22862351164215317,0.0,0.0,1.0,False,below within-person threshold
a0b6f5ce-226a-4797-96a2-27736d539880,2026-06-04 21:00:00,19,3,4.0,0.48945718284807993,0.5228427981777073,0.22862351164215317,0.0,0.0,0.9333333333333336,False,below within-person threshold
a0b6f5ce-226a-4797-96a2-27736d539880,2026-06-05 09:00:00,20,4,4.0,0.48945718284807993,0.5228427981777073,0.22862351164215317,0.0,0.0,0.8666666666666671,False,below within-person threshold
a0b6f5ce-226a-4797-96a2-27736d539880,2026-06-05 12:00:00,21,4,3.0,0.48945718284807993,0.5228427981777073,0.22862351164215317,1.0,0.3333333333333333,0.8,False,below within-person threshold
a0b6f5ce-226a-4797-96a2-27736d539880,2026-06-05 15:00:00,22,4,3.0,0.48945718284807993,0.5228427981777073,0.22862351164215317,0.0,0.3333333333333333,0.7333333333333336,False,below within-person threshold
a0b6f5ce-226a-4797-96a2-27736d539880,2026-06-05 18:00:00,23,4,4.0,0.48945718284807993,0.5228427981777073,0.22862351164215317,1.0,0.6666666666666666,0.6666666666666666,False,below within-person threshold
a0b6f5ce-226a-4797-96a2-27736d539880,2026-06-05 21:00:00,24,4,3.0,0.48945718284807993,0.5228427981777073,0.22862351164215317,1.0,0.6666666666666666,0.6666666666666666,False,below within-person threshold
a0b6f5ce-226a-4797-96a2-27736d539880,2026-06-06 09:00:00,25,5,4.0,0.48945718284807993,0.5228427981777073,0.22862351164215317,1.0,1.0,0.6666666666666666,True,prompt sent
a0b6f5ce-226a-4797-96a2-27736d539880,2026-06-06 12:00:00,26,5,4.0,0.48945718284807993,0.5228427981777073,0.22862351164215317,0.0,0.6666666666666666,0.8000000000000007,False,below within-person threshold
a0b6f5ce-226a-4797-96a2-27736d539880,2026-06-06 15:00:00,27,5,4.0,0.48945718284807993,0.5228427981777073,0.22862351164215317,0.0,0.3333333333333333,0.7333333333333343,False,below within-person threshold
a0b6f5ce-226a-4797-96a2-27736d539880,2026-06-06 18:00:00,28,5,4.0,0.48945718284807993,0.5228427981777073,0.22862351164215317,0.0,0.0,0.6666666666666666,False,below within-person threshold
a0b6f5ce-226a-4797-96a2-27736d539880,2026-06-06 21:00:00,29,5,4.0,0.48945718284807993,0.5228427981777073,0.22862351164215317,0.0,0.0,0.6666666666666666,False,below within-person threshold
a0b6f5ce-226a-4797-96a2-27736d539880,2026-06-07 09:00:00,30,6,4.0,0.48945718284807993,0.5228427981777073,0.22862351164215317,0.0,0.0,0.6666666666666666,False,below within-person threshold
a0b6f5ce-226a-4797-96a2-27736d539880,2026-06-07 12:00:00,31,6,4.0,0.48945718284807993,0.5228427981777073,0.22862351164215317,0.0,0.0,0.6666666666666666,False,below within-person threshold
a0b6f5ce-226a-4797-96a2-27736d539880,2026-06-07 15:00:00,32,6,3.0,0.48945718284807993,0.5228427981777073,0.22862351164215317,1.0,0.3333333333333333,0.6666666666666666,False,below within-person threshold
a0b6f5ce-226a-4797-96a2-27736d539880,2026-06-07 18:00:00,33,6,5.0,0.48945718284807993,0.5228427981777073,0.22862351164215317,4.0,1.6666666666666667,0.6666666666666666,True,prompt sent
a0b6f5ce-226a-4797-96a2-27736d539880,2026-06-07 21:00:00,34,6,4.0,0.48945718284807993,0.5228427981777073,0.22862351164215317,1.0,2.0,0.6666666666666666,True,prompt sent
a1c7a140-d416-4ea1-9991-68ddab8c8090,2026-06-01 09:00:00,0,0,3.0,0.3684839549233672,0.2757565720498877,0.19667616095314272,,,,False,missing or insufficient EMA data
a1c7a140-d416-4ea1-9991-68ddab8c8090,2026-06-01 12:00:00,1,0,4.0,0.3684839549233672,0.2757565720498877,0.19667616095314272,1.0,1.0,,False,insufficient within-person history
a1c7a140-d416-4ea1-9991-68ddab8c8090,2026-06-01 15:00:00,2,0,4.0,0.3684839549233672,0.2757565720498877,0.19667616095314272,0.0,0.5,,False,insufficient within-person history
a1c7a140-d416-4ea1-9991-68ddab8c8090,2026-06-01 18:00:00,3,0,4.0,0.3684839549233672,0.2757565720498877,0.19667616095314272,0.0,0.3333333333333333,,False,insufficient within-person history
a1c7a140-d416-4ea1-9991-68ddab8c8090,2026-06-01 21:00:00,4,0,4.0,0.3684839549233672,0.2757565720498877,0.19667616095314272,0.0,0.0,0.8,False,below within-person threshold
a1c7a140-d416-4ea1-9991-68ddab8c8090,2026-06-02 09:00:00,5,1,4.0,0.3684839549233672,0.2757565720498877,0.19667616095314272,0.0,0.0,0.7000000000000002,False,below within-person threshold
a1c7a140-d416-4ea1-9991-68ddab8c8090,2026-06-02 12:00:00,6,1,4.0,0.3684839549233672,0.2757565720498877,0.19667616095314272,0.0,0.0,0.6000000000000001,False,below within-person threshold
a1c7a140-d416-4ea1-9991-68ddab8c8090,2026-06-02 15:00:00,7,1,4.0,0.3684839549233672,0.2757565720498877,0.19667616095314272,0.0,0.0,0.5,False,below within-person threshold
a1c7a140-d416-4ea1-9991-68ddab8c8090,2026-06-02 18:00:00,8,1,4.0,0.3684839549233672,0.2757565720498877,0.19667616095314272,0.0,0.0,0.4666666666666668,False,below within-person threshold
a1c7a140-d416-4ea1-9991-68ddab8c8090,2026-06-02 21:00:00,9,1,4.0,0.3684839549233672,0.2757565720498877,0.19667616095314272,0.0,0.0,0.4333333333333334,False,below within-person threshold
a1c7a140-d416-4ea1-9991-68ddab8c8090,2026-06-03 09:00:00,10,2,3.0,0.3684839549233672,0.2757565720498877,0.19667616095314272,1.0,0.3333333333333333,0.4,False,below within-person threshold
a1c7a140-d416-4ea1-9991-68ddab8c8090,2026-06-03 12:00:00,11,2,3.0,0.3684839549233672,0.2757565720498877,0.19667616095314272,0.0,0.3333333333333333,0.3666666666666667,False,below within-person threshold
a1c7a140-d416-4ea1-9991-68ddab8c8090,2026-06-03 15:00:00,12,2,4.0,0.3684839549233672,0.2757565720498877,0.19667616095314272,1.0,0.6666666666666666,0.3333333333333333,True,prompt sent
a1c7a140-d416-4ea1-9991-68ddab8c8090,2026-06-03 18:00:00,13,2,4.0,0.3684839549233672,0.2757565720498877,0.19667616095314272,0.0,0.3333333333333333,0.4666666666666668,False,below within-person threshold
a1c7a140-d416-4ea1-9991-68ddab8c8090,2026-06-03 21:00:00,14,2,4.0,0.3684839549233672,0.2757565720498877,0.19667616095314272,0.0,0.3333333333333333,0.43333333333333357,False,below within-person threshold
a1c7a140-d416-4ea1-9991-68ddab8c8090,2026-06-04 09:00:00,15,3,3.0,0.3684839549233672,0.2757565720498877,0.19667616095314272,1.0,0.3333333333333333,0.4,False,below within-person threshold
a1c7a140-d416-4ea1-9991-68ddab8c8090,2026-06-04 12:00:00,16,3,4.0,0.3684839549233672,0.2757565720498877,0.19667616095314272,1.0,0.6666666666666666,0.3666666666666668,True,prompt sent
a1c7a140-d416-4ea1-9991-68ddab8c8090,2026-06-04 15:00:00,17,3,3.0,0.3684839549233672,0.2757565720498877,0.19667616095314272,1.0,1.0,0.5,True,prompt sent
a1c7a140-d416-4ea1-9991-68ddab8c8090,2026-06-04 18:00:00,18,3,4.0,0.3684839549233672,0.2757565720498877,0.19667616095314272,1.0,1.0,0.6333333333333334,True,prompt sent
a1c7a140-d416-4ea1-9991-68ddab8c8090,2026-06-04 21:00:00,19,3,4.0,0.3684839549233672,0.2757565720498877,0.19667616095314272,0.0,0.6666666666666666,0.6666666666666666,False,below within-person threshold
a1c7a140-d416-4ea1-9991-68ddab8c8090,2026-06-05 09:00:00,20,4,4.0,0.3684839549233672,0.2757565720498877,0.19667616095314272,0.0,0.3333333333333333,0.6666666666666666,False,below within-person threshold
a1c7a140-d416-4ea1-9991-68ddab8c8090,2026-06-05 12:00:00,21,4,3.0,0.3684839549233672,0.2757565720498877,0.19667616095314272,1.0,0.3333333333333333,0.6666666666666666,False,below within-person threshold
a1c7a140-d416-4ea1-9991-68ddab8c8090,2026-06-05 15:00:00,22,4,4.0,0.3684839549233672,0.2757565720498877,0.19667616095314272,1.0,0.6666666666666666,0.6666666666666666,False,below within-person threshold
a1c7a140-d416-4ea1-9991-68ddab8c8090,2026-06-05 18:00:00,23,4,4.0,0.3684839549233672,0.2757565720498877,0.19667616095314272,0.0,0.6666666666666666,0.6666666666666666,False,below within-person threshold
a1c7a140-d416-4ea1-9991-68ddab8c8090,2026-06-05 21:00:00,24,4,4.0,0.3684839549233672,0.2757565720498877,0.19667616095314272,0.0,0.3333333333333333,0.6666666666666666,False,below within-person threshold
a1c7a140-d416-4ea1-9991-68ddab8c8090,2026-06-06 09:00:00,25,5,4.0,0.3684839549233672,0.2757565720498877,0.19667616095314272,0.0,0.0,0.6666666666666666,False,below within-person threshold
a1c7a140-d416-4ea1-9991-68ddab8c8090,2026-06-06 12:00:00,26,5,3.0,0.3684839549233672,0.2757565720498877,0.19667616095314272,1.0,0.3333333333333333,0.6666666666666666,False,below within-person threshold
a1c7a140-d416-4ea1-9991-68ddab8c8090,2026-06-06 15:00:00,27,5,4.0,0.3684839549233672,0.2757565720498877,0.19667616095314272,1.0,0.6666666666666666,0.6666666666666666,False,below within-person threshold
a1c7a140-d416-4ea1-9991-68ddab8c8090,2026-06-06 18:00:00,28,5,4.0,0.3684839549233672,0.2757565720498877,0.19667616095314272,0.0,0.6666666666666666,0.6666666666666666,False,below within-person threshold
a1c7a140-d416-4ea1-9991-68ddab8c8090,2026-06-06 21:00:00,29,5,4.0,0.3684839549233672,0.2757565720498877,0.19667616095314272,0.0,0.3333333333333333,0.6666666666666666,False,below within-person threshold
a1c7a140-d416-4ea1-9991-68ddab8c8090,2026-06-07 09:00:00,30,6,4.0,0.3684839549233672,0.2757565720498877,0.19667616095314272,0.0,0.0,0.6666666666666666,False,below within-person threshold
a1c7a140-d416-4ea1-9991-68ddab8c8090,2026-06-07 12:00:00,31,6,4.0,0.3684839549233672,0.2757565720498877,0.19667616095314272,0.0,0.0,0.6666666666666666,False,below within-person threshold
a1c7a140-d416-4ea1-9991-68ddab8c8090,2026-06-07 15:00:00,32,6,4.0,0.3684839549233672,0.2757565720498877,0.19667616095314272,0.0,0.0,0.6666666666666666,False,below within-person threshold
a1c7a140-d416-4ea1-9991-68ddab8c8090,2026-06-07 18:00:00,33,6,4.0,0.3684839549233672,0.2757565720498877,0.19667616095314272,0.0,0.0,0.6666666666666666,False,below within-person threshold
a1c7a140-d416-4ea1-9991-68ddab8c8090,2026-06-07 21:00:00,34,6,4.0,0.3684839549233672,0.2757565720498877,0.19667616095314272,0.0,0.0,0.6666666666666666,False,below within-person threshold
a5ab46d0-8861-4843-bebd-8cfa953dcc62,2026-06-01 09:00:00,0,0,2.0,0.5691818671512572,0.22740680966601362,0.500590938117757,,,,False,missing or insufficient EMA data
a5ab46d0-8861-4843-bebd-8cfa953dcc62,2026-06-01 12:00:00,1,0,3.0,0.5691818671512572,0.22740680966601362,0.500590938117757,1.0,1.0,,False,insufficient within-person history
a5ab46d0-8861-4843-bebd-8cfa953dcc62,2026-06-01 15:00:00,2,0,2.0,0.5691818671512572,0.22740680966601362,0.500590938117757,1.0,1.0,,False,insufficient within-person history
a5ab46d0-8861-4843-bebd-8cfa953dcc62,2026-06-01 18:00:00,3,0,2.0,0.5691818671512572,0.22740680966601362,0.500590938117757,0.0,0.6666666666666666,,False,insufficient within-person history
a5ab46d0-8861-4843-bebd-8cfa953dcc62,2026-06-01 21:00:00,4,0,2.0,0.5691818671512572,0.22740680966601362,0.500590938117757,0.0,0.3333333333333333,1.0,False,below within-person threshold
a5ab46d0-8861-4843-bebd-8cfa953dcc62,2026-06-02 09:00:00,5,1,1.0,0.5691818671512572,0.22740680966601362,0.500590938117757,1.0,0.3333333333333333,1.0,False,below within-person threshold
a5ab46d0-8861-4843-bebd-8cfa953dcc62,2026-06-02 12:00:00,6,1,3.0,0.5691818671512572,0.22740680966601362,0.500590938117757,4.0,1.6666666666666667,1.0,True,prompt sent
a5ab46d0-8861-4843-bebd-8cfa953dcc62,2026-06-02 15:00:00,7,1,2.0,0.5691818671512572,0.22740680966601362,0.500590938117757,1.0,2.0,1.0,True,prompt sent
a5ab46d0-8861-4843-bebd-8cfa953dcc62,2026-06-02 18:00:00,8,1,2.0,0.5691818671512572,0.22740680966601362,0.500590938117757,0.0,1.6666666666666667,1.5333333333333339,True,prompt sent
a5ab46d0-8861-4843-bebd-8cfa953dcc62,2026-06-02 21:00:00,9,1,2.0,0.5691818671512572,0.22740680966601362,0.500590938117757,0.0,0.3333333333333333,1.6666666666666667,False,below within-person threshold
a5ab46d0-8861-4843-bebd-8cfa953dcc62,2026-06-03 09:00:00,10,2,3.0,0.5691818671512572,0.22740680966601362,0.500590938117757,1.0,0.3333333333333333,1.6666666666666667,False,below within-person threshold
a5ab46d0-8861-4843-bebd-8cfa953dcc62,2026-06-03 12:00:00,11,2,,0.5691818671512572,0.22740680966601362,0.500590938117757,,0.5,1.6666666666666667,False,missing or insufficient EMA data
a5ab46d0-8861-4843-bebd-8cfa953dcc62,2026-06-03 15:00:00,12,2,,0.5691818671512572,0.22740680966601362,0.500590938117757,,1.0,1.6666666666666667,False,missing or insufficient EMA data
a5ab46d0-8861-4843-bebd-8cfa953dcc62,2026-06-03 18:00:00,13,2,,0.5691818671512572,0.22740680966601362,0.500590938117757,,,1.5333333333333339,False,missing or insufficient EMA data
a5ab46d0-8861-4843-bebd-8cfa953dcc62,2026-06-03 21:00:00,14,2,,0.5691818671512572,0.22740680966601362,0.500590938117757,,,1.5333333333333339,False,missing or insufficient EMA data
a5ab46d0-8861-4843-bebd-8cfa953dcc62,2026-06-04 09:00:00,15,3,3.0,0.5691818671512572,0.22740680966601362,0.500590938117757,,,1.5333333333333339,False,missing or insufficient EMA data
a5ab46d0-8861-4843-bebd-8cfa953dcc62,2026-06-04 12:00:00,16,3,3.0,0.5691818671512572,0.22740680966601362,0.500590938117757,0.0,0.0,1.5333333333333339,False,below within-person threshold
a5ab46d0-8861-4843-bebd-8cfa953dcc62,2026-06-04 15:00:00,17,3,2.0,0.5691818671512572,0.22740680966601362,0.500590938117757,1.0,0.5,1.400000000000001,False,below within-person threshold
a5ab46d0-8861-4843-bebd-8cfa953dcc62,2026-06-04 18:00:00,18,3,2.0,0.5691818671512572,0.22740680966601362,0.500590938117757,0.0,0.3333333333333333,1.266666666666667,False,below within-person threshold
a5ab46d0-8861-4843-bebd-8cfa953dcc62,2026-06-04 21:00:00,19,3,3.0,0.5691818671512572,0.22740680966601362,0.500590938117757,1.0,0.6666666666666666,1.133333333333334,False,below within-person threshold
a5ab46d0-8861-4843-bebd-8cfa953dcc62,2026-06-05 09:00:00,20,4,3.0,0.5691818671512572,0.22740680966601362,0.500590938117757,0.0,0.3333333333333333,1.0,False,below within-person threshold
a5ab46d0-8861-4843-bebd-8cfa953dcc62,2026-06-05 12:00:00,21,4,3.0,0.5691818671512572,0.22740680966601362,0.500590938117757,0.0,0.3333333333333333,1.0,False,below within-person threshold
a5ab46d0-8861-4843-bebd-8cfa953dcc62,2026-06-05 15:00:00,22,4,3.0,0.5691818671512572,0.22740680966601362,0.500590938117757,0.0,0.0,1.0,False,below within-person threshold
a5ab46d0-8861-4843-bebd-8cfa953dcc62,2026-06-05 18:00:00,23,4,1.0,0.5691818671512572,0.22740680966601362,0.500590938117757,4.0,1.3333333333333333,1.0,True,prompt sent
a5ab46d0-8861-4843-bebd-8cfa953dcc62,2026-06-05 21:00:00,24,4,2.0,0.5691818671512572,0.22740680966601362,0.500590938117757,1.0,1.6666666666666667,1.066666666666667,True,prompt sent
a5ab46d0-8861-4843-bebd-8cfa953dcc62,2026-06-06 09:00:00,25,5,3.0,0.5691818671512572,0.22740680966601362,0.500590938117757,1.0,2.0,1.3333333333333333,True,prompt sent
a5ab46d0-8861-4843-bebd-8cfa953dcc62,2026-06-06 12:00:00,26,5,4.0,0.5691818671512572,0.22740680966601362,0.500590938117757,1.0,1.0,1.6000000000000003,False,below within-person threshold
a5ab46d0-8861-4843-bebd-8cfa953dcc62,2026-06-06 15:00:00,27,5,4.0,0.5691818671512572,0.22740680966601362,0.500590938117757,0.0,0.6666666666666666,1.5333333333333339,False,below within-person threshold
a5ab46d0-8861-4843-bebd-8cfa953dcc62,2026-06-06 18:00:00,28,5,3.0,0.5691818671512572,0.22740680966601362,0.500590938117757,1.0,0.6666666666666666,1.4666666666666675,False,below within-person threshold
a5ab46d0-8861-4843-bebd-8cfa953dcc62,2026-06-06 21:00:00,29,5,3.0,0.5691818671512572,0.22740680966601362,0.500590938117757,0.0,0.3333333333333333,1.4000000000000008,False,below within-person threshold
a5ab46d0-8861-4843-bebd-8cfa953dcc62,2026-06-07 09:00:00,30,6,3.0,0.5691818671512572,0.22740680966601362,0.500590938117757,0.0,0.3333333333333333,1.3333333333333333,False,below within-person threshold
a5ab46d0-8861-4843-bebd-8cfa953dcc62,2026-06-07 12:00:00,31,6,2.0,0.5691818671512572,0.22740680966601362,0.500590938117757,1.0,0.3333333333333333,1.2666666666666668,False,below within-person threshold
a5ab46d0-8861-4843-bebd-8cfa953dcc62,2026-06-07 15:00:00,32,6,3.0,0.5691818671512572,0.22740680966601362,0.500590938117757,1.0,0.6666666666666666,1.2000000000000004,False,below within-person threshold
a5ab46d0-8861-4843-bebd-8cfa953dcc62,2026-06-07 18:00:00,33,6,2.0,0.5691818671512572,0.22740680966601362,0.500590938117757,1.0,1.0,1.133333333333334,False,below within-person threshold
a5ab46d0-8861-4843-bebd-8cfa953dcc62,2026-06-07 21:00:00,34,6,3.0,0.5691818671512572,0.22740680966601362,0.500590938117757,1.0,1.0,1.0666666666666675,False,below within-person threshold
a6510210-30e1-40a6-b1f4-11236f448929,2026-06-01 09:00:00,0,0,4.0,0.9149253374808752,0.5987663313656792,0.67173607787185,,,,False,missing or insufficient EMA data
a6510210-30e1-40a6-b1f4-11236f448929,2026-06-01 12:00:00,1,0,3.0,0.9149253374808752,0.5987663313656792,0.67173607787185,1.0,1.0,,False,insufficient within-person history
a6510210-30e1-40a6-b1f4-11236f448929,2026-06-01 15:00:00,2,0,3.0,0.9149253374808752,0.5987663313656792,0.67173607787185,0.0,0.5,,False,insufficient within-person history
a6510210-30e1-40a6-b1f4-11236f448929,2026-06-01 18:00:00,3,0,4.0,0.9149253374808752,0.5987663313656792,0.67173607787185,1.0,0.6666666666666666,,False,insufficient within-person history
a6510210-30e1-40a6-b1f4-11236f448929,2026-06-01 21:00:00,4,0,5.0,0.9149253374808752,0.5987663313656792,0.67173607787185,1.0,0.6666666666666666,0.8666666666666667,False,below within-person threshold
a6510210-30e1-40a6-b1f4-11236f448929,2026-06-02 09:00:00,5,1,5.0,0.9149253374808752,0.5987663313656792,0.67173607787185,0.0,0.6666666666666666,0.8,False,below within-person threshold
a6510210-30e1-40a6-b1f4-11236f448929,2026-06-02 12:00:00,6,1,4.0,0.9149253374808752,0.5987663313656792,0.67173607787185,1.0,0.6666666666666666,0.7333333333333334,False,below within-person threshold
a6510210-30e1-40a6-b1f4-11236f448929,2026-06-02 15:00:00,7,1,4.0,0.9149253374808752,0.5987663313656792,0.67173607787185,0.0,0.3333333333333333,0.6666666666666666,False,below within-person threshold
a6510210-30e1-40a6-b1f4-11236f448929,2026-06-02 18:00:00,8,1,4.0,0.9149253374808752,0.5987663313656792,0.67173607787185,0.0,0.3333333333333333,0.6666666666666666,False,below within-person threshold
a6510210-30e1-40a6-b1f4-11236f448929,2026-06-02 21:00:00,9,1,4.0,0.9149253374808752,0.5987663313656792,0.67173607787185,0.0,0.0,0.6666666666666666,False,below within-person threshold
a6510210-30e1-40a6-b1f4-11236f448929,2026-06-03 09:00:00,10,2,4.0,0.9149253374808752,0.5987663313656792,0.67173607787185,0.0,0.0,0.6666666666666666,False,below within-person threshold
a6510210-30e1-40a6-b1f4-11236f448929,2026-06-03 12:00:00,11,2,4.0,0.9149253374808752,0.5987663313656792,0.67173607787185,0.0,0.0,0.6666666666666666,False,below within-person threshold
a6510210-30e1-40a6-b1f4-11236f448929,2026-06-03 15:00:00,12,2,3.0,0.9149253374808752,0.5987663313656792,0.67173607787185,1.0,0.3333333333333333,0.6666666666666666,False,below within-person threshold
a6510210-30e1-40a6-b1f4-11236f448929,2026-06-03 18:00:00,13,2,3.0,0.9149253374808752,0.5987663313656792,0.67173607787185,0.0,0.3333333333333333,0.6666666666666666,False,below within-person threshold
a6510210-30e1-40a6-b1f4-11236f448929,2026-06-03 21:00:00,14,2,3.0,0.9149253374808752,0.5987663313656792,0.67173607787185,0.0,0.3333333333333333,0.6666666666666666,False,below within-person threshold
a6510210-30e1-40a6-b1f4-11236f448929,2026-06-04 09:00:00,15,3,3.0,0.9149253374808752,0.5987663313656792,0.67173607787185,0.0,0.0,0.6666666666666666,False,below within-person threshold
a6510210-30e1-40a6-b1f4-11236f448929,2026-06-04 12:00:00,16,3,4.0,0.9149253374808752,0.5987663313656792,0.67173607787185,1.0,0.3333333333333333,0.6666666666666666,False,below within-person threshold
a6510210-30e1-40a6-b1f4-11236f448929,2026-06-04 15:00:00,17,3,3.0,0.9149253374808752,0.5987663313656792,0.67173607787185,1.0,0.6666666666666666,0.6666666666666666,False,below within-person threshold
a6510210-30e1-40a6-b1f4-11236f448929,2026-06-04 18:00:00,18,3,2.0,0.9149253374808752,0.5987663313656792,0.67173607787185,1.0,1.0,0.6666666666666666,True,prompt sent
a6510210-30e1-40a6-b1f4-11236f448929,2026-06-04 21:00:00,19,3,4.0,0.9149253374808752,0.5987663313656792,0.67173607787185,4.0,2.0,0.6666666666666666,True,prompt sent
a6510210-30e1-40a6-b1f4-11236f448929,2026-06-05 09:00:00,20,4,5.0,0.9149253374808752,0.5987663313656792,0.67173607787185,1.0,2.0,0.6666666666666666,True,prompt sent
a6510210-30e1-40a6-b1f4-11236f448929,2026-06-05 12:00:00,21,4,4.0,0.9149253374808752,0.5987663313656792,0.67173607787185,1.0,2.0,0.7333333333333336,True,prompt sent
a6510210-30e1-40a6-b1f4-11236f448929,2026-06-05 15:00:00,22,4,4.0,0.9149253374808752,0.5987663313656792,0.67173607787185,0.0,0.6666666666666666,1.0,False,below within-person threshold
a6510210-30e1-40a6-b1f4-11236f448929,2026-06-05 18:00:00,23,4,5.0,0.9149253374808752,0.5987663313656792,0.67173607787185,1.0,0.6666666666666666,0.9333333333333336,False,below within-person threshold
a6510210-30e1-40a6-b1f4-11236f448929,2026-06-05 21:00:00,24,4,5.0,0.9149253374808752,0.5987663313656792,0.67173607787185,0.0,0.3333333333333333,0.8666666666666671,False,below within-person threshold
a6510210-30e1-40a6-b1f4-11236f448929,2026-06-06 09:00:00,25,5,5.0,0.9149253374808752,0.5987663313656792,0.67173607787185,0.0,0.3333333333333333,0.8000000000000007,False,below within-person threshold
a6510210-30e1-40a6-b1f4-11236f448929,2026-06-06 12:00:00,26,5,5.0,0.9149253374808752,0.5987663313656792,0.67173607787185,0.0,0.0,0.7333333333333343,False,below within-person threshold
a6510210-30e1-40a6-b1f4-11236f448929,2026-06-06 15:00:00,27,5,5.0,0.9149253374808752,0.5987663313656792,0.67173607787185,0.0,0.0,0.6666666666666666,False,below within-person threshold
a6510210-30e1-40a6-b1f4-11236f448929,2026-06-06 18:00:00,28,5,3.0,0.9149253374808752,0.5987663313656792,0.67173607787185,4.0,1.3333333333333333,0.6666666666666666,True,prompt sent
a6510210-30e1-40a6-b1f4-11236f448929,2026-06-06 21:00:00,29,5,4.0,0.9149253374808752,0.5987663313656792,0.67173607787185,1.0,1.6666666666666667,0.8666666666666671,True,prompt sent
a6510210-30e1-40a6-b1f4-11236f448929,2026-06-07 09:00:00,30,6,4.0,0.9149253374808752,0.5987663313656792,0.67173607787185,0.0,1.6666666666666667,1.0,True,prompt sent
a6510210-30e1-40a6-b1f4-11236f448929,2026-06-07 12:00:00,31,6,2.0,0.9149253374808752,0.5987663313656792,0.67173607787185,4.0,1.6666666666666667,1.0666666666666675,True,prompt sent
a6510210-30e1-40a6-b1f4-11236f448929,2026-06-07 15:00:00,32,6,4.0,0.9149253374808752,0.5987663313656792,0.67173607787185,4.0,2.6666666666666665,1.3333333333333333,True,prompt sent
a6510210-30e1-40a6-b1f4-11236f448929,2026-06-07 18:00:00,33,6,,0.9149253374808752,0.5987663313656792,0.67173607787185,,4.0,1.6000000000000003,False,missing or insufficient EMA data
a6510210-30e1-40a6-b1f4-11236f448929,2026-06-07 21:00:00,34,6,4.0,0.9149253374808752,0.5987663313656792,0.67173607787185,,4.0,1.6666666666666667,True,prompt sent
ae1dce98-7f2e-4eb8-b5ef-c205007e1499,2026-06-01 09:00:00,0,0,2.0,0.9322224429833348,0.7054731611508764,0.5119104324020721,,,,False,missing or insufficient EMA data
ae1dce98-7f2e-4eb8-b5ef-c205007e1499,2026-06-01 12:00:00,1,0,1.0,0.9322224429833348,0.7054731611508764,0.5119104324020721,1.0,1.0,,False,insufficient within-person history
ae1dce98-7f2e-4eb8-b5ef-c205007e1499,2026-06-01 15:00:00,2,0,3.0,0.9322224429833348,0.7054731611508764,0.5119104324020721,4.0,2.5,,False,insufficient within-person history
ae1dce98-7f2e-4eb8-b5ef-c205007e1499,2026-06-01 18:00:00,3,0,3.0,0.9322224429833348,0.7054731611508764,0.5119104324020721,0.0,1.6666666666666667,,False,insufficient within-person history
ae1dce98-7f2e-4eb8-b5ef-c205007e1499,2026-06-01 21:00:00,4,0,3.0,0.9322224429833348,0.7054731611508764,0.5119104324020721,0.0,1.3333333333333333,2.166666666666667,False,below within-person threshold
ae1dce98-7f2e-4eb8-b5ef-c205007e1499,2026-06-02 09:00:00,5,1,3.0,0.9322224429833348,0.7054731611508764,0.5119104324020721,0.0,0.0,2.0000000000000004,False,below within-person threshold
ae1dce98-7f2e-4eb8-b5ef-c205007e1499,2026-06-02 12:00:00,6,1,3.0,0.9322224429833348,0.7054731611508764,0.5119104324020721,0.0,0.0,1.8333333333333335,False,below within-person threshold
ae1dce98-7f2e-4eb8-b5ef-c205007e1499,2026-06-02 15:00:00,7,1,3.0,0.9322224429833348,0.7054731611508764,0.5119104324020721,0.0,0.0,1.6666666666666667,False,below within-person threshold
ae1dce98-7f2e-4eb8-b5ef-c205007e1499,2026-06-02 18:00:00,8,1,3.0,0.9322224429833348,0.7054731611508764,0.5119104324020721,0.0,0.0,1.6000000000000003,False,below within-person threshold
ae1dce98-7f2e-4eb8-b5ef-c205007e1499,2026-06-02 21:00:00,9,1,3.0,0.9322224429833348,0.7054731611508764,0.5119104324020721,0.0,0.0,1.5333333333333334,False,below within-person threshold
ae1dce98-7f2e-4eb8-b5ef-c205007e1499,2026-06-03 09:00:00,10,2,4.0,0.9322224429833348,0.7054731611508764,0.5119104324020721,1.0,0.3333333333333333,1.4666666666666668,False,below within-person threshold
ae1dce98-7f2e-4eb8-b5ef-c205007e1499,2026-06-03 12:00:00,11,2,4.0,0.9322224429833348,0.7054731611508764,0.5119104324020721,0.0,0.3333333333333333,1.4,False,below within-person threshold
ae1dce98-7f2e-4eb8-b5ef-c205007e1499,2026-06-03 15:00:00,12,2,3.0,0.9322224429833348,0.7054731611508764,0.5119104324020721,1.0,0.6666666666666666,1.3333333333333333,False,below within-person threshold
ae1dce98-7f2e-4eb8-b5ef-c205007e1499,2026-06-03 18:00:00,13,2,4.0,0.9322224429833348,0.7054731611508764,0.5119104324020721,1.0,0.6666666666666666,1.2666666666666668,False,below within-person threshold
ae1dce98-7f2e-4eb8-b5ef-c205007e1499,2026-06-03 21:00:00,14,2,4.0,0.9322224429833348,0.7054731611508764,0.5119104324020721,0.0,0.6666666666666666,1.2000000000000004,False,below within-person threshold
ae1dce98-7f2e-4eb8-b5ef-c205007e1499,2026-06-04 09:00:00,15,3,5.0,0.9322224429833348,0.7054731611508764,0.5119104324020721,1.0,0.6666666666666666,1.1333333333333333,False,below within-person threshold
ae1dce98-7f2e-4eb8-b5ef-c205007e1499,2026-06-04 12:00:00,16,3,,0.9322224429833348,0.7054731611508764,0.5119104324020721,,0.5,1.066666666666667,False,missing or insufficient EMA data
ae1dce98-7f2e-4eb8-b5ef-c205007e1499,2026-06-04 15:00:00,17,3,4.0,0.9322224429833348,0.7054731611508764,0.5119104324020721,,1.0,1.0,False,below within-person threshold
ae1dce98-7f2e-4eb8-b5ef-c205007e1499,2026-06-04 18:00:00,18,3,3.0,0.9322224429833348,0.7054731611508764,0.5119104324020721,1.0,1.0,1.0,False,below within-person threshold
ae1dce98-7f2e-4eb8-b5ef-c205007e1499,2026-06-04 21:00:00,19,3,3.0,0.9322224429833348,0.7054731611508764,0.5119104324020721,0.0,0.5,1.0,False,below within-person threshold
ae1dce98-7f2e-4eb8-b5ef-c205007e1499,2026-06-05 09:00:00,20,4,4.0,0.9322224429833348,0.7054731611508764,0.5119104324020721,1.0,0.6666666666666666,1.0,False,below within-person threshold
ae1dce98-7f2e-4eb8-b5ef-c205007e1499,2026-06-05 12:00:00,21,4,4.0,0.9322224429833348,0.7054731611508764,0.5119104324020721,0.0,0.3333333333333333,1.0,False,below within-person threshold
ae1dce98-7f2e-4eb8-b5ef-c205007e1499,2026-06-05 15:00:00,22,4,4.0,0.9322224429833348,0.7054731611508764,0.5119104324020721,0.0,0.3333333333333333,1.0,False,below within-person threshold
ae1dce98-7f2e-4eb8-b5ef-c205007e1499,2026-06-05 18:00:00,23,4,4.0,0.9322224429833348,0.7054731611508764,0.5119104324020721,0.0,0.0,1.0,False,below within-person threshold
ae1dce98-7f2e-4eb8-b5ef-c205007e1499,2026-06-05 21:00:00,24,4,4.0,0.9322224429833348,0.7054731611508764,0.5119104324020721,0.0,0.0,1.0,False,below within-person threshold
ae1dce98-7f2e-4eb8-b5ef-c205007e1499,2026-06-06 09:00:00,25,5,3.0,0.9322224429833348,0.7054731611508764,0.5119104324020721,1.0,0.3333333333333333,1.0,False,below within-person threshold
ae1dce98-7f2e-4eb8-b5ef-c205007e1499,2026-06-06 12:00:00,26,5,3.0,0.9322224429833348,0.7054731611508764,0.5119104324020721,0.0,0.3333333333333333,1.0,False,below within-person threshold
ae1dce98-7f2e-4eb8-b5ef-c205007e1499,2026-06-06 15:00:00,27,5,3.0,0.9322224429833348,0.7054731611508764,0.5119104324020721,0.0,0.3333333333333333,1.0,False,below within-person threshold
ae1dce98-7f2e-4eb8-b5ef-c205007e1499,2026-06-06 18:00:00,28,5,3.0,0.9322224429833348,0.7054731611508764,0.5119104324020721,0.0,0.0,0.9333333333333336,False,below within-person threshold
ae1dce98-7f2e-4eb8-b5ef-c205007e1499,2026-06-06 21:00:00,29,5,3.0,0.9322224429833348,0.7054731611508764,0.5119104324020721,0.0,0.0,0.8666666666666671,False,below within-person threshold
ae1dce98-7f2e-4eb8-b5ef-c205007e1499,2026-06-07 09:00:00,30,6,4.0,0.9322224429833348,0.7054731611508764,0.5119104324020721,1.0,0.3333333333333333,0.8000000000000007,False,below within-person threshold
ae1dce98-7f2e-4eb8-b5ef-c205007e1499,2026-06-07 12:00:00,31,6,3.0,0.9322224429833348,0.7054731611508764,0.5119104324020721,1.0,0.6666666666666666,0.7333333333333343,False,below within-person threshold
ae1dce98-7f2e-4eb8-b5ef-c205007e1499,2026-06-07 15:00:00,32,6,4.0,0.9322224429833348,0.7054731611508764,0.5119104324020721,1.0,1.0,0.6666666666666666,True,prompt sent
ae1dce98-7f2e-4eb8-b5ef-c205007e1499,2026-06-07 18:00:00,33,6,3.0,0.9322224429833348,0.7054731611508764,0.5119104324020721,1.0,1.0,0.9333333333333336,True,prompt sent
ae1dce98-7f2e-4eb8-b5ef-c205007e1499,2026-06-07 21:00:00,34,6,2.0,0.9322224429833348,0.7054731611508764,0.5119104324020721,1.0,1.0,1.0,False,below within-person threshold
b7c81e19-6d61-422d-a6d2-1bb2fcc0d714,2026-06-01 09:00:00,0,0,4.0,1.1785346549733038,0.6733122575477691,0.907501915711373,,,,False,missing or insufficient EMA data
b7c81e19-6d61-422d-a6d2-1bb2fcc0d714,2026-06-01 12:00:00,1,0,4.0,1.1785346549733038,0.6733122575477691,0.907501915711373,0.0,0.0,,False,insufficient within-person history
b7c81e19-6d61-422d-a6d2-1bb2fcc0d714,2026-06-01 15:00:00,2,0,4.0,1.1785346549733038,0.6733122575477691,0.907501915711373,0.0,0.0,,False,insufficient within-person history
b7c81e19-6d61-422d-a6d2-1bb2fcc0d714,2026-06-01 18:00:00,3,0,5.0,1.1785346549733038,0.6733122575477691,0.907501915711373,1.0,0.3333333333333333,,False,insufficient within-person history
b7c81e19-6d61-422d-a6d2-1bb2fcc0d714,2026-06-01 21:00:00,4,0,4.0,1.1785346549733038,0.6733122575477691,0.907501915711373,1.0,0.6666666666666666,0.2,True,prompt sent
b7c81e19-6d61-422d-a6d2-1bb2fcc0d714,2026-06-02 09:00:00,5,1,5.0,1.1785346549733038,0.6733122575477691,0.907501915711373,1.0,1.0,0.4666666666666668,True,prompt sent
b7c81e19-6d61-422d-a6d2-1bb2fcc0d714,2026-06-02 12:00:00,6,1,3.0,1.1785346549733038,0.6733122575477691,0.907501915711373,4.0,2.0,0.7333333333333334,True,prompt sent
b7c81e19-6d61-422d-a6d2-1bb2fcc0d714,2026-06-02 15:00:00,7,1,4.0,1.1785346549733038,0.6733122575477691,0.907501915711373,1.0,2.0,1.0,True,prompt sent
b7c81e19-6d61-422d-a6d2-1bb2fcc0d714,2026-06-02 18:00:00,8,1,4.0,1.1785346549733038,0.6733122575477691,0.907501915711373,0.0,1.6666666666666667,1.8000000000000007,False,below within-person threshold
b7c81e19-6d61-422d-a6d2-1bb2fcc0d714,2026-06-02 21:00:00,9,1,3.0,1.1785346549733038,0.6733122575477691,0.907501915711373,1.0,0.6666666666666666,1.866666666666667,False,below within-person threshold
b7c81e19-6d61-422d-a6d2-1bb2fcc0d714,2026-06-03 09:00:00,10,2,3.0,1.1785346549733038,0.6733122575477691,0.907501915711373,0.0,0.3333333333333333,1.8000000000000003,False,below within-person threshold
b7c81e19-6d61-422d-a6d2-1bb2fcc0d714,2026-06-03 12:00:00,11,2,2.0,1.1785346549733038,0.6733122575477691,0.907501915711373,1.0,0.6666666666666666,1.7333333333333334,False,below within-person threshold
b7c81e19-6d61-422d-a6d2-1bb2fcc0d714,2026-06-03 15:00:00,12,2,2.0,1.1785346549733038,0.6733122575477691,0.907501915711373,0.0,0.3333333333333333,1.6666666666666667,False,below within-person threshold
b7c81e19-6d61-422d-a6d2-1bb2fcc0d714,2026-06-03 18:00:00,13,2,3.0,1.1785346549733038,0.6733122575477691,0.907501915711373,1.0,0.6666666666666666,1.5333333333333339,False,below within-person threshold
b7c81e19-6d61-422d-a6d2-1bb2fcc0d714,2026-06-03 21:00:00,14,2,2.0,1.1785346549733038,0.6733122575477691,0.907501915711373,1.0,0.6666666666666666,1.400000000000001,False,below within-person threshold
b7c81e19-6d61-422d-a6d2-1bb2fcc0d714,2026-06-04 09:00:00,15,3,2.0,1.1785346549733038,0.6733122575477691,0.907501915711373,0.0,0.6666666666666666,1.266666666666667,False,below within-person threshold
b7c81e19-6d61-422d-a6d2-1bb2fcc0d714,2026-06-04 12:00:00,16,3,1.0,1.1785346549733038,0.6733122575477691,0.907501915711373,1.0,0.6666666666666666,1.133333333333334,False,below within-person threshold
b7c81e19-6d61-422d-a6d2-1bb2fcc0d714,2026-06-04 15:00:00,17,3,3.0,1.1785346549733038,0.6733122575477691,0.907501915711373,4.0,1.6666666666666667,1.0,True,prompt sent
b7c81e19-6d61-422d-a6d2-1bb2fcc0d714,2026-06-04 18:00:00,18,3,4.0,1.1785346549733038,0.6733122575477691,0.907501915711373,1.0,2.0,1.5333333333333339,True,prompt sent
b7c81e19-6d61-422d-a6d2-1bb2fcc0d714,2026-06-04 21:00:00,19,3,4.0,1.1785346549733038,0.6733122575477691,0.907501915711373,0.0,1.6666666666666667,1.6666666666666667,False,below within-person threshold
b7c81e19-6d61-422d-a6d2-1bb2fcc0d714,2026-06-05 09:00:00,20,4,4.0,1.1785346549733038,0.6733122575477691,0.907501915711373,0.0,0.3333333333333333,1.6666666666666667,False,below within-person threshold
b7c81e19-6d61-422d-a6d2-1bb2fcc0d714,2026-06-05 12:00:00,21,4,2.0,1.1785346549733038,0.6733122575477691,0.907501915711373,4.0,1.3333333333333333,1.6666666666666667,False,below within-person threshold
b7c81e19-6d61-422d-a6d2-1bb2fcc0d714,2026-06-05 15:00:00,22,4,3.0,1.1785346549733038,0.6733122575477691,0.907501915711373,1.0,1.6666666666666667,1.6666666666666667,False,below within-person threshold
b7c81e19-6d61-422d-a6d2-1bb2fcc0d714,2026-06-05 18:00:00,23,4,4.0,1.1785346549733038,0.6733122575477691,0.907501915711373,1.0,2.0,1.6666666666666667,True,prompt sent
b7c81e19-6d61-422d-a6d2-1bb2fcc0d714,2026-06-05 21:00:00,24,4,5.0,1.1785346549733038,0.6733122575477691,0.907501915711373,1.0,1.0,1.6666666666666667,False,below within-person threshold
b7c81e19-6d61-422d-a6d2-1bb2fcc0d714,2026-06-06 09:00:00,25,5,5.0,1.1785346549733038,0.6733122575477691,0.907501915711373,0.0,0.6666666666666666,1.6666666666666667,False,below within-person threshold
b7c81e19-6d61-422d-a6d2-1bb2fcc0d714,2026-06-06 12:00:00,26,5,3.0,1.1785346549733038,0.6733122575477691,0.907501915711373,4.0,1.6666666666666667,1.6666666666666667,False,below within-person threshold
b7c81e19-6d61-422d-a6d2-1bb2fcc0d714,2026-06-06 15:00:00,27,5,4.0,1.1785346549733038,0.6733122575477691,0.907501915711373,1.0,1.6666666666666667,1.6666666666666667,False,below within-person threshold
b7c81e19-6d61-422d-a6d2-1bb2fcc0d714,2026-06-06 18:00:00,28,5,2.0,1.1785346549733038,0.6733122575477691,0.907501915711373,4.0,3.0,1.6666666666666667,True,prompt sent
b7c81e19-6d61-422d-a6d2-1bb2fcc0d714,2026-06-06 21:00:00,29,5,4.0,1.1785346549733038,0.6733122575477691,0.907501915711373,4.0,3.0,1.6666666666666667,True,prompt sent
b7c81e19-6d61-422d-a6d2-1bb2fcc0d714,2026-06-07 09:00:00,30,6,3.0,1.1785346549733038,0.6733122575477691,0.907501915711373,1.0,3.0,1.8000000000000007,True,prompt sent
b7c81e19-6d61-422d-a6d2-1bb2fcc0d714,2026-06-07 12:00:00,31,6,4.0,1.1785346549733038,0.6733122575477691,0.907501915711373,1.0,2.0,2.0,False,below within-person threshold
b7c81e19-6d61-422d-a6d2-1bb2fcc0d714,2026-06-07 15:00:00,32,6,4.0,1.1785346549733038,0.6733122575477691,0.907501915711373,0.0,0.6666666666666666,2.0,False,below within-person threshold
b7c81e19-6d61-422d-a6d2-1bb2fcc0d714,2026-06-07 18:00:00,33,6,3.0,1.1785346549733038,0.6733122575477691,0.907501915711373,1.0,0.6666666666666666,2.0,False,below within-person threshold
b7c81e19-6d61-422d-a6d2-1bb2fcc0d714,2026-06-07 21:00:00,34,6,3.0,1.1785346549733038,0.6733122575477691,0.907501915711373,0.0,0.3333333333333333,2.0,False,below within-person threshold
b8f522f8-9fa2-4b2c-b93b-7d7242df4239,2026-06-01 09:00:00,0,0,3.0,0.6640410454337162,0.28799744684265716,0.6279157779015457,,,,False,missing or insufficient EMA data
b8f522f8-9fa2-4b2c-b93b-7d7242df4239,2026-06-01 12:00:00,1,0,3.0,0.6640410454337162,0.28799744684265716,0.6279157779015457,0.0,0.0,,False,insufficient within-person history
b8f522f8-9fa2-4b2c-b93b-7d7242df4239,2026-06-01 15:00:00,2,0,2.0,0.6640410454337162,0.28799744684265716,0.6279157779015457,1.0,0.5,,False,insufficient within-person history
b8f522f8-9fa2-4b2c-b93b-7d7242df4239,2026-06-01 18:00:00,3,0,3.0,0.6640410454337162,0.28799744684265716,0.6279157779015457,1.0,0.6666666666666666,,False,insufficient within-person history
b8f522f8-9fa2-4b2c-b93b-7d7242df4239,2026-06-01 21:00:00,4,0,2.0,0.6640410454337162,0.28799744684265716,0.6279157779015457,1.0,1.0,0.6,True,prompt sent
b8f522f8-9fa2-4b2c-b93b-7d7242df4239,2026-06-02 09:00:00,5,1,2.0,0.6640410454337162,0.28799744684265716,0.6279157779015457,0.0,0.6666666666666666,0.8,False,below within-person threshold
b8f522f8-9fa2-4b2c-b93b-7d7242df4239,2026-06-02 12:00:00,6,1,3.0,0.6640410454337162,0.28799744684265716,0.6279157779015457,1.0,0.6666666666666666,0.7333333333333334,False,below within-person threshold
b8f522f8-9fa2-4b2c-b93b-7d7242df4239,2026-06-02 15:00:00,7,1,2.0,0.6640410454337162,0.28799744684265716,0.6279157779015457,1.0,0.6666666666666666,0.6666666666666666,False,below within-person threshold
b8f522f8-9fa2-4b2c-b93b-7d7242df4239,2026-06-02 18:00:00,8,1,2.0,0.6640410454337162,0.28799744684265716,0.6279157779015457,0.0,0.6666666666666666,0.6666666666666666,False,below within-person threshold
b8f522f8-9fa2-4b2c-b93b-7d7242df4239,2026-06-02 21:00:00,9,1,2.0,0.6640410454337162,0.28799744684265716,0.6279157779015457,0.0,0.3333333333333333,0.6666666666666666,False,below within-person threshold
b8f522f8-9fa2-4b2c-b93b-7d7242df4239,2026-06-03 09:00:00,10,2,4.0,0.6640410454337162,0.28799744684265716,0.6279157779015457,4.0,1.3333333333333333,0.6666666666666666,True,prompt sent
b8f522f8-9fa2-4b2c-b93b-7d7242df4239,2026-06-03 12:00:00,11,2,4.0,0.6640410454337162,0.28799744684265716,0.6279157779015457,0.0,1.3333333333333333,0.7333333333333334,True,prompt sent
b8f522f8-9fa2-4b2c-b93b-7d7242df4239,2026-06-03 15:00:00,12,2,3.0,0.6640410454337162,0.28799744684265716,0.6279157779015457,1.0,1.6666666666666667,1.0,True,prompt sent
b8f522f8-9fa2-4b2c-b93b-7d7242df4239,2026-06-03 18:00:00,13,2,4.0,0.6640410454337162,0.28799744684265716,0.6279157779015457,1.0,0.6666666666666666,1.2666666666666668,False,below within-person threshold
b8f522f8-9fa2-4b2c-b93b-7d7242df4239,2026-06-03 21:00:00,14,2,3.0,0.6640410454337162,0.28799744684265716,0.6279157779015457,1.0,1.0,1.2000000000000004,False,below within-person threshold
b8f522f8-9fa2-4b2c-b93b-7d7242df4239,2026-06-04 09:00:00,15,3,2.0,0.6640410454337162,0.28799744684265716,0.6279157779015457,1.0,1.0,1.1333333333333333,False,below within-person threshold
b8f522f8-9fa2-4b2c-b93b-7d7242df4239,2026-06-04 12:00:00,16,3,3.0,0.6640410454337162,0.28799744684265716,0.6279157779015457,1.0,1.0,1.066666666666667,False,below within-person threshold
b8f522f8-9fa2-4b2c-b93b-7d7242df4239,2026-06-04 15:00:00,17,3,3.0,0.6640410454337162,0.28799744684265716,0.6279157779015457,0.0,0.6666666666666666,1.0,False,below within-person threshold
b8f522f8-9fa2-4b2c-b93b-7d7242df4239,2026-06-04 18:00:00,18,3,3.0,0.6640410454337162,0.28799744684265716,0.6279157779015457,0.0,0.3333333333333333,1.0,False,below within-person threshold
b8f522f8-9fa2-4b2c-b93b-7d7242df4239,2026-06-04 21:00:00,19,3,2.0,0.6640410454337162,0.28799744684265716,0.6279157779015457,1.0,0.3333333333333333,1.0,False,below within-person threshold
b8f522f8-9fa2-4b2c-b93b-7d7242df4239,2026-06-05 09:00:00,20,4,3.0,0.6640410454337162,0.28799744684265716,0.6279157779015457,1.0,0.6666666666666666,1.0,False,below within-person threshold
b8f522f8-9fa2-4b2c-b93b-7d7242df4239,2026-06-05 12:00:00,21,4,3.0,0.6640410454337162,0.28799744684265716,0.6279157779015457,0.0,0.6666666666666666,1.0,False,below within-person threshold
b8f522f8-9fa2-4b2c-b93b-7d7242df4239,2026-06-05 15:00:00,22,4,2.0,0.6640410454337162,0.28799744684265716,0.6279157779015457,1.0,0.6666666666666666,1.0,False,below within-person threshold
b8f522f8-9fa2-4b2c-b93b-7d7242df4239,2026-06-05 18:00:00,23,4,3.0,0.6640410454337162,0.28799744684265716,0.6279157779015457,1.0,0.6666666666666666,1.0,False,below within-person threshold
b8f522f8-9fa2-4b2c-b93b-7d7242df4239,2026-06-05 21:00:00,24,4,3.0,0.6640410454337162,0.28799744684265716,0.6279157779015457,0.0,0.6666666666666666,1.0,False,below within-person threshold
b8f522f8-9fa2-4b2c-b93b-7d7242df4239,2026-06-06 09:00:00,25,5,4.0,0.6640410454337162,0.28799744684265716,0.6279157779015457,1.0,0.6666666666666666,1.0,False,below within-person threshold
b8f522f8-9fa2-4b2c-b93b-7d7242df4239,2026-06-06 12:00:00,26,5,3.0,0.6640410454337162,0.28799744684265716,0.6279157779015457,1.0,0.6666666666666666,1.0,False,below within-person threshold
b8f522f8-9fa2-4b2c-b93b-7d7242df4239,2026-06-06 15:00:00,27,5,3.0,0.6640410454337162,0.28799744684265716,0.6279157779015457,0.0,0.6666666666666666,1.0,False,below within-person threshold
b8f522f8-9fa2-4b2c-b93b-7d7242df4239,2026-06-06 18:00:00,28,5,4.0,0.6640410454337162,0.28799744684265716,0.6279157779015457,1.0,0.6666666666666666,1.0,False,below within-person threshold
b8f522f8-9fa2-4b2c-b93b-7d7242df4239,2026-06-06 21:00:00,29,5,2.0,0.6640410454337162,0.28799744684265716,0.6279157779015457,4.0,1.6666666666666667,1.0,True,prompt sent
b8f522f8-9fa2-4b2c-b93b-7d7242df4239,2026-06-07 09:00:00,30,6,2.0,0.6640410454337162,0.28799744684265716,0.6279157779015457,0.0,1.6666666666666667,1.0,True,prompt sent
b8f522f8-9fa2-4b2c-b93b-7d7242df4239,2026-06-07 12:00:00,31,6,2.0,0.6640410454337162,0.28799744684265716,0.6279157779015457,0.0,1.3333333333333333,1.0,True,prompt sent
b8f522f8-9fa2-4b2c-b93b-7d7242df4239,2026-06-07 15:00:00,32,6,2.0,0.6640410454337162,0.28799744684265716,0.6279157779015457,0.0,0.0,1.0,False,below within-person threshold
b8f522f8-9fa2-4b2c-b93b-7d7242df4239,2026-06-07 18:00:00,33,6,4.0,0.6640410454337162,0.28799744684265716,0.6279157779015457,4.0,1.3333333333333333,1.0,True,prompt sent
b8f522f8-9fa2-4b2c-b93b-7d7242df4239,2026-06-07 21:00:00,34,6,4.0,0.6640410454337162,0.28799744684265716,0.6279157779015457,0.0,1.3333333333333333,1.2000000000000004,True,prompt sent
b98114aa-9209-4fb4-9569-37cc4a2ee5f3,2026-06-01 09:00:00,0,0,,1.3523065375639811,0.7700247116026971,0.8411267850623465,,,,False,missing or insufficient EMA data
b98114aa-9209-4fb4-9569-37cc4a2ee5f3,2026-06-01 12:00:00,1,0,1.0,1.3523065375639811,0.7700247116026971,0.8411267850623465,,,,False,missing or insufficient EMA data
b98114aa-9209-4fb4-9569-37cc4a2ee5f3,2026-06-01 15:00:00,2,0,2.0,1.3523065375639811,0.7700247116026971,0.8411267850623465,1.0,1.0,,False,insufficient within-person history
b98114aa-9209-4fb4-9569-37cc4a2ee5f3,2026-06-01 18:00:00,3,0,3.0,1.3523065375639811,0.7700247116026971,0.8411267850623465,1.0,1.0,,False,insufficient within-person history
b98114aa-9209-4fb4-9569-37cc4a2ee5f3,2026-06-01 21:00:00,4,0,2.0,1.3523065375639811,0.7700247116026971,0.8411267850623465,1.0,1.0,,False,insufficient within-person history
b98114aa-9209-4fb4-9569-37cc4a2ee5f3,2026-06-02 09:00:00,5,1,1.0,1.3523065375639811,0.7700247116026971,0.8411267850623465,1.0,1.0,1.0,False,below within-person threshold
b98114aa-9209-4fb4-9569-37cc4a2ee5f3,2026-06-02 12:00:00,6,1,,1.3523065375639811,0.7700247116026971,0.8411267850623465,,1.0,1.0,False,missing or insufficient EMA data
b98114aa-9209-4fb4-9569-37cc4a2ee5f3,2026-06-02 15:00:00,7,1,,1.3523065375639811,0.7700247116026971,0.8411267850623465,,1.0,1.0,False,missing or insufficient EMA data
b98114aa-9209-4fb4-9569-37cc4a2ee5f3,2026-06-02 18:00:00,8,1,,1.3523065375639811,0.7700247116026971,0.8411267850623465,,,1.0,False,missing or insufficient EMA data
b98114aa-9209-4fb4-9569-37cc4a2ee5f3,2026-06-02 21:00:00,9,1,3.0,1.3523065375639811,0.7700247116026971,0.8411267850623465,,,1.0,False,missing or insufficient EMA data
b98114aa-9209-4fb4-9569-37cc4a2ee5f3,2026-06-03 09:00:00,10,2,2.0,1.3523065375639811,0.7700247116026971,0.8411267850623465,1.0,1.0,1.0,False,below within-person threshold
b98114aa-9209-4fb4-9569-37cc4a2ee5f3,2026-06-03 12:00:00,11,2,2.0,1.3523065375639811,0.7700247116026971,0.8411267850623465,0.0,0.5,1.0,False,below within-person threshold
b98114aa-9209-4fb4-9569-37cc4a2ee5f3,2026-06-03 15:00:00,12,2,2.0,1.3523065375639811,0.7700247116026971,0.8411267850623465,0.0,0.3333333333333333,1.0,False,below within-person threshold
b98114aa-9209-4fb4-9569-37cc4a2ee5f3,2026-06-03 18:00:00,13,2,2.0,1.3523065375639811,0.7700247116026971,0.8411267850623465,0.0,0.0,1.0,False,below within-person threshold
b98114aa-9209-4fb4-9569-37cc4a2ee5f3,2026-06-03 21:00:00,14,2,3.0,1.3523065375639811,0.7700247116026971,0.8411267850623465,1.0,0.3333333333333333,1.0,False,below within-person threshold
b98114aa-9209-4fb4-9569-37cc4a2ee5f3,2026-06-04 09:00:00,15,3,4.0,1.3523065375639811,0.7700247116026971,0.8411267850623465,1.0,0.6666666666666666,1.0,False,below within-person threshold
b98114aa-9209-4fb4-9569-37cc4a2ee5f3,2026-06-04 12:00:00,16,3,,1.3523065375639811,0.7700247116026971,0.8411267850623465,,1.0,1.0,False,missing or insufficient EMA data
b98114aa-9209-4fb4-9569-37cc4a2ee5f3,2026-06-04 15:00:00,17,3,,1.3523065375639811,0.7700247116026971,0.8411267850623465,,1.0,1.0,False,missing or insufficient EMA data
b98114aa-9209-4fb4-9569-37cc4a2ee5f3,2026-06-04 18:00:00,18,3,,1.3523065375639811,0.7700247116026971,0.8411267850623465,,,1.0,False,missing or insufficient EMA data
b98114aa-9209-4fb4-9569-37cc4a2ee5f3,2026-06-04 21:00:00,19,3,2.0,1.3523065375639811,0.7700247116026971,0.8411267850623465,,,1.0,False,missing or insufficient EMA data
b98114aa-9209-4fb4-9569-37cc4a2ee5f3,2026-06-05 09:00:00,20,4,,1.3523065375639811,0.7700247116026971,0.8411267850623465,,,1.0,False,missing or insufficient EMA data
b98114aa-9209-4fb4-9569-37cc4a2ee5f3,2026-06-05 12:00:00,21,4,,1.3523065375639811,0.7700247116026971,0.8411267850623465,,,1.0,False,missing or insufficient EMA data
b98114aa-9209-4fb4-9569-37cc4a2ee5f3,2026-06-05 15:00:00,22,4,2.0,1.3523065375639811,0.7700247116026971,0.8411267850623465,,,1.0,False,missing or insufficient EMA data
b98114aa-9209-4fb4-9569-37cc4a2ee5f3,2026-06-05 18:00:00,23,4,1.0,1.3523065375639811,0.7700247116026971,0.8411267850623465,1.0,1.0,1.0,False,below within-person threshold
b98114aa-9209-4fb4-9569-37cc4a2ee5f3,2026-06-05 21:00:00,24,4,1.0,1.3523065375639811,0.7700247116026971,0.8411267850623465,0.0,0.5,1.0,False,below within-person threshold
b98114aa-9209-4fb4-9569-37cc4a2ee5f3,2026-06-06 09:00:00,25,5,,1.3523065375639811,0.7700247116026971,0.8411267850623465,,0.5,1.0,False,missing or insufficient EMA data
b98114aa-9209-4fb4-9569-37cc4a2ee5f3,2026-06-06 12:00:00,26,5,,1.3523065375639811,0.7700247116026971,0.8411267850623465,,0.0,1.0,False,missing or insufficient EMA data
b98114aa-9209-4fb4-9569-37cc4a2ee5f3,2026-06-06 15:00:00,27,5,,1.3523065375639811,0.7700247116026971,0.8411267850623465,,,1.0,False,missing or insufficient EMA data
b98114aa-9209-4fb4-9569-37cc4a2ee5f3,2026-06-06 18:00:00,28,5,1.0,1.3523065375639811,0.7700247116026971,0.8411267850623465,,,1.0,False,missing or insufficient EMA data
b98114aa-9209-4fb4-9569-37cc4a2ee5f3,2026-06-06 21:00:00,29,5,2.0,1.3523065375639811,0.7700247116026971,0.8411267850623465,1.0,1.0,1.0,False,below within-person threshold
b98114aa-9209-4fb4-9569-37cc4a2ee5f3,2026-06-07 09:00:00,30,6,2.0,1.3523065375639811,0.7700247116026971,0.8411267850623465,0.0,0.5,1.0,False,below within-person threshold
b98114aa-9209-4fb4-9569-37cc4a2ee5f3,2026-06-07 12:00:00,31,6,2.0,1.3523065375639811,0.7700247116026971,0.8411267850623465,0.0,0.3333333333333333,1.0,False,below within-person threshold
b98114aa-9209-4fb4-9569-37cc4a2ee5f3,2026-06-07 15:00:00,32,6,1.0,1.3523065375639811,0.7700247116026971,0.8411267850623465,1.0,0.3333333333333333,1.0,False,below within-person threshold
b98114aa-9209-4fb4-9569-37cc4a2ee5f3,2026-06-07 18:00:00,33,6,,1.3523065375639811,0.7700247116026971,0.8411267850623465,,0.5,1.0,False,missing or insufficient EMA data
b98114aa-9209-4fb4-9569-37cc4a2ee5f3,2026-06-07 21:00:00,34,6,,1.3523065375639811,0.7700247116026971,0.8411267850623465,,1.0,1.0,False,missing or insufficient EMA data
c307adc3-cca1-4f01-b7f3-e87b51471ed6,2026-06-01 09:00:00,0,0,3.0,1.4907106426315486,0.23768116344026557,3.3880776161882893,,,,False,missing or insufficient EMA data
c307adc3-cca1-4f01-b7f3-e87b51471ed6,2026-06-01 12:00:00,1,0,5.0,1.4907106426315486,0.23768116344026557,3.3880776161882893,4.0,4.0,,False,insufficient within-person history
c307adc3-cca1-4f01-b7f3-e87b51471ed6,2026-06-01 15:00:00,2,0,5.0,1.4907106426315486,0.23768116344026557,3.3880776161882893,0.0,2.0,,False,insufficient within-person history
c307adc3-cca1-4f01-b7f3-e87b51471ed6,2026-06-01 18:00:00,3,0,5.0,1.4907106426315486,0.23768116344026557,3.3880776161882893,0.0,1.3333333333333333,,False,insufficient within-person history
c307adc3-cca1-4f01-b7f3-e87b51471ed6,2026-06-01 21:00:00,4,0,4.0,1.4907106426315486,0.23768116344026557,3.3880776161882893,1.0,0.3333333333333333,3.2,False,below within-person threshold
c307adc3-cca1-4f01-b7f3-e87b51471ed6,2026-06-02 09:00:00,5,1,5.0,1.4907106426315486,0.23768116344026557,3.3880776161882893,1.0,0.6666666666666666,2.8000000000000007,False,below within-person threshold
c307adc3-cca1-4f01-b7f3-e87b51471ed6,2026-06-02 12:00:00,6,1,,1.4907106426315486,0.23768116344026557,3.3880776161882893,,1.0,2.4000000000000004,False,missing or insufficient EMA data
c307adc3-cca1-4f01-b7f3-e87b51471ed6,2026-06-02 15:00:00,7,1,5.0,1.4907106426315486,0.23768116344026557,3.3880776161882893,,1.0,2.0,False,below within-person threshold
c307adc3-cca1-4f01-b7f3-e87b51471ed6,2026-06-02 18:00:00,8,1,5.0,1.4907106426315486,0.23768116344026557,3.3880776161882893,0.0,0.0,1.8666666666666671,False,below within-person threshold
c307adc3-cca1-4f01-b7f3-e87b51471ed6,2026-06-02 21:00:00,9,1,3.0,1.4907106426315486,0.23768116344026557,3.3880776161882893,4.0,2.0,1.7333333333333336,True,prompt sent
c307adc3-cca1-4f01-b7f3-e87b51471ed6,2026-06-03 09:00:00,10,2,1.0,1.4907106426315486,0.23768116344026557,3.3880776161882893,4.0,2.6666666666666665,2.0,True,prompt sent
c307adc3-cca1-4f01-b7f3-e87b51471ed6,2026-06-03 12:00:00,11,2,2.0,1.4907106426315486,0.23768116344026557,3.3880776161882893,1.0,3.0,2.1333333333333333,True,prompt sent
c307adc3-cca1-4f01-b7f3-e87b51471ed6,2026-06-03 15:00:00,12,2,3.0,1.4907106426315486,0.23768116344026557,3.3880776161882893,1.0,2.0,2.6666666666666665,False,below within-person threshold
c307adc3-cca1-4f01-b7f3-e87b51471ed6,2026-06-03 18:00:00,13,2,5.0,1.4907106426315486,0.23768116344026557,3.3880776161882893,4.0,2.0,2.5333333333333337,False,below within-person threshold
c307adc3-cca1-4f01-b7f3-e87b51471ed6,2026-06-03 21:00:00,14,2,,1.4907106426315486,0.23768116344026557,3.3880776161882893,,2.5,2.400000000000001,False,missing or insufficient EMA data
c307adc3-cca1-4f01-b7f3-e87b51471ed6,2026-06-04 09:00:00,15,3,,1.4907106426315486,0.23768116344026557,3.3880776161882893,,4.0,2.566666666666667,False,missing or insufficient EMA data
c307adc3-cca1-4f01-b7f3-e87b51471ed6,2026-06-04 12:00:00,16,3,3.0,1.4907106426315486,0.23768116344026557,3.3880776161882893,,,2.7333333333333334,False,missing or insufficient EMA data
c307adc3-cca1-4f01-b7f3-e87b51471ed6,2026-06-04 15:00:00,17,3,5.0,1.4907106426315486,0.23768116344026557,3.3880776161882893,4.0,4.0,2.7333333333333334,True,prompt sent
c307adc3-cca1-4f01-b7f3-e87b51471ed6,2026-06-04 18:00:00,18,3,4.0,1.4907106426315486,0.23768116344026557,3.3880776161882893,1.0,2.5,3.0,False,below within-person threshold
c307adc3-cca1-4f01-b7f3-e87b51471ed6,2026-06-04 21:00:00,19,3,3.0,1.4907106426315486,0.23768116344026557,3.3880776161882893,1.0,2.0,2.9333333333333336,False,below within-person threshold
c307adc3-cca1-4f01-b7f3-e87b51471ed6,2026-06-05 09:00:00,20,4,3.0,1.4907106426315486,0.23768116344026557,3.3880776161882893,0.0,0.6666666666666666,2.866666666666667,False,below within-person threshold
c307adc3-cca1-4f01-b7f3-e87b51471ed6,2026-06-05 12:00:00,21,4,4.0,1.4907106426315486,0.23768116344026557,3.3880776161882893,1.0,0.6666666666666666,2.8,False,below within-person threshold
c307adc3-cca1-4f01-b7f3-e87b51471ed6,2026-06-05 15:00:00,22,4,,1.4907106426315486,0.23768116344026557,3.3880776161882893,,0.5,2.7333333333333334,False,missing or insufficient EMA data
c307adc3-cca1-4f01-b7f3-e87b51471ed6,2026-06-05 18:00:00,23,4,,1.4907106426315486,0.23768116344026557,3.3880776161882893,,1.0,2.6666666666666665,False,missing or insufficient EMA data
c307adc3-cca1-4f01-b7f3-e87b51471ed6,2026-06-05 21:00:00,24,4,,1.4907106426315486,0.23768116344026557,3.3880776161882893,,,2.6333333333333333,False,missing or insufficient EMA data
c307adc3-cca1-4f01-b7f3-e87b51471ed6,2026-06-06 09:00:00,25,5,,1.4907106426315486,0.23768116344026557,3.3880776161882893,,,2.6333333333333333,False,missing or insufficient EMA data
c307adc3-cca1-4f01-b7f3-e87b51471ed6,2026-06-06 12:00:00,26,5,,1.4907106426315486,0.23768116344026557,3.3880776161882893,,,2.6333333333333333,False,missing or insufficient EMA data
c307adc3-cca1-4f01-b7f3-e87b51471ed6,2026-06-06 15:00:00,27,5,5.0,1.4907106426315486,0.23768116344026557,3.3880776161882893,,,2.6333333333333333,False,missing or insufficient EMA data
c307adc3-cca1-4f01-b7f3-e87b51471ed6,2026-06-06 18:00:00,28,5,3.0,1.4907106426315486,0.23768116344026557,3.3880776161882893,4.0,4.0,2.6333333333333333,True,prompt sent
c307adc3-cca1-4f01-b7f3-e87b51471ed6,2026-06-06 21:00:00,29,5,1.0,1.4907106426315486,0.23768116344026557,3.3880776161882893,4.0,4.0,2.866666666666667,True,prompt sent
c307adc3-cca1-4f01-b7f3-e87b51471ed6,2026-06-07 09:00:00,30,6,2.0,1.4907106426315486,0.23768116344026557,3.3880776161882893,1.0,3.0,3.400000000000002,False,below within-person threshold
c307adc3-cca1-4f01-b7f3-e87b51471ed6,2026-06-07 12:00:00,31,6,2.0,1.4907106426315486,0.23768116344026557,3.3880776161882893,0.0,1.6666666666666667,3.200000000000003,False,below within-person threshold
c307adc3-cca1-4f01-b7f3-e87b51471ed6,2026-06-07 15:00:00,32,6,4.0,1.4907106426315486,0.23768116344026557,3.3880776161882893,4.0,1.6666666666666667,3.0,False,below within-person threshold
c307adc3-cca1-4f01-b7f3-e87b51471ed6,2026-06-07 18:00:00,33,6,2.0,1.4907106426315486,0.23768116344026557,3.3880776161882893,4.0,2.6666666666666665,3.0,False,below within-person threshold
c307adc3-cca1-4f01-b7f3-e87b51471ed6,2026-06-07 21:00:00,34,6,3.0,1.4907106426315486,0.23768116344026557,3.3880776161882893,1.0,3.0,3.0,False,below within-person threshold
c318182a-659b-4bbf-ace6-844aeae41c26,2026-06-01 09:00:00,0,0,2.0,1.3923011679264834,0.673520443116723,1.2657629019952943,,,,False,missing or insufficient EMA data
c318182a-659b-4bbf-ace6-844aeae41c26,2026-06-01 12:00:00,1,0,3.0,1.3923011679264834,0.673520443116723,1.2657629019952943,1.0,1.0,,False,insufficient within-person history
c318182a-659b-4bbf-ace6-844aeae41c26,2026-06-01 15:00:00,2,0,2.0,1.3923011679264834,0.673520443116723,1.2657629019952943,1.0,1.0,,False,insufficient within-person history
c318182a-659b-4bbf-ace6-844aeae41c26,2026-06-01 18:00:00,3,0,2.0,1.3923011679264834,0.673520443116723,1.2657629019952943,0.0,0.6666666666666666,,False,insufficient within-person history
c318182a-659b-4bbf-ace6-844aeae41c26,2026-06-01 21:00:00,4,0,2.0,1.3923011679264834,0.673520443116723,1.2657629019952943,0.0,0.3333333333333333,1.0,False,below within-person threshold
c318182a-659b-4bbf-ace6-844aeae41c26,2026-06-02 09:00:00,5,1,2.0,1.3923011679264834,0.673520443116723,1.2657629019952943,0.0,0.0,1.0,False,below within-person threshold
c318182a-659b-4bbf-ace6-844aeae41c26,2026-06-02 12:00:00,6,1,1.0,1.3923011679264834,0.673520443116723,1.2657629019952943,1.0,0.3333333333333333,1.0,False,below within-person threshold
c318182a-659b-4bbf-ace6-844aeae41c26,2026-06-02 15:00:00,7,1,2.0,1.3923011679264834,0.673520443116723,1.2657629019952943,1.0,0.6666666666666666,1.0,False,below within-person threshold
c318182a-659b-4bbf-ace6-844aeae41c26,2026-06-02 18:00:00,8,1,3.0,1.3923011679264834,0.673520443116723,1.2657629019952943,1.0,1.0,0.9333333333333336,True,prompt sent
c318182a-659b-4bbf-ace6-844aeae41c26,2026-06-02 21:00:00,9,1,3.0,1.3923011679264834,0.673520443116723,1.2657629019952943,0.0,0.6666666666666666,1.0,False,below within-person threshold
c318182a-659b-4bbf-ace6-844aeae41c26,2026-06-03 09:00:00,10,2,4.0,1.3923011679264834,0.673520443116723,1.2657629019952943,1.0,0.6666666666666666,1.0,False,below within-person threshold
c318182a-659b-4bbf-ace6-844aeae41c26,2026-06-03 12:00:00,11,2,,1.3923011679264834,0.673520443116723,1.2657629019952943,,0.5,1.0,False,missing or insufficient EMA data
c318182a-659b-4bbf-ace6-844aeae41c26,2026-06-03 15:00:00,12,2,,1.3923011679264834,0.673520443116723,1.2657629019952943,,1.0,1.0,False,missing or insufficient EMA data
c318182a-659b-4bbf-ace6-844aeae41c26,2026-06-03 18:00:00,13,2,4.0,1.3923011679264834,0.673520443116723,1.2657629019952943,,,1.0,False,missing or insufficient EMA data
c318182a-659b-4bbf-ace6-844aeae41c26,2026-06-03 21:00:00,14,2,5.0,1.3923011679264834,0.673520443116723,1.2657629019952943,1.0,1.0,1.0,False,below within-person threshold
c318182a-659b-4bbf-ace6-844aeae41c26,2026-06-04 09:00:00,15,3,5.0,1.3923011679264834,0.673520443116723,1.2657629019952943,0.0,0.5,1.0,False,below within-person threshold
c318182a-659b-4bbf-ace6-844aeae41c26,2026-06-04 12:00:00,16,3,4.0,1.3923011679264834,0.673520443116723,1.2657629019952943,1.0,0.6666666666666666,1.0,False,below within-person threshold
c318182a-659b-4bbf-ace6-844aeae41c26,2026-06-04 15:00:00,17,3,4.0,1.3923011679264834,0.673520443116723,1.2657629019952943,0.0,0.3333333333333333,1.0,False,below within-person threshold
c318182a-659b-4bbf-ace6-844aeae41c26,2026-06-04 18:00:00,18,3,4.0,1.3923011679264834,0.673520443116723,1.2657629019952943,0.0,0.3333333333333333,1.0,False,below within-person threshold
c318182a-659b-4bbf-ace6-844aeae41c26,2026-06-04 21:00:00,19,3,4.0,1.3923011679264834,0.673520443116723,1.2657629019952943,0.0,0.0,1.0,False,below within-person threshold
c318182a-659b-4bbf-ace6-844aeae41c26,2026-06-05 09:00:00,20,4,5.0,1.3923011679264834,0.673520443116723,1.2657629019952943,1.0,0.3333333333333333,1.0,False,below within-person threshold
c318182a-659b-4bbf-ace6-844aeae41c26,2026-06-05 12:00:00,21,4,4.0,1.3923011679264834,0.673520443116723,1.2657629019952943,1.0,0.6666666666666666,1.0,False,below within-person threshold
c318182a-659b-4bbf-ace6-844aeae41c26,2026-06-05 15:00:00,22,4,4.0,1.3923011679264834,0.673520443116723,1.2657629019952943,0.0,0.6666666666666666,1.0,False,below within-person threshold
c318182a-659b-4bbf-ace6-844aeae41c26,2026-06-05 18:00:00,23,4,4.0,1.3923011679264834,0.673520443116723,1.2657629019952943,0.0,0.3333333333333333,1.0,False,below within-person threshold
c318182a-659b-4bbf-ace6-844aeae41c26,2026-06-05 21:00:00,24,4,4.0,1.3923011679264834,0.673520443116723,1.2657629019952943,0.0,0.0,0.9333333333333336,False,below within-person threshold
c318182a-659b-4bbf-ace6-844aeae41c26,2026-06-06 09:00:00,25,5,3.0,1.3923011679264834,0.673520443116723,1.2657629019952943,1.0,0.3333333333333333,0.8666666666666671,False,below within-person threshold
c318182a-659b-4bbf-ace6-844aeae41c26,2026-06-06 12:00:00,26,5,2.0,1.3923011679264834,0.673520443116723,1.2657629019952943,1.0,0.6666666666666666,0.8000000000000007,False,below within-person threshold
c318182a-659b-4bbf-ace6-844aeae41c26,2026-06-06 15:00:00,27,5,4.0,1.3923011679264834,0.673520443116723,1.2657629019952943,4.0,2.0,0.7333333333333343,True,prompt sent
c318182a-659b-4bbf-ace6-844aeae41c26,2026-06-06 18:00:00,28,5,,1.3923011679264834,0.673520443116723,1.2657629019952943,,2.5,1.0,False,missing or insufficient EMA data
c318182a-659b-4bbf-ace6-844aeae41c26,2026-06-06 21:00:00,29,5,4.0,1.3923011679264834,0.673520443116723,1.2657629019952943,,4.0,1.0,True,prompt sent
c318182a-659b-4bbf-ace6-844aeae41c26,2026-06-07 09:00:00,30,6,4.0,1.3923011679264834,0.673520443116723,1.2657629019952943,0.0,0.0,1.0,False,below within-person threshold
c318182a-659b-4bbf-ace6-844aeae41c26,2026-06-07 12:00:00,31,6,,1.3923011679264834,0.673520443116723,1.2657629019952943,,0.0,1.0,False,missing or insufficient EMA data
c318182a-659b-4bbf-ace6-844aeae41c26,2026-06-07 15:00:00,32,6,,1.3923011679264834,0.673520443116723,1.2657629019952943,,0.0,1.0,False,missing or insufficient EMA data
c318182a-659b-4bbf-ace6-844aeae41c26,2026-06-07 18:00:00,33,6,,1.3923011679264834,0.673520443116723,1.2657629019952943,,,1.0,False,missing or insufficient EMA data
c318182a-659b-4bbf-ace6-844aeae41c26,2026-06-07 21:00:00,34,6,,1.3923011679264834,0.673520443116723,1.2657629019952943,,,1.0,False,missing or insufficient EMA data
c6143730-4cb0-4815-83fd-73280e409dbb,2026-06-01 09:00:00,0,0,2.0,0.9614063469603782,0.2707217378674068,1.3481469516591862,,,,False,missing or insufficient EMA data
c6143730-4cb0-4815-83fd-73280e409dbb,2026-06-01 12:00:00,1,0,4.0,0.9614063469603782,0.2707217378674068,1.3481469516591862,4.0,4.0,,False,insufficient within-person history
c6143730-4cb0-4815-83fd-73280e409dbb,2026-06-01 15:00:00,2,0,3.0,0.9614063469603782,0.2707217378674068,1.3481469516591862,1.0,2.5,,False,insufficient within-person history
c6143730-4cb0-4815-83fd-73280e409dbb,2026-06-01 18:00:00,3,0,3.0,0.9614063469603782,0.2707217378674068,1.3481469516591862,0.0,1.6666666666666667,,False,insufficient within-person history
c6143730-4cb0-4815-83fd-73280e409dbb,2026-06-01 21:00:00,4,0,,0.9614063469603782,0.2707217378674068,1.3481469516591862,,0.5,3.4000000000000004,False,missing or insufficient EMA data
c6143730-4cb0-4815-83fd-73280e409dbb,2026-06-02 09:00:00,5,1,,0.9614063469603782,0.2707217378674068,1.3481469516591862,,0.0,3.1000000000000005,False,missing or insufficient EMA data
c6143730-4cb0-4815-83fd-73280e409dbb,2026-06-02 12:00:00,6,1,2.0,0.9614063469603782,0.2707217378674068,1.3481469516591862,,,2.8000000000000003,False,missing or insufficient EMA data
c6143730-4cb0-4815-83fd-73280e409dbb,2026-06-02 15:00:00,7,1,3.0,0.9614063469603782,0.2707217378674068,1.3481469516591862,1.0,1.0,2.8000000000000003,False,below within-person threshold
c6143730-4cb0-4815-83fd-73280e409dbb,2026-06-02 18:00:00,8,1,5.0,0.9614063469603782,0.2707217378674068,1.3481469516591862,4.0,2.5,2.5,False,below within-person threshold
c6143730-4cb0-4815-83fd-73280e409dbb,2026-06-02 21:00:00,9,1,4.0,0.9614063469603782,0.2707217378674068,1.3481469516591862,1.0,2.0,2.5,False,below within-person threshold
c6143730-4cb0-4815-83fd-73280e409dbb,2026-06-03 09:00:00,10,2,,0.9614063469603782,0.2707217378674068,1.3481469516591862,,2.5,2.5,False,missing or insufficient EMA data
c6143730-4cb0-4815-83fd-73280e409dbb,2026-06-03 12:00:00,11,2,,0.9614063469603782,0.2707217378674068,1.3481469516591862,,1.0,2.5,False,missing or insufficient EMA data
c6143730-4cb0-4815-83fd-73280e409dbb,2026-06-03 15:00:00,12,2,,0.9614063469603782,0.2707217378674068,1.3481469516591862,,,2.5,False,missing or insufficient EMA data
c6143730-4cb0-4815-83fd-73280e409dbb,2026-06-03 18:00:00,13,2,,0.9614063469603782,0.2707217378674068,1.3481469516591862,,,2.5,False,missing or insufficient EMA data
c6143730-4cb0-4815-83fd-73280e409dbb,2026-06-03 21:00:00,14,2,,0.9614063469603782,0.2707217378674068,1.3481469516591862,,,2.5,False,missing or insufficient EMA data
c6143730-4cb0-4815-83fd-73280e409dbb,2026-06-04 09:00:00,15,3,,0.9614063469603782,0.2707217378674068,1.3481469516591862,,,2.5,False,missing or insufficient EMA data
c6143730-4cb0-4815-83fd-73280e409dbb,2026-06-04 12:00:00,16,3,,0.9614063469603782,0.2707217378674068,1.3481469516591862,,,2.5,False,missing or insufficient EMA data
c6143730-4cb0-4815-83fd-73280e409dbb,2026-06-04 15:00:00,17,3,2.0,0.9614063469603782,0.2707217378674068,1.3481469516591862,,,2.5,False,missing or insufficient EMA data
c6143730-4cb0-4815-83fd-73280e409dbb,2026-06-04 18:00:00,18,3,2.0,0.9614063469603782,0.2707217378674068,1.3481469516591862,0.0,0.0,2.5,False,below within-person threshold
c6143730-4cb0-4815-83fd-73280e409dbb,2026-06-04 21:00:00,19,3,3.0,0.9614063469603782,0.2707217378674068,1.3481469516591862,1.0,0.5,2.5,False,below within-person threshold
c6143730-4cb0-4815-83fd-73280e409dbb,2026-06-05 09:00:00,20,4,2.0,0.9614063469603782,0.2707217378674068,1.3481469516591862,1.0,0.6666666666666666,2.5,False,below within-person threshold
c6143730-4cb0-4815-83fd-73280e409dbb,2026-06-05 12:00:00,21,4,2.0,0.9614063469603782,0.2707217378674068,1.3481469516591862,0.0,0.6666666666666666,2.5,False,below within-person threshold
c6143730-4cb0-4815-83fd-73280e409dbb,2026-06-05 15:00:00,22,4,3.0,0.9614063469603782,0.2707217378674068,1.3481469516591862,1.0,0.6666666666666666,2.5,False,below within-person threshold
c6143730-4cb0-4815-83fd-73280e409dbb,2026-06-05 18:00:00,23,4,3.0,0.9614063469603782,0.2707217378674068,1.3481469516591862,0.0,0.3333333333333333,2.5,False,below within-person threshold
c6143730-4cb0-4815-83fd-73280e409dbb,2026-06-05 21:00:00,24,4,3.0,0.9614063469603782,0.2707217378674068,1.3481469516591862,0.0,0.3333333333333333,2.5,False,below within-person threshold
c6143730-4cb0-4815-83fd-73280e409dbb,2026-06-06 09:00:00,25,5,3.0,0.9614063469603782,0.2707217378674068,1.3481469516591862,0.0,0.0,2.4000000000000004,False,below within-person threshold
c6143730-4cb0-4815-83fd-73280e409dbb,2026-06-06 12:00:00,26,5,,0.9614063469603782,0.2707217378674068,1.3481469516591862,,0.0,2.3000000000000007,False,missing or insufficient EMA data
c6143730-4cb0-4815-83fd-73280e409dbb,2026-06-06 15:00:00,27,5,,0.9614063469603782,0.2707217378674068,1.3481469516591862,,0.0,2.2,False,missing or insufficient EMA data
c6143730-4cb0-4815-83fd-73280e409dbb,2026-06-06 18:00:00,28,5,,0.9614063469603782,0.2707217378674068,1.3481469516591862,,,2.1000000000000005,False,missing or insufficient EMA data
c6143730-4cb0-4815-83fd-73280e409dbb,2026-06-06 21:00:00,29,5,,0.9614063469603782,0.2707217378674068,1.3481469516591862,,,2.1000000000000005,False,missing or insufficient EMA data
c6143730-4cb0-4815-83fd-73280e409dbb,2026-06-07 09:00:00,30,6,,0.9614063469603782,0.2707217378674068,1.3481469516591862,,,2.1000000000000005,False,missing or insufficient EMA data
c6143730-4cb0-4815-83fd-73280e409dbb,2026-06-07 12:00:00,31,6,,0.9614063469603782,0.2707217378674068,1.3481469516591862,,,2.1000000000000005,False,missing or insufficient EMA data
c6143730-4cb0-4815-83fd-73280e409dbb,2026-06-07 15:00:00,32,6,,0.9614063469603782,0.2707217378674068,1.3481469516591862,,,2.1000000000000005,False,missing or insufficient EMA data
c6143730-4cb0-4815-83fd-73280e409dbb,2026-06-07 18:00:00,33,6,,0.9614063469603782,0.2707217378674068,1.3481469516591862,,,2.1000000000000005,False,missing or insufficient EMA data
c6143730-4cb0-4815-83fd-73280e409dbb,2026-06-07 21:00:00,34,6,,0.9614063469603782,0.2707217378674068,1.3481469516591862,,,2.1000000000000005,False,missing or insufficient EMA data
c7048ff6-d663-46d2-b4a1-8ba7e62769bb,2026-06-01 09:00:00,0,0,3.0,0.45232596264009084,0.45978952506819193,0.22105280442360223,,,,False,missing or insufficient EMA data
c7048ff6-d663-46d2-b4a1-8ba7e62769bb,2026-06-01 12:00:00,1,0,3.0,0.45232596264009084,0.45978952506819193,0.22105280442360223,0.0,0.0,,False,insufficient within-person history
c7048ff6-d663-46d2-b4a1-8ba7e62769bb,2026-06-01 15:00:00,2,0,3.0,0.45232596264009084,0.45978952506819193,0.22105280442360223,0.0,0.0,,False,insufficient within-person history
c7048ff6-d663-46d2-b4a1-8ba7e62769bb,2026-06-01 18:00:00,3,0,3.0,0.45232596264009084,0.45978952506819193,0.22105280442360223,0.0,0.0,,False,insufficient within-person history
c7048ff6-d663-46d2-b4a1-8ba7e62769bb,2026-06-01 21:00:00,4,0,3.0,0.45232596264009084,0.45978952506819193,0.22105280442360223,0.0,0.0,0.0,False,below within-person threshold
c7048ff6-d663-46d2-b4a1-8ba7e62769bb,2026-06-02 09:00:00,5,1,3.0,0.45232596264009084,0.45978952506819193,0.22105280442360223,0.0,0.0,0.0,False,below within-person threshold
c7048ff6-d663-46d2-b4a1-8ba7e62769bb,2026-06-02 12:00:00,6,1,3.0,0.45232596264009084,0.45978952506819193,0.22105280442360223,0.0,0.0,0.0,False,below within-person threshold
c7048ff6-d663-46d2-b4a1-8ba7e62769bb,2026-06-02 15:00:00,7,1,3.0,0.45232596264009084,0.45978952506819193,0.22105280442360223,0.0,0.0,0.0,False,below within-person threshold
c7048ff6-d663-46d2-b4a1-8ba7e62769bb,2026-06-02 18:00:00,8,1,,0.45232596264009084,0.45978952506819193,0.22105280442360223,,0.0,0.0,False,missing or insufficient EMA data
c7048ff6-d663-46d2-b4a1-8ba7e62769bb,2026-06-02 21:00:00,9,1,3.0,0.45232596264009084,0.45978952506819193,0.22105280442360223,,0.0,0.0,False,below within-person threshold
c7048ff6-d663-46d2-b4a1-8ba7e62769bb,2026-06-03 09:00:00,10,2,3.0,0.45232596264009084,0.45978952506819193,0.22105280442360223,0.0,0.0,0.0,False,below within-person threshold
c7048ff6-d663-46d2-b4a1-8ba7e62769bb,2026-06-03 12:00:00,11,2,,0.45232596264009084,0.45978952506819193,0.22105280442360223,,0.0,0.0,False,missing or insufficient EMA data
c7048ff6-d663-46d2-b4a1-8ba7e62769bb,2026-06-03 15:00:00,12,2,2.0,0.45232596264009084,0.45978952506819193,0.22105280442360223,,0.0,0.0,False,below within-person threshold
c7048ff6-d663-46d2-b4a1-8ba7e62769bb,2026-06-03 18:00:00,13,2,,0.45232596264009084,0.45978952506819193,0.22105280442360223,,,0.0,False,missing or insufficient EMA data
c7048ff6-d663-46d2-b4a1-8ba7e62769bb,2026-06-03 21:00:00,14,2,,0.45232596264009084,0.45978952506819193,0.22105280442360223,,,0.0,False,missing or insufficient EMA data
c7048ff6-d663-46d2-b4a1-8ba7e62769bb,2026-06-04 09:00:00,15,3,,0.45232596264009084,0.45978952506819193,0.22105280442360223,,,0.0,False,missing or insufficient EMA data
c7048ff6-d663-46d2-b4a1-8ba7e62769bb,2026-06-04 12:00:00,16,3,3.0,0.45232596264009084,0.45978952506819193,0.22105280442360223,,,0.0,False,missing or insufficient EMA data
c7048ff6-d663-46d2-b4a1-8ba7e62769bb,2026-06-04 15:00:00,17,3,2.0,0.45232596264009084,0.45978952506819193,0.22105280442360223,1.0,1.0,0.0,True,prompt sent
c7048ff6-d663-46d2-b4a1-8ba7e62769bb,2026-06-04 18:00:00,18,3,3.0,0.45232596264009084,0.45978952506819193,0.22105280442360223,1.0,1.0,0.0,True,prompt sent
c7048ff6-d663-46d2-b4a1-8ba7e62769bb,2026-06-04 21:00:00,19,3,3.0,0.45232596264009084,0.45978952506819193,0.22105280442360223,0.0,0.6666666666666666,0.0,True,prompt sent
c7048ff6-d663-46d2-b4a1-8ba7e62769bb,2026-06-05 09:00:00,20,4,3.0,0.45232596264009084,0.45978952506819193,0.22105280442360223,0.0,0.3333333333333333,0.13333333333333403,True,prompt sent
c7048ff6-d663-46d2-b4a1-8ba7e62769bb,2026-06-05 12:00:00,21,4,3.0,0.45232596264009084,0.45978952506819193,0.22105280442360223,0.0,0.0,0.3333333333333333,False,below within-person threshold
c7048ff6-d663-46d2-b4a1-8ba7e62769bb,2026-06-05 15:00:00,22,4,3.0,0.45232596264009084,0.45978952506819193,0.22105280442360223,0.0,0.0,0.2666666666666669,False,below within-person threshold
c7048ff6-d663-46d2-b4a1-8ba7e62769bb,2026-06-05 18:00:00,23,4,3.0,0.45232596264009084,0.45978952506819193,0.22105280442360223,0.0,0.0,0.20000000000000046,False,below within-person threshold
c7048ff6-d663-46d2-b4a1-8ba7e62769bb,2026-06-05 21:00:00,24,4,3.0,0.45232596264009084,0.45978952506819193,0.22105280442360223,0.0,0.0,0.13333333333333344,False,below within-person threshold
c7048ff6-d663-46d2-b4a1-8ba7e62769bb,2026-06-06 09:00:00,25,5,3.0,0.45232596264009084,0.45978952506819193,0.22105280442360223,0.0,0.0,0.06666666666666701,False,below within-person threshold
c7048ff6-d663-46d2-b4a1-8ba7e62769bb,2026-06-06 12:00:00,26,5,,0.45232596264009084,0.45978952506819193,0.22105280442360223,,0.0,0.0,False,missing or insufficient EMA data
c7048ff6-d663-46d2-b4a1-8ba7e62769bb,2026-06-06 15:00:00,27,5,3.0,0.45232596264009084,0.45978952506819193,0.22105280442360223,,0.0,0.0,False,below within-person threshold
c7048ff6-d663-46d2-b4a1-8ba7e62769bb,2026-06-06 18:00:00,28,5,2.0,0.45232596264009084,0.45978952506819193,0.22105280442360223,1.0,1.0,0.0,True,prompt sent
c7048ff6-d663-46d2-b4a1-8ba7e62769bb,2026-06-06 21:00:00,29,5,3.0,0.45232596264009084,0.45978952506819193,0.22105280442360223,1.0,1.0,0.13333333333333403,True,prompt sent
c7048ff6-d663-46d2-b4a1-8ba7e62769bb,2026-06-07 09:00:00,30,6,3.0,0.45232596264009084,0.45978952506819193,0.22105280442360223,0.0,0.6666666666666666,0.4000000000000009,True,prompt sent
c7048ff6-d663-46d2-b4a1-8ba7e62769bb,2026-06-07 12:00:00,31,6,3.0,0.45232596264009084,0.45978952506819193,0.22105280442360223,0.0,0.3333333333333333,0.6666666666666666,False,below within-person threshold
c7048ff6-d663-46d2-b4a1-8ba7e62769bb,2026-06-07 15:00:00,32,6,3.0,0.45232596264009084,0.45978952506819193,0.22105280442360223,0.0,0.0,0.6000000000000002,False,below within-person threshold
c7048ff6-d663-46d2-b4a1-8ba7e62769bb,2026-06-07 18:00:00,33,6,2.0,0.45232596264009084,0.45978952506819193,0.22105280442360223,1.0,0.3333333333333333,0.5333333333333338,False,below within-person threshold
c7048ff6-d663-46d2-b4a1-8ba7e62769bb,2026-06-07 21:00:00,34,6,,0.45232596264009084,0.45978952506819193,0.22105280442360223,,0.5,0.46666666666666734,False,missing or insufficient EMA data
c9fc15b7-f94a-41ff-a7c3-c70774da1e1a,2026-06-01 09:00:00,0,0,,1.131381757349192,0.15105434336049772,2.173342786419247,,,,False,missing or insufficient EMA data
c9fc15b7-f94a-41ff-a7c3-c70774da1e1a,2026-06-01 12:00:00,1,0,2.0,1.131381757349192,0.15105434336049772,2.173342786419247,,,,False,missing or insufficient EMA data
c9fc15b7-f94a-41ff-a7c3-c70774da1e1a,2026-06-01 15:00:00,2,0,2.0,1.131381757349192,0.15105434336049772,2.173342786419247,0.0,0.0,,False,insufficient within-person history
c9fc15b7-f94a-41ff-a7c3-c70774da1e1a,2026-06-01 18:00:00,3,0,4.0,1.131381757349192,0.15105434336049772,2.173342786419247,4.0,2.0,,False,insufficient within-person history
c9fc15b7-f94a-41ff-a7c3-c70774da1e1a,2026-06-01 21:00:00,4,0,5.0,1.131381757349192,0.15105434336049772,2.173342786419247,1.0,1.6666666666666667,,False,insufficient within-person history
c9fc15b7-f94a-41ff-a7c3-c70774da1e1a,2026-06-02 09:00:00,5,1,,1.131381757349192,0.15105434336049772,2.173342786419247,,2.5,1.8666666666666667,False,missing or insufficient EMA data
c9fc15b7-f94a-41ff-a7c3-c70774da1e1a,2026-06-02 12:00:00,6,1,,1.131381757349192,0.15105434336049772,2.173342786419247,,1.0,2.2,False,missing or insufficient EMA data
c9fc15b7-f94a-41ff-a7c3-c70774da1e1a,2026-06-02 15:00:00,7,1,4.0,1.131381757349192,0.15105434336049772,2.173342786419247,,,2.1,False,missing or insufficient EMA data
c9fc15b7-f94a-41ff-a7c3-c70774da1e1a,2026-06-02 18:00:00,8,1,4.0,1.131381757349192,0.15105434336049772,2.173342786419247,0.0,0.0,2.1,False,below within-person threshold
c9fc15b7-f94a-41ff-a7c3-c70774da1e1a,2026-06-02 21:00:00,9,1,,1.131381757349192,0.15105434336049772,2.173342786419247,,0.0,2.0,False,missing or insufficient EMA data
c9fc15b7-f94a-41ff-a7c3-c70774da1e1a,2026-06-03 09:00:00,10,2,3.0,1.131381757349192,0.15105434336049772,2.173342786419247,,0.0,1.9333333333333336,False,below within-person threshold
c9fc15b7-f94a-41ff-a7c3-c70774da1e1a,2026-06-03 12:00:00,11,2,5.0,1.131381757349192,0.15105434336049772,2.173342786419247,4.0,4.0,1.866666666666667,True,prompt sent
c9fc15b7-f94a-41ff-a7c3-c70774da1e1a,2026-06-03 15:00:00,12,2,4.0,1.131381757349192,0.15105434336049772,2.173342786419247,1.0,2.5,2.2,True,prompt sent
c9fc15b7-f94a-41ff-a7c3-c70774da1e1a,2026-06-03 18:00:00,13,2,4.0,1.131381757349192,0.15105434336049772,2.173342786419247,0.0,1.6666666666666667,2.5,False,below within-person threshold
c9fc15b7-f94a-41ff-a7c3-c70774da1e1a,2026-06-03 21:00:00,14,2,2.0,1.131381757349192,0.15105434336049772,2.173342786419247,4.0,1.6666666666666667,2.5,False,below within-person threshold
c9fc15b7-f94a-41ff-a7c3-c70774da1e1a,2026-06-04 09:00:00,15,3,4.0,1.131381757349192,0.15105434336049772,2.173342786419247,4.0,2.6666666666666665,2.4000000000000004,True,prompt sent
c9fc15b7-f94a-41ff-a7c3-c70774da1e1a,2026-06-04 12:00:00,16,3,,1.131381757349192,0.15105434336049772,2.173342786419247,,4.0,2.5,False,missing or insufficient EMA data
c9fc15b7-f94a-41ff-a7c3-c70774da1e1a,2026-06-04 15:00:00,17,3,,1.131381757349192,0.15105434336049772,2.173342786419247,,4.0,2.566666666666667,False,missing or insufficient EMA data
c9fc15b7-f94a-41ff-a7c3-c70774da1e1a,2026-06-04 18:00:00,18,3,,1.131381757349192,0.15105434336049772,2.173342786419247,,,2.9333333333333345,False,missing or insufficient EMA data
c9fc15b7-f94a-41ff-a7c3-c70774da1e1a,2026-06-04 21:00:00,19,3,4.0,1.131381757349192,0.15105434336049772,2.173342786419247,,,2.9333333333333345,False,missing or insufficient EMA data
c9fc15b7-f94a-41ff-a7c3-c70774da1e1a,2026-06-05 09:00:00,20,4,,1.131381757349192,0.15105434336049772,2.173342786419247,,,2.9333333333333345,False,missing or insufficient EMA data
c9fc15b7-f94a-41ff-a7c3-c70774da1e1a,2026-06-05 12:00:00,21,4,5.0,1.131381757349192,0.15105434336049772,2.173342786419247,,,2.9333333333333345,False,missing or insufficient EMA data
c9fc15b7-f94a-41ff-a7c3-c70774da1e1a,2026-06-05 15:00:00,22,4,3.0,1.131381757349192,0.15105434336049772,2.173342786419247,4.0,4.0,2.9333333333333345,True,prompt sent
c9fc15b7-f94a-41ff-a7c3-c70774da1e1a,2026-06-05 18:00:00,23,4,2.0,1.131381757349192,0.15105434336049772,2.173342786419247,1.0,2.5,4.0,False,below within-person threshold
c9fc15b7-f94a-41ff-a7c3-c70774da1e1a,2026-06-05 21:00:00,24,4,2.0,1.131381757349192,0.15105434336049772,2.173342786419247,0.0,1.6666666666666667,3.7333333333333343,False,below within-person threshold
c9fc15b7-f94a-41ff-a7c3-c70774da1e1a,2026-06-06 09:00:00,25,5,4.0,1.131381757349192,0.15105434336049772,2.173342786419247,4.0,1.6666666666666667,3.4666666666666686,False,below within-person threshold
c9fc15b7-f94a-41ff-a7c3-c70774da1e1a,2026-06-06 12:00:00,26,5,2.0,1.131381757349192,0.15105434336049772,2.173342786419247,4.0,2.6666666666666665,3.2,False,below within-person threshold
c9fc15b7-f94a-41ff-a7c3-c70774da1e1a,2026-06-06 15:00:00,27,5,5.0,1.131381757349192,0.15105434336049772,2.173342786419247,9.0,5.666666666666667,2.9333333333333345,True,prompt sent
c9fc15b7-f94a-41ff-a7c3-c70774da1e1a,2026-06-06 18:00:00,28,5,3.0,1.131381757349192,0.15105434336049772,2.173342786419247,4.0,5.666666666666667,4.0,True,prompt sent
c9fc15b7-f94a-41ff-a7c3-c70774da1e1a,2026-06-06 21:00:00,29,5,4.0,1.131381757349192,0.15105434336049772,2.173342786419247,1.0,4.666666666666667,4.0,True,prompt sent
c9fc15b7-f94a-41ff-a7c3-c70774da1e1a,2026-06-07 09:00:00,30,6,5.0,1.131381757349192,0.15105434336049772,2.173342786419247,1.0,2.0,4.0,False,below within-person threshold
c9fc15b7-f94a-41ff-a7c3-c70774da1e1a,2026-06-07 12:00:00,31,6,3.0,1.131381757349192,0.15105434336049772,2.173342786419247,4.0,2.0,4.0,False,below within-person threshold
c9fc15b7-f94a-41ff-a7c3-c70774da1e1a,2026-06-07 15:00:00,32,6,4.0,1.131381757349192,0.15105434336049772,2.173342786419247,1.0,2.0,4.0,False,below within-person threshold
c9fc15b7-f94a-41ff-a7c3-c70774da1e1a,2026-06-07 18:00:00,33,6,3.0,1.131381757349192,0.15105434336049772,2.173342786419247,1.0,2.0,4.0,False,below within-person threshold
c9fc15b7-f94a-41ff-a7c3-c70774da1e1a,2026-06-07 21:00:00,34,6,4.0,1.131381757349192,0.15105434336049772,2.173342786419247,1.0,1.0,4.0,False,below within-person threshold
cfc03952-80f1-42fb-8ace-78106ff29adb,2026-06-01 09:00:00,0,0,3.0,0.5539539875574355,0.7384261234325162,0.1605357459017655,,,,False,missing or insufficient EMA data
cfc03952-80f1-42fb-8ace-78106ff29adb,2026-06-01 12:00:00,1,0,4.0,0.5539539875574355,0.7384261234325162,0.1605357459017655,1.0,1.0,,False,insufficient within-person history
cfc03952-80f1-42fb-8ace-78106ff29adb,2026-06-01 15:00:00,2,0,3.0,0.5539539875574355,0.7384261234325162,0.1605357459017655,1.0,1.0,,False,insufficient within-person history
cfc03952-80f1-42fb-8ace-78106ff29adb,2026-06-01 18:00:00,3,0,4.0,0.5539539875574355,0.7384261234325162,0.1605357459017655,1.0,1.0,,False,insufficient within-person history
cfc03952-80f1-42fb-8ace-78106ff29adb,2026-06-01 21:00:00,4,0,4.0,0.5539539875574355,0.7384261234325162,0.1605357459017655,0.0,0.6666666666666666,1.0,False,below within-person threshold
cfc03952-80f1-42fb-8ace-78106ff29adb,2026-06-02 09:00:00,5,1,4.0,0.5539539875574355,0.7384261234325162,0.1605357459017655,0.0,0.3333333333333333,1.0,False,below within-person threshold
cfc03952-80f1-42fb-8ace-78106ff29adb,2026-06-02 12:00:00,6,1,4.0,0.5539539875574355,0.7384261234325162,0.1605357459017655,0.0,0.0,1.0,False,below within-person threshold
cfc03952-80f1-42fb-8ace-78106ff29adb,2026-06-02 15:00:00,7,1,4.0,0.5539539875574355,0.7384261234325162,0.1605357459017655,0.0,0.0,1.0,False,below within-person threshold
cfc03952-80f1-42fb-8ace-78106ff29adb,2026-06-02 18:00:00,8,1,4.0,0.5539539875574355,0.7384261234325162,0.1605357459017655,0.0,0.0,1.0,False,below within-person threshold
cfc03952-80f1-42fb-8ace-78106ff29adb,2026-06-02 21:00:00,9,1,4.0,0.5539539875574355,0.7384261234325162,0.1605357459017655,0.0,0.0,1.0,False,below within-person threshold
cfc03952-80f1-42fb-8ace-78106ff29adb,2026-06-03 09:00:00,10,2,3.0,0.5539539875574355,0.7384261234325162,0.1605357459017655,1.0,0.3333333333333333,1.0,False,below within-person threshold
cfc03952-80f1-42fb-8ace-78106ff29adb,2026-06-03 12:00:00,11,2,3.0,0.5539539875574355,0.7384261234325162,0.1605357459017655,0.0,0.3333333333333333,1.0,False,below within-person threshold
cfc03952-80f1-42fb-8ace-78106ff29adb,2026-06-03 15:00:00,12,2,3.0,0.5539539875574355,0.7384261234325162,0.1605357459017655,0.0,0.3333333333333333,1.0,False,below within-person threshold
cfc03952-80f1-42fb-8ace-78106ff29adb,2026-06-03 18:00:00,13,2,,0.5539539875574355,0.7384261234325162,0.1605357459017655,,0.0,0.9333333333333336,False,missing or insufficient EMA data
cfc03952-80f1-42fb-8ace-78106ff29adb,2026-06-03 21:00:00,14,2,3.0,0.5539539875574355,0.7384261234325162,0.1605357459017655,,0.0,0.8666666666666671,False,below within-person threshold
cfc03952-80f1-42fb-8ace-78106ff29adb,2026-06-04 09:00:00,15,3,3.0,0.5539539875574355,0.7384261234325162,0.1605357459017655,0.0,0.0,0.8,False,below within-person threshold
cfc03952-80f1-42fb-8ace-78106ff29adb,2026-06-04 12:00:00,16,3,3.0,0.5539539875574355,0.7384261234325162,0.1605357459017655,0.0,0.0,0.7333333333333336,False,below within-person threshold
cfc03952-80f1-42fb-8ace-78106ff29adb,2026-06-04 15:00:00,17,3,3.0,0.5539539875574355,0.7384261234325162,0.1605357459017655,0.0,0.0,0.6666666666666666,False,below within-person threshold
cfc03952-80f1-42fb-8ace-78106ff29adb,2026-06-04 18:00:00,18,3,3.0,0.5539539875574355,0.7384261234325162,0.1605357459017655,0.0,0.0,0.6000000000000002,False,below within-person threshold
cfc03952-80f1-42fb-8ace-78106ff29adb,2026-06-04 21:00:00,19,3,3.0,0.5539539875574355,0.7384261234325162,0.1605357459017655,0.0,0.0,0.5333333333333338,False,below within-person threshold
cfc03952-80f1-42fb-8ace-78106ff29adb,2026-06-05 09:00:00,20,4,3.0,0.5539539875574355,0.7384261234325162,0.1605357459017655,0.0,0.0,0.4666666666666668,False,below within-person threshold
cfc03952-80f1-42fb-8ace-78106ff29adb,2026-06-05 12:00:00,21,4,3.0,0.5539539875574355,0.7384261234325162,0.1605357459017655,0.0,0.0,0.40000000000000036,False,below within-person threshold
cfc03952-80f1-42fb-8ace-78106ff29adb,2026-06-05 15:00:00,22,4,3.0,0.5539539875574355,0.7384261234325162,0.1605357459017655,0.0,0.0,0.3333333333333333,False,below within-person threshold
cfc03952-80f1-42fb-8ace-78106ff29adb,2026-06-05 18:00:00,23,4,3.0,0.5539539875574355,0.7384261234325162,0.1605357459017655,0.0,0.0,0.3333333333333333,False,below within-person threshold
cfc03952-80f1-42fb-8ace-78106ff29adb,2026-06-05 21:00:00,24,4,3.0,0.5539539875574355,0.7384261234325162,0.1605357459017655,0.0,0.0,0.3333333333333333,False,below within-person threshold
cfc03952-80f1-42fb-8ace-78106ff29adb,2026-06-06 09:00:00,25,5,3.0,0.5539539875574355,0.7384261234325162,0.1605357459017655,0.0,0.0,0.3333333333333333,False,below within-person threshold
cfc03952-80f1-42fb-8ace-78106ff29adb,2026-06-06 12:00:00,26,5,3.0,0.5539539875574355,0.7384261234325162,0.1605357459017655,0.0,0.0,0.3333333333333333,False,below within-person threshold
cfc03952-80f1-42fb-8ace-78106ff29adb,2026-06-06 15:00:00,27,5,3.0,0.5539539875574355,0.7384261234325162,0.1605357459017655,0.0,0.0,0.3333333333333333,False,below within-person threshold
cfc03952-80f1-42fb-8ace-78106ff29adb,2026-06-06 18:00:00,28,5,3.0,0.5539539875574355,0.7384261234325162,0.1605357459017655,0.0,0.0,0.3333333333333333,False,below within-person threshold
cfc03952-80f1-42fb-8ace-78106ff29adb,2026-06-06 21:00:00,29,5,3.0,0.5539539875574355,0.7384261234325162,0.1605357459017655,0.0,0.0,0.3333333333333333,False,below within-person threshold
cfc03952-80f1-42fb-8ace-78106ff29adb,2026-06-07 09:00:00,30,6,3.0,0.5539539875574355,0.7384261234325162,0.1605357459017655,0.0,0.0,0.3333333333333333,False,below within-person threshold
cfc03952-80f1-42fb-8ace-78106ff29adb,2026-06-07 12:00:00,31,6,3.0,0.5539539875574355,0.7384261234325162,0.1605357459017655,0.0,0.0,0.3333333333333333,False,below within-person threshold
cfc03952-80f1-42fb-8ace-78106ff29adb,2026-06-07 15:00:00,32,6,2.0,0.5539539875574355,0.7384261234325162,0.1605357459017655,1.0,0.3333333333333333,0.3333333333333333,False,below within-person threshold
cfc03952-80f1-42fb-8ace-78106ff29adb,2026-06-07 18:00:00,33,6,,0.5539539875574355,0.7384261234325162,0.1605357459017655,,0.5,0.3333333333333333,False,missing or insufficient EMA data
cfc03952-80f1-42fb-8ace-78106ff29adb,2026-06-07 21:00:00,34,6,,0.5539539875574355,0.7384261234325162,0.1605357459017655,,1.0,0.3333333333333333,False,missing or insufficient EMA data
d178086b-ff07-4511-b444-919fe1d0fbc6,2026-06-01 09:00:00,0,0,1.0,1.1626927845212411,0.3317890338056967,1.8066480181364337,,,,False,missing or insufficient EMA data
d178086b-ff07-4511-b444-919fe1d0fbc6,2026-06-01 12:00:00,1,0,1.0,1.1626927845212411,0.3317890338056967,1.8066480181364337,0.0,0.0,,False,insufficient within-person history
d178086b-ff07-4511-b444-919fe1d0fbc6,2026-06-01 15:00:00,2,0,2.0,1.1626927845212411,0.3317890338056967,1.8066480181364337,1.0,0.5,,False,insufficient within-person history
d178086b-ff07-4511-b444-919fe1d0fbc6,2026-06-01 18:00:00,3,0,3.0,1.1626927845212411,0.3317890338056967,1.8066480181364337,1.0,0.6666666666666666,,False,insufficient within-person history
d178086b-ff07-4511-b444-919fe1d0fbc6,2026-06-01 21:00:00,4,0,4.0,1.1626927845212411,0.3317890338056967,1.8066480181364337,1.0,1.0,0.6,True,prompt sent
d178086b-ff07-4511-b444-919fe1d0fbc6,2026-06-02 09:00:00,5,1,,1.1626927845212411,0.3317890338056967,1.8066480181364337,,1.0,0.8,False,missing or insufficient EMA data
d178086b-ff07-4511-b444-919fe1d0fbc6,2026-06-02 12:00:00,6,1,3.0,1.1626927845212411,0.3317890338056967,1.8066480181364337,,1.0,1.0,False,below within-person threshold
d178086b-ff07-4511-b444-919fe1d0fbc6,2026-06-02 15:00:00,7,1,2.0,1.1626927845212411,0.3317890338056967,1.8066480181364337,1.0,1.0,1.0,False,below within-person threshold
d178086b-ff07-4511-b444-919fe1d0fbc6,2026-06-02 18:00:00,8,1,3.0,1.1626927845212411,0.3317890338056967,1.8066480181364337,1.0,1.0,1.0,False,below within-person threshold
d178086b-ff07-4511-b444-919fe1d0fbc6,2026-06-02 21:00:00,9,1,3.0,1.1626927845212411,0.3317890338056967,1.8066480181364337,0.0,0.6666666666666666,1.0,False,below within-person threshold
d178086b-ff07-4511-b444-919fe1d0fbc6,2026-06-03 09:00:00,10,2,2.0,1.1626927845212411,0.3317890338056967,1.8066480181364337,1.0,0.6666666666666666,1.0,False,below within-person threshold
d178086b-ff07-4511-b444-919fe1d0fbc6,2026-06-03 12:00:00,11,2,1.0,1.1626927845212411,0.3317890338056967,1.8066480181364337,1.0,0.6666666666666666,1.0,False,below within-person threshold
d178086b-ff07-4511-b444-919fe1d0fbc6,2026-06-03 15:00:00,12,2,2.0,1.1626927845212411,0.3317890338056967,1.8066480181364337,1.0,1.0,1.0,False,below within-person threshold
d178086b-ff07-4511-b444-919fe1d0fbc6,2026-06-03 18:00:00,13,2,2.0,1.1626927845212411,0.3317890338056967,1.8066480181364337,0.0,0.6666666666666666,1.0,False,below within-person threshold
d178086b-ff07-4511-b444-919fe1d0fbc6,2026-06-03 21:00:00,14,2,1.0,1.1626927845212411,0.3317890338056967,1.8066480181364337,1.0,0.6666666666666666,1.0,False,below within-person threshold
d178086b-ff07-4511-b444-919fe1d0fbc6,2026-06-04 09:00:00,15,3,1.0,1.1626927845212411,0.3317890338056967,1.8066480181364337,0.0,0.3333333333333333,1.0,False,below within-person threshold
d178086b-ff07-4511-b444-919fe1d0fbc6,2026-06-04 12:00:00,16,3,1.0,1.1626927845212411,0.3317890338056967,1.8066480181364337,0.0,0.3333333333333333,1.0,False,below within-person threshold
d178086b-ff07-4511-b444-919fe1d0fbc6,2026-06-04 15:00:00,17,3,3.0,1.1626927845212411,0.3317890338056967,1.8066480181364337,4.0,1.3333333333333333,1.0,True,prompt sent
d178086b-ff07-4511-b444-919fe1d0fbc6,2026-06-04 18:00:00,18,3,3.0,1.1626927845212411,0.3317890338056967,1.8066480181364337,0.0,1.3333333333333333,1.0,True,prompt sent
d178086b-ff07-4511-b444-919fe1d0fbc6,2026-06-04 21:00:00,19,3,2.0,1.1626927845212411,0.3317890338056967,1.8066480181364337,1.0,1.6666666666666667,1.0,True,prompt sent
d178086b-ff07-4511-b444-919fe1d0fbc6,2026-06-05 09:00:00,20,4,3.0,1.1626927845212411,0.3317890338056967,1.8066480181364337,1.0,0.6666666666666666,1.0,False,below within-person threshold
d178086b-ff07-4511-b444-919fe1d0fbc6,2026-06-05 12:00:00,21,4,3.0,1.1626927845212411,0.3317890338056967,1.8066480181364337,0.0,0.6666666666666666,1.0,False,below within-person threshold
d178086b-ff07-4511-b444-919fe1d0fbc6,2026-06-05 15:00:00,22,4,2.0,1.1626927845212411,0.3317890338056967,1.8066480181364337,1.0,0.6666666666666666,1.0,False,below within-person threshold
d178086b-ff07-4511-b444-919fe1d0fbc6,2026-06-05 18:00:00,23,4,2.0,1.1626927845212411,0.3317890338056967,1.8066480181364337,0.0,0.3333333333333333,1.0,False,below within-person threshold
d178086b-ff07-4511-b444-919fe1d0fbc6,2026-06-05 21:00:00,24,4,2.0,1.1626927845212411,0.3317890338056967,1.8066480181364337,0.0,0.3333333333333333,1.0,False,below within-person threshold
d178086b-ff07-4511-b444-919fe1d0fbc6,2026-06-06 09:00:00,25,5,5.0,1.1626927845212411,0.3317890338056967,1.8066480181364337,9.0,3.0,1.0,True,prompt sent
d178086b-ff07-4511-b444-919fe1d0fbc6,2026-06-06 12:00:00,26,5,2.0,1.1626927845212411,0.3317890338056967,1.8066480181364337,9.0,6.0,1.0,True,prompt sent
d178086b-ff07-4511-b444-919fe1d0fbc6,2026-06-06 15:00:00,27,5,1.0,1.1626927845212411,0.3317890338056967,1.8066480181364337,1.0,6.333333333333333,1.0,True,prompt sent
d178086b-ff07-4511-b444-919fe1d0fbc6,2026-06-06 18:00:00,28,5,2.0,1.1626927845212411,0.3317890338056967,1.8066480181364337,1.0,3.6666666666666665,1.2666666666666668,True,prompt sent
d178086b-ff07-4511-b444-919fe1d0fbc6,2026-06-06 21:00:00,29,5,1.0,1.1626927845212411,0.3317890338056967,1.8066480181364337,1.0,1.0,1.3333333333333333,False,below within-person threshold
d178086b-ff07-4511-b444-919fe1d0fbc6,2026-06-07 09:00:00,30,6,1.0,1.1626927845212411,0.3317890338056967,1.8066480181364337,0.0,0.6666666666666666,1.3333333333333333,False,below within-person threshold
d178086b-ff07-4511-b444-919fe1d0fbc6,2026-06-07 12:00:00,31,6,3.0,1.1626927845212411,0.3317890338056967,1.8066480181364337,4.0,1.6666666666666667,1.3333333333333333,True,prompt sent
d178086b-ff07-4511-b444-919fe1d0fbc6,2026-06-07 15:00:00,32,6,1.0,1.1626927845212411,0.3317890338056967,1.8066480181364337,4.0,2.6666666666666665,1.3333333333333333,True,prompt sent
d178086b-ff07-4511-b444-919fe1d0fbc6,2026-06-07 18:00:00,33,6,1.0,1.1626927845212411,0.3317890338056967,1.8066480181364337,0.0,2.6666666666666665,1.6000000000000003,True,prompt sent
d178086b-ff07-4511-b444-919fe1d0fbc6,2026-06-07 21:00:00,34,6,1.0,1.1626927845212411,0.3317890338056967,1.8066480181364337,0.0,1.3333333333333333,1.6666666666666667,False,below within-person threshold
d1e1cd77-da59-448f-a437-66fcc1c87537,2026-06-01 09:00:00,0,0,4.0,0.3202833773743718,0.7865607474384931,0.043789812538481444,,,,False,missing or insufficient EMA data
d1e1cd77-da59-448f-a437-66fcc1c87537,2026-06-01 12:00:00,1,0,4.0,0.3202833773743718,0.7865607474384931,0.043789812538481444,0.0,0.0,,False,insufficient within-person history
d1e1cd77-da59-448f-a437-66fcc1c87537,2026-06-01 15:00:00,2,0,4.0,0.3202833773743718,0.7865607474384931,0.043789812538481444,0.0,0.0,,False,insufficient within-person history
d1e1cd77-da59-448f-a437-66fcc1c87537,2026-06-01 18:00:00,3,0,4.0,0.3202833773743718,0.7865607474384931,0.043789812538481444,0.0,0.0,,False,insufficient within-person history
d1e1cd77-da59-448f-a437-66fcc1c87537,2026-06-01 21:00:00,4,0,4.0,0.3202833773743718,0.7865607474384931,0.043789812538481444,0.0,0.0,0.0,False,below within-person threshold
d1e1cd77-da59-448f-a437-66fcc1c87537,2026-06-02 09:00:00,5,1,4.0,0.3202833773743718,0.7865607474384931,0.043789812538481444,0.0,0.0,0.0,False,below within-person threshold
d1e1cd77-da59-448f-a437-66fcc1c87537,2026-06-02 12:00:00,6,1,4.0,0.3202833773743718,0.7865607474384931,0.043789812538481444,0.0,0.0,0.0,False,below within-person threshold
d1e1cd77-da59-448f-a437-66fcc1c87537,2026-06-02 15:00:00,7,1,4.0,0.3202833773743718,0.7865607474384931,0.043789812538481444,0.0,0.0,0.0,False,below within-person threshold
d1e1cd77-da59-448f-a437-66fcc1c87537,2026-06-02 18:00:00,8,1,4.0,0.3202833773743718,0.7865607474384931,0.043789812538481444,0.0,0.0,0.0,False,below within-person threshold
d1e1cd77-da59-448f-a437-66fcc1c87537,2026-06-02 21:00:00,9,1,4.0,0.3202833773743718,0.7865607474384931,0.043789812538481444,0.0,0.0,0.0,False,below within-person threshold
d1e1cd77-da59-448f-a437-66fcc1c87537,2026-06-03 09:00:00,10,2,3.0,0.3202833773743718,0.7865607474384931,0.043789812538481444,1.0,0.3333333333333333,0.0,True,prompt sent
d1e1cd77-da59-448f-a437-66fcc1c87537,2026-06-03 12:00:00,11,2,3.0,0.3202833773743718,0.7865607474384931,0.043789812538481444,0.0,0.3333333333333333,0.0,True,prompt sent
d1e1cd77-da59-448f-a437-66fcc1c87537,2026-06-03 15:00:00,12,2,3.0,0.3202833773743718,0.7865607474384931,0.043789812538481444,0.0,0.3333333333333333,0.0,True,prompt sent
d1e1cd77-da59-448f-a437-66fcc1c87537,2026-06-03 18:00:00,13,2,3.0,0.3202833773743718,0.7865607474384931,0.043789812538481444,0.0,0.0,0.2666666666666669,False,below within-person threshold
d1e1cd77-da59-448f-a437-66fcc1c87537,2026-06-03 21:00:00,14,2,3.0,0.3202833773743718,0.7865607474384931,0.043789812538481444,0.0,0.0,0.20000000000000046,False,below within-person threshold
d1e1cd77-da59-448f-a437-66fcc1c87537,2026-06-04 09:00:00,15,3,3.0,0.3202833773743718,0.7865607474384931,0.043789812538481444,0.0,0.0,0.13333333333333344,False,below within-person threshold
d1e1cd77-da59-448f-a437-66fcc1c87537,2026-06-04 12:00:00,16,3,3.0,0.3202833773743718,0.7865607474384931,0.043789812538481444,0.0,0.0,0.06666666666666701,False,below within-person threshold
d1e1cd77-da59-448f-a437-66fcc1c87537,2026-06-04 15:00:00,17,3,3.0,0.3202833773743718,0.7865607474384931,0.043789812538481444,0.0,0.0,0.0,False,below within-person threshold
d1e1cd77-da59-448f-a437-66fcc1c87537,2026-06-04 18:00:00,18,3,3.0,0.3202833773743718,0.7865607474384931,0.043789812538481444,0.0,0.0,0.0,False,below within-person threshold
d1e1cd77-da59-448f-a437-66fcc1c87537,2026-06-04 21:00:00,19,3,3.0,0.3202833773743718,0.7865607474384931,0.043789812538481444,0.0,0.0,0.0,False,below within-person threshold
d1e1cd77-da59-448f-a437-66fcc1c87537,2026-06-05 09:00:00,20,4,4.0,0.3202833773743718,0.7865607474384931,0.043789812538481444,1.0,0.3333333333333333,0.0,True,prompt sent
d1e1cd77-da59-448f-a437-66fcc1c87537,2026-06-05 12:00:00,21,4,4.0,0.3202833773743718,0.7865607474384931,0.043789812538481444,0.0,0.3333333333333333,0.06666666666666701,True,prompt sent
d1e1cd77-da59-448f-a437-66fcc1c87537,2026-06-05 15:00:00,22,4,4.0,0.3202833773743718,0.7865607474384931,0.043789812538481444,0.0,0.3333333333333333,0.3333333333333333,False,below within-person threshold
d1e1cd77-da59-448f-a437-66fcc1c87537,2026-06-05 18:00:00,23,4,4.0,0.3202833773743718,0.7865607474384931,0.043789812538481444,0.0,0.0,0.3333333333333333,False,below within-person threshold
d1e1cd77-da59-448f-a437-66fcc1c87537,2026-06-05 21:00:00,24,4,4.0,0.3202833773743718,0.7865607474384931,0.043789812538481444,0.0,0.0,0.3333333333333333,False,below within-person threshold
d1e1cd77-da59-448f-a437-66fcc1c87537,2026-06-06 09:00:00,25,5,4.0,0.3202833773743718,0.7865607474384931,0.043789812538481444,0.0,0.0,0.3333333333333333,False,below within-person threshold
d1e1cd77-da59-448f-a437-66fcc1c87537,2026-06-06 12:00:00,26,5,4.0,0.3202833773743718,0.7865607474384931,0.043789812538481444,0.0,0.0,0.3333333333333333,False,below within-person threshold
d1e1cd77-da59-448f-a437-66fcc1c87537,2026-06-06 15:00:00,27,5,4.0,0.3202833773743718,0.7865607474384931,0.043789812538481444,0.0,0.0,0.3333333333333333,False,below within-person threshold
d1e1cd77-da59-448f-a437-66fcc1c87537,2026-06-06 18:00:00,28,5,4.0,0.3202833773743718,0.7865607474384931,0.043789812538481444,0.0,0.0,0.2666666666666669,False,below within-person threshold
d1e1cd77-da59-448f-a437-66fcc1c87537,2026-06-06 21:00:00,29,5,4.0,0.3202833773743718,0.7865607474384931,0.043789812538481444,0.0,0.0,0.20000000000000046,False,below within-person threshold
d1e1cd77-da59-448f-a437-66fcc1c87537,2026-06-07 09:00:00,30,6,4.0,0.3202833773743718,0.7865607474384931,0.043789812538481444,0.0,0.0,0.13333333333333403,False,below within-person threshold
d1e1cd77-da59-448f-a437-66fcc1c87537,2026-06-07 12:00:00,31,6,4.0,0.3202833773743718,0.7865607474384931,0.043789812538481444,0.0,0.0,0.06666666666666761,False,below within-person threshold
d1e1cd77-da59-448f-a437-66fcc1c87537,2026-06-07 15:00:00,32,6,4.0,0.3202833773743718,0.7865607474384931,0.043789812538481444,0.0,0.0,0.0,False,below within-person threshold
d1e1cd77-da59-448f-a437-66fcc1c87537,2026-06-07 18:00:00,33,6,4.0,0.3202833773743718,0.7865607474384931,0.043789812538481444,0.0,0.0,0.0,False,below within-person threshold
d1e1cd77-da59-448f-a437-66fcc1c87537,2026-06-07 21:00:00,34,6,4.0,0.3202833773743718,0.7865607474384931,0.043789812538481444,0.0,0.0,0.0,False,below within-person threshold
d6d13da4-f9d0-459b-9567-ca2a904a9bfd,2026-06-01 09:00:00,0,0,2.0,1.2655990083217834,0.6216288304211397,1.2121051174513773,,,,False,missing or insufficient EMA data
d6d13da4-f9d0-459b-9567-ca2a904a9bfd,2026-06-01 12:00:00,1,0,3.0,1.2655990083217834,0.6216288304211397,1.2121051174513773,1.0,1.0,,False,insufficient within-person history
d6d13da4-f9d0-459b-9567-ca2a904a9bfd,2026-06-01 15:00:00,2,0,2.0,1.2655990083217834,0.6216288304211397,1.2121051174513773,1.0,1.0,,False,insufficient within-person history
d6d13da4-f9d0-459b-9567-ca2a904a9bfd,2026-06-01 18:00:00,3,0,3.0,1.2655990083217834,0.6216288304211397,1.2121051174513773,1.0,1.0,,False,insufficient within-person history
d6d13da4-f9d0-459b-9567-ca2a904a9bfd,2026-06-01 21:00:00,4,0,1.0,1.2655990083217834,0.6216288304211397,1.2121051174513773,4.0,2.0,1.0,True,prompt sent
d6d13da4-f9d0-459b-9567-ca2a904a9bfd,2026-06-02 09:00:00,5,1,1.0,1.2655990083217834,0.6216288304211397,1.2121051174513773,0.0,1.6666666666666667,1.4000000000000004,True,prompt sent
d6d13da4-f9d0-459b-9567-ca2a904a9bfd,2026-06-02 12:00:00,6,1,2.0,1.2655990083217834,0.6216288304211397,1.2121051174513773,1.0,1.6666666666666667,1.7333333333333334,False,below within-person threshold
d6d13da4-f9d0-459b-9567-ca2a904a9bfd,2026-06-02 15:00:00,7,1,1.0,1.2655990083217834,0.6216288304211397,1.2121051174513773,1.0,0.6666666666666666,1.6666666666666667,False,below within-person threshold
d6d13da4-f9d0-459b-9567-ca2a904a9bfd,2026-06-02 18:00:00,8,1,1.0,1.2655990083217834,0.6216288304211397,1.2121051174513773,0.0,0.6666666666666666,1.6666666666666667,False,below within-person threshold
d6d13da4-f9d0-459b-9567-ca2a904a9bfd,2026-06-02 21:00:00,9,1,,1.2655990083217834,0.6216288304211397,1.2121051174513773,,0.5,1.6666666666666667,False,missing or insufficient EMA data
d6d13da4-f9d0-459b-9567-ca2a904a9bfd,2026-06-03 09:00:00,10,2,,1.2655990083217834,0.6216288304211397,1.2121051174513773,,0.0,1.6666666666666667,False,missing or insufficient EMA data
d6d13da4-f9d0-459b-9567-ca2a904a9bfd,2026-06-03 12:00:00,11,2,,1.2655990083217834,0.6216288304211397,1.2121051174513773,,,1.6666666666666667,False,missing or insufficient EMA data
d6d13da4-f9d0-459b-9567-ca2a904a9bfd,2026-06-03 15:00:00,12,2,1.0,1.2655990083217834,0.6216288304211397,1.2121051174513773,,,1.6666666666666667,False,missing or insufficient EMA data
d6d13da4-f9d0-459b-9567-ca2a904a9bfd,2026-06-03 18:00:00,13,2,1.0,1.2655990083217834,0.6216288304211397,1.2121051174513773,0.0,0.0,1.6666666666666667,False,below within-person threshold
d6d13da4-f9d0-459b-9567-ca2a904a9bfd,2026-06-03 21:00:00,14,2,2.0,1.2655990083217834,0.6216288304211397,1.2121051174513773,1.0,0.5,1.6666666666666667,False,below within-person threshold
d6d13da4-f9d0-459b-9567-ca2a904a9bfd,2026-06-04 09:00:00,15,3,1.0,1.2655990083217834,0.6216288304211397,1.2121051174513773,1.0,0.6666666666666666,1.5333333333333339,False,below within-person threshold
d6d13da4-f9d0-459b-9567-ca2a904a9bfd,2026-06-04 12:00:00,16,3,1.0,1.2655990083217834,0.6216288304211397,1.2121051174513773,0.0,0.6666666666666666,1.400000000000001,False,below within-person threshold
d6d13da4-f9d0-459b-9567-ca2a904a9bfd,2026-06-04 15:00:00,17,3,2.0,1.2655990083217834,0.6216288304211397,1.2121051174513773,1.0,0.6666666666666666,1.266666666666667,False,below within-person threshold
d6d13da4-f9d0-459b-9567-ca2a904a9bfd,2026-06-04 18:00:00,18,3,3.0,1.2655990083217834,0.6216288304211397,1.2121051174513773,1.0,0.6666666666666666,1.133333333333334,False,below within-person threshold
d6d13da4-f9d0-459b-9567-ca2a904a9bfd,2026-06-04 21:00:00,19,3,3.0,1.2655990083217834,0.6216288304211397,1.2121051174513773,0.0,0.6666666666666666,1.0,False,below within-person threshold
d6d13da4-f9d0-459b-9567-ca2a904a9bfd,2026-06-05 09:00:00,20,4,3.0,1.2655990083217834,0.6216288304211397,1.2121051174513773,0.0,0.3333333333333333,1.0,False,below within-person threshold
d6d13da4-f9d0-459b-9567-ca2a904a9bfd,2026-06-05 12:00:00,21,4,2.0,1.2655990083217834,0.6216288304211397,1.2121051174513773,1.0,0.3333333333333333,1.0,False,below within-person threshold
d6d13da4-f9d0-459b-9567-ca2a904a9bfd,2026-06-05 15:00:00,22,4,3.0,1.2655990083217834,0.6216288304211397,1.2121051174513773,1.0,0.6666666666666666,1.0,False,below within-person threshold
d6d13da4-f9d0-459b-9567-ca2a904a9bfd,2026-06-05 18:00:00,23,4,3.0,1.2655990083217834,0.6216288304211397,1.2121051174513773,0.0,0.6666666666666666,1.0,False,below within-person threshold
d6d13da4-f9d0-459b-9567-ca2a904a9bfd,2026-06-05 21:00:00,24,4,2.0,1.2655990083217834,0.6216288304211397,1.2121051174513773,1.0,0.6666666666666666,1.0,False,below within-person threshold
d6d13da4-f9d0-459b-9567-ca2a904a9bfd,2026-06-06 09:00:00,25,5,1.0,1.2655990083217834,0.6216288304211397,1.2121051174513773,1.0,0.6666666666666666,1.0,False,below within-person threshold
d6d13da4-f9d0-459b-9567-ca2a904a9bfd,2026-06-06 12:00:00,26,5,2.0,1.2655990083217834,0.6216288304211397,1.2121051174513773,1.0,1.0,1.0,False,below within-person threshold
d6d13da4-f9d0-459b-9567-ca2a904a9bfd,2026-06-06 15:00:00,27,5,2.0,1.2655990083217834,0.6216288304211397,1.2121051174513773,0.0,0.6666666666666666,1.0,False,below within-person threshold
d6d13da4-f9d0-459b-9567-ca2a904a9bfd,2026-06-06 18:00:00,28,5,1.0,1.2655990083217834,0.6216288304211397,1.2121051174513773,1.0,0.6666666666666666,1.0,False,below within-person threshold
d6d13da4-f9d0-459b-9567-ca2a904a9bfd,2026-06-06 21:00:00,29,5,2.0,1.2655990083217834,0.6216288304211397,1.2121051174513773,1.0,0.6666666666666666,1.0,False,below within-person threshold
d6d13da4-f9d0-459b-9567-ca2a904a9bfd,2026-06-07 09:00:00,30,6,3.0,1.2655990083217834,0.6216288304211397,1.2121051174513773,1.0,1.0,1.0,False,below within-person threshold
d6d13da4-f9d0-459b-9567-ca2a904a9bfd,2026-06-07 12:00:00,31,6,2.0,1.2655990083217834,0.6216288304211397,1.2121051174513773,1.0,1.0,1.0,False,below within-person threshold
d6d13da4-f9d0-459b-9567-ca2a904a9bfd,2026-06-07 15:00:00,32,6,2.0,1.2655990083217834,0.6216288304211397,1.2121051174513773,0.0,0.6666666666666666,1.0,False,below within-person threshold
d6d13da4-f9d0-459b-9567-ca2a904a9bfd,2026-06-07 18:00:00,33,6,3.0,1.2655990083217834,0.6216288304211397,1.2121051174513773,1.0,0.6666666666666666,1.0,False,below within-person threshold
d6d13da4-f9d0-459b-9567-ca2a904a9bfd,2026-06-07 21:00:00,34,6,3.0,1.2655990083217834,0.6216288304211397,1.2121051174513773,0.0,0.3333333333333333,1.0,False,below within-person threshold
d7e2df44-05bb-4ae1-8bbc-775f442cc9d3,2026-06-01 09:00:00,0,0,5.0,0.34848018347238857,0.18595068288165512,0.19771375549602582,,,,False,missing or insufficient EMA data
d7e2df44-05bb-4ae1-8bbc-775f442cc9d3,2026-06-01 12:00:00,1,0,4.0,0.34848018347238857,0.18595068288165512,0.19771375549602582,1.0,1.0,,False,insufficient within-person history
d7e2df44-05bb-4ae1-8bbc-775f442cc9d3,2026-06-01 15:00:00,2,0,4.0,0.34848018347238857,0.18595068288165512,0.19771375549602582,0.0,0.5,,False,insufficient within-person history
d7e2df44-05bb-4ae1-8bbc-775f442cc9d3,2026-06-01 18:00:00,3,0,4.0,0.34848018347238857,0.18595068288165512,0.19771375549602582,0.0,0.3333333333333333,,False,insufficient within-person history
d7e2df44-05bb-4ae1-8bbc-775f442cc9d3,2026-06-01 21:00:00,4,0,4.0,0.34848018347238857,0.18595068288165512,0.19771375549602582,0.0,0.0,0.8,False,below within-person threshold
d7e2df44-05bb-4ae1-8bbc-775f442cc9d3,2026-06-02 09:00:00,5,1,,0.34848018347238857,0.18595068288165512,0.19771375549602582,,0.0,0.7000000000000002,False,missing or insufficient EMA data
d7e2df44-05bb-4ae1-8bbc-775f442cc9d3,2026-06-02 12:00:00,6,1,,0.34848018347238857,0.18595068288165512,0.19771375549602582,,0.0,0.6000000000000001,False,missing or insufficient EMA data
d7e2df44-05bb-4ae1-8bbc-775f442cc9d3,2026-06-02 15:00:00,7,1,4.0,0.34848018347238857,0.18595068288165512,0.19771375549602582,,,0.5,False,missing or insufficient EMA data
d7e2df44-05bb-4ae1-8bbc-775f442cc9d3,2026-06-02 18:00:00,8,1,4.0,0.34848018347238857,0.18595068288165512,0.19771375549602582,0.0,0.0,0.5,False,below within-person threshold
d7e2df44-05bb-4ae1-8bbc-775f442cc9d3,2026-06-02 21:00:00,9,1,3.0,0.34848018347238857,0.18595068288165512,0.19771375549602582,1.0,0.5,0.4666666666666668,True,prompt sent
d7e2df44-05bb-4ae1-8bbc-775f442cc9d3,2026-06-03 09:00:00,10,2,,0.34848018347238857,0.18595068288165512,0.19771375549602582,,0.5,0.5,False,missing or insufficient EMA data
d7e2df44-05bb-4ae1-8bbc-775f442cc9d3,2026-06-03 12:00:00,11,2,,0.34848018347238857,0.18595068288165512,0.19771375549602582,,1.0,0.5,False,missing or insufficient EMA data
d7e2df44-05bb-4ae1-8bbc-775f442cc9d3,2026-06-03 15:00:00,12,2,,0.34848018347238857,0.18595068288165512,0.19771375549602582,,,0.6000000000000001,False,missing or insufficient EMA data
d7e2df44-05bb-4ae1-8bbc-775f442cc9d3,2026-06-03 18:00:00,13,2,,0.34848018347238857,0.18595068288165512,0.19771375549602582,,,0.6000000000000001,False,missing or insufficient EMA data
d7e2df44-05bb-4ae1-8bbc-775f442cc9d3,2026-06-03 21:00:00,14,2,4.0,0.34848018347238857,0.18595068288165512,0.19771375549602582,,,0.6000000000000001,False,missing or insufficient EMA data
d7e2df44-05bb-4ae1-8bbc-775f442cc9d3,2026-06-04 09:00:00,15,3,4.0,0.34848018347238857,0.18595068288165512,0.19771375549602582,0.0,0.0,0.6000000000000001,False,below within-person threshold
d7e2df44-05bb-4ae1-8bbc-775f442cc9d3,2026-06-04 12:00:00,16,3,4.0,0.34848018347238857,0.18595068288165512,0.19771375549602582,0.0,0.0,0.5,False,below within-person threshold
d7e2df44-05bb-4ae1-8bbc-775f442cc9d3,2026-06-04 15:00:00,17,3,,0.34848018347238857,0.18595068288165512,0.19771375549602582,,0.0,0.5,False,missing or insufficient EMA data
d7e2df44-05bb-4ae1-8bbc-775f442cc9d3,2026-06-04 18:00:00,18,3,,0.34848018347238857,0.18595068288165512,0.19771375549602582,,0.0,0.5,False,missing or insufficient EMA data
d7e2df44-05bb-4ae1-8bbc-775f442cc9d3,2026-06-04 21:00:00,19,3,,0.34848018347238857,0.18595068288165512,0.19771375549602582,,,0.5,False,missing or insufficient EMA data
d7e2df44-05bb-4ae1-8bbc-775f442cc9d3,2026-06-05 09:00:00,20,4,,0.34848018347238857,0.18595068288165512,0.19771375549602582,,,0.5,False,missing or insufficient EMA data
d7e2df44-05bb-4ae1-8bbc-775f442cc9d3,2026-06-05 12:00:00,21,4,,0.34848018347238857,0.18595068288165512,0.19771375549602582,,,0.5,False,missing or insufficient EMA data
d7e2df44-05bb-4ae1-8bbc-775f442cc9d3,2026-06-05 15:00:00,22,4,,0.34848018347238857,0.18595068288165512,0.19771375549602582,,,0.5,False,missing or insufficient EMA data
d7e2df44-05bb-4ae1-8bbc-775f442cc9d3,2026-06-05 18:00:00,23,4,4.0,0.34848018347238857,0.18595068288165512,0.19771375549602582,,,0.5,False,missing or insufficient EMA data
d7e2df44-05bb-4ae1-8bbc-775f442cc9d3,2026-06-05 21:00:00,24,4,4.0,0.34848018347238857,0.18595068288165512,0.19771375549602582,0.0,0.0,0.5,False,below within-person threshold
d7e2df44-05bb-4ae1-8bbc-775f442cc9d3,2026-06-06 09:00:00,25,5,4.0,0.34848018347238857,0.18595068288165512,0.19771375549602582,0.0,0.0,0.5,False,below within-person threshold
d7e2df44-05bb-4ae1-8bbc-775f442cc9d3,2026-06-06 12:00:00,26,5,4.0,0.34848018347238857,0.18595068288165512,0.19771375549602582,0.0,0.0,0.5,False,below within-person threshold
d7e2df44-05bb-4ae1-8bbc-775f442cc9d3,2026-06-06 15:00:00,27,5,4.0,0.34848018347238857,0.18595068288165512,0.19771375549602582,0.0,0.0,0.5,False,below within-person threshold
d7e2df44-05bb-4ae1-8bbc-775f442cc9d3,2026-06-06 18:00:00,28,5,,0.34848018347238857,0.18595068288165512,0.19771375549602582,,0.0,0.5,False,missing or insufficient EMA data
d7e2df44-05bb-4ae1-8bbc-775f442cc9d3,2026-06-06 21:00:00,29,5,,0.34848018347238857,0.18595068288165512,0.19771375549602582,,0.0,0.5,False,missing or insufficient EMA data
d7e2df44-05bb-4ae1-8bbc-775f442cc9d3,2026-06-07 09:00:00,30,6,,0.34848018347238857,0.18595068288165512,0.19771375549602582,,,0.5,False,missing or insufficient EMA data
d7e2df44-05bb-4ae1-8bbc-775f442cc9d3,2026-06-07 12:00:00,31,6,,0.34848018347238857,0.18595068288165512,0.19771375549602582,,,0.5,False,missing or insufficient EMA data
d7e2df44-05bb-4ae1-8bbc-775f442cc9d3,2026-06-07 15:00:00,32,6,,0.34848018347238857,0.18595068288165512,0.19771375549602582,,,0.5,False,missing or insufficient EMA data
d7e2df44-05bb-4ae1-8bbc-775f442cc9d3,2026-06-07 18:00:00,33,6,,0.34848018347238857,0.18595068288165512,0.19771375549602582,,,0.5,False,missing or insufficient EMA data
d7e2df44-05bb-4ae1-8bbc-775f442cc9d3,2026-06-07 21:00:00,34,6,,0.34848018347238857,0.18595068288165512,0.19771375549602582,,,0.5,False,missing or insufficient EMA data
d9881824-39cd-46ba-a9ca-51448ae32815,2026-06-01 09:00:00,0,0,1.0,0.8661227945974768,0.42403384215577367,0.8641435623584999,,,,False,missing or insufficient EMA data
d9881824-39cd-46ba-a9ca-51448ae32815,2026-06-01 12:00:00,1,0,,0.8661227945974768,0.42403384215577367,0.8641435623584999,,,,False,missing or insufficient EMA data
d9881824-39cd-46ba-a9ca-51448ae32815,2026-06-01 15:00:00,2,0,2.0,0.8661227945974768,0.42403384215577367,0.8641435623584999,,,,False,missing or insufficient EMA data
d9881824-39cd-46ba-a9ca-51448ae32815,2026-06-01 18:00:00,3,0,2.0,0.8661227945974768,0.42403384215577367,0.8641435623584999,0.0,0.0,,False,insufficient within-person history
d9881824-39cd-46ba-a9ca-51448ae32815,2026-06-01 21:00:00,4,0,2.0,0.8661227945974768,0.42403384215577367,0.8641435623584999,0.0,0.0,,False,insufficient within-person history
d9881824-39cd-46ba-a9ca-51448ae32815,2026-06-02 09:00:00,5,1,2.0,0.8661227945974768,0.42403384215577367,0.8641435623584999,0.0,0.0,,False,insufficient within-person history
d9881824-39cd-46ba-a9ca-51448ae32815,2026-06-02 12:00:00,6,1,2.0,0.8661227945974768,0.42403384215577367,0.8641435623584999,0.0,0.0,0.0,False,below within-person threshold
d9881824-39cd-46ba-a9ca-51448ae32815,2026-06-02 15:00:00,7,1,2.0,0.8661227945974768,0.42403384215577367,0.8641435623584999,0.0,0.0,0.0,False,below within-person threshold
d9881824-39cd-46ba-a9ca-51448ae32815,2026-06-02 18:00:00,8,1,2.0,0.8661227945974768,0.42403384215577367,0.8641435623584999,0.0,0.0,0.0,False,below within-person threshold
d9881824-39cd-46ba-a9ca-51448ae32815,2026-06-02 21:00:00,9,1,1.0,0.8661227945974768,0.42403384215577367,0.8641435623584999,1.0,0.3333333333333333,0.0,True,prompt sent
d9881824-39cd-46ba-a9ca-51448ae32815,2026-06-03 09:00:00,10,2,3.0,0.8661227945974768,0.42403384215577367,0.8641435623584999,4.0,1.6666666666666667,0.0,True,prompt sent
d9881824-39cd-46ba-a9ca-51448ae32815,2026-06-03 12:00:00,11,2,2.0,0.8661227945974768,0.42403384215577367,0.8641435623584999,1.0,2.0,0.20000000000000018,True,prompt sent
d9881824-39cd-46ba-a9ca-51448ae32815,2026-06-03 15:00:00,12,2,1.0,0.8661227945974768,0.42403384215577367,0.8641435623584999,1.0,2.0,0.8666666666666671,True,prompt sent
d9881824-39cd-46ba-a9ca-51448ae32815,2026-06-03 18:00:00,13,2,1.0,0.8661227945974768,0.42403384215577367,0.8641435623584999,0.0,0.6666666666666666,1.7333333333333334,False,below within-person threshold
d9881824-39cd-46ba-a9ca-51448ae32815,2026-06-03 21:00:00,14,2,1.0,0.8661227945974768,0.42403384215577367,0.8641435623584999,0.0,0.3333333333333333,1.6666666666666667,False,below within-person threshold
d9881824-39cd-46ba-a9ca-51448ae32815,2026-06-04 09:00:00,15,3,1.0,0.8661227945974768,0.42403384215577367,0.8641435623584999,0.0,0.0,1.4666666666666672,False,below within-person threshold
d9881824-39cd-46ba-a9ca-51448ae32815,2026-06-04 12:00:00,16,3,1.0,0.8661227945974768,0.42403384215577367,0.8641435623584999,0.0,0.0,1.266666666666668,False,below within-person threshold
d9881824-39cd-46ba-a9ca-51448ae32815,2026-06-04 15:00:00,17,3,2.0,0.8661227945974768,0.42403384215577367,0.8641435623584999,1.0,0.3333333333333333,1.0666666666666669,False,below within-person threshold
d9881824-39cd-46ba-a9ca-51448ae32815,2026-06-04 18:00:00,18,3,1.0,0.8661227945974768,0.42403384215577367,0.8641435623584999,1.0,0.6666666666666666,0.8666666666666677,False,below within-person threshold
d9881824-39cd-46ba-a9ca-51448ae32815,2026-06-04 21:00:00,19,3,1.0,0.8661227945974768,0.42403384215577367,0.8641435623584999,0.0,0.6666666666666666,0.6666666666666666,False,below within-person threshold
d9881824-39cd-46ba-a9ca-51448ae32815,2026-06-05 09:00:00,20,4,2.0,0.8661227945974768,0.42403384215577367,0.8641435623584999,1.0,0.6666666666666666,0.6666666666666666,False,below within-person threshold
d9881824-39cd-46ba-a9ca-51448ae32815,2026-06-05 12:00:00,21,4,3.0,0.8661227945974768,0.42403384215577367,0.8641435623584999,1.0,0.6666666666666666,0.6666666666666666,False,below within-person threshold
d9881824-39cd-46ba-a9ca-51448ae32815,2026-06-05 15:00:00,22,4,2.0,0.8661227945974768,0.42403384215577367,0.8641435623584999,1.0,1.0,0.6666666666666666,True,prompt sent
d9881824-39cd-46ba-a9ca-51448ae32815,2026-06-05 18:00:00,23,4,3.0,0.8661227945974768,0.42403384215577367,0.8641435623584999,1.0,1.0,0.7333333333333336,True,prompt sent
d9881824-39cd-46ba-a9ca-51448ae32815,2026-06-05 21:00:00,24,4,2.0,0.8661227945974768,0.42403384215577367,0.8641435623584999,1.0,1.0,1.0,False,below within-person threshold
d9881824-39cd-46ba-a9ca-51448ae32815,2026-06-06 09:00:00,25,5,1.0,0.8661227945974768,0.42403384215577367,0.8641435623584999,1.0,1.0,1.0,False,below within-person threshold
d9881824-39cd-46ba-a9ca-51448ae32815,2026-06-06 12:00:00,26,5,1.0,0.8661227945974768,0.42403384215577367,0.8641435623584999,0.0,0.6666666666666666,1.0,False,below within-person threshold
d9881824-39cd-46ba-a9ca-51448ae32815,2026-06-06 15:00:00,27,5,2.0,0.8661227945974768,0.42403384215577367,0.8641435623584999,1.0,0.6666666666666666,1.0,False,below within-person threshold
d9881824-39cd-46ba-a9ca-51448ae32815,2026-06-06 18:00:00,28,5,2.0,0.8661227945974768,0.42403384215577367,0.8641435623584999,0.0,0.3333333333333333,1.0,False,below within-person threshold
d9881824-39cd-46ba-a9ca-51448ae32815,2026-06-06 21:00:00,29,5,3.0,0.8661227945974768,0.42403384215577367,0.8641435623584999,1.0,0.6666666666666666,1.0,False,below within-person threshold
d9881824-39cd-46ba-a9ca-51448ae32815,2026-06-07 09:00:00,30,6,2.0,0.8661227945974768,0.42403384215577367,0.8641435623584999,1.0,0.6666666666666666,1.0,False,below within-person threshold
d9881824-39cd-46ba-a9ca-51448ae32815,2026-06-07 12:00:00,31,6,2.0,0.8661227945974768,0.42403384215577367,0.8641435623584999,0.0,0.6666666666666666,1.0,False,below within-person threshold
d9881824-39cd-46ba-a9ca-51448ae32815,2026-06-07 15:00:00,32,6,,0.8661227945974768,0.42403384215577367,0.8641435623584999,,0.5,1.0,False,missing or insufficient EMA data
d9881824-39cd-46ba-a9ca-51448ae32815,2026-06-07 18:00:00,33,6,,0.8661227945974768,0.42403384215577367,0.8641435623584999,,0.0,1.0,False,missing or insufficient EMA data
d9881824-39cd-46ba-a9ca-51448ae32815,2026-06-07 21:00:00,34,6,2.0,0.8661227945974768,0.42403384215577367,0.8641435623584999,,,1.0,False,missing or insufficient EMA data
de037246-c239-43a7-ad59-9fbb4e422818,2026-06-01 09:00:00,0,0,3.0,0.48375485619594316,0.564975316766889,0.20360787465630212,,,,False,missing or insufficient EMA data
de037246-c239-43a7-ad59-9fbb4e422818,2026-06-01 12:00:00,1,0,,0.48375485619594316,0.564975316766889,0.20360787465630212,,,,False,missing or insufficient EMA data
de037246-c239-43a7-ad59-9fbb4e422818,2026-06-01 15:00:00,2,0,,0.48375485619594316,0.564975316766889,0.20360787465630212,,,,False,missing or insufficient EMA data
de037246-c239-43a7-ad59-9fbb4e422818,2026-06-01 18:00:00,3,0,,0.48375485619594316,0.564975316766889,0.20360787465630212,,,,False,missing or insufficient EMA data
de037246-c239-43a7-ad59-9fbb4e422818,2026-06-01 21:00:00,4,0,,0.48375485619594316,0.564975316766889,0.20360787465630212,,,,False,missing or insufficient EMA data
de037246-c239-43a7-ad59-9fbb4e422818,2026-06-02 09:00:00,5,1,,0.48375485619594316,0.564975316766889,0.20360787465630212,,,,False,missing or insufficient EMA data
de037246-c239-43a7-ad59-9fbb4e422818,2026-06-02 12:00:00,6,1,3.0,0.48375485619594316,0.564975316766889,0.20360787465630212,,,,False,missing or insufficient EMA data
de037246-c239-43a7-ad59-9fbb4e422818,2026-06-02 15:00:00,7,1,,0.48375485619594316,0.564975316766889,0.20360787465630212,,,,False,missing or insufficient EMA data
de037246-c239-43a7-ad59-9fbb4e422818,2026-06-02 18:00:00,8,1,,0.48375485619594316,0.564975316766889,0.20360787465630212,,,,False,missing or insufficient EMA data
de037246-c239-43a7-ad59-9fbb4e422818,2026-06-02 21:00:00,9,1,,0.48375485619594316,0.564975316766889,0.20360787465630212,,,,False,missing or insufficient EMA data
de037246-c239-43a7-ad59-9fbb4e422818,2026-06-03 09:00:00,10,2,,0.48375485619594316,0.564975316766889,0.20360787465630212,,,,False,missing or insufficient EMA data
de037246-c239-43a7-ad59-9fbb4e422818,2026-06-03 12:00:00,11,2,,0.48375485619594316,0.564975316766889,0.20360787465630212,,,,False,missing or insufficient EMA data
de037246-c239-43a7-ad59-9fbb4e422818,2026-06-03 15:00:00,12,2,,0.48375485619594316,0.564975316766889,0.20360787465630212,,,,False,missing or insufficient EMA data
de037246-c239-43a7-ad59-9fbb4e422818,2026-06-03 18:00:00,13,2,,0.48375485619594316,0.564975316766889,0.20360787465630212,,,,False,missing or insufficient EMA data
de037246-c239-43a7-ad59-9fbb4e422818,2026-06-03 21:00:00,14,2,,0.48375485619594316,0.564975316766889,0.20360787465630212,,,,False,missing or insufficient EMA data
de037246-c239-43a7-ad59-9fbb4e422818,2026-06-04 09:00:00,15,3,,0.48375485619594316,0.564975316766889,0.20360787465630212,,,,False,missing or insufficient EMA data
de037246-c239-43a7-ad59-9fbb4e422818,2026-06-04 12:00:00,16,3,,0.48375485619594316,0.564975316766889,0.20360787465630212,,,,False,missing or insufficient EMA data
de037246-c239-43a7-ad59-9fbb4e422818,2026-06-04 15:00:00,17,3,,0.48375485619594316,0.564975316766889,0.20360787465630212,,,,False,missing or insufficient EMA data
de037246-c239-43a7-ad59-9fbb4e422818,2026-06-04 18:00:00,18,3,,0.48375485619594316,0.564975316766889,0.20360787465630212,,,,False,missing or insufficient EMA data
de037246-c239-43a7-ad59-9fbb4e422818,2026-06-04 21:00:00,19,3,,0.48375485619594316,0.564975316766889,0.20360787465630212,,,,False,missing or insufficient EMA data
de037246-c239-43a7-ad59-9fbb4e422818,2026-06-05 09:00:00,20,4,3.0,0.48375485619594316,0.564975316766889,0.20360787465630212,,,,False,missing or insufficient EMA data
de037246-c239-43a7-ad59-9fbb4e422818,2026-06-05 12:00:00,21,4,,0.48375485619594316,0.564975316766889,0.20360787465630212,,,,False,missing or insufficient EMA data
de037246-c239-43a7-ad59-9fbb4e422818,2026-06-05 15:00:00,22,4,,0.48375485619594316,0.564975316766889,0.20360787465630212,,,,False,missing or insufficient EMA data
de037246-c239-43a7-ad59-9fbb4e422818,2026-06-05 18:00:00,23,4,,0.48375485619594316,0.564975316766889,0.20360787465630212,,,,False,missing or insufficient EMA data
de037246-c239-43a7-ad59-9fbb4e422818,2026-06-05 21:00:00,24,4,,0.48375485619594316,0.564975316766889,0.20360787465630212,,,,False,missing or insufficient EMA data
de037246-c239-43a7-ad59-9fbb4e422818,2026-06-06 09:00:00,25,5,,0.48375485619594316,0.564975316766889,0.20360787465630212,,,,False,missing or insufficient EMA data
de037246-c239-43a7-ad59-9fbb4e422818,2026-06-06 12:00:00,26,5,2.0,0.48375485619594316,0.564975316766889,0.20360787465630212,,,,False,missing or insufficient EMA data
de037246-c239-43a7-ad59-9fbb4e422818,2026-06-06 15:00:00,27,5,2.0,0.48375485619594316,0.564975316766889,0.20360787465630212,0.0,0.0,,False,insufficient within-person history
de037246-c239-43a7-ad59-9fbb4e422818,2026-06-06 18:00:00,28,5,2.0,0.48375485619594316,0.564975316766889,0.20360787465630212,0.0,0.0,,False,insufficient within-person history
de037246-c239-43a7-ad59-9fbb4e422818,2026-06-06 21:00:00,29,5,2.0,0.48375485619594316,0.564975316766889,0.20360787465630212,0.0,0.0,,False,insufficient within-person history
de037246-c239-43a7-ad59-9fbb4e422818,2026-06-07 09:00:00,30,6,,0.48375485619594316,0.564975316766889,0.20360787465630212,,0.0,0.0,False,missing or insufficient EMA data
de037246-c239-43a7-ad59-9fbb4e422818,2026-06-07 12:00:00,31,6,3.0,0.48375485619594316,0.564975316766889,0.20360787465630212,,0.0,0.0,False,below within-person threshold
de037246-c239-43a7-ad59-9fbb4e422818,2026-06-07 15:00:00,32,6,2.0,0.48375485619594316,0.564975316766889,0.20360787465630212,1.0,1.0,0.0,True,prompt sent
de037246-c239-43a7-ad59-9fbb4e422818,2026-06-07 18:00:00,33,6,2.0,0.48375485619594316,0.564975316766889,0.20360787465630212,0.0,0.5,0.0,True,prompt sent
de037246-c239-43a7-ad59-9fbb4e422818,2026-06-07 21:00:00,34,6,2.0,0.48375485619594316,0.564975316766889,0.20360787465630212,0.0,0.3333333333333333,0.40000000000000036,False,below within-person threshold
de7dfa9a-e788-48c5-af49-3c61b980cc72,2026-06-01 09:00:00,0,0,4.0,1.1305777783528164,0.2512621797587773,1.9140825175912763,,,,False,missing or insufficient EMA data
de7dfa9a-e788-48c5-af49-3c61b980cc72,2026-06-01 12:00:00,1,0,4.0,1.1305777783528164,0.2512621797587773,1.9140825175912763,0.0,0.0,,False,insufficient within-person history
de7dfa9a-e788-48c5-af49-3c61b980cc72,2026-06-01 15:00:00,2,0,4.0,1.1305777783528164,0.2512621797587773,1.9140825175912763,0.0,0.0,,False,insufficient within-person history
de7dfa9a-e788-48c5-af49-3c61b980cc72,2026-06-01 18:00:00,3,0,5.0,1.1305777783528164,0.2512621797587773,1.9140825175912763,1.0,0.3333333333333333,,False,insufficient within-person history
de7dfa9a-e788-48c5-af49-3c61b980cc72,2026-06-01 21:00:00,4,0,4.0,1.1305777783528164,0.2512621797587773,1.9140825175912763,1.0,0.6666666666666666,0.2,True,prompt sent
de7dfa9a-e788-48c5-af49-3c61b980cc72,2026-06-02 09:00:00,5,1,3.0,1.1305777783528164,0.2512621797587773,1.9140825175912763,1.0,1.0,0.4666666666666668,True,prompt sent
de7dfa9a-e788-48c5-af49-3c61b980cc72,2026-06-02 12:00:00,6,1,3.0,1.1305777783528164,0.2512621797587773,1.9140825175912763,0.0,0.6666666666666666,0.7333333333333334,False,below within-person threshold
de7dfa9a-e788-48c5-af49-3c61b980cc72,2026-06-02 15:00:00,7,1,5.0,1.1305777783528164,0.2512621797587773,1.9140825175912763,4.0,1.6666666666666667,0.6666666666666666,True,prompt sent
de7dfa9a-e788-48c5-af49-3c61b980cc72,2026-06-02 18:00:00,8,1,3.0,1.1305777783528164,0.2512621797587773,1.9140825175912763,4.0,2.6666666666666665,0.9333333333333336,True,prompt sent
de7dfa9a-e788-48c5-af49-3c61b980cc72,2026-06-02 21:00:00,9,1,4.0,1.1305777783528164,0.2512621797587773,1.9140825175912763,1.0,3.0,1.4000000000000004,True,prompt sent
de7dfa9a-e788-48c5-af49-3c61b980cc72,2026-06-03 09:00:00,10,2,5.0,1.1305777783528164,0.2512621797587773,1.9140825175912763,1.0,2.0,2.066666666666667,False,below within-person threshold
de7dfa9a-e788-48c5-af49-3c61b980cc72,2026-06-03 12:00:00,11,2,5.0,1.1305777783528164,0.2512621797587773,1.9140825175912763,0.0,0.6666666666666666,2.1333333333333333,False,below within-person threshold
de7dfa9a-e788-48c5-af49-3c61b980cc72,2026-06-03 15:00:00,12,2,3.0,1.1305777783528164,0.2512621797587773,1.9140825175912763,4.0,1.6666666666666667,2.0,False,below within-person threshold
de7dfa9a-e788-48c5-af49-3c61b980cc72,2026-06-03 18:00:00,13,2,5.0,1.1305777783528164,0.2512621797587773,1.9140825175912763,4.0,2.6666666666666665,1.9333333333333336,True,prompt sent
de7dfa9a-e788-48c5-af49-3c61b980cc72,2026-06-03 21:00:00,14,2,4.0,1.1305777783528164,0.2512621797587773,1.9140825175912763,1.0,3.0,2.400000000000001,True,prompt sent
de7dfa9a-e788-48c5-af49-3c61b980cc72,2026-06-04 09:00:00,15,3,5.0,1.1305777783528164,0.2512621797587773,1.9140825175912763,1.0,2.0,2.6666666666666665,False,below within-person threshold
de7dfa9a-e788-48c5-af49-3c61b980cc72,2026-06-04 12:00:00,16,3,4.0,1.1305777783528164,0.2512621797587773,1.9140825175912763,1.0,1.0,2.6666666666666665,False,below within-person threshold
de7dfa9a-e788-48c5-af49-3c61b980cc72,2026-06-04 15:00:00,17,3,5.0,1.1305777783528164,0.2512621797587773,1.9140825175912763,1.0,1.0,2.6666666666666665,False,below within-person threshold
de7dfa9a-e788-48c5-af49-3c61b980cc72,2026-06-04 18:00:00,18,3,4.0,1.1305777783528164,0.2512621797587773,1.9140825175912763,1.0,1.0,2.5333333333333337,False,below within-person threshold
de7dfa9a-e788-48c5-af49-3c61b980cc72,2026-06-04 21:00:00,19,3,3.0,1.1305777783528164,0.2512621797587773,1.9140825175912763,1.0,1.0,2.400000000000001,False,below within-person threshold
de7dfa9a-e788-48c5-af49-3c61b980cc72,2026-06-05 09:00:00,20,4,4.0,1.1305777783528164,0.2512621797587773,1.9140825175912763,1.0,1.0,2.2666666666666666,False,below within-person threshold
de7dfa9a-e788-48c5-af49-3c61b980cc72,2026-06-05 12:00:00,21,4,5.0,1.1305777783528164,0.2512621797587773,1.9140825175912763,1.0,1.0,2.133333333333334,False,below within-person threshold
de7dfa9a-e788-48c5-af49-3c61b980cc72,2026-06-05 15:00:00,22,4,4.0,1.1305777783528164,0.2512621797587773,1.9140825175912763,1.0,1.0,2.0,False,below within-person threshold
de7dfa9a-e788-48c5-af49-3c61b980cc72,2026-06-05 18:00:00,23,4,5.0,1.1305777783528164,0.2512621797587773,1.9140825175912763,1.0,1.0,2.0,False,below within-person threshold
de7dfa9a-e788-48c5-af49-3c61b980cc72,2026-06-05 21:00:00,24,4,5.0,1.1305777783528164,0.2512621797587773,1.9140825175912763,0.0,0.6666666666666666,2.0,False,below within-person threshold
de7dfa9a-e788-48c5-af49-3c61b980cc72,2026-06-06 09:00:00,25,5,3.0,1.1305777783528164,0.2512621797587773,1.9140825175912763,4.0,1.6666666666666667,2.0,False,below within-person threshold
de7dfa9a-e788-48c5-af49-3c61b980cc72,2026-06-06 12:00:00,26,5,5.0,1.1305777783528164,0.2512621797587773,1.9140825175912763,4.0,2.6666666666666665,2.0,True,prompt sent
de7dfa9a-e788-48c5-af49-3c61b980cc72,2026-06-06 15:00:00,27,5,5.0,1.1305777783528164,0.2512621797587773,1.9140825175912763,0.0,2.6666666666666665,2.0,True,prompt sent
de7dfa9a-e788-48c5-af49-3c61b980cc72,2026-06-06 18:00:00,28,5,4.0,1.1305777783528164,0.2512621797587773,1.9140825175912763,1.0,1.6666666666666667,2.5333333333333337,False,below within-person threshold
de7dfa9a-e788-48c5-af49-3c61b980cc72,2026-06-06 21:00:00,29,5,4.0,1.1305777783528164,0.2512621797587773,1.9140825175912763,0.0,0.3333333333333333,2.400000000000001,False,below within-person threshold
de7dfa9a-e788-48c5-af49-3c61b980cc72,2026-06-07 09:00:00,30,6,3.0,1.1305777783528164,0.2512621797587773,1.9140825175912763,1.0,0.6666666666666666,2.266666666666668,False,below within-person threshold
de7dfa9a-e788-48c5-af49-3c61b980cc72,2026-06-07 12:00:00,31,6,4.0,1.1305777783528164,0.2512621797587773,1.9140825175912763,1.0,0.6666666666666666,2.133333333333335,False,below within-person threshold
de7dfa9a-e788-48c5-af49-3c61b980cc72,2026-06-07 15:00:00,32,6,3.0,1.1305777783528164,0.2512621797587773,1.9140825175912763,1.0,1.0,2.0,False,below within-person threshold
de7dfa9a-e788-48c5-af49-3c61b980cc72,2026-06-07 18:00:00,33,6,4.0,1.1305777783528164,0.2512621797587773,1.9140825175912763,1.0,1.0,2.0,False,below within-person threshold
de7dfa9a-e788-48c5-af49-3c61b980cc72,2026-06-07 21:00:00,34,6,5.0,1.1305777783528164,0.2512621797587773,1.9140825175912763,1.0,1.0,2.0,False,below within-person threshold
e2115d07-266e-47d9-ae82-8c4a62161233,2026-06-01 09:00:00,0,0,3.0,1.3179915294637028,0.571465590389666,1.4888156786627964,,,,False,missing or insufficient EMA data
e2115d07-266e-47d9-ae82-8c4a62161233,2026-06-01 12:00:00,1,0,4.0,1.3179915294637028,0.571465590389666,1.4888156786627964,1.0,1.0,,False,insufficient within-person history
e2115d07-266e-47d9-ae82-8c4a62161233,2026-06-01 15:00:00,2,0,5.0,1.3179915294637028,0.571465590389666,1.4888156786627964,1.0,1.0,,False,insufficient within-person history
e2115d07-266e-47d9-ae82-8c4a62161233,2026-06-01 18:00:00,3,0,4.0,1.3179915294637028,0.571465590389666,1.4888156786627964,1.0,1.0,,False,insufficient within-person history
e2115d07-266e-47d9-ae82-8c4a62161233,2026-06-01 21:00:00,4,0,4.0,1.3179915294637028,0.571465590389666,1.4888156786627964,0.0,0.6666666666666666,1.0,False,below within-person threshold
e2115d07-266e-47d9-ae82-8c4a62161233,2026-06-02 09:00:00,5,1,2.0,1.3179915294637028,0.571465590389666,1.4888156786627964,4.0,1.6666666666666667,1.0,True,prompt sent
e2115d07-266e-47d9-ae82-8c4a62161233,2026-06-02 12:00:00,6,1,3.0,1.3179915294637028,0.571465590389666,1.4888156786627964,1.0,1.6666666666666667,1.1333333333333335,True,prompt sent
e2115d07-266e-47d9-ae82-8c4a62161233,2026-06-02 15:00:00,7,1,4.0,1.3179915294637028,0.571465590389666,1.4888156786627964,1.0,2.0,1.6666666666666667,True,prompt sent
e2115d07-266e-47d9-ae82-8c4a62161233,2026-06-02 18:00:00,8,1,1.0,1.3179915294637028,0.571465590389666,1.4888156786627964,9.0,3.6666666666666665,1.6666666666666667,True,prompt sent
e2115d07-266e-47d9-ae82-8c4a62161233,2026-06-02 21:00:00,9,1,,1.3179915294637028,0.571465590389666,1.4888156786627964,,5.0,1.866666666666667,False,missing or insufficient EMA data
e2115d07-266e-47d9-ae82-8c4a62161233,2026-06-03 09:00:00,10,2,,1.3179915294637028,0.571465590389666,1.4888156786627964,,9.0,2.666666666666667,False,missing or insufficient EMA data
e2115d07-266e-47d9-ae82-8c4a62161233,2026-06-03 12:00:00,11,2,,1.3179915294637028,0.571465590389666,1.4888156786627964,,,3.9333333333333336,False,missing or insufficient EMA data
e2115d07-266e-47d9-ae82-8c4a62161233,2026-06-03 15:00:00,12,2,,1.3179915294637028,0.571465590389666,1.4888156786627964,,,3.9333333333333336,False,missing or insufficient EMA data
e2115d07-266e-47d9-ae82-8c4a62161233,2026-06-03 18:00:00,13,2,,1.3179915294637028,0.571465590389666,1.4888156786627964,,,3.9333333333333336,False,missing or insufficient EMA data
e2115d07-266e-47d9-ae82-8c4a62161233,2026-06-03 21:00:00,14,2,4.0,1.3179915294637028,0.571465590389666,1.4888156786627964,,,3.9333333333333336,False,missing or insufficient EMA data
e2115d07-266e-47d9-ae82-8c4a62161233,2026-06-04 09:00:00,15,3,4.0,1.3179915294637028,0.571465590389666,1.4888156786627964,0.0,0.0,3.9333333333333336,False,below within-person threshold
e2115d07-266e-47d9-ae82-8c4a62161233,2026-06-04 12:00:00,16,3,4.0,1.3179915294637028,0.571465590389666,1.4888156786627964,0.0,0.0,3.6666666666666665,False,below within-person threshold
e2115d07-266e-47d9-ae82-8c4a62161233,2026-06-04 15:00:00,17,3,4.0,1.3179915294637028,0.571465590389666,1.4888156786627964,0.0,0.0,3.3333333333333344,False,below within-person threshold
e2115d07-266e-47d9-ae82-8c4a62161233,2026-06-04 18:00:00,18,3,4.0,1.3179915294637028,0.571465590389666,1.4888156786627964,0.0,0.0,3.000000000000002,False,below within-person threshold
e2115d07-266e-47d9-ae82-8c4a62161233,2026-06-04 21:00:00,19,3,4.0,1.3179915294637028,0.571465590389666,1.4888156786627964,0.0,0.0,2.666666666666667,False,below within-person threshold
e2115d07-266e-47d9-ae82-8c4a62161233,2026-06-05 09:00:00,20,4,5.0,1.3179915294637028,0.571465590389666,1.4888156786627964,1.0,0.3333333333333333,2.3333333333333353,False,below within-person threshold
e2115d07-266e-47d9-ae82-8c4a62161233,2026-06-05 12:00:00,21,4,4.0,1.3179915294637028,0.571465590389666,1.4888156786627964,1.0,0.6666666666666666,2.0,False,below within-person threshold
e2115d07-266e-47d9-ae82-8c4a62161233,2026-06-05 15:00:00,22,4,4.0,1.3179915294637028,0.571465590389666,1.4888156786627964,0.0,0.6666666666666666,1.9333333333333336,False,below within-person threshold
e2115d07-266e-47d9-ae82-8c4a62161233,2026-06-05 18:00:00,23,4,,1.3179915294637028,0.571465590389666,1.4888156786627964,,0.5,1.8666666666666671,False,missing or insufficient EMA data
e2115d07-266e-47d9-ae82-8c4a62161233,2026-06-05 21:00:00,24,4,,1.3179915294637028,0.571465590389666,1.4888156786627964,,0.0,1.8000000000000003,False,missing or insufficient EMA data
e2115d07-266e-47d9-ae82-8c4a62161233,2026-06-06 09:00:00,25,5,,1.3179915294637028,0.571465590389666,1.4888156786627964,,,1.7333333333333338,False,missing or insufficient EMA data
e2115d07-266e-47d9-ae82-8c4a62161233,2026-06-06 12:00:00,26,5,,1.3179915294637028,0.571465590389666,1.4888156786627964,,,1.7333333333333338,False,missing or insufficient EMA data
e2115d07-266e-47d9-ae82-8c4a62161233,2026-06-06 15:00:00,27,5,,1.3179915294637028,0.571465590389666,1.4888156786627964,,,1.7333333333333338,False,missing or insufficient EMA data
e2115d07-266e-47d9-ae82-8c4a62161233,2026-06-06 18:00:00,28,5,,1.3179915294637028,0.571465590389666,1.4888156786627964,,,1.7333333333333338,False,missing or insufficient EMA data
e2115d07-266e-47d9-ae82-8c4a62161233,2026-06-06 21:00:00,29,5,,1.3179915294637028,0.571465590389666,1.4888156786627964,,,1.7333333333333338,False,missing or insufficient EMA data
e2115d07-266e-47d9-ae82-8c4a62161233,2026-06-07 09:00:00,30,6,,1.3179915294637028,0.571465590389666,1.4888156786627964,,,1.7333333333333338,False,missing or insufficient EMA data
e2115d07-266e-47d9-ae82-8c4a62161233,2026-06-07 12:00:00,31,6,,1.3179915294637028,0.571465590389666,1.4888156786627964,,,1.7333333333333338,False,missing or insufficient EMA data
e2115d07-266e-47d9-ae82-8c4a62161233,2026-06-07 15:00:00,32,6,4.0,1.3179915294637028,0.571465590389666,1.4888156786627964,,,1.7333333333333338,False,missing or insufficient EMA data
e2115d07-266e-47d9-ae82-8c4a62161233,2026-06-07 18:00:00,33,6,3.0,1.3179915294637028,0.571465590389666,1.4888156786627964,1.0,1.0,1.7333333333333338,False,below within-person threshold
e2115d07-266e-47d9-ae82-8c4a62161233,2026-06-07 21:00:00,34,6,4.0,1.3179915294637028,0.571465590389666,1.4888156786627964,1.0,1.0,1.6666666666666667,False,below within-person threshold
e25bc057-4ba4-4001-8397-8ed71db4deab,2026-06-01 09:00:00,0,0,4.0,1.0244508857584187,0.4809183426634801,1.0895520014766542,,,,False,missing or insufficient EMA data
e25bc057-4ba4-4001-8397-8ed71db4deab,2026-06-01 12:00:00,1,0,4.0,1.0244508857584187,0.4809183426634801,1.0895520014766542,0.0,0.0,,False,insufficient within-person history
e25bc057-4ba4-4001-8397-8ed71db4deab,2026-06-01 15:00:00,2,0,3.0,1.0244508857584187,0.4809183426634801,1.0895520014766542,1.0,0.5,,False,insufficient within-person history
e25bc057-4ba4-4001-8397-8ed71db4deab,2026-06-01 18:00:00,3,0,3.0,1.0244508857584187,0.4809183426634801,1.0895520014766542,0.0,0.3333333333333333,,False,insufficient within-person history
e25bc057-4ba4-4001-8397-8ed71db4deab,2026-06-01 21:00:00,4,0,,1.0244508857584187,0.4809183426634801,1.0895520014766542,,0.5,0.43333333333333335,False,missing or insufficient EMA data
e25bc057-4ba4-4001-8397-8ed71db4deab,2026-06-02 09:00:00,5,1,3.0,1.0244508857584187,0.4809183426634801,1.0895520014766542,,0.0,0.5,False,below within-person threshold
e25bc057-4ba4-4001-8397-8ed71db4deab,2026-06-02 12:00:00,6,1,2.0,1.0244508857584187,0.4809183426634801,1.0895520014766542,1.0,1.0,0.5,True,prompt sent
e25bc057-4ba4-4001-8397-8ed71db4deab,2026-06-02 15:00:00,7,1,3.0,1.0244508857584187,0.4809183426634801,1.0895520014766542,1.0,1.0,0.5,True,prompt sent
e25bc057-4ba4-4001-8397-8ed71db4deab,2026-06-02 18:00:00,8,1,3.0,1.0244508857584187,0.4809183426634801,1.0895520014766542,0.0,0.6666666666666666,0.9000000000000004,False,below within-person threshold
e25bc057-4ba4-4001-8397-8ed71db4deab,2026-06-02 21:00:00,9,1,1.0,1.0244508857584187,0.4809183426634801,1.0895520014766542,4.0,1.6666666666666667,0.8666666666666668,True,prompt sent
e25bc057-4ba4-4001-8397-8ed71db4deab,2026-06-03 09:00:00,10,2,2.0,1.0244508857584187,0.4809183426634801,1.0895520014766542,1.0,1.6666666666666667,1.0,True,prompt sent
e25bc057-4ba4-4001-8397-8ed71db4deab,2026-06-03 12:00:00,11,2,2.0,1.0244508857584187,0.4809183426634801,1.0895520014766542,0.0,1.6666666666666667,1.1333333333333335,True,prompt sent
e25bc057-4ba4-4001-8397-8ed71db4deab,2026-06-03 15:00:00,12,2,2.0,1.0244508857584187,0.4809183426634801,1.0895520014766542,0.0,0.3333333333333333,1.6666666666666667,False,below within-person threshold
e25bc057-4ba4-4001-8397-8ed71db4deab,2026-06-03 18:00:00,13,2,3.0,1.0244508857584187,0.4809183426634801,1.0895520014766542,1.0,0.3333333333333333,1.5333333333333339,False,below within-person threshold
e25bc057-4ba4-4001-8397-8ed71db4deab,2026-06-03 21:00:00,14,2,3.0,1.0244508857584187,0.4809183426634801,1.0895520014766542,0.0,0.3333333333333333,1.400000000000001,False,below within-person threshold
e25bc057-4ba4-4001-8397-8ed71db4deab,2026-06-04 09:00:00,15,3,3.0,1.0244508857584187,0.4809183426634801,1.0895520014766542,0.0,0.3333333333333333,1.266666666666667,False,below within-person threshold
e25bc057-4ba4-4001-8397-8ed71db4deab,2026-06-04 12:00:00,16,3,,1.0244508857584187,0.4809183426634801,1.0895520014766542,,0.0,1.133333333333334,False,missing or insufficient EMA data
e25bc057-4ba4-4001-8397-8ed71db4deab,2026-06-04 15:00:00,17,3,3.0,1.0244508857584187,0.4809183426634801,1.0895520014766542,,0.0,1.0,False,below within-person threshold
e25bc057-4ba4-4001-8397-8ed71db4deab,2026-06-04 18:00:00,18,3,3.0,1.0244508857584187,0.4809183426634801,1.0895520014766542,0.0,0.0,1.0,False,below within-person threshold
e25bc057-4ba4-4001-8397-8ed71db4deab,2026-06-04 21:00:00,19,3,3.0,1.0244508857584187,0.4809183426634801,1.0895520014766542,0.0,0.0,1.0,False,below within-person threshold
e25bc057-4ba4-4001-8397-8ed71db4deab,2026-06-05 09:00:00,20,4,4.0,1.0244508857584187,0.4809183426634801,1.0895520014766542,1.0,0.3333333333333333,1.0,False,below within-person threshold
e25bc057-4ba4-4001-8397-8ed71db4deab,2026-06-05 12:00:00,21,4,4.0,1.0244508857584187,0.4809183426634801,1.0895520014766542,0.0,0.3333333333333333,1.0,False,below within-person threshold
e25bc057-4ba4-4001-8397-8ed71db4deab,2026-06-05 15:00:00,22,4,4.0,1.0244508857584187,0.4809183426634801,1.0895520014766542,0.0,0.3333333333333333,1.0,False,below within-person threshold
e25bc057-4ba4-4001-8397-8ed71db4deab,2026-06-05 18:00:00,23,4,3.0,1.0244508857584187,0.4809183426634801,1.0895520014766542,1.0,0.3333333333333333,0.9333333333333336,False,below within-person threshold
e25bc057-4ba4-4001-8397-8ed71db4deab,2026-06-05 21:00:00,24,4,2.0,1.0244508857584187,0.4809183426634801,1.0895520014766542,1.0,0.6666666666666666,0.8666666666666671,False,below within-person threshold
e25bc057-4ba4-4001-8397-8ed71db4deab,2026-06-06 09:00:00,25,5,,1.0244508857584187,0.4809183426634801,1.0895520014766542,,1.0,0.8000000000000007,False,missing or insufficient EMA data
e25bc057-4ba4-4001-8397-8ed71db4deab,2026-06-06 12:00:00,26,5,4.0,1.0244508857584187,0.4809183426634801,1.0895520014766542,,1.0,1.0,False,below within-person threshold
e25bc057-4ba4-4001-8397-8ed71db4deab,2026-06-06 15:00:00,27,5,4.0,1.0244508857584187,0.4809183426634801,1.0895520014766542,0.0,0.0,1.0,False,below within-person threshold
e25bc057-4ba4-4001-8397-8ed71db4deab,2026-06-06 18:00:00,28,5,4.0,1.0244508857584187,0.4809183426634801,1.0895520014766542,0.0,0.0,1.0,False,below within-person threshold
e25bc057-4ba4-4001-8397-8ed71db4deab,2026-06-06 21:00:00,29,5,4.0,1.0244508857584187,0.4809183426634801,1.0895520014766542,0.0,0.0,1.0,False,below within-person threshold
e25bc057-4ba4-4001-8397-8ed71db4deab,2026-06-07 09:00:00,30,6,5.0,1.0244508857584187,0.4809183426634801,1.0895520014766542,1.0,0.3333333333333333,1.0,False,below within-person threshold
e25bc057-4ba4-4001-8397-8ed71db4deab,2026-06-07 12:00:00,31,6,3.0,1.0244508857584187,0.4809183426634801,1.0895520014766542,4.0,1.6666666666666667,1.0,True,prompt sent
e25bc057-4ba4-4001-8397-8ed71db4deab,2026-06-07 15:00:00,32,6,4.0,1.0244508857584187,0.4809183426634801,1.0895520014766542,1.0,2.0,1.0,True,prompt sent
e25bc057-4ba4-4001-8397-8ed71db4deab,2026-06-07 18:00:00,33,6,3.0,1.0244508857584187,0.4809183426634801,1.0895520014766542,1.0,2.0,1.0,True,prompt sent
e25bc057-4ba4-4001-8397-8ed71db4deab,2026-06-07 21:00:00,34,6,5.0,1.0244508857584187,0.4809183426634801,1.0895520014766542,4.0,2.0,1.0,True,prompt sent
e86e65b3-c22b-4cef-a84e-acf888144cf6,2026-06-01 09:00:00,0,0,5.0,1.3447747340596095,0.25285332918983605,2.7023085981201826,,,,False,missing or insufficient EMA data
e86e65b3-c22b-4cef-a84e-acf888144cf6,2026-06-01 12:00:00,1,0,3.0,1.3447747340596095,0.25285332918983605,2.7023085981201826,4.0,4.0,,False,insufficient within-person history
e86e65b3-c22b-4cef-a84e-acf888144cf6,2026-06-01 15:00:00,2,0,3.0,1.3447747340596095,0.25285332918983605,2.7023085981201826,0.0,2.0,,False,insufficient within-person history
e86e65b3-c22b-4cef-a84e-acf888144cf6,2026-06-01 18:00:00,3,0,5.0,1.3447747340596095,0.25285332918983605,2.7023085981201826,4.0,2.6666666666666665,,False,insufficient within-person history
e86e65b3-c22b-4cef-a84e-acf888144cf6,2026-06-01 21:00:00,4,0,3.0,1.3447747340596095,0.25285332918983605,2.7023085981201826,4.0,2.6666666666666665,3.466666666666667,False,below within-person threshold
e86e65b3-c22b-4cef-a84e-acf888144cf6,2026-06-02 09:00:00,5,1,4.0,1.3447747340596095,0.25285332918983605,2.7023085981201826,1.0,3.0,3.2,False,below within-person threshold
e86e65b3-c22b-4cef-a84e-acf888144cf6,2026-06-02 12:00:00,6,1,5.0,1.3447747340596095,0.25285332918983605,2.7023085981201826,1.0,2.0,3.2,False,below within-person threshold
e86e65b3-c22b-4cef-a84e-acf888144cf6,2026-06-02 15:00:00,7,1,5.0,1.3447747340596095,0.25285332918983605,2.7023085981201826,0.0,0.6666666666666666,3.0,False,below within-person threshold
e86e65b3-c22b-4cef-a84e-acf888144cf6,2026-06-02 18:00:00,8,1,5.0,1.3447747340596095,0.25285332918983605,2.7023085981201826,0.0,0.3333333333333333,2.9333333333333336,False,below within-person threshold
e86e65b3-c22b-4cef-a84e-acf888144cf6,2026-06-02 21:00:00,9,1,4.0,1.3447747340596095,0.25285332918983605,2.7023085981201826,1.0,0.3333333333333333,2.8666666666666667,False,below within-person threshold
e86e65b3-c22b-4cef-a84e-acf888144cf6,2026-06-03 09:00:00,10,2,,1.3447747340596095,0.25285332918983605,2.7023085981201826,,0.5,2.8,False,missing or insufficient EMA data
e86e65b3-c22b-4cef-a84e-acf888144cf6,2026-06-03 12:00:00,11,2,4.0,1.3447747340596095,0.25285332918983605,2.7023085981201826,,1.0,2.7333333333333334,False,below within-person threshold
e86e65b3-c22b-4cef-a84e-acf888144cf6,2026-06-03 15:00:00,12,2,2.0,1.3447747340596095,0.25285332918983605,2.7023085981201826,4.0,4.0,2.6666666666666665,True,prompt sent
e86e65b3-c22b-4cef-a84e-acf888144cf6,2026-06-03 18:00:00,13,2,5.0,1.3447747340596095,0.25285332918983605,2.7023085981201826,9.0,6.5,2.9333333333333336,True,prompt sent
e86e65b3-c22b-4cef-a84e-acf888144cf6,2026-06-03 21:00:00,14,2,4.0,1.3447747340596095,0.25285332918983605,2.7023085981201826,1.0,4.666666666666667,3.6000000000000014,True,prompt sent
e86e65b3-c22b-4cef-a84e-acf888144cf6,2026-06-04 09:00:00,15,3,2.0,1.3447747340596095,0.25285332918983605,2.7023085981201826,4.0,4.666666666666667,4.0,True,prompt sent
e86e65b3-c22b-4cef-a84e-acf888144cf6,2026-06-04 12:00:00,16,3,5.0,1.3447747340596095,0.25285332918983605,2.7023085981201826,9.0,4.666666666666667,4.133333333333334,True,prompt sent
e86e65b3-c22b-4cef-a84e-acf888144cf6,2026-06-04 15:00:00,17,3,5.0,1.3447747340596095,0.25285332918983605,2.7023085981201826,0.0,4.333333333333333,4.666666666666667,False,below within-person threshold
e86e65b3-c22b-4cef-a84e-acf888144cf6,2026-06-04 18:00:00,18,3,4.0,1.3447747340596095,0.25285332918983605,2.7023085981201826,1.0,3.3333333333333335,4.6000000000000005,False,below within-person threshold
e86e65b3-c22b-4cef-a84e-acf888144cf6,2026-06-04 21:00:00,19,3,3.0,1.3447747340596095,0.25285332918983605,2.7023085981201826,1.0,0.6666666666666666,4.533333333333334,False,below within-person threshold
e86e65b3-c22b-4cef-a84e-acf888144cf6,2026-06-05 09:00:00,20,4,4.0,1.3447747340596095,0.25285332918983605,2.7023085981201826,1.0,1.0,4.466666666666667,False,below within-person threshold
e86e65b3-c22b-4cef-a84e-acf888144cf6,2026-06-05 12:00:00,21,4,2.0,1.3447747340596095,0.25285332918983605,2.7023085981201826,4.0,2.0,4.4,False,below within-person threshold
e86e65b3-c22b-4cef-a84e-acf888144cf6,2026-06-05 15:00:00,22,4,2.0,1.3447747340596095,0.25285332918983605,2.7023085981201826,0.0,1.6666666666666667,4.333333333333333,False,below within-person threshold
e86e65b3-c22b-4cef-a84e-acf888144cf6,2026-06-05 18:00:00,23,4,5.0,1.3447747340596095,0.25285332918983605,2.7023085981201826,9.0,4.333333333333333,4.266666666666667,True,prompt sent
e86e65b3-c22b-4cef-a84e-acf888144cf6,2026-06-05 21:00:00,24,4,4.0,1.3447747340596095,0.25285332918983605,2.7023085981201826,1.0,3.3333333333333335,4.333333333333333,False,below within-person threshold
e86e65b3-c22b-4cef-a84e-acf888144cf6,2026-06-06 09:00:00,25,5,5.0,1.3447747340596095,0.25285332918983605,2.7023085981201826,1.0,3.6666666666666665,4.333333333333333,False,below within-person threshold
e86e65b3-c22b-4cef-a84e-acf888144cf6,2026-06-06 12:00:00,26,5,4.0,1.3447747340596095,0.25285332918983605,2.7023085981201826,1.0,1.0,4.333333333333333,False,below within-person threshold
e86e65b3-c22b-4cef-a84e-acf888144cf6,2026-06-06 15:00:00,27,5,5.0,1.3447747340596095,0.25285332918983605,2.7023085981201826,1.0,1.0,4.333333333333333,False,below within-person threshold
e86e65b3-c22b-4cef-a84e-acf888144cf6,2026-06-06 18:00:00,28,5,3.0,1.3447747340596095,0.25285332918983605,2.7023085981201826,4.0,2.0,4.266666666666667,False,below within-person threshold
e86e65b3-c22b-4cef-a84e-acf888144cf6,2026-06-06 21:00:00,29,5,5.0,1.3447747340596095,0.25285332918983605,2.7023085981201826,4.0,3.0,4.2,False,below within-person threshold
e86e65b3-c22b-4cef-a84e-acf888144cf6,2026-06-07 09:00:00,30,6,5.0,1.3447747340596095,0.25285332918983605,2.7023085981201826,0.0,2.6666666666666665,4.133333333333334,False,below within-person threshold
e86e65b3-c22b-4cef-a84e-acf888144cf6,2026-06-07 12:00:00,31,6,5.0,1.3447747340596095,0.25285332918983605,2.7023085981201826,0.0,1.3333333333333333,4.066666666666667,False,below within-person threshold
e86e65b3-c22b-4cef-a84e-acf888144cf6,2026-06-07 15:00:00,32,6,5.0,1.3447747340596095,0.25285332918983605,2.7023085981201826,0.0,0.0,4.0,False,below within-person threshold
e86e65b3-c22b-4cef-a84e-acf888144cf6,2026-06-07 18:00:00,33,6,4.0,1.3447747340596095,0.25285332918983605,2.7023085981201826,1.0,0.3333333333333333,4.0,False,below within-person threshold
e86e65b3-c22b-4cef-a84e-acf888144cf6,2026-06-07 21:00:00,34,6,4.0,1.3447747340596095,0.25285332918983605,2.7023085981201826,0.0,0.3333333333333333,4.0,False,below within-person threshold
eae661a7-ba6e-4fc6-834f-d34f822c4012,2026-06-01 09:00:00,0,0,,0.3525303883667959,0.11402071081195181,0.22021489182435994,,,,False,missing or insufficient EMA data
eae661a7-ba6e-4fc6-834f-d34f822c4012,2026-06-01 12:00:00,1,0,,0.3525303883667959,0.11402071081195181,0.22021489182435994,,,,False,missing or insufficient EMA data
eae661a7-ba6e-4fc6-834f-d34f822c4012,2026-06-01 15:00:00,2,0,,0.3525303883667959,0.11402071081195181,0.22021489182435994,,,,False,missing or insufficient EMA data
eae661a7-ba6e-4fc6-834f-d34f822c4012,2026-06-01 18:00:00,3,0,3.0,0.3525303883667959,0.11402071081195181,0.22021489182435994,,,,False,missing or insufficient EMA data
eae661a7-ba6e-4fc6-834f-d34f822c4012,2026-06-01 21:00:00,4,0,3.0,0.3525303883667959,0.11402071081195181,0.22021489182435994,0.0,0.0,,False,insufficient within-person history
eae661a7-ba6e-4fc6-834f-d34f822c4012,2026-06-02 09:00:00,5,1,,0.3525303883667959,0.11402071081195181,0.22021489182435994,,0.0,,False,missing or insufficient EMA data
eae661a7-ba6e-4fc6-834f-d34f822c4012,2026-06-02 12:00:00,6,1,,0.3525303883667959,0.11402071081195181,0.22021489182435994,,0.0,,False,missing or insufficient EMA data
eae661a7-ba6e-4fc6-834f-d34f822c4012,2026-06-02 15:00:00,7,1,4.0,0.3525303883667959,0.11402071081195181,0.22021489182435994,,,0.0,False,missing or insufficient EMA data
eae661a7-ba6e-4fc6-834f-d34f822c4012,2026-06-02 18:00:00,8,1,3.0,0.3525303883667959,0.11402071081195181,0.22021489182435994,1.0,1.0,0.0,True,prompt sent
eae661a7-ba6e-4fc6-834f-d34f822c4012,2026-06-02 21:00:00,9,1,3.0,0.3525303883667959,0.11402071081195181,0.22021489182435994,0.0,0.5,0.40000000000000036,True,prompt sent
eae661a7-ba6e-4fc6-834f-d34f822c4012,2026-06-03 09:00:00,10,2,3.0,0.3525303883667959,0.11402071081195181,0.22021489182435994,0.0,0.3333333333333333,0.6000000000000001,False,below within-person threshold
eae661a7-ba6e-4fc6-834f-d34f822c4012,2026-06-03 12:00:00,11,2,,0.3525303883667959,0.11402071081195181,0.22021489182435994,,0.0,0.5,False,missing or insufficient EMA data
eae661a7-ba6e-4fc6-834f-d34f822c4012,2026-06-03 15:00:00,12,2,3.0,0.3525303883667959,0.11402071081195181,0.22021489182435994,,0.0,0.4666666666666668,False,below within-person threshold
eae661a7-ba6e-4fc6-834f-d34f822c4012,2026-06-03 18:00:00,13,2,3.0,0.3525303883667959,0.11402071081195181,0.22021489182435994,0.0,0.0,0.4333333333333334,False,below within-person threshold
eae661a7-ba6e-4fc6-834f-d34f822c4012,2026-06-03 21:00:00,14,2,3.0,0.3525303883667959,0.11402071081195181,0.22021489182435994,0.0,0.0,0.4,False,below within-person threshold
eae661a7-ba6e-4fc6-834f-d34f822c4012,2026-06-04 09:00:00,15,3,3.0,0.3525303883667959,0.11402071081195181,0.22021489182435994,0.0,0.0,0.3666666666666667,False,below within-person threshold
eae661a7-ba6e-4fc6-834f-d34f822c4012,2026-06-04 12:00:00,16,3,,0.3525303883667959,0.11402071081195181,0.22021489182435994,,0.0,0.3333333333333333,False,missing or insufficient EMA data
eae661a7-ba6e-4fc6-834f-d34f822c4012,2026-06-04 15:00:00,17,3,,0.3525303883667959,0.11402071081195181,0.22021489182435994,,0.0,0.2666666666666669,False,missing or insufficient EMA data
eae661a7-ba6e-4fc6-834f-d34f822c4012,2026-06-04 18:00:00,18,3,,0.3525303883667959,0.11402071081195181,0.22021489182435994,,,0.20000000000000046,False,missing or insufficient EMA data
eae661a7-ba6e-4fc6-834f-d34f822c4012,2026-06-04 21:00:00,19,3,,0.3525303883667959,0.11402071081195181,0.22021489182435994,,,0.20000000000000046,False,missing or insufficient EMA data
eae661a7-ba6e-4fc6-834f-d34f822c4012,2026-06-05 09:00:00,20,4,,0.3525303883667959,0.11402071081195181,0.22021489182435994,,,0.20000000000000046,False,missing or insufficient EMA data
eae661a7-ba6e-4fc6-834f-d34f822c4012,2026-06-05 12:00:00,21,4,,0.3525303883667959,0.11402071081195181,0.22021489182435994,,,0.20000000000000046,False,missing or insufficient EMA data
eae661a7-ba6e-4fc6-834f-d34f822c4012,2026-06-05 15:00:00,22,4,,0.3525303883667959,0.11402071081195181,0.22021489182435994,,,0.20000000000000046,False,missing or insufficient EMA data
eae661a7-ba6e-4fc6-834f-d34f822c4012,2026-06-05 18:00:00,23,4,4.0,0.3525303883667959,0.11402071081195181,0.22021489182435994,,,0.20000000000000046,False,missing or insufficient EMA data
eae661a7-ba6e-4fc6-834f-d34f822c4012,2026-06-05 21:00:00,24,4,3.0,0.3525303883667959,0.11402071081195181,0.22021489182435994,1.0,1.0,0.20000000000000046,True,prompt sent
eae661a7-ba6e-4fc6-834f-d34f822c4012,2026-06-06 09:00:00,25,5,,0.3525303883667959,0.11402071081195181,0.22021489182435994,,1.0,0.4,False,missing or insufficient EMA data
eae661a7-ba6e-4fc6-834f-d34f822c4012,2026-06-06 12:00:00,26,5,,0.3525303883667959,0.11402071081195181,0.22021489182435994,,1.0,0.6000000000000005,False,missing or insufficient EMA data
eae661a7-ba6e-4fc6-834f-d34f822c4012,2026-06-06 15:00:00,27,5,,0.3525303883667959,0.11402071081195181,0.22021489182435994,,,1.0,False,missing or insufficient EMA data
eae661a7-ba6e-4fc6-834f-d34f822c4012,2026-06-06 18:00:00,28,5,,0.3525303883667959,0.11402071081195181,0.22021489182435994,,,1.0,False,missing or insufficient EMA data
eae661a7-ba6e-4fc6-834f-d34f822c4012,2026-06-06 21:00:00,29,5,,0.3525303883667959,0.11402071081195181,0.22021489182435994,,,1.0,False,missing or insufficient EMA data
eae661a7-ba6e-4fc6-834f-d34f822c4012,2026-06-07 09:00:00,30,6,,0.3525303883667959,0.11402071081195181,0.22021489182435994,,,1.0,False,missing or insufficient EMA data
eae661a7-ba6e-4fc6-834f-d34f822c4012,2026-06-07 12:00:00,31,6,,0.3525303883667959,0.11402071081195181,0.22021489182435994,,,1.0,False,missing or insufficient EMA data
eae661a7-ba6e-4fc6-834f-d34f822c4012,2026-06-07 15:00:00,32,6,3.0,0.3525303883667959,0.11402071081195181,0.22021489182435994,,,1.0,False,missing or insufficient EMA data
eae661a7-ba6e-4fc6-834f-d34f822c4012,2026-06-07 18:00:00,33,6,3.0,0.3525303883667959,0.11402071081195181,0.22021489182435994,0.0,0.0,1.0,False,below within-person threshold
eae661a7-ba6e-4fc6-834f-d34f822c4012,2026-06-07 21:00:00,34,6,3.0,0.3525303883667959,0.11402071081195181,0.22021489182435994,0.0,0.0,0.9000000000000004,False,below within-person threshold
eba4497f-6540-4b67-9d8e-c63f62c8f94e,2026-06-01 09:00:00,0,0,3.0,1.325745538711797,0.25238047953515763,2.628033982587128,,,,False,missing or insufficient EMA data
eba4497f-6540-4b67-9d8e-c63f62c8f94e,2026-06-01 12:00:00,1,0,,1.325745538711797,0.25238047953515763,2.628033982587128,,,,False,missing or insufficient EMA data
eba4497f-6540-4b67-9d8e-c63f62c8f94e,2026-06-01 15:00:00,2,0,,1.325745538711797,0.25238047953515763,2.628033982587128,,,,False,missing or insufficient EMA data
eba4497f-6540-4b67-9d8e-c63f62c8f94e,2026-06-01 18:00:00,3,0,,1.325745538711797,0.25238047953515763,2.628033982587128,,,,False,missing or insufficient EMA data
eba4497f-6540-4b67-9d8e-c63f62c8f94e,2026-06-01 21:00:00,4,0,3.0,1.325745538711797,0.25238047953515763,2.628033982587128,,,,False,missing or insufficient EMA data
eba4497f-6540-4b67-9d8e-c63f62c8f94e,2026-06-02 09:00:00,5,1,5.0,1.325745538711797,0.25238047953515763,2.628033982587128,4.0,4.0,,False,insufficient within-person history
eba4497f-6540-4b67-9d8e-c63f62c8f94e,2026-06-02 12:00:00,6,1,,1.325745538711797,0.25238047953515763,2.628033982587128,,4.0,,False,missing or insufficient EMA data
eba4497f-6540-4b67-9d8e-c63f62c8f94e,2026-06-02 15:00:00,7,1,,1.325745538711797,0.25238047953515763,2.628033982587128,,4.0,,False,missing or insufficient EMA data
eba4497f-6540-4b67-9d8e-c63f62c8f94e,2026-06-02 18:00:00,8,1,,1.325745538711797,0.25238047953515763,2.628033982587128,,,4.0,False,missing or insufficient EMA data
eba4497f-6540-4b67-9d8e-c63f62c8f94e,2026-06-02 21:00:00,9,1,,1.325745538711797,0.25238047953515763,2.628033982587128,,,4.0,False,missing or insufficient EMA data
eba4497f-6540-4b67-9d8e-c63f62c8f94e,2026-06-03 09:00:00,10,2,3.0,1.325745538711797,0.25238047953515763,2.628033982587128,,,4.0,False,missing or insufficient EMA data
eba4497f-6540-4b67-9d8e-c63f62c8f94e,2026-06-03 12:00:00,11,2,5.0,1.325745538711797,0.25238047953515763,2.628033982587128,4.0,4.0,4.0,False,below within-person threshold
eba4497f-6540-4b67-9d8e-c63f62c8f94e,2026-06-03 15:00:00,12,2,3.0,1.325745538711797,0.25238047953515763,2.628033982587128,4.0,4.0,4.0,False,below within-person threshold
eba4497f-6540-4b67-9d8e-c63f62c8f94e,2026-06-03 18:00:00,13,2,,1.325745538711797,0.25238047953515763,2.628033982587128,,4.0,4.0,False,missing or insufficient EMA data
eba4497f-6540-4b67-9d8e-c63f62c8f94e,2026-06-03 21:00:00,14,2,4.0,1.325745538711797,0.25238047953515763,2.628033982587128,,4.0,4.0,False,below within-person threshold
eba4497f-6540-4b67-9d8e-c63f62c8f94e,2026-06-04 09:00:00,15,3,3.0,1.325745538711797,0.25238047953515763,2.628033982587128,1.0,1.0,4.0,False,below within-person threshold
eba4497f-6540-4b67-9d8e-c63f62c8f94e,2026-06-04 12:00:00,16,3,3.0,1.325745538711797,0.25238047953515763,2.628033982587128,0.0,0.5,4.0,False,below within-person threshold
eba4497f-6540-4b67-9d8e-c63f62c8f94e,2026-06-04 15:00:00,17,3,2.0,1.325745538711797,0.25238047953515763,2.628033982587128,1.0,0.6666666666666666,4.0,False,below within-person threshold
eba4497f-6540-4b67-9d8e-c63f62c8f94e,2026-06-04 18:00:00,18,3,2.0,1.325745538711797,0.25238047953515763,2.628033982587128,0.0,0.3333333333333333,4.0,False,below within-person threshold
eba4497f-6540-4b67-9d8e-c63f62c8f94e,2026-06-04 21:00:00,19,3,3.0,1.325745538711797,0.25238047953515763,2.628033982587128,1.0,0.6666666666666666,4.0,False,below within-person threshold
eba4497f-6540-4b67-9d8e-c63f62c8f94e,2026-06-05 09:00:00,20,4,4.0,1.325745538711797,0.25238047953515763,2.628033982587128,1.0,0.6666666666666666,4.0,False,below within-person threshold
eba4497f-6540-4b67-9d8e-c63f62c8f94e,2026-06-05 12:00:00,21,4,5.0,1.325745538711797,0.25238047953515763,2.628033982587128,1.0,1.0,4.0,False,below within-person threshold
eba4497f-6540-4b67-9d8e-c63f62c8f94e,2026-06-05 15:00:00,22,4,,1.325745538711797,0.25238047953515763,2.628033982587128,,1.0,4.0,False,missing or insufficient EMA data
eba4497f-6540-4b67-9d8e-c63f62c8f94e,2026-06-05 18:00:00,23,4,2.0,1.325745538711797,0.25238047953515763,2.628033982587128,,1.0,4.0,False,below within-person threshold
eba4497f-6540-4b67-9d8e-c63f62c8f94e,2026-06-05 21:00:00,24,4,3.0,1.325745538711797,0.25238047953515763,2.628033982587128,1.0,1.0,4.0,False,below within-person threshold
eba4497f-6540-4b67-9d8e-c63f62c8f94e,2026-06-06 09:00:00,25,5,4.0,1.325745538711797,0.25238047953515763,2.628033982587128,1.0,1.0,4.0,False,below within-person threshold
eba4497f-6540-4b67-9d8e-c63f62c8f94e,2026-06-06 12:00:00,26,5,5.0,1.325745538711797,0.25238047953515763,2.628033982587128,1.0,1.0,4.0,False,below within-person threshold
eba4497f-6540-4b67-9d8e-c63f62c8f94e,2026-06-06 15:00:00,27,5,4.0,1.325745538711797,0.25238047953515763,2.628033982587128,1.0,1.0,4.0,False,below within-person threshold
eba4497f-6540-4b67-9d8e-c63f62c8f94e,2026-06-06 18:00:00,28,5,4.0,1.325745538711797,0.25238047953515763,2.628033982587128,0.0,0.6666666666666666,4.0,False,below within-person threshold
eba4497f-6540-4b67-9d8e-c63f62c8f94e,2026-06-06 21:00:00,29,5,5.0,1.325745538711797,0.25238047953515763,2.628033982587128,1.0,0.6666666666666666,4.0,False,below within-person threshold
eba4497f-6540-4b67-9d8e-c63f62c8f94e,2026-06-07 09:00:00,30,6,4.0,1.325745538711797,0.25238047953515763,2.628033982587128,1.0,0.6666666666666666,4.0,False,below within-person threshold
eba4497f-6540-4b67-9d8e-c63f62c8f94e,2026-06-07 12:00:00,31,6,,1.325745538711797,0.25238047953515763,2.628033982587128,,1.0,4.0,False,missing or insufficient EMA data
eba4497f-6540-4b67-9d8e-c63f62c8f94e,2026-06-07 15:00:00,32,6,,1.325745538711797,0.25238047953515763,2.628033982587128,,1.0,4.0,False,missing or insufficient EMA data
eba4497f-6540-4b67-9d8e-c63f62c8f94e,2026-06-07 18:00:00,33,6,,1.325745538711797,0.25238047953515763,2.628033982587128,,,4.0,False,missing or insufficient EMA data
eba4497f-6540-4b67-9d8e-c63f62c8f94e,2026-06-07 21:00:00,34,6,,1.325745538711797,0.25238047953515763,2.628033982587128,,,4.0,False,missing or insufficient EMA data
f5037328-4881-4646-8d17-5a6132a64e7b,2026-06-01 09:00:00,0,0,3.0,0.8187734931970365,0.46363738707694735,0.7191442997287677,,,,False,missing or insufficient EMA data
f5037328-4881-4646-8d17-5a6132a64e7b,2026-06-01 12:00:00,1,0,2.0,0.8187734931970365,0.46363738707694735,0.7191442997287677,1.0,1.0,,False,insufficient within-person history
f5037328-4881-4646-8d17-5a6132a64e7b,2026-06-01 15:00:00,2,0,2.0,0.8187734931970365,0.46363738707694735,0.7191442997287677,0.0,0.5,,False,insufficient within-person history
f5037328-4881-4646-8d17-5a6132a64e7b,2026-06-01 18:00:00,3,0,2.0,0.8187734931970365,0.46363738707694735,0.7191442997287677,0.0,0.3333333333333333,,False,insufficient within-person history
f5037328-4881-4646-8d17-5a6132a64e7b,2026-06-01 21:00:00,4,0,2.0,0.8187734931970365,0.46363738707694735,0.7191442997287677,0.0,0.0,0.8,False,below within-person threshold
f5037328-4881-4646-8d17-5a6132a64e7b,2026-06-02 09:00:00,5,1,3.0,0.8187734931970365,0.46363738707694735,0.7191442997287677,1.0,0.3333333333333333,0.7000000000000002,False,below within-person threshold
f5037328-4881-4646-8d17-5a6132a64e7b,2026-06-02 12:00:00,6,1,2.0,0.8187734931970365,0.46363738707694735,0.7191442997287677,1.0,0.6666666666666666,0.6000000000000001,True,prompt sent
f5037328-4881-4646-8d17-5a6132a64e7b,2026-06-02 15:00:00,7,1,4.0,0.8187734931970365,0.46363738707694735,0.7191442997287677,4.0,2.0,0.6666666666666666,True,prompt sent
f5037328-4881-4646-8d17-5a6132a64e7b,2026-06-02 18:00:00,8,1,3.0,0.8187734931970365,0.46363738707694735,0.7191442997287677,1.0,2.0,0.9333333333333336,True,prompt sent
f5037328-4881-4646-8d17-5a6132a64e7b,2026-06-02 21:00:00,9,1,3.0,0.8187734931970365,0.46363738707694735,0.7191442997287677,0.0,1.6666666666666667,1.6000000000000005,True,prompt sent
f5037328-4881-4646-8d17-5a6132a64e7b,2026-06-03 09:00:00,10,2,2.0,0.8187734931970365,0.46363738707694735,0.7191442997287677,1.0,0.6666666666666666,1.8000000000000003,False,below within-person threshold
f5037328-4881-4646-8d17-5a6132a64e7b,2026-06-03 12:00:00,11,2,3.0,0.8187734931970365,0.46363738707694735,0.7191442997287677,1.0,0.6666666666666666,1.7333333333333334,False,below within-person threshold
f5037328-4881-4646-8d17-5a6132a64e7b,2026-06-03 15:00:00,12,2,,0.8187734931970365,0.46363738707694735,0.7191442997287677,,1.0,1.6666666666666667,False,missing or insufficient EMA data
f5037328-4881-4646-8d17-5a6132a64e7b,2026-06-03 18:00:00,13,2,,0.8187734931970365,0.46363738707694735,0.7191442997287677,,1.0,1.5333333333333339,False,missing or insufficient EMA data
f5037328-4881-4646-8d17-5a6132a64e7b,2026-06-03 21:00:00,14,2,,0.8187734931970365,0.46363738707694735,0.7191442997287677,,,1.400000000000001,False,missing or insufficient EMA data
f5037328-4881-4646-8d17-5a6132a64e7b,2026-06-04 09:00:00,15,3,3.0,0.8187734931970365,0.46363738707694735,0.7191442997287677,,,1.400000000000001,False,missing or insufficient EMA data
f5037328-4881-4646-8d17-5a6132a64e7b,2026-06-04 12:00:00,16,3,3.0,0.8187734931970365,0.46363738707694735,0.7191442997287677,0.0,0.0,1.400000000000001,False,below within-person threshold
f5037328-4881-4646-8d17-5a6132a64e7b,2026-06-04 15:00:00,17,3,3.0,0.8187734931970365,0.46363738707694735,0.7191442997287677,0.0,0.0,1.266666666666667,False,below within-person threshold
f5037328-4881-4646-8d17-5a6132a64e7b,2026-06-04 18:00:00,18,3,4.0,0.8187734931970365,0.46363738707694735,0.7191442997287677,1.0,0.3333333333333333,1.133333333333334,False,below within-person threshold
f5037328-4881-4646-8d17-5a6132a64e7b,2026-06-04 21:00:00,19,3,4.0,0.8187734931970365,0.46363738707694735,0.7191442997287677,0.0,0.3333333333333333,1.0,False,below within-person threshold
f5037328-4881-4646-8d17-5a6132a64e7b,2026-06-05 09:00:00,20,4,5.0,0.8187734931970365,0.46363738707694735,0.7191442997287677,1.0,0.6666666666666666,1.0,False,below within-person threshold
f5037328-4881-4646-8d17-5a6132a64e7b,2026-06-05 12:00:00,21,4,2.0,0.8187734931970365,0.46363738707694735,0.7191442997287677,9.0,3.3333333333333335,1.0,True,prompt sent
f5037328-4881-4646-8d17-5a6132a64e7b,2026-06-05 15:00:00,22,4,2.0,0.8187734931970365,0.46363738707694735,0.7191442997287677,0.0,3.3333333333333335,1.266666666666667,True,prompt sent
f5037328-4881-4646-8d17-5a6132a64e7b,2026-06-05 18:00:00,23,4,2.0,0.8187734931970365,0.46363738707694735,0.7191442997287677,0.0,3.0,1.7333333333333338,True,prompt sent
f5037328-4881-4646-8d17-5a6132a64e7b,2026-06-05 21:00:00,24,4,3.0,0.8187734931970365,0.46363738707694735,0.7191442997287677,1.0,0.3333333333333333,2.0,False,below within-person threshold
f5037328-4881-4646-8d17-5a6132a64e7b,2026-06-06 09:00:00,25,5,2.0,0.8187734931970365,0.46363738707694735,0.7191442997287677,1.0,0.6666666666666666,1.9333333333333336,False,below within-person threshold
f5037328-4881-4646-8d17-5a6132a64e7b,2026-06-06 12:00:00,26,5,2.0,0.8187734931970365,0.46363738707694735,0.7191442997287677,0.0,0.6666666666666666,1.8666666666666671,False,below within-person threshold
f5037328-4881-4646-8d17-5a6132a64e7b,2026-06-06 15:00:00,27,5,3.0,0.8187734931970365,0.46363738707694735,0.7191442997287677,1.0,0.6666666666666666,1.8000000000000007,False,below within-person threshold
f5037328-4881-4646-8d17-5a6132a64e7b,2026-06-06 18:00:00,28,5,2.0,0.8187734931970365,0.46363738707694735,0.7191442997287677,1.0,0.6666666666666666,1.7333333333333343,False,below within-person threshold
f5037328-4881-4646-8d17-5a6132a64e7b,2026-06-06 21:00:00,29,5,4.0,0.8187734931970365,0.46363738707694735,0.7191442997287677,4.0,2.0,1.6666666666666667,True,prompt sent
f5037328-4881-4646-8d17-5a6132a64e7b,2026-06-07 09:00:00,30,6,4.0,0.8187734931970365,0.46363738707694735,0.7191442997287677,0.0,1.6666666666666667,1.9333333333333336,False,below within-person threshold
f5037328-4881-4646-8d17-5a6132a64e7b,2026-06-07 12:00:00,31,6,3.0,0.8187734931970365,0.46363738707694735,0.7191442997287677,1.0,1.6666666666666667,1.8666666666666671,False,below within-person threshold
f5037328-4881-4646-8d17-5a6132a64e7b,2026-06-07 15:00:00,32,6,3.0,0.8187734931970365,0.46363738707694735,0.7191442997287677,0.0,0.3333333333333333,1.8000000000000007,False,below within-person threshold
f5037328-4881-4646-8d17-5a6132a64e7b,2026-06-07 18:00:00,33,6,3.0,0.8187734931970365,0.46363738707694735,0.7191442997287677,0.0,0.3333333333333333,1.7333333333333343,False,below within-person threshold
f5037328-4881-4646-8d17-5a6132a64e7b,2026-06-07 21:00:00,34,6,3.0,0.8187734931970365,0.46363738707694735,0.7191442997287677,0.0,0.0,1.6666666666666667,False,below within-person threshold
f6ddb365-3bdd-4225-9aec-440af478a96d,2026-06-01 09:00:00,0,0,4.0,0.9248651402183037,0.5734828976243086,0.7296645829424024,,,,False,missing or insufficient EMA data
f6ddb365-3bdd-4225-9aec-440af478a96d,2026-06-01 12:00:00,1,0,3.0,0.9248651402183037,0.5734828976243086,0.7296645829424024,1.0,1.0,,False,insufficient within-person history
f6ddb365-3bdd-4225-9aec-440af478a96d,2026-06-01 15:00:00,2,0,3.0,0.9248651402183037,0.5734828976243086,0.7296645829424024,0.0,0.5,,False,insufficient within-person history
f6ddb365-3bdd-4225-9aec-440af478a96d,2026-06-01 18:00:00,3,0,3.0,0.9248651402183037,0.5734828976243086,0.7296645829424024,0.0,0.3333333333333333,,False,insufficient within-person history
f6ddb365-3bdd-4225-9aec-440af478a96d,2026-06-01 21:00:00,4,0,4.0,0.9248651402183037,0.5734828976243086,0.7296645829424024,1.0,0.3333333333333333,0.8,False,below within-person threshold
f6ddb365-3bdd-4225-9aec-440af478a96d,2026-06-02 09:00:00,5,1,4.0,0.9248651402183037,0.5734828976243086,0.7296645829424024,0.0,0.3333333333333333,0.7000000000000002,False,below within-person threshold
f6ddb365-3bdd-4225-9aec-440af478a96d,2026-06-02 12:00:00,6,1,,0.9248651402183037,0.5734828976243086,0.7296645829424024,,0.5,0.6000000000000001,False,missing or insufficient EMA data
f6ddb365-3bdd-4225-9aec-440af478a96d,2026-06-02 15:00:00,7,1,5.0,0.9248651402183037,0.5734828976243086,0.7296645829424024,,0.0,0.5,False,below within-person threshold
f6ddb365-3bdd-4225-9aec-440af478a96d,2026-06-02 18:00:00,8,1,5.0,0.9248651402183037,0.5734828976243086,0.7296645829424024,0.0,0.0,0.5,False,below within-person threshold
f6ddb365-3bdd-4225-9aec-440af478a96d,2026-06-02 21:00:00,9,1,4.0,0.9248651402183037,0.5734828976243086,0.7296645829424024,1.0,0.5,0.5,False,below within-person threshold
f6ddb365-3bdd-4225-9aec-440af478a96d,2026-06-03 09:00:00,10,2,4.0,0.9248651402183037,0.5734828976243086,0.7296645829424024,0.0,0.3333333333333333,0.5,False,below within-person threshold
f6ddb365-3bdd-4225-9aec-440af478a96d,2026-06-03 12:00:00,11,2,4.0,0.9248651402183037,0.5734828976243086,0.7296645829424024,0.0,0.3333333333333333,0.5,False,below within-person threshold
f6ddb365-3bdd-4225-9aec-440af478a96d,2026-06-03 15:00:00,12,2,4.0,0.9248651402183037,0.5734828976243086,0.7296645829424024,0.0,0.0,0.5,False,below within-person threshold
f6ddb365-3bdd-4225-9aec-440af478a96d,2026-06-03 18:00:00,13,2,3.0,0.9248651402183037,0.5734828976243086,0.7296645829424024,1.0,0.3333333333333333,0.5,False,below within-person threshold
f6ddb365-3bdd-4225-9aec-440af478a96d,2026-06-03 21:00:00,14,2,2.0,0.9248651402183037,0.5734828976243086,0.7296645829424024,1.0,0.6666666666666666,0.5,True,prompt sent
f6ddb365-3bdd-4225-9aec-440af478a96d,2026-06-04 09:00:00,15,3,3.0,0.9248651402183037,0.5734828976243086,0.7296645829424024,1.0,1.0,0.5,True,prompt sent
f6ddb365-3bdd-4225-9aec-440af478a96d,2026-06-04 12:00:00,16,3,4.0,0.9248651402183037,0.5734828976243086,0.7296645829424024,1.0,1.0,0.5333333333333335,True,prompt sent
f6ddb365-3bdd-4225-9aec-440af478a96d,2026-06-04 15:00:00,17,3,4.0,0.9248651402183037,0.5734828976243086,0.7296645829424024,0.0,0.6666666666666666,0.6666666666666666,False,below within-person threshold
f6ddb365-3bdd-4225-9aec-440af478a96d,2026-06-04 18:00:00,18,3,,0.9248651402183037,0.5734828976243086,0.7296645829424024,,0.5,0.6666666666666666,False,missing or insufficient EMA data
f6ddb365-3bdd-4225-9aec-440af478a96d,2026-06-04 21:00:00,19,3,,0.9248651402183037,0.5734828976243086,0.7296645829424024,,0.0,0.6666666666666666,False,missing or insufficient EMA data
f6ddb365-3bdd-4225-9aec-440af478a96d,2026-06-05 09:00:00,20,4,,0.9248651402183037,0.5734828976243086,0.7296645829424024,,,0.6666666666666666,False,missing or insufficient EMA data
f6ddb365-3bdd-4225-9aec-440af478a96d,2026-06-05 12:00:00,21,4,3.0,0.9248651402183037,0.5734828976243086,0.7296645829424024,,,0.6666666666666666,False,missing or insufficient EMA data
f6ddb365-3bdd-4225-9aec-440af478a96d,2026-06-05 15:00:00,22,4,5.0,0.9248651402183037,0.5734828976243086,0.7296645829424024,4.0,4.0,0.6666666666666666,True,prompt sent
f6ddb365-3bdd-4225-9aec-440af478a96d,2026-06-05 18:00:00,23,4,4.0,0.9248651402183037,0.5734828976243086,0.7296645829424024,1.0,2.5,0.7333333333333336,True,prompt sent
f6ddb365-3bdd-4225-9aec-440af478a96d,2026-06-05 21:00:00,24,4,,0.9248651402183037,0.5734828976243086,0.7296645829424024,,2.5,1.0,False,missing or insufficient EMA data
f6ddb365-3bdd-4225-9aec-440af478a96d,2026-06-06 09:00:00,25,5,,0.9248651402183037,0.5734828976243086,0.7296645829424024,,1.0,1.0,False,missing or insufficient EMA data
f6ddb365-3bdd-4225-9aec-440af478a96d,2026-06-06 12:00:00,26,5,,0.9248651402183037,0.5734828976243086,0.7296645829424024,,,1.0,False,missing or insufficient EMA data
f6ddb365-3bdd-4225-9aec-440af478a96d,2026-06-06 15:00:00,27,5,,0.9248651402183037,0.5734828976243086,0.7296645829424024,,,1.0,False,missing or insufficient EMA data
f6ddb365-3bdd-4225-9aec-440af478a96d,2026-06-06 18:00:00,28,5,,0.9248651402183037,0.5734828976243086,0.7296645829424024,,,1.0,False,missing or insufficient EMA data
f6ddb365-3bdd-4225-9aec-440af478a96d,2026-06-06 21:00:00,29,5,,0.9248651402183037,0.5734828976243086,0.7296645829424024,,,1.0,False,missing or insufficient EMA data
f6ddb365-3bdd-4225-9aec-440af478a96d,2026-06-07 09:00:00,30,6,,0.9248651402183037,0.5734828976243086,0.7296645829424024,,,1.0,False,missing or insufficient EMA data
f6ddb365-3bdd-4225-9aec-440af478a96d,2026-06-07 12:00:00,31,6,,0.9248651402183037,0.5734828976243086,0.7296645829424024,,,1.0,False,missing or insufficient EMA data
f6ddb365-3bdd-4225-9aec-440af478a96d,2026-06-07 15:00:00,32,6,,0.9248651402183037,0.5734828976243086,0.7296645829424024,,,1.0,False,missing or insufficient EMA data
f6ddb365-3bdd-4225-9aec-440af478a96d,2026-06-07 18:00:00,33,6,4.0,0.9248651402183037,0.5734828976243086,0.7296645829424024,,,1.0,False,missing or insufficient EMA data
f6ddb365-3bdd-4225-9aec-440af478a96d,2026-06-07 21:00:00,34,6,4.0,0.9248651402183037,0.5734828976243086,0.7296645829424024,0.0,0.0,1.0,False,below within-person threshold
f903cd14-a424-425d-ae28-f93568062897,2026-06-01 09:00:00,0,0,,1.1182765290410552,0.4629687026518188,1.3431608099855428,,,,False,missing or insufficient EMA data
f903cd14-a424-425d-ae28-f93568062897,2026-06-01 12:00:00,1,0,3.0,1.1182765290410552,0.4629687026518188,1.3431608099855428,,,,False,missing or insufficient EMA data
f903cd14-a424-425d-ae28-f93568062897,2026-06-01 15:00:00,2,0,3.0,1.1182765290410552,0.4629687026518188,1.3431608099855428,0.0,0.0,,False,insufficient within-person history
f903cd14-a424-425d-ae28-f93568062897,2026-06-01 18:00:00,3,0,4.0,1.1182765290410552,0.4629687026518188,1.3431608099855428,1.0,0.5,,False,insufficient within-person history
f903cd14-a424-425d-ae28-f93568062897,2026-06-01 21:00:00,4,0,5.0,1.1182765290410552,0.4629687026518188,1.3431608099855428,1.0,0.6666666666666666,,False,insufficient within-person history
f903cd14-a424-425d-ae28-f93568062897,2026-06-02 09:00:00,5,1,4.0,1.1182765290410552,0.4629687026518188,1.3431608099855428,1.0,1.0,0.6,True,prompt sent
f903cd14-a424-425d-ae28-f93568062897,2026-06-02 12:00:00,6,1,3.0,1.1182765290410552,0.4629687026518188,1.3431608099855428,1.0,1.0,0.8,True,prompt sent
f903cd14-a424-425d-ae28-f93568062897,2026-06-02 15:00:00,7,1,3.0,1.1182765290410552,0.4629687026518188,1.3431608099855428,0.0,0.6666666666666666,1.0,False,below within-person threshold
f903cd14-a424-425d-ae28-f93568062897,2026-06-02 18:00:00,8,1,5.0,1.1182765290410552,0.4629687026518188,1.3431608099855428,4.0,1.6666666666666667,1.0,True,prompt sent
f903cd14-a424-425d-ae28-f93568062897,2026-06-02 21:00:00,9,1,,1.1182765290410552,0.4629687026518188,1.3431608099855428,,2.0,1.0,False,missing or insufficient EMA data
f903cd14-a424-425d-ae28-f93568062897,2026-06-03 09:00:00,10,2,4.0,1.1182765290410552,0.4629687026518188,1.3431608099855428,,4.0,1.4000000000000004,True,prompt sent
f903cd14-a424-425d-ae28-f93568062897,2026-06-03 12:00:00,11,2,,1.1182765290410552,0.4629687026518188,1.3431608099855428,,,1.8000000000000003,False,missing or insufficient EMA data
f903cd14-a424-425d-ae28-f93568062897,2026-06-03 15:00:00,12,2,,1.1182765290410552,0.4629687026518188,1.3431608099855428,,,1.8000000000000003,False,missing or insufficient EMA data
f903cd14-a424-425d-ae28-f93568062897,2026-06-03 18:00:00,13,2,,1.1182765290410552,0.4629687026518188,1.3431608099855428,,,1.8000000000000003,False,missing or insufficient EMA data
f903cd14-a424-425d-ae28-f93568062897,2026-06-03 21:00:00,14,2,,1.1182765290410552,0.4629687026518188,1.3431608099855428,,,1.8000000000000003,False,missing or insufficient EMA data
f903cd14-a424-425d-ae28-f93568062897,2026-06-04 09:00:00,15,3,3.0,1.1182765290410552,0.4629687026518188,1.3431608099855428,,,1.8000000000000003,False,missing or insufficient EMA data
f903cd14-a424-425d-ae28-f93568062897,2026-06-04 12:00:00,16,3,1.0,1.1182765290410552,0.4629687026518188,1.3431608099855428,4.0,4.0,1.8000000000000003,True,prompt sent
f903cd14-a424-425d-ae28-f93568062897,2026-06-04 15:00:00,17,3,3.0,1.1182765290410552,0.4629687026518188,1.3431608099855428,4.0,4.0,2.4000000000000004,True,prompt sent
f903cd14-a424-425d-ae28-f93568062897,2026-06-04 18:00:00,18,3,3.0,1.1182765290410552,0.4629687026518188,1.3431608099855428,0.0,2.6666666666666665,4.0,False,below within-person threshold
f903cd14-a424-425d-ae28-f93568062897,2026-06-04 21:00:00,19,3,3.0,1.1182765290410552,0.4629687026518188,1.3431608099855428,0.0,1.3333333333333333,3.7333333333333343,False,below within-person threshold
f903cd14-a424-425d-ae28-f93568062897,2026-06-05 09:00:00,20,4,1.0,1.1182765290410552,0.4629687026518188,1.3431608099855428,4.0,1.3333333333333333,3.4666666666666686,False,below within-person threshold
f903cd14-a424-425d-ae28-f93568062897,2026-06-05 12:00:00,21,4,,1.1182765290410552,0.4629687026518188,1.3431608099855428,,2.0,3.2,False,missing or insufficient EMA data
f903cd14-a424-425d-ae28-f93568062897,2026-06-05 15:00:00,22,4,,1.1182765290410552,0.4629687026518188,1.3431608099855428,,4.0,2.9333333333333345,False,missing or insufficient EMA data
f903cd14-a424-425d-ae28-f93568062897,2026-06-05 18:00:00,23,4,2.0,1.1182765290410552,0.4629687026518188,1.3431608099855428,,,4.0,False,missing or insufficient EMA data
f903cd14-a424-425d-ae28-f93568062897,2026-06-05 21:00:00,24,4,1.0,1.1182765290410552,0.4629687026518188,1.3431608099855428,1.0,1.0,4.0,False,below within-person threshold
f903cd14-a424-425d-ae28-f93568062897,2026-06-06 09:00:00,25,5,,1.1182765290410552,0.4629687026518188,1.3431608099855428,,1.0,3.7333333333333343,False,missing or insufficient EMA data
f903cd14-a424-425d-ae28-f93568062897,2026-06-06 12:00:00,26,5,4.0,1.1182765290410552,0.4629687026518188,1.3431608099855428,,1.0,3.4666666666666686,False,below within-person threshold
f903cd14-a424-425d-ae28-f93568062897,2026-06-06 15:00:00,27,5,2.0,1.1182765290410552,0.4629687026518188,1.3431608099855428,4.0,4.0,3.2,True,prompt sent
f903cd14-a424-425d-ae28-f93568062897,2026-06-06 18:00:00,28,5,1.0,1.1182765290410552,0.4629687026518188,1.3431608099855428,1.0,2.5,4.0,False,below within-person threshold
f903cd14-a424-425d-ae28-f93568062897,2026-06-06 21:00:00,29,5,2.0,1.1182765290410552,0.4629687026518188,1.3431608099855428,1.0,2.0,4.0,False,below within-person threshold
f903cd14-a424-425d-ae28-f93568062897,2026-06-07 09:00:00,30,6,3.0,1.1182765290410552,0.4629687026518188,1.3431608099855428,1.0,1.0,3.7333333333333343,False,below within-person threshold
f903cd14-a424-425d-ae28-f93568062897,2026-06-07 12:00:00,31,6,1.0,1.1182765290410552,0.4629687026518188,1.3431608099855428,4.0,2.0,3.4666666666666686,False,below within-person threshold
f903cd14-a424-425d-ae28-f93568062897,2026-06-07 15:00:00,32,6,2.0,1.1182765290410552,0.4629687026518188,1.3431608099855428,1.0,2.0,3.200000000000003,False,below within-person threshold
f903cd14-a424-425d-ae28-f93568062897,2026-06-07 18:00:00,33,6,3.0,1.1182765290410552,0.4629687026518188,1.3431608099855428,1.0,2.0,2.933333333333337,False,below within-person threshold
f903cd14-a424-425d-ae28-f93568062897,2026-06-07 21:00:00,34,6,3.0,1.1182765290410552,0.4629687026518188,1.3431608099855428,0.0,0.6666666666666666,2.6666666666666665,False,below within-person threshold
f9a2b487-98a0-400a-a4c8-10cb08bc91e0,2026-06-01 09:00:00,0,0,,1.300403201500299,0.4835331221289575,1.7467410642737264,,,,False,missing or insufficient EMA data
f9a2b487-98a0-400a-a4c8-10cb08bc91e0,2026-06-01 12:00:00,1,0,,1.300403201500299,0.4835331221289575,1.7467410642737264,,,,False,missing or insufficient EMA data
f9a2b487-98a0-400a-a4c8-10cb08bc91e0,2026-06-01 15:00:00,2,0,,1.300403201500299,0.4835331221289575,1.7467410642737264,,,,False,missing or insufficient EMA data
f9a2b487-98a0-400a-a4c8-10cb08bc91e0,2026-06-01 18:00:00,3,0,,1.300403201500299,0.4835331221289575,1.7467410642737264,,,,False,missing or insufficient EMA data
f9a2b487-98a0-400a-a4c8-10cb08bc91e0,2026-06-01 21:00:00,4,0,,1.300403201500299,0.4835331221289575,1.7467410642737264,,,,False,missing or insufficient EMA data
f9a2b487-98a0-400a-a4c8-10cb08bc91e0,2026-06-02 09:00:00,5,1,,1.300403201500299,0.4835331221289575,1.7467410642737264,,,,False,missing or insufficient EMA data
f9a2b487-98a0-400a-a4c8-10cb08bc91e0,2026-06-02 12:00:00,6,1,,1.300403201500299,0.4835331221289575,1.7467410642737264,,,,False,missing or insufficient EMA data
f9a2b487-98a0-400a-a4c8-10cb08bc91e0,2026-06-02 15:00:00,7,1,,1.300403201500299,0.4835331221289575,1.7467410642737264,,,,False,missing or insufficient EMA data
f9a2b487-98a0-400a-a4c8-10cb08bc91e0,2026-06-02 18:00:00,8,1,,1.300403201500299,0.4835331221289575,1.7467410642737264,,,,False,missing or insufficient EMA data
f9a2b487-98a0-400a-a4c8-10cb08bc91e0,2026-06-02 21:00:00,9,1,3.0,1.300403201500299,0.4835331221289575,1.7467410642737264,,,,False,missing or insufficient EMA data
f9a2b487-98a0-400a-a4c8-10cb08bc91e0,2026-06-03 09:00:00,10,2,3.0,1.300403201500299,0.4835331221289575,1.7467410642737264,0.0,0.0,,False,insufficient within-person history
f9a2b487-98a0-400a-a4c8-10cb08bc91e0,2026-06-03 12:00:00,11,2,1.0,1.300403201500299,0.4835331221289575,1.7467410642737264,4.0,2.0,,False,insufficient within-person history
f9a2b487-98a0-400a-a4c8-10cb08bc91e0,2026-06-03 15:00:00,12,2,1.0,1.300403201500299,0.4835331221289575,1.7467410642737264,0.0,1.3333333333333333,,False,insufficient within-person history
f9a2b487-98a0-400a-a4c8-10cb08bc91e0,2026-06-03 18:00:00,13,2,2.0,1.300403201500299,0.4835331221289575,1.7467410642737264,1.0,1.6666666666666667,1.7333333333333334,False,below within-person threshold
f9a2b487-98a0-400a-a4c8-10cb08bc91e0,2026-06-03 21:00:00,14,2,3.0,1.300403201500299,0.4835331221289575,1.7467410642737264,1.0,0.6666666666666666,1.8000000000000003,False,below within-person threshold
f9a2b487-98a0-400a-a4c8-10cb08bc91e0,2026-06-04 09:00:00,15,3,3.0,1.300403201500299,0.4835331221289575,1.7467410642737264,0.0,0.6666666666666666,1.7333333333333334,False,below within-person threshold
f9a2b487-98a0-400a-a4c8-10cb08bc91e0,2026-06-04 12:00:00,16,3,2.0,1.300403201500299,0.4835331221289575,1.7467410642737264,1.0,0.6666666666666666,1.6666666666666667,False,below within-person threshold
f9a2b487-98a0-400a-a4c8-10cb08bc91e0,2026-06-04 15:00:00,17,3,2.0,1.300403201500299,0.4835331221289575,1.7467410642737264,0.0,0.3333333333333333,1.6000000000000003,False,below within-person threshold
f9a2b487-98a0-400a-a4c8-10cb08bc91e0,2026-06-04 18:00:00,18,3,2.0,1.300403201500299,0.4835331221289575,1.7467410642737264,0.0,0.3333333333333333,1.5333333333333334,False,below within-person threshold
f9a2b487-98a0-400a-a4c8-10cb08bc91e0,2026-06-04 21:00:00,19,3,1.0,1.300403201500299,0.4835331221289575,1.7467410642737264,1.0,0.3333333333333333,1.4666666666666668,False,below within-person threshold
f9a2b487-98a0-400a-a4c8-10cb08bc91e0,2026-06-05 09:00:00,20,4,,1.300403201500299,0.4835331221289575,1.7467410642737264,,0.5,1.4,False,missing or insufficient EMA data
f9a2b487-98a0-400a-a4c8-10cb08bc91e0,2026-06-05 12:00:00,21,4,1.0,1.300403201500299,0.4835331221289575,1.7467410642737264,,1.0,1.3333333333333333,False,below within-person threshold
f9a2b487-98a0-400a-a4c8-10cb08bc91e0,2026-06-05 15:00:00,22,4,2.0,1.300403201500299,0.4835331221289575,1.7467410642737264,1.0,1.0,1.2666666666666668,False,below within-person threshold
f9a2b487-98a0-400a-a4c8-10cb08bc91e0,2026-06-05 18:00:00,23,4,3.0,1.300403201500299,0.4835331221289575,1.7467410642737264,1.0,1.0,1.2000000000000004,False,below within-person threshold
f9a2b487-98a0-400a-a4c8-10cb08bc91e0,2026-06-05 21:00:00,24,4,2.0,1.300403201500299,0.4835331221289575,1.7467410642737264,1.0,1.0,1.1333333333333333,False,below within-person threshold
f9a2b487-98a0-400a-a4c8-10cb08bc91e0,2026-06-06 09:00:00,25,5,3.0,1.300403201500299,0.4835331221289575,1.7467410642737264,1.0,1.0,1.066666666666667,False,below within-person threshold
f9a2b487-98a0-400a-a4c8-10cb08bc91e0,2026-06-06 12:00:00,26,5,4.0,1.300403201500299,0.4835331221289575,1.7467410642737264,1.0,1.0,1.0,False,below within-person threshold
f9a2b487-98a0-400a-a4c8-10cb08bc91e0,2026-06-06 15:00:00,27,5,4.0,1.300403201500299,0.4835331221289575,1.7467410642737264,0.0,0.6666666666666666,1.0,False,below within-person threshold
f9a2b487-98a0-400a-a4c8-10cb08bc91e0,2026-06-06 18:00:00,28,5,4.0,1.300403201500299,0.4835331221289575,1.7467410642737264,0.0,0.3333333333333333,1.0,False,below within-person threshold
f9a2b487-98a0-400a-a4c8-10cb08bc91e0,2026-06-06 21:00:00,29,5,5.0,1.300403201500299,0.4835331221289575,1.7467410642737264,1.0,0.3333333333333333,1.0,False,below within-person threshold
f9a2b487-98a0-400a-a4c8-10cb08bc91e0,2026-06-07 09:00:00,30,6,5.0,1.300403201500299,0.4835331221289575,1.7467410642737264,0.0,0.3333333333333333,1.0,False,below within-person threshold
f9a2b487-98a0-400a-a4c8-10cb08bc91e0,2026-06-07 12:00:00,31,6,,1.300403201500299,0.4835331221289575,1.7467410642737264,,0.5,1.0,False,missing or insufficient EMA data
f9a2b487-98a0-400a-a4c8-10cb08bc91e0,2026-06-07 15:00:00,32,6,,1.300403201500299,0.4835331221289575,1.7467410642737264,,0.0,1.0,False,missing or insufficient EMA data
f9a2b487-98a0-400a-a4c8-10cb08bc91e0,2026-06-07 18:00:00,33,6,4.0,1.300403201500299,0.4835331221289575,1.7467410642737264,,,1.0,False,missing or insufficient EMA data
f9a2b487-98a0-400a-a4c8-10cb08bc91e0,2026-06-07 21:00:00,34,6,,1.300403201500299,0.4835331221289575,1.7467410642737264,,,1.0,False,missing or insufficient EMA data
fab06e82-7fcd-473a-9ce0-e67f049cc5b7,2026-06-01 09:00:00,0,0,1.0,1.4250743001623187,0.2942879603028996,2.8663719057705044,,,,False,missing or insufficient EMA data
fab06e82-7fcd-473a-9ce0-e67f049cc5b7,2026-06-01 12:00:00,1,0,4.0,1.4250743001623187,0.2942879603028996,2.8663719057705044,9.0,9.0,,False,insufficient within-person history
fab06e82-7fcd-473a-9ce0-e67f049cc5b7,2026-06-01 15:00:00,2,0,3.0,1.4250743001623187,0.2942879603028996,2.8663719057705044,1.0,5.0,,False,insufficient within-person history
fab06e82-7fcd-473a-9ce0-e67f049cc5b7,2026-06-01 18:00:00,3,0,,1.4250743001623187,0.2942879603028996,2.8663719057705044,,5.0,,False,missing or insufficient EMA data
fab06e82-7fcd-473a-9ce0-e67f049cc5b7,2026-06-01 21:00:00,4,0,,1.4250743001623187,0.2942879603028996,2.8663719057705044,,1.0,7.4,False,missing or insufficient EMA data
fab06e82-7fcd-473a-9ce0-e67f049cc5b7,2026-06-02 09:00:00,5,1,,1.4250743001623187,0.2942879603028996,2.8663719057705044,,,6.600000000000001,False,missing or insufficient EMA data
fab06e82-7fcd-473a-9ce0-e67f049cc5b7,2026-06-02 12:00:00,6,1,,1.4250743001623187,0.2942879603028996,2.8663719057705044,,,6.600000000000001,False,missing or insufficient EMA data
fab06e82-7fcd-473a-9ce0-e67f049cc5b7,2026-06-02 15:00:00,7,1,2.0,1.4250743001623187,0.2942879603028996,2.8663719057705044,,,6.600000000000001,False,missing or insufficient EMA data
fab06e82-7fcd-473a-9ce0-e67f049cc5b7,2026-06-02 18:00:00,8,1,3.0,1.4250743001623187,0.2942879603028996,2.8663719057705044,1.0,1.0,6.600000000000001,False,below within-person threshold
fab06e82-7fcd-473a-9ce0-e67f049cc5b7,2026-06-02 21:00:00,9,1,4.0,1.4250743001623187,0.2942879603028996,2.8663719057705044,1.0,1.0,5.800000000000001,False,below within-person threshold
fab06e82-7fcd-473a-9ce0-e67f049cc5b7,2026-06-03 09:00:00,10,2,5.0,1.4250743001623187,0.2942879603028996,2.8663719057705044,1.0,1.0,5.0,False,below within-person threshold
fab06e82-7fcd-473a-9ce0-e67f049cc5b7,2026-06-03 12:00:00,11,2,3.0,1.4250743001623187,0.2942879603028996,2.8663719057705044,4.0,2.0,5.0,False,below within-person threshold
fab06e82-7fcd-473a-9ce0-e67f049cc5b7,2026-06-03 15:00:00,12,2,2.0,1.4250743001623187,0.2942879603028996,2.8663719057705044,1.0,2.0,5.0,False,below within-person threshold
fab06e82-7fcd-473a-9ce0-e67f049cc5b7,2026-06-03 18:00:00,13,2,,1.4250743001623187,0.2942879603028996,2.8663719057705044,,2.5,5.0,False,missing or insufficient EMA data
fab06e82-7fcd-473a-9ce0-e67f049cc5b7,2026-06-03 21:00:00,14,2,,1.4250743001623187,0.2942879603028996,2.8663719057705044,,1.0,5.0,False,missing or insufficient EMA data
fab06e82-7fcd-473a-9ce0-e67f049cc5b7,2026-06-04 09:00:00,15,3,,1.4250743001623187,0.2942879603028996,2.8663719057705044,,,5.0,False,missing or insufficient EMA data
fab06e82-7fcd-473a-9ce0-e67f049cc5b7,2026-06-04 12:00:00,16,3,,1.4250743001623187,0.2942879603028996,2.8663719057705044,,,5.0,False,missing or insufficient EMA data
fab06e82-7fcd-473a-9ce0-e67f049cc5b7,2026-06-04 15:00:00,17,3,2.0,1.4250743001623187,0.2942879603028996,2.8663719057705044,,,5.0,False,missing or insufficient EMA data
fab06e82-7fcd-473a-9ce0-e67f049cc5b7,2026-06-04 18:00:00,18,3,5.0,1.4250743001623187,0.2942879603028996,2.8663719057705044,9.0,9.0,5.0,True,prompt sent
fab06e82-7fcd-473a-9ce0-e67f049cc5b7,2026-06-04 21:00:00,19,3,5.0,1.4250743001623187,0.2942879603028996,2.8663719057705044,0.0,4.5,5.0,False,below within-person threshold
fab06e82-7fcd-473a-9ce0-e67f049cc5b7,2026-06-05 09:00:00,20,4,4.0,1.4250743001623187,0.2942879603028996,2.8663719057705044,1.0,3.3333333333333335,5.0,False,below within-person threshold
fab06e82-7fcd-473a-9ce0-e67f049cc5b7,2026-06-05 12:00:00,21,4,3.0,1.4250743001623187,0.2942879603028996,2.8663719057705044,1.0,0.6666666666666666,5.0,False,below within-person threshold
fab06e82-7fcd-473a-9ce0-e67f049cc5b7,2026-06-05 15:00:00,22,4,4.0,1.4250743001623187,0.2942879603028996,2.8663719057705044,1.0,1.0,5.0,False,below within-person threshold
fab06e82-7fcd-473a-9ce0-e67f049cc5b7,2026-06-05 18:00:00,23,4,5.0,1.4250743001623187,0.2942879603028996,2.8663719057705044,1.0,1.0,5.0,False,below within-person threshold
fab06e82-7fcd-473a-9ce0-e67f049cc5b7,2026-06-05 21:00:00,24,4,5.0,1.4250743001623187,0.2942879603028996,2.8663719057705044,0.0,0.6666666666666666,4.9,False,below within-person threshold
fab06e82-7fcd-473a-9ce0-e67f049cc5b7,2026-06-06 09:00:00,25,5,5.0,1.4250743001623187,0.2942879603028996,2.8663719057705044,0.0,0.3333333333333333,4.800000000000001,False,below within-person threshold
fab06e82-7fcd-473a-9ce0-e67f049cc5b7,2026-06-06 12:00:00,26,5,4.0,1.4250743001623187,0.2942879603028996,2.8663719057705044,1.0,0.3333333333333333,4.7,False,below within-person threshold
fab06e82-7fcd-473a-9ce0-e67f049cc5b7,2026-06-06 15:00:00,27,5,2.0,1.4250743001623187,0.2942879603028996,2.8663719057705044,4.0,1.6666666666666667,4.6000000000000005,False,below within-person threshold
fab06e82-7fcd-473a-9ce0-e67f049cc5b7,2026-06-06 18:00:00,28,5,2.0,1.4250743001623187,0.2942879603028996,2.8663719057705044,0.0,1.6666666666666667,4.5,False,below within-person threshold
fab06e82-7fcd-473a-9ce0-e67f049cc5b7,2026-06-06 21:00:00,29,5,3.0,1.4250743001623187,0.2942879603028996,2.8663719057705044,1.0,1.6666666666666667,4.2666666666666675,False,below within-person threshold
fab06e82-7fcd-473a-9ce0-e67f049cc5b7,2026-06-07 09:00:00,30,6,5.0,1.4250743001623187,0.2942879603028996,2.8663719057705044,4.0,1.6666666666666667,4.033333333333335,False,below within-person threshold
fab06e82-7fcd-473a-9ce0-e67f049cc5b7,2026-06-07 12:00:00,31,6,5.0,1.4250743001623187,0.2942879603028996,2.8663719057705044,0.0,1.6666666666666667,3.8000000000000025,False,below within-person threshold
fab06e82-7fcd-473a-9ce0-e67f049cc5b7,2026-06-07 15:00:00,32,6,5.0,1.4250743001623187,0.2942879603028996,2.8663719057705044,0.0,1.3333333333333333,3.56666666666667,False,below within-person threshold
fab06e82-7fcd-473a-9ce0-e67f049cc5b7,2026-06-07 18:00:00,33,6,5.0,1.4250743001623187,0.2942879603028996,2.8663719057705044,0.0,0.0,3.3333333333333335,False,below within-person threshold
fab06e82-7fcd-473a-9ce0-e67f049cc5b7,2026-06-07 21:00:00,34,6,5.0,1.4250743001623187,0.2942879603028996,2.8663719057705044,0.0,0.0,3.1666666666666674,False,below within-person threshold
fb7f23a3-6859-4c3d-968e-b139362aecb0,2026-06-01 09:00:00,0,0,,0.9890715547623503,0.46368050543295003,1.049322542485332,,,,False,missing or insufficient EMA data
fb7f23a3-6859-4c3d-968e-b139362aecb0,2026-06-01 12:00:00,1,0,3.0,0.9890715547623503,0.46368050543295003,1.049322542485332,,,,False,missing or insufficient EMA data
fb7f23a3-6859-4c3d-968e-b139362aecb0,2026-06-01 15:00:00,2,0,4.0,0.9890715547623503,0.46368050543295003,1.049322542485332,1.0,1.0,,False,insufficient within-person history
fb7f23a3-6859-4c3d-968e-b139362aecb0,2026-06-01 18:00:00,3,0,4.0,0.9890715547623503,0.46368050543295003,1.049322542485332,0.0,0.5,,False,insufficient within-person history
fb7f23a3-6859-4c3d-968e-b139362aecb0,2026-06-01 21:00:00,4,0,4.0,0.9890715547623503,0.46368050543295003,1.049322542485332,0.0,0.3333333333333333,,False,insufficient within-person history
fb7f23a3-6859-4c3d-968e-b139362aecb0,2026-06-02 09:00:00,5,1,2.0,0.9890715547623503,0.46368050543295003,1.049322542485332,4.0,1.3333333333333333,0.8,True,prompt sent
fb7f23a3-6859-4c3d-968e-b139362aecb0,2026-06-02 12:00:00,6,1,3.0,0.9890715547623503,0.46368050543295003,1.049322542485332,1.0,1.6666666666666667,1.1333333333333333,True,prompt sent
fb7f23a3-6859-4c3d-968e-b139362aecb0,2026-06-02 15:00:00,7,1,3.0,0.9890715547623503,0.46368050543295003,1.049322542485332,0.0,1.6666666666666667,1.4,True,prompt sent
fb7f23a3-6859-4c3d-968e-b139362aecb0,2026-06-02 18:00:00,8,1,4.0,0.9890715547623503,0.46368050543295003,1.049322542485332,1.0,0.6666666666666666,1.6666666666666667,False,below within-person threshold
fb7f23a3-6859-4c3d-968e-b139362aecb0,2026-06-02 21:00:00,9,1,5.0,0.9890715547623503,0.46368050543295003,1.049322542485332,1.0,0.6666666666666666,1.6000000000000003,False,below within-person threshold
fb7f23a3-6859-4c3d-968e-b139362aecb0,2026-06-03 09:00:00,10,2,2.0,0.9890715547623503,0.46368050543295003,1.049322542485332,9.0,3.6666666666666665,1.5333333333333334,True,prompt sent
fb7f23a3-6859-4c3d-968e-b139362aecb0,2026-06-03 12:00:00,11,2,4.0,0.9890715547623503,0.46368050543295003,1.049322542485332,4.0,4.666666666666667,1.6666666666666667,True,prompt sent
fb7f23a3-6859-4c3d-968e-b139362aecb0,2026-06-03 15:00:00,12,2,3.0,0.9890715547623503,0.46368050543295003,1.049322542485332,1.0,4.666666666666667,2.066666666666667,True,prompt sent
fb7f23a3-6859-4c3d-968e-b139362aecb0,2026-06-03 18:00:00,13,2,2.0,0.9890715547623503,0.46368050543295003,1.049322542485332,1.0,2.0,3.6666666666666665,False,below within-person threshold
fb7f23a3-6859-4c3d-968e-b139362aecb0,2026-06-03 21:00:00,14,2,3.0,0.9890715547623503,0.46368050543295003,1.049322542485332,1.0,1.0,3.3333333333333344,False,below within-person threshold
fb7f23a3-6859-4c3d-968e-b139362aecb0,2026-06-04 09:00:00,15,3,3.0,0.9890715547623503,0.46368050543295003,1.049322542485332,0.0,0.6666666666666666,3.000000000000002,False,below within-person threshold
fb7f23a3-6859-4c3d-968e-b139362aecb0,2026-06-04 12:00:00,16,3,4.0,0.9890715547623503,0.46368050543295003,1.049322542485332,1.0,0.6666666666666666,2.666666666666667,False,below within-person threshold
fb7f23a3-6859-4c3d-968e-b139362aecb0,2026-06-04 15:00:00,17,3,5.0,0.9890715547623503,0.46368050543295003,1.049322542485332,1.0,0.6666666666666666,2.3333333333333353,False,below within-person threshold
fb7f23a3-6859-4c3d-968e-b139362aecb0,2026-06-04 18:00:00,18,3,3.0,0.9890715547623503,0.46368050543295003,1.049322542485332,4.0,2.0,2.0,False,below within-person threshold
fb7f23a3-6859-4c3d-968e-b139362aecb0,2026-06-04 21:00:00,19,3,3.0,0.9890715547623503,0.46368050543295003,1.049322542485332,0.0,1.6666666666666667,2.0,False,below within-person threshold
fb7f23a3-6859-4c3d-968e-b139362aecb0,2026-06-05 09:00:00,20,4,3.0,0.9890715547623503,0.46368050543295003,1.049322542485332,0.0,1.3333333333333333,2.0,False,below within-person threshold
fb7f23a3-6859-4c3d-968e-b139362aecb0,2026-06-05 12:00:00,21,4,,0.9890715547623503,0.46368050543295003,1.049322542485332,,0.0,2.0,False,missing or insufficient EMA data
fb7f23a3-6859-4c3d-968e-b139362aecb0,2026-06-05 15:00:00,22,4,,0.9890715547623503,0.46368050543295003,1.049322542485332,,0.0,2.0,False,missing or insufficient EMA data
fb7f23a3-6859-4c3d-968e-b139362aecb0,2026-06-05 18:00:00,23,4,,0.9890715547623503,0.46368050543295003,1.049322542485332,,,2.0,False,missing or insufficient EMA data
fb7f23a3-6859-4c3d-968e-b139362aecb0,2026-06-05 21:00:00,24,4,,0.9890715547623503,0.46368050543295003,1.049322542485332,,,2.0,False,missing or insufficient EMA data
fb7f23a3-6859-4c3d-968e-b139362aecb0,2026-06-06 09:00:00,25,5,3.0,0.9890715547623503,0.46368050543295003,1.049322542485332,,,2.0,False,missing or insufficient EMA data
fb7f23a3-6859-4c3d-968e-b139362aecb0,2026-06-06 12:00:00,26,5,3.0,0.9890715547623503,0.46368050543295003,1.049322542485332,0.0,0.0,2.0,False,below within-person threshold
fb7f23a3-6859-4c3d-968e-b139362aecb0,2026-06-06 15:00:00,27,5,4.0,0.9890715547623503,0.46368050543295003,1.049322542485332,1.0,0.5,1.9333333333333336,False,below within-person threshold
fb7f23a3-6859-4c3d-968e-b139362aecb0,2026-06-06 18:00:00,28,5,4.0,0.9890715547623503,0.46368050543295003,1.049322542485332,0.0,0.3333333333333333,1.8666666666666671,False,below within-person threshold
fb7f23a3-6859-4c3d-968e-b139362aecb0,2026-06-06 21:00:00,29,5,,0.9890715547623503,0.46368050543295003,1.049322542485332,,0.5,1.8000000000000007,False,missing or insufficient EMA data
fb7f23a3-6859-4c3d-968e-b139362aecb0,2026-06-07 09:00:00,30,6,3.0,0.9890715547623503,0.46368050543295003,1.049322542485332,,0.0,1.7333333333333343,False,below within-person threshold
fb7f23a3-6859-4c3d-968e-b139362aecb0,2026-06-07 12:00:00,31,6,1.0,0.9890715547623503,0.46368050543295003,1.049322542485332,4.0,4.0,1.6666666666666667,True,prompt sent
fb7f23a3-6859-4c3d-968e-b139362aecb0,2026-06-07 15:00:00,32,6,3.0,0.9890715547623503,0.46368050543295003,1.049322542485332,4.0,4.0,1.9333333333333336,True,prompt sent
fb7f23a3-6859-4c3d-968e-b139362aecb0,2026-06-07 18:00:00,33,6,3.0,0.9890715547623503,0.46368050543295003,1.049322542485332,0.0,2.6666666666666665,2.0,True,prompt sent
fb7f23a3-6859-4c3d-968e-b139362aecb0,2026-06-07 21:00:00,34,6,4.0,0.9890715547623503,0.46368050543295003,1.049322542485332,1.0,1.6666666666666667,2.266666666666668,False,below within-person threshold
ff6be20f-4d73-4305-bba5-8cd78f82f83f,2026-06-01 09:00:00,0,0,3.0,0.38426933147557385,0.18153661109970903,0.24171338638375453,,,,False,missing or insufficient EMA data
ff6be20f-4d73-4305-bba5-8cd78f82f83f,2026-06-01 12:00:00,1,0,3.0,0.38426933147557385,0.18153661109970903,0.24171338638375453,0.0,0.0,,False,insufficient within-person history
ff6be20f-4d73-4305-bba5-8cd78f82f83f,2026-06-01 15:00:00,2,0,2.0,0.38426933147557385,0.18153661109970903,0.24171338638375453,1.0,0.5,,False,insufficient within-person history
ff6be20f-4d73-4305-bba5-8cd78f82f83f,2026-06-01 18:00:00,3,0,2.0,0.38426933147557385,0.18153661109970903,0.24171338638375453,0.0,0.3333333333333333,,False,insufficient within-person history
ff6be20f-4d73-4305-bba5-8cd78f82f83f,2026-06-01 21:00:00,4,0,3.0,0.38426933147557385,0.18153661109970903,0.24171338638375453,1.0,0.6666666666666666,0.43333333333333335,True,prompt sent
ff6be20f-4d73-4305-bba5-8cd78f82f83f,2026-06-02 09:00:00,5,1,3.0,0.38426933147557385,0.18153661109970903,0.24171338638375453,0.0,0.3333333333333333,0.5666666666666667,False,below within-person threshold
ff6be20f-4d73-4305-bba5-8cd78f82f83f,2026-06-02 12:00:00,6,1,2.0,0.38426933147557385,0.18153661109970903,0.24171338638375453,1.0,0.6666666666666666,0.5333333333333333,True,prompt sent
ff6be20f-4d73-4305-bba5-8cd78f82f83f,2026-06-02 15:00:00,7,1,2.0,0.38426933147557385,0.18153661109970903,0.24171338638375453,0.0,0.3333333333333333,0.6666666666666666,False,below within-person threshold
ff6be20f-4d73-4305-bba5-8cd78f82f83f,2026-06-02 18:00:00,8,1,2.0,0.38426933147557385,0.18153661109970903,0.24171338638375453,0.0,0.3333333333333333,0.6333333333333334,False,below within-person threshold
ff6be20f-4d73-4305-bba5-8cd78f82f83f,2026-06-02 21:00:00,9,1,2.0,0.38426933147557385,0.18153661109970903,0.24171338638375453,0.0,0.0,0.6000000000000001,False,below within-person threshold
ff6be20f-4d73-4305-bba5-8cd78f82f83f,2026-06-03 09:00:00,10,2,3.0,0.38426933147557385,0.18153661109970903,0.24171338638375453,1.0,0.3333333333333333,0.5666666666666667,False,below within-person threshold
ff6be20f-4d73-4305-bba5-8cd78f82f83f,2026-06-03 12:00:00,11,2,2.0,0.38426933147557385,0.18153661109970903,0.24171338638375453,1.0,0.6666666666666666,0.5333333333333333,True,prompt sent
ff6be20f-4d73-4305-bba5-8cd78f82f83f,2026-06-03 15:00:00,12,2,2.0,0.38426933147557385,0.18153661109970903,0.24171338638375453,0.0,0.6666666666666666,0.6666666666666666,False,below within-person threshold
ff6be20f-4d73-4305-bba5-8cd78f82f83f,2026-06-03 18:00:00,13,2,2.0,0.38426933147557385,0.18153661109970903,0.24171338638375453,0.0,0.3333333333333333,0.6666666666666666,False,below within-person threshold
ff6be20f-4d73-4305-bba5-8cd78f82f83f,2026-06-03 21:00:00,14,2,2.0,0.38426933147557385,0.18153661109970903,0.24171338638375453,0.0,0.0,0.6666666666666666,False,below within-person threshold
ff6be20f-4d73-4305-bba5-8cd78f82f83f,2026-06-04 09:00:00,15,3,2.0,0.38426933147557385,0.18153661109970903,0.24171338638375453,0.0,0.0,0.6666666666666666,False,below within-person threshold
ff6be20f-4d73-4305-bba5-8cd78f82f83f,2026-06-04 12:00:00,16,3,3.0,0.38426933147557385,0.18153661109970903,0.24171338638375453,1.0,0.3333333333333333,0.6666666666666666,False,below within-person threshold
ff6be20f-4d73-4305-bba5-8cd78f82f83f,2026-06-04 15:00:00,17,3,2.0,0.38426933147557385,0.18153661109970903,0.24171338638375453,1.0,0.6666666666666666,0.6666666666666666,False,below within-person threshold
ff6be20f-4d73-4305-bba5-8cd78f82f83f,2026-06-04 18:00:00,18,3,2.0,0.38426933147557385,0.18153661109970903,0.24171338638375453,0.0,0.6666666666666666,0.6666666666666666,False,below within-person threshold
ff6be20f-4d73-4305-bba5-8cd78f82f83f,2026-06-04 21:00:00,19,3,2.0,0.38426933147557385,0.18153661109970903,0.24171338638375453,0.0,0.3333333333333333,0.6666666666666666,False,below within-person threshold
ff6be20f-4d73-4305-bba5-8cd78f82f83f,2026-06-05 09:00:00,20,4,2.0,0.38426933147557385,0.18153661109970903,0.24171338638375453,0.0,0.0,0.6666666666666666,False,below within-person threshold
ff6be20f-4d73-4305-bba5-8cd78f82f83f,2026-06-05 12:00:00,21,4,3.0,0.38426933147557385,0.18153661109970903,0.24171338638375453,1.0,0.3333333333333333,0.6666666666666666,False,below within-person threshold
ff6be20f-4d73-4305-bba5-8cd78f82f83f,2026-06-05 15:00:00,22,4,2.0,0.38426933147557385,0.18153661109970903,0.24171338638375453,1.0,0.6666666666666666,0.6666666666666666,False,below within-person threshold
ff6be20f-4d73-4305-bba5-8cd78f82f83f,2026-06-05 18:00:00,23,4,2.0,0.38426933147557385,0.18153661109970903,0.24171338638375453,0.0,0.6666666666666666,0.6666666666666666,False,below within-person threshold
ff6be20f-4d73-4305-bba5-8cd78f82f83f,2026-06-05 21:00:00,24,4,3.0,0.38426933147557385,0.18153661109970903,0.24171338638375453,1.0,0.6666666666666666,0.6666666666666666,False,below within-person threshold
ff6be20f-4d73-4305-bba5-8cd78f82f83f,2026-06-06 09:00:00,25,5,2.0,0.38426933147557385,0.18153661109970903,0.24171338638375453,1.0,0.6666666666666666,0.6666666666666666,False,below within-person threshold
ff6be20f-4d73-4305-bba5-8cd78f82f83f,2026-06-06 12:00:00,26,5,2.0,0.38426933147557385,0.18153661109970903,0.24171338638375453,0.0,0.6666666666666666,0.6666666666666666,False,below within-person threshold
ff6be20f-4d73-4305-bba5-8cd78f82f83f,2026-06-06 15:00:00,27,5,2.0,0.38426933147557385,0.18153661109970903,0.24171338638375453,0.0,0.3333333333333333,0.6666666666666666,False,below within-person threshold
ff6be20f-4d73-4305-bba5-8cd78f82f83f,2026-06-06 18:00:00,28,5,2.0,0.38426933147557385,0.18153661109970903,0.24171338638375453,0.0,0.0,0.6666666666666666,False,below within-person threshold
ff6be20f-4d73-4305-bba5-8cd78f82f83f,2026-06-06 21:00:00,29,5,2.0,0.38426933147557385,0.18153661109970903,0.24171338638375453,0.0,0.0,0.6666666666666666,False,below within-person threshold
ff6be20f-4d73-4305-bba5-8cd78f82f83f,2026-06-07 09:00:00,30,6,2.0,0.38426933147557385,0.18153661109970903,0.24171338638375453,0.0,0.0,0.6666666666666666,False,below within-person threshold
ff6be20f-4d73-4305-bba5-8cd78f82f83f,2026-06-07 12:00:00,31,6,3.0,0.38426933147557385,0.18153661109970903,0.24171338638375453,1.0,0.3333333333333333,0.6666666666666666,False,below within-person threshold
ff6be20f-4d73-4305-bba5-8cd78f82f83f,2026-06-07 15:00:00,32,6,2.0,0.38426933147557385,0.18153661109970903,0.24171338638375453,1.0,0.6666666666666666,0.6666666666666666,False,below within-person threshold
ff6be20f-4d73-4305-bba5-8cd78f82f83f,2026-06-07 18:00:00,33,6,3.0,0.38426933147557385,0.18153661109970903,0.24171338638375453,1.0,1.0,0.6666666666666666,True,prompt sent
ff6be20f-4d73-4305-bba5-8cd78f82f83f,2026-06-07 21:00:00,34,6,2.0,0.38426933147557385,0.18153661109970903,0.24171338638375453,1.0,1.0,0.6666666666666666,True,prompt sent
ffe63de2-138d-4750-9297-0a89e41c2fd4,2026-06-01 09:00:00,0,0,2.0,1.2430312290314538,0.7783952122659967,0.6848149205398607,,,,False,missing or insufficient EMA data
ffe63de2-138d-4750-9297-0a89e41c2fd4,2026-06-01 12:00:00,1,0,3.0,1.2430312290314538,0.7783952122659967,0.6848149205398607,1.0,1.0,,False,insufficient within-person history
ffe63de2-138d-4750-9297-0a89e41c2fd4,2026-06-01 15:00:00,2,0,4.0,1.2430312290314538,0.7783952122659967,0.6848149205398607,1.0,1.0,,False,insufficient within-person history
ffe63de2-138d-4750-9297-0a89e41c2fd4,2026-06-01 18:00:00,3,0,3.0,1.2430312290314538,0.7783952122659967,0.6848149205398607,1.0,1.0,,False,insufficient within-person history
ffe63de2-138d-4750-9297-0a89e41c2fd4,2026-06-01 21:00:00,4,0,4.0,1.2430312290314538,0.7783952122659967,0.6848149205398607,1.0,1.0,1.0,False,below within-person threshold
ffe63de2-138d-4750-9297-0a89e41c2fd4,2026-06-02 09:00:00,5,1,3.0,1.2430312290314538,0.7783952122659967,0.6848149205398607,1.0,1.0,1.0,False,below within-person threshold
ffe63de2-138d-4750-9297-0a89e41c2fd4,2026-06-02 12:00:00,6,1,4.0,1.2430312290314538,0.7783952122659967,0.6848149205398607,1.0,1.0,1.0,False,below within-person threshold
ffe63de2-138d-4750-9297-0a89e41c2fd4,2026-06-02 15:00:00,7,1,3.0,1.2430312290314538,0.7783952122659967,0.6848149205398607,1.0,1.0,1.0,False,below within-person threshold
ffe63de2-138d-4750-9297-0a89e41c2fd4,2026-06-02 18:00:00,8,1,3.0,1.2430312290314538,0.7783952122659967,0.6848149205398607,0.0,0.6666666666666666,1.0,False,below within-person threshold
ffe63de2-138d-4750-9297-0a89e41c2fd4,2026-06-02 21:00:00,9,1,2.0,1.2430312290314538,0.7783952122659967,0.6848149205398607,1.0,0.6666666666666666,1.0,False,below within-person threshold
ffe63de2-138d-4750-9297-0a89e41c2fd4,2026-06-03 09:00:00,10,2,2.0,1.2430312290314538,0.7783952122659967,0.6848149205398607,0.0,0.3333333333333333,1.0,False,below within-person threshold
ffe63de2-138d-4750-9297-0a89e41c2fd4,2026-06-03 12:00:00,11,2,3.0,1.2430312290314538,0.7783952122659967,0.6848149205398607,1.0,0.6666666666666666,1.0,False,below within-person threshold
ffe63de2-138d-4750-9297-0a89e41c2fd4,2026-06-03 15:00:00,12,2,,1.2430312290314538,0.7783952122659967,0.6848149205398607,,0.5,1.0,False,missing or insufficient EMA data
ffe63de2-138d-4750-9297-0a89e41c2fd4,2026-06-03 18:00:00,13,2,3.0,1.2430312290314538,0.7783952122659967,0.6848149205398607,,1.0,1.0,False,below within-person threshold
ffe63de2-138d-4750-9297-0a89e41c2fd4,2026-06-03 21:00:00,14,2,4.0,1.2430312290314538,0.7783952122659967,0.6848149205398607,1.0,1.0,1.0,False,below within-person threshold
ffe63de2-138d-4750-9297-0a89e41c2fd4,2026-06-04 09:00:00,15,3,4.0,1.2430312290314538,0.7783952122659967,0.6848149205398607,0.0,0.5,1.0,False,below within-person threshold
ffe63de2-138d-4750-9297-0a89e41c2fd4,2026-06-04 12:00:00,16,3,,1.2430312290314538,0.7783952122659967,0.6848149205398607,,0.5,1.0,False,missing or insufficient EMA data
ffe63de2-138d-4750-9297-0a89e41c2fd4,2026-06-04 15:00:00,17,3,,1.2430312290314538,0.7783952122659967,0.6848149205398607,,0.0,1.0,False,missing or insufficient EMA data
ffe63de2-138d-4750-9297-0a89e41c2fd4,2026-06-04 18:00:00,18,3,,1.2430312290314538,0.7783952122659967,0.6848149205398607,,,1.0,False,missing or insufficient EMA data
ffe63de2-138d-4750-9297-0a89e41c2fd4,2026-06-04 21:00:00,19,3,,1.2430312290314538,0.7783952122659967,0.6848149205398607,,,1.0,False,missing or insufficient EMA data
ffe63de2-138d-4750-9297-0a89e41c2fd4,2026-06-05 09:00:00,20,4,,1.2430312290314538,0.7783952122659967,0.6848149205398607,,,1.0,False,missing or insufficient EMA data
ffe63de2-138d-4750-9297-0a89e41c2fd4,2026-06-05 12:00:00,21,4,,1.2430312290314538,0.7783952122659967,0.6848149205398607,,,1.0,False,missing or insufficient EMA data
ffe63de2-138d-4750-9297-0a89e41c2fd4,2026-06-05 15:00:00,22,4,,1.2430312290314538,0.7783952122659967,0.6848149205398607,,,1.0,False,missing or insufficient EMA data
ffe63de2-138d-4750-9297-0a89e41c2fd4,2026-06-05 18:00:00,23,4,,1.2430312290314538,0.7783952122659967,0.6848149205398607,,,1.0,False,missing or insufficient EMA data
ffe63de2-138d-4750-9297-0a89e41c2fd4,2026-06-05 21:00:00,24,4,2.0,1.2430312290314538,0.7783952122659967,0.6848149205398607,,,1.0,False,missing or insufficient EMA data
ffe63de2-138d-4750-9297-0a89e41c2fd4,2026-06-06 09:00:00,25,5,2.0,1.2430312290314538,0.7783952122659967,0.6848149205398607,0.0,0.0,1.0,False,below within-person threshold
ffe63de2-138d-4750-9297-0a89e41c2fd4,2026-06-06 12:00:00,26,5,1.0,1.2430312290314538,0.7783952122659967,0.6848149205398607,1.0,0.5,1.0,False,below within-person threshold
ffe63de2-138d-4750-9297-0a89e41c2fd4,2026-06-06 15:00:00,27,5,1.0,1.2430312290314538,0.7783952122659967,0.6848149205398607,0.0,0.3333333333333333,1.0,False,below within-person threshold
ffe63de2-138d-4750-9297-0a89e41c2fd4,2026-06-06 18:00:00,28,5,,1.2430312290314538,0.7783952122659967,0.6848149205398607,,0.5,1.0,False,missing or insufficient EMA data
ffe63de2-138d-4750-9297-0a89e41c2fd4,2026-06-06 21:00:00,29,5,,1.2430312290314538,0.7783952122659967,0.6848149205398607,,0.0,1.0,False,missing or insufficient EMA data
ffe63de2-138d-4750-9297-0a89e41c2fd4,2026-06-07 09:00:00,30,6,,1.2430312290314538,0.7783952122659967,0.6848149205398607,,,1.0,False,missing or insufficient EMA data
ffe63de2-138d-4750-9297-0a89e41c2fd4,2026-06-07 12:00:00,31,6,,1.2430312290314538,0.7783952122659967,0.6848149205398607,,,1.0,False,missing or insufficient EMA data
ffe63de2-138d-4750-9297-0a89e41c2fd4,2026-06-07 15:00:00,32,6,,1.2430312290314538,0.7783952122659967,0.6848149205398607,,,1.0,False,missing or insufficient EMA data
ffe63de2-138d-4750-9297-0a89e41c2fd4,2026-06-07 18:00:00,33,6,,1.2430312290314538,0.7783952122659967,0.6848149205398607,,,1.0,False,missing or insufficient EMA data
ffe63de2-138d-4750-9297-0a89e41c2fd4,2026-06-07 21:00:00,34,6,,1.2430312290314538,0.7783952122659967,0.6848149205398607,,,1.0,False,missing or insufficient EMA data
fffc25fb-69d9-4419-8a57-69fb29ca286b,2026-06-01 09:00:00,0,0,3.0,1.246431653752965,0.6054311856231964,1.225997802351965,,,,False,missing or insufficient EMA data
fffc25fb-69d9-4419-8a57-69fb29ca286b,2026-06-01 12:00:00,1,0,3.0,1.246431653752965,0.6054311856231964,1.225997802351965,0.0,0.0,,False,insufficient within-person history
fffc25fb-69d9-4419-8a57-69fb29ca286b,2026-06-01 15:00:00,2,0,3.0,1.246431653752965,0.6054311856231964,1.225997802351965,0.0,0.0,,False,insufficient within-person history
fffc25fb-69d9-4419-8a57-69fb29ca286b,2026-06-01 18:00:00,3,0,3.0,1.246431653752965,0.6054311856231964,1.225997802351965,0.0,0.0,,False,insufficient within-person history
fffc25fb-69d9-4419-8a57-69fb29ca286b,2026-06-01 21:00:00,4,0,3.0,1.246431653752965,0.6054311856231964,1.225997802351965,0.0,0.0,0.0,False,below within-person threshold
fffc25fb-69d9-4419-8a57-69fb29ca286b,2026-06-02 09:00:00,5,1,2.0,1.246431653752965,0.6054311856231964,1.225997802351965,1.0,0.3333333333333333,0.0,True,prompt sent
fffc25fb-69d9-4419-8a57-69fb29ca286b,2026-06-02 12:00:00,6,1,1.0,1.246431653752965,0.6054311856231964,1.225997802351965,1.0,0.6666666666666666,0.06666666666666672,True,prompt sent
fffc25fb-69d9-4419-8a57-69fb29ca286b,2026-06-02 15:00:00,7,1,1.0,1.246431653752965,0.6054311856231964,1.225997802351965,0.0,0.6666666666666666,0.3333333333333333,True,prompt sent
fffc25fb-69d9-4419-8a57-69fb29ca286b,2026-06-02 18:00:00,8,1,1.0,1.246431653752965,0.6054311856231964,1.225997802351965,0.0,0.3333333333333333,0.6000000000000002,False,below within-person threshold
fffc25fb-69d9-4419-8a57-69fb29ca286b,2026-06-02 21:00:00,9,1,1.0,1.246431653752965,0.6054311856231964,1.225997802351965,0.0,0.0,0.5333333333333334,False,below within-person threshold
fffc25fb-69d9-4419-8a57-69fb29ca286b,2026-06-03 09:00:00,10,2,1.0,1.246431653752965,0.6054311856231964,1.225997802351965,0.0,0.0,0.4666666666666668,False,below within-person threshold
fffc25fb-69d9-4419-8a57-69fb29ca286b,2026-06-03 12:00:00,11,2,2.0,1.246431653752965,0.6054311856231964,1.225997802351965,1.0,0.3333333333333333,0.4,False,below within-person threshold
fffc25fb-69d9-4419-8a57-69fb29ca286b,2026-06-03 15:00:00,12,2,2.0,1.246431653752965,0.6054311856231964,1.225997802351965,0.0,0.3333333333333333,0.3333333333333333,False,below within-person threshold
fffc25fb-69d9-4419-8a57-69fb29ca286b,2026-06-03 18:00:00,13,2,2.0,1.246431653752965,0.6054311856231964,1.225997802351965,0.0,0.3333333333333333,0.3333333333333333,False,below within-person threshold
fffc25fb-69d9-4419-8a57-69fb29ca286b,2026-06-03 21:00:00,14,2,2.0,1.246431653752965,0.6054311856231964,1.225997802351965,0.0,0.0,0.3333333333333333,False,below within-person threshold
fffc25fb-69d9-4419-8a57-69fb29ca286b,2026-06-04 09:00:00,15,3,1.0,1.246431653752965,0.6054311856231964,1.225997802351965,1.0,0.3333333333333333,0.3333333333333333,False,below within-person threshold
fffc25fb-69d9-4419-8a57-69fb29ca286b,2026-06-04 12:00:00,16,3,1.0,1.246431653752965,0.6054311856231964,1.225997802351965,0.0,0.3333333333333333,0.3333333333333333,False,below within-person threshold
fffc25fb-69d9-4419-8a57-69fb29ca286b,2026-06-04 15:00:00,17,3,3.0,1.246431653752965,0.6054311856231964,1.225997802351965,4.0,1.6666666666666667,0.3333333333333333,True,prompt sent
fffc25fb-69d9-4419-8a57-69fb29ca286b,2026-06-04 18:00:00,18,3,3.0,1.246431653752965,0.6054311856231964,1.225997802351965,0.0,1.3333333333333333,0.3333333333333333,True,prompt sent
fffc25fb-69d9-4419-8a57-69fb29ca286b,2026-06-04 21:00:00,19,3,2.0,1.246431653752965,0.6054311856231964,1.225997802351965,1.0,1.6666666666666667,0.5333333333333338,True,prompt sent
fffc25fb-69d9-4419-8a57-69fb29ca286b,2026-06-05 09:00:00,20,4,3.0,1.246431653752965,0.6054311856231964,1.225997802351965,1.0,0.6666666666666666,0.6666666666666666,False,below within-person threshold
fffc25fb-69d9-4419-8a57-69fb29ca286b,2026-06-05 12:00:00,21,4,2.0,1.246431653752965,0.6054311856231964,1.225997802351965,1.0,1.0,0.6666666666666666,True,prompt sent
fffc25fb-69d9-4419-8a57-69fb29ca286b,2026-06-05 15:00:00,22,4,1.0,1.246431653752965,0.6054311856231964,1.225997802351965,1.0,1.0,0.6666666666666666,True,prompt sent
fffc25fb-69d9-4419-8a57-69fb29ca286b,2026-06-05 18:00:00,23,4,1.0,1.246431653752965,0.6054311856231964,1.225997802351965,0.0,0.6666666666666666,0.9333333333333336,False,below within-person threshold
fffc25fb-69d9-4419-8a57-69fb29ca286b,2026-06-05 21:00:00,24,4,2.0,1.246431653752965,0.6054311856231964,1.225997802351965,1.0,0.6666666666666666,0.8666666666666671,False,below within-person threshold
fffc25fb-69d9-4419-8a57-69fb29ca286b,2026-06-06 09:00:00,25,5,,1.246431653752965,0.6054311856231964,1.225997802351965,,0.5,0.8000000000000007,False,missing or insufficient EMA data
fffc25fb-69d9-4419-8a57-69fb29ca286b,2026-06-06 12:00:00,26,5,,1.246431653752965,0.6054311856231964,1.225997802351965,,1.0,0.7333333333333343,False,missing or insufficient EMA data
fffc25fb-69d9-4419-8a57-69fb29ca286b,2026-06-06 15:00:00,27,5,,1.246431653752965,0.6054311856231964,1.225997802351965,,,1.0,False,missing or insufficient EMA data
fffc25fb-69d9-4419-8a57-69fb29ca286b,2026-06-06 18:00:00,28,5,,1.246431653752965,0.6054311856231964,1.225997802351965,,,1.0,False,missing or insufficient EMA data
fffc25fb-69d9-4419-8a57-69fb29ca286b,2026-06-06 21:00:00,29,5,4.0,1.246431653752965,0.6054311856231964,1.225997802351965,,,1.0,False,missing or insufficient EMA data
fffc25fb-69d9-4419-8a57-69fb29ca286b,2026-06-07 09:00:00,30,6,4.0,1.246431653752965,0.6054311856231964,1.225997802351965,0.0,0.0,1.0,False,below within-person threshold
fffc25fb-69d9-4419-8a57-69fb29ca286b,2026-06-07 12:00:00,31,6,4.0,1.246431653752965,0.6054311856231964,1.225997802351965,0.0,0.0,0.9333333333333336,False,below within-person threshold
fffc25fb-69d9-4419-8a57-69fb29ca286b,2026-06-07 15:00:00,32,6,3.0,1.246431653752965,0.6054311856231964,1.225997802351965,1.0,0.3333333333333333,0.8666666666666671,False,below within-person threshold
fffc25fb-69d9-4419-8a57-69fb29ca286b,2026-06-07 18:00:00,33,6,3.0,1.246431653752965,0.6054311856231964,1.225997802351965,0.0,0.3333333333333333,0.8000000000000007,False,below within-person threshold
fffc25fb-69d9-4419-8a57-69fb29ca286b,2026-06-07 21:00:00,34,6,3.0,1.246431653752965,0.6054311856231964,1.225997802351965,0.0,0.3333333333333333,0.7333333333333343,False,below within-person threshold
